Log file open, 08/18/25 16:16:47
LogWindows: Failed to load 'aqProf.dll' (GetLastError=126)
LogWindows: File 'aqProf.dll' does not exist
LogWindows: Failed to load 'VtuneApi.dll' (GetLastError=126)
LogWindows: File 'VtuneApi.dll' does not exist
LogWindows: Failed to load 'VtuneApi32e.dll' (GetLastError=126)
LogWindows: File 'VtuneApi32e.dll' does not exist
LogConsoleResponse: Display: Failed to find resolution value strings in scalability ini. Falling back to default.
LogConsoleResponse: Display: Failed to find resolution value strings in scalability ini. Falling back to default.
LogInit: Display: Running engine for game: Sorry
LogPlatformFile: Not using cached read wrapper
LogTaskGraph: Started task graph with 5 named threads and 35 total threads with 3 sets of task threads.
LogStats: Stats thread started at 0.225093
LogICUInternationalization: ICU TimeZone Detection - Raw Offset: -3:00, Platform Override: ''
LogInit: Display: Loading text-based GConfig....
LogPluginManager: Mounting plugin MeshPainting
LogPluginManager: Mounting plugin XGEController
LogPluginManager: Mounting plugin Paper2D
LogPluginManager: Mounting plugin EnvironmentQueryEditor
LogPluginManager: Mounting plugin AISupport
LogPluginManager: Mounting plugin LiveLink
LogPluginManager: Mounting plugin LightPropagationVolume
LogPluginManager: Mounting plugin CameraShakePreviewer
LogPluginManager: Mounting plugin GameplayCameras
LogPluginManager: Mounting plugin OodleData
LogPluginManager: Mounting plugin AnimationSharing
LogPluginManager: Mounting plugin OodleNetwork
LogPluginManager: Mounting plugin CodeLiteSourceCodeAccess
LogPluginManager: Mounting plugin GitSourceControl
LogPluginManager: Mounting plugin KDevelopSourceCodeAccess
LogPluginManager: Mounting plugin CLionSourceCodeAccess
LogPluginManager: Mounting plugin NullSourceCodeAccess
LogPluginManager: Mounting plugin PerforceSourceControl
LogPluginManager: Mounting plugin PixWinPlugin
LogPluginManager: Mounting plugin PlasticSourceControl
LogPluginManager: Mounting plugin PluginUtils
LogPluginManager: Mounting plugin PropertyAccessNode
LogPluginManager: Mounting plugin TextureFormatOodle
LogPluginManager: Mounting plugin SubversionSourceControl
LogPluginManager: Mounting plugin RiderSourceCodeAccess
LogPluginManager: Mounting plugin VisualStudioSourceCodeAccess
LogPluginManager: Mounting plugin XCodeSourceCodeAccess
LogPluginManager: Mounting plugin UObjectPlugin
LogPluginManager: Mounting plugin VisualStudioCodeSourceCodeAccess
LogPluginManager: Mounting plugin DatasmithContent
LogPluginManager: Mounting plugin VariantManagerContent
LogPluginManager: Mounting plugin AlembicImporter
LogPluginManager: Mounting plugin AutomationUtils
LogPluginManager: Mounting plugin BackChannel
LogPluginManager: Mounting plugin ChaosCloth
LogPluginManager: Mounting plugin ChaosClothEditor
LogPluginManager: Mounting plugin ChaosSolverPlugin
LogPluginManager: Mounting plugin ChaosEditor
LogPluginManager: Mounting plugin ChaosNiagara
LogPluginManager: Mounting plugin CharacterAI
LogPluginManager: Mounting plugin GeometryCache
LogPluginManager: Mounting plugin GeometryCollectionPlugin
LogPluginManager: Mounting plugin AssetManagerEditor
LogPluginManager: Mounting plugin Niagara
LogPluginManager: Mounting plugin CryptoKeys
LogPluginManager: Mounting plugin CurveEditorTools
LogPluginManager: Mounting plugin FacialAnimation
LogPluginManager: Mounting plugin DataValidation
LogPluginManager: Mounting plugin GeometryMode
LogPluginManager: Mounting plugin GameplayTagsEditor
LogPluginManager: Mounting plugin MobileLauncherProfileWizard
LogPluginManager: Mounting plugin MacGraphicsSwitching
LogPluginManager: Mounting plugin PluginBrowser
LogPluginManager: Mounting plugin SpeedTreeImporter
LogPluginManager: Mounting plugin MaterialAnalyzer
LogPluginManager: Mounting plugin GeometryProcessing
LogPluginManager: Mounting plugin MotoSynth
LogPluginManager: Mounting plugin OpenImageDenoise
LogPluginManager: Mounting plugin PlatformCrypto
LogPluginManager: Mounting plugin PlanarCut
LogPluginManager: Mounting plugin ProxyLODPlugin
LogPluginManager: Mounting plugin SkeletalReduction
LogPluginManager: Mounting plugin AndroidMedia
LogPluginManager: Mounting plugin AvfMedia
LogPluginManager: Mounting plugin LuminPlatformFeatures
LogPluginManager: Mounting plugin ImgMedia
LogPluginManager: Mounting plugin MagicLeap
LogPluginManager: Mounting plugin MediaCompositing
LogPluginManager: Mounting plugin MediaPlayerEditor
LogPluginManager: Mounting plugin MagicLeapLightEstimation
LogPluginManager: Mounting plugin PythonScriptPlugin
LogPluginManager: Mounting plugin MagicLeapMedia
LogPluginManager: Mounting plugin WebMMedia
LogPluginManager: Mounting plugin WmfMedia
LogPluginManager: Mounting plugin MagicLeapPassableWorld
LogPluginManager: Mounting plugin MLSDK
LogPluginManager: Mounting plugin ActorSequence
LogPluginManager: Mounting plugin MatineeToLevelSequence
LogPluginManager: Mounting plugin LevelSequenceEditor
LogPluginManager: Mounting plugin TemplateSequence
LogPluginManager: Mounting plugin TcpMessaging
LogPluginManager: Mounting plugin UdpMessaging
LogPluginManager: Mounting plugin OnlineSubsystemNull
LogPluginManager: Mounting plugin OnlineSubsystemUtils
LogPluginManager: Mounting plugin LauncherChunkInstaller
LogPluginManager: Mounting plugin OnlineSubsystem
LogPluginManager: Mounting plugin ActorLayerUtilities
LogPluginManager: Mounting plugin AndroidDeviceProfileSelector
LogPluginManager: Mounting plugin AndroidMoviePlayer
LogPluginManager: Mounting plugin AndroidPermission
LogPluginManager: Mounting plugin AppleImageUtils
LogPluginManager: Mounting plugin AppleMoviePlayer
LogPluginManager: Mounting plugin AssetTags
LogPluginManager: Mounting plugin AudioCapture
LogPluginManager: Mounting plugin AudioSynesthesia
LogPluginManager: Mounting plugin CableComponent
LogPluginManager: Mounting plugin ChunkDownloader
LogPluginManager: Mounting plugin CustomMeshComponent
LogPluginManager: Mounting plugin EditableMesh
LogPluginManager: Mounting plugin ExampleDeviceProfileSelector
LogPluginManager: Mounting plugin GoogleCloudMessaging
LogPluginManager: Mounting plugin GooglePAD
LogPluginManager: Mounting plugin ScreenshotTools
LogPluginManager: Mounting plugin IOSDeviceProfileSelector
LogPluginManager: Mounting plugin LinuxDeviceProfileSelector
LogPluginManager: Mounting plugin LocationServicesBPLibrary
LogPluginManager: Mounting plugin ArchVisCharacter
LogPluginManager: Mounting plugin MobilePatchingUtils
LogPluginManager: Mounting plugin OpenXR
LogPluginManager: Mounting plugin OpenXRHandTracking
LogPluginManager: Mounting plugin OpenXREyeTracker
LogPluginManager: Mounting plugin Takes
LogPluginManager: Mounting plugin PhysXVehicles
LogPluginManager: Mounting plugin PostSplashScreen
LogPluginManager: Mounting plugin PropertyAccessEditor
LogPluginManager: Mounting plugin ProceduralMeshComponent
LogPluginManager: Mounting plugin SoundFields
LogPluginManager: Mounting plugin RuntimePhysXCooking
LogPluginManager: Mounting plugin SignificanceManager
LogPluginManager: Mounting plugin Synthesis
LogPluginManager: Mounting plugin WebMMoviePlayer
LogPluginManager: Mounting plugin WindowsMoviePlayer
LogPluginManager: Mounting plugin ContentBrowserAssetDataSource
LogPluginManager: Mounting plugin ContentBrowserFileDataSource
LogPluginManager: Mounting plugin ContentBrowserClassDataSource
LogPluginManager: Mounting plugin OnlineSubsystemGooglePlay
LogPluginManager: Mounting plugin OnlineSubsystemIOS
LogPluginManager: Mounting plugin OculusVR
LogPluginManager: Mounting plugin SteamVR
PixWinPlugin: PIX capture plugin failed to initialize! Check that the process is launched from PIX.
LogInit: Using libcurl 7.55.1-DEV
LogInit:  - built for x86_64-pc-win32
LogInit:  - supports SSL with OpenSSL/1.1.1
LogInit:  - supports HTTP deflate (compression) using libz 1.2.8
LogInit:  - other features:
LogInit:      CURL_VERSION_SSL
LogInit:      CURL_VERSION_LIBZ
LogInit:      CURL_VERSION_IPV6
LogInit:      CURL_VERSION_ASYNCHDNS
LogInit:      CURL_VERSION_LARGEFILE
LogInit:      CURL_VERSION_IDN
LogInit:  CurlRequestOptions (configurable via config and command line):
LogInit:  - bVerifyPeer = true  - Libcurl will verify peer certificate
LogInit:  - bUseHttpProxy = false  - Libcurl will NOT use HTTP proxy
LogInit:  - bDontReuseConnections = false  - Libcurl will reuse connections
LogInit:  - MaxHostConnections = 16  - Libcurl will limit the number of connections to a host
LogInit:  - LocalHostAddr = Default
LogInit:  - BufferSize = 65536
LogOnline: OSS: Creating online subsystem instance for: NULL
LogInit: WinSock: version 1.1 (2.2), MaxSocks=32767, MaxUdp=65467
LogOnline: OSS: TryLoadSubsystemAndSetDefault: Loaded subsystem for module [NULL]
LogOculusPluginWrapper: OculusPlugin initialized successfully
LogHMD: Failed initializing OVRPlugin 1.59.0
LogInit: Build: ++UE4+Release-4.27-CL-18319896
LogInit: Engine Version: 4.27.2-18319896+++UE4+Release-4.27
LogInit: Compatible Engine Version: 4.27.0-17155196+++UE4+Release-4.27
LogInit: Net CL: 17155196
LogInit: OS: Windows 10 (Release 2009) (), CPU: Intel(R) Core(TM) i5-10400 CPU @ 2.90GHz, GPU: NVIDIA GeForce RTX 3050
LogInit: Compiled (64-bit): Nov 30 2021 07:12:08
LogInit: Compiled with Visual C++: 19.24.28315.00
LogInit: Build Configuration: Development
LogInit: Branch Name: ++UE4+Release-4.27
LogInit: Command Line:  -AUTH_LOGIN=unused -AUTH_PASSWORD=39e5a8103f164708b3d457215ac96dfc -AUTH_TYPE=exchangecode -epicapp=UE_4.27 -epicenv=Prod -EpicPortal -epicusername=penn2a -epicuserid=867ad4cd187c434a98714f47963628a7 -epiclocale=pt-BR -epicsandboxid=ue
LogInit: Base Directory: C:/Program Files/Epic Games/UE_4.27/Engine/Binaries/Win64/
LogInit: Allocator: TBB
LogInit: Installed Engine Build: 1
LogDevObjectVersion: Number of dev versions registered: 29
LogDevObjectVersion:   Dev-Blueprints (B0D832E4-1F89-4F0D-ACCF-7EB736FD4AA2): 10
LogDevObjectVersion:   Dev-Build (E1C64328-A22C-4D53-A36C-8E866417BD8C): 0
LogDevObjectVersion:   Dev-Core (375EC13C-06E4-48FB-B500-84F0262A717E): 4
LogDevObjectVersion:   Dev-Editor (E4B068ED-F494-42E9-A231-DA0B2E46BB41): 40
LogDevObjectVersion:   Dev-Framework (CFFC743F-43B0-4480-9391-14DF171D2073): 37
LogDevObjectVersion:   Dev-Mobile (B02B49B5-BB20-44E9-A304-32B752E40360): 3
LogDevObjectVersion:   Dev-Networking (A4E4105C-59A1-49B5-A7C5-40C4547EDFEE): 0
LogDevObjectVersion:   Dev-Online (39C831C9-5AE6-47DC-9A44-9C173E1C8E7C): 0
LogDevObjectVersion:   Dev-Physics (78F01B33-EBEA-4F98-B9B4-84EACCB95AA2): 14
LogDevObjectVersion:   Dev-Platform (6631380F-2D4D-43E0-8009-CF276956A95A): 0
LogDevObjectVersion:   Dev-Rendering (12F88B9F-8875-4AFC-A67C-D90C383ABD29): 45
LogDevObjectVersion:   Dev-Sequencer (7B5AE74C-D270-4C10-A958-57980B212A5A): 13
LogDevObjectVersion:   Dev-VR (D7296918-1DD6-4BDD-9DE2-64A83CC13884): 3
LogDevObjectVersion:   Dev-LoadTimes (C2A15278-BFE7-4AFE-6C17-90FF531DF755): 1
LogDevObjectVersion:   Private-Geometry (6EACA3D4-40EC-4CC1-B786-8BED09428FC5): 3
LogDevObjectVersion:   Dev-AnimPhys (29E575DD-E0A3-4627-9D10-D276232CDCEA): 17
LogDevObjectVersion:   Dev-Anim (AF43A65D-7FD3-4947-9873-3E8ED9C1BB05): 15
LogDevObjectVersion:   Dev-ReflectionCapture (6B266CEC-1EC7-4B8F-A30B-E4D90942FC07): 1
LogDevObjectVersion:   Dev-Automation (0DF73D61-A23F-47EA-B727-89E90C41499A): 1
LogDevObjectVersion:   FortniteMain (601D1886-AC64-4F84-AA16-D3DE0DEAC7D6): 47
LogDevObjectVersion:   FortniteRelease (E7086368-6B23-4C58-8439-1B7016265E91): 1
LogDevObjectVersion:   Dev-Enterprise (9DFFBCD6-494F-0158-E221-12823C92A888): 10
LogDevObjectVersion:   Dev-Niagara (F2AED0AC-9AFE-416F-8664-AA7FFA26D6FC): 1
LogDevObjectVersion:   Dev-Destruction (174F1F0B-B4C6-45A5-B13F-2EE8D0FB917D): 10
LogDevObjectVersion:   Dev-Physics-Ext (35F94A83-E258-406C-A318-09F59610247C): 41
LogDevObjectVersion:   Dev-PhysicsMaterial-Chaos (B68FC16E-8B1B-42E2-B453-215C058844FE): 1
LogDevObjectVersion:   Dev-CineCamera (B2E18506-4273-CFC2-A54E-F4BB758BBA07): 1
LogDevObjectVersion:   Dev-VirtualProduction (64F58936-FD1B-42BA-BA96-7289D5D0FA4E): 1
LogDevObjectVersion:   Dev-MediaFramework (6F0ED827-A609-4895-9C91-998D90180EA4): 2
LogInit: Presizing for max 25165824 objects, including 0 objects not considered by GC, pre-allocating 0 bytes for permanent pool.
LogConfig: Applying CVar settings from Section [/Script/Engine.StreamingSettings] File [C:/Users/rafael.anastácio/Documents/GitHub/Sorry/Saved/Config/Windows/Engine.ini]
LogConfig: Setting CVar [[s.MinBulkDataSizeForAsyncLoading:131072]]
LogConfig: Setting CVar [[s.AsyncLoadingThreadEnabled:0]]
LogConfig: Setting CVar [[s.EventDrivenLoaderEnabled:1]]
LogConfig: Setting CVar [[s.WarnIfTimeLimitExceeded:0]]
LogConfig: Setting CVar [[s.TimeLimitExceededMultiplier:1.5]]
LogConfig: Setting CVar [[s.TimeLimitExceededMinTime:0.005]]
LogConfig: Setting CVar [[s.UseBackgroundLevelStreaming:1]]
LogConfig: Setting CVar [[s.PriorityAsyncLoadingExtraTime:15.0]]
LogConfig: Setting CVar [[s.LevelStreamingActorsUpdateTimeLimit:5.0]]
LogConfig: Setting CVar [[s.PriorityLevelStreamingActorsUpdateExtraTime:5.0]]
LogConfig: Setting CVar [[s.LevelStreamingComponentsRegistrationGranularity:10]]
LogConfig: Setting CVar [[s.UnregisterComponentsTimeLimit:1.0]]
LogConfig: Setting CVar [[s.LevelStreamingComponentsUnregistrationGranularity:5]]
LogConfig: Setting CVar [[s.FlushStreamingOnExit:1]]
LogInit: Object subsystem initialized
LogConfig: Setting CVar [[con.DebugEarlyDefault:1]]
LogConfig: Setting CVar [[r.setres:1280x720]]
[2025.08.18-19.16.48:234][  0]LogConfig: Setting CVar [[r.VSync:0]]
[2025.08.18-19.16.48:234][  0]LogConfig: Setting CVar [[r.RHICmdBypass:0]]
[2025.08.18-19.16.48:234][  0]LogConfig: Applying CVar settings from Section [/Script/Engine.RendererSettings] File [C:/Users/rafael.anastácio/Documents/GitHub/Sorry/Saved/Config/Windows/Engine.ini]
[2025.08.18-19.16.48:234][  0]LogConfig: Setting CVar [[r.GPUCrashDebugging:0]]
[2025.08.18-19.16.48:234][  0]LogConfig: Applying CVar settings from Section [/Script/Engine.RendererOverrideSettings] File [C:/Users/rafael.anastácio/Documents/GitHub/Sorry/Saved/Config/Windows/Engine.ini]
[2025.08.18-19.16.48:234][  0]LogConfig: Applying CVar settings from Section [/Script/Engine.StreamingSettings] File [C:/Users/rafael.anastácio/Documents/GitHub/Sorry/Saved/Config/Windows/Engine.ini]
[2025.08.18-19.16.48:234][  0]LogConfig: Setting CVar [[s.MinBulkDataSizeForAsyncLoading:131072]]
[2025.08.18-19.16.48:234][  0]LogConfig: Setting CVar [[s.AsyncLoadingThreadEnabled:0]]
[2025.08.18-19.16.48:234][  0]LogConfig: Setting CVar [[s.EventDrivenLoaderEnabled:1]]
[2025.08.18-19.16.48:234][  0]LogConfig: Setting CVar [[s.WarnIfTimeLimitExceeded:0]]
[2025.08.18-19.16.48:234][  0]LogConfig: Setting CVar [[s.TimeLimitExceededMultiplier:1.5]]
[2025.08.18-19.16.48:234][  0]LogConfig: Setting CVar [[s.TimeLimitExceededMinTime:0.005]]
[2025.08.18-19.16.48:234][  0]LogConfig: Setting CVar [[s.UseBackgroundLevelStreaming:1]]
[2025.08.18-19.16.48:234][  0]LogConfig: Setting CVar [[s.PriorityAsyncLoadingExtraTime:15.0]]
[2025.08.18-19.16.48:234][  0]LogConfig: Setting CVar [[s.LevelStreamingActorsUpdateTimeLimit:5.0]]
[2025.08.18-19.16.48:234][  0]LogConfig: Setting CVar [[s.PriorityLevelStreamingActorsUpdateExtraTime:5.0]]
[2025.08.18-19.16.48:234][  0]LogConfig: Setting CVar [[s.LevelStreamingComponentsRegistrationGranularity:10]]
[2025.08.18-19.16.48:234][  0]LogConfig: Setting CVar [[s.UnregisterComponentsTimeLimit:1.0]]
[2025.08.18-19.16.48:234][  0]LogConfig: Setting CVar [[s.LevelStreamingComponentsUnregistrationGranularity:5]]
[2025.08.18-19.16.48:234][  0]LogConfig: Setting CVar [[s.FlushStreamingOnExit:1]]
[2025.08.18-19.16.48:234][  0]LogConfig: Applying CVar settings from Section [/Script/Engine.GarbageCollectionSettings] File [C:/Users/rafael.anastácio/Documents/GitHub/Sorry/Saved/Config/Windows/Engine.ini]
[2025.08.18-19.16.48:234][  0]LogConfig: Setting CVar [[gc.MaxObjectsNotConsideredByGC:1]]
[2025.08.18-19.16.48:234][  0]LogConfig: Setting CVar [[gc.SizeOfPermanentObjectPool:0]]
[2025.08.18-19.16.48:234][  0]LogConfig: Setting CVar [[gc.FlushStreamingOnGC:0]]
[2025.08.18-19.16.48:234][  0]LogConfig: Setting CVar [[gc.NumRetriesBeforeForcingGC:10]]
[2025.08.18-19.16.48:234][  0]LogConfig: Setting CVar [[gc.AllowParallelGC:1]]
[2025.08.18-19.16.48:234][  0]LogConfig: Setting CVar [[gc.TimeBetweenPurgingPendingKillObjects:61.1]]
[2025.08.18-19.16.48:234][  0]LogConfig: Setting CVar [[gc.MaxObjectsInEditor:25165824]]
[2025.08.18-19.16.48:234][  0]LogConfig: Setting CVar [[gc.IncrementalBeginDestroyEnabled:1]]
[2025.08.18-19.16.48:234][  0]LogConfig: Setting CVar [[gc.CreateGCClusters:1]]
[2025.08.18-19.16.48:234][  0]LogConfig: Setting CVar [[gc.MinGCClusterSize:5]]
[2025.08.18-19.16.48:234][  0]LogConfig: Setting CVar [[gc.ActorClusteringEnabled:0]]
[2025.08.18-19.16.48:234][  0]LogConfig: Setting CVar [[gc.BlueprintClusteringEnabled:0]]
[2025.08.18-19.16.48:234][  0]LogConfig: Setting CVar [[gc.UseDisregardForGCOnDedicatedServers:0]]
[2025.08.18-19.16.48:234][  0]LogConfig: Setting CVar [[gc.MultithreadedDestructionEnabled:1]]
[2025.08.18-19.16.48:234][  0]LogConfig: Applying CVar settings from Section [/Script/Engine.NetworkSettings] File [C:/Users/rafael.anastácio/Documents/GitHub/Sorry/Saved/Config/Windows/Engine.ini]
[2025.08.18-19.16.48:234][  0]LogConfig: Applying CVar settings from Section [/Script/UnrealEd.CookerSettings] File [C:/Users/rafael.anastácio/Documents/GitHub/Sorry/Saved/Config/Windows/Engine.ini]
[2025.08.18-19.16.48:241][  0]LogConfig: Applying CVar settings from Section [ViewDistanceQuality@3] File [C:/Users/rafael.anastácio/Documents/GitHub/Sorry/Saved/Config/Windows/Scalability.ini]
[2025.08.18-19.16.48:241][  0]LogConfig: Setting CVar [[r.SkeletalMeshLODBias:0]]
[2025.08.18-19.16.48:241][  0]LogConfig: Setting CVar [[r.ViewDistanceScale:1.0]]
[2025.08.18-19.16.48:241][  0]LogConfig: Applying CVar settings from Section [AntiAliasingQuality@3] File [C:/Users/rafael.anastácio/Documents/GitHub/Sorry/Saved/Config/Windows/Scalability.ini]
[2025.08.18-19.16.48:241][  0]LogConfig: Setting CVar [[r.PostProcessAAQuality:4]]
[2025.08.18-19.16.48:241][  0]LogConfig: Applying CVar settings from Section [ShadowQuality@3] File [C:/Users/rafael.anastácio/Documents/GitHub/Sorry/Saved/Config/Windows/Scalability.ini]
[2025.08.18-19.16.48:241][  0]LogConfig: Setting CVar [[r.LightFunctionQuality:1]]
[2025.08.18-19.16.48:241][  0]LogConfig: Setting CVar [[r.ShadowQuality:5]]
[2025.08.18-19.16.48:241][  0]LogConfig: Setting CVar [[r.Shadow.CSM.MaxCascades:10]]
[2025.08.18-19.16.48:241][  0]LogConfig: Setting CVar [[r.Shadow.MaxResolution:2048]]
[2025.08.18-19.16.48:241][  0]LogConfig: Setting CVar [[r.Shadow.MaxCSMResolution:2048]]
[2025.08.18-19.16.48:241][  0]LogConfig: Setting CVar [[r.Shadow.RadiusThreshold:0.01]]
[2025.08.18-19.16.48:241][  0]LogConfig: Setting CVar [[r.Shadow.DistanceScale:1.0]]
[2025.08.18-19.16.48:241][  0]LogConfig: Setting CVar [[r.Shadow.CSM.TransitionScale:1.0]]
[2025.08.18-19.16.48:241][  0]LogConfig: Setting CVar [[r.Shadow.PreShadowResolutionFactor:1.0]]
[2025.08.18-19.16.48:241][  0]LogConfig: Setting CVar [[r.DistanceFieldShadowing:1]]
[2025.08.18-19.16.48:241][  0]LogConfig: Setting CVar [[r.DistanceFieldAO:1]]
[2025.08.18-19.16.48:241][  0]LogConfig: Setting CVar [[r.AOQuality:2]]
[2025.08.18-19.16.48:241][  0]LogConfig: Setting CVar [[r.VolumetricFog:1]]
[2025.08.18-19.16.48:241][  0]LogConfig: Setting CVar [[r.VolumetricFog.GridPixelSize:8]]
[2025.08.18-19.16.48:241][  0]LogConfig: Setting CVar [[r.VolumetricFog.GridSizeZ:128]]
[2025.08.18-19.16.48:241][  0]LogConfig: Setting CVar [[r.VolumetricFog.HistoryMissSupersampleCount:4]]
[2025.08.18-19.16.48:241][  0]LogConfig: Setting CVar [[r.LightMaxDrawDistanceScale:1]]
[2025.08.18-19.16.48:241][  0]LogConfig: Setting CVar [[r.CapsuleShadows:1]]
[2025.08.18-19.16.48:241][  0]LogConfig: Applying CVar settings from Section [PostProcessQuality@3] File [C:/Users/rafael.anastácio/Documents/GitHub/Sorry/Saved/Config/Windows/Scalability.ini]
[2025.08.18-19.16.48:241][  0]LogConfig: Setting CVar [[r.MotionBlurQuality:4]]
[2025.08.18-19.16.48:241][  0]LogConfig: Setting CVar [[r.AmbientOcclusionMipLevelFactor:0.4]]
[2025.08.18-19.16.48:241][  0]LogConfig: Setting CVar [[r.AmbientOcclusionMaxQuality:100]]
[2025.08.18-19.16.48:241][  0]LogConfig: Setting CVar [[r.AmbientOcclusionLevels:-1]]
[2025.08.18-19.16.48:241][  0]LogConfig: Setting CVar [[r.AmbientOcclusionRadiusScale:1.0]]
[2025.08.18-19.16.48:241][  0]LogConfig: Setting CVar [[r.DepthOfFieldQuality:2]]
[2025.08.18-19.16.48:241][  0]LogConfig: Setting CVar [[r.RenderTargetPoolMin:400]]
[2025.08.18-19.16.48:241][  0]LogConfig: Setting CVar [[r.LensFlareQuality:2]]
[2025.08.18-19.16.48:241][  0]LogConfig: Setting CVar [[r.SceneColorFringeQuality:1]]
[2025.08.18-19.16.48:241][  0]LogConfig: Setting CVar [[r.EyeAdaptationQuality:2]]
[2025.08.18-19.16.48:241][  0]LogConfig: Setting CVar [[r.BloomQuality:5]]
[2025.08.18-19.16.48:241][  0]LogConfig: Setting CVar [[r.FastBlurThreshold:100]]
[2025.08.18-19.16.48:241][  0]LogConfig: Setting CVar [[r.Upscale.Quality:3]]
[2025.08.18-19.16.48:241][  0]LogConfig: Setting CVar [[r.Tonemapper.GrainQuantization:1]]
[2025.08.18-19.16.48:241][  0]LogConfig: Setting CVar [[r.LightShaftQuality:1]]
[2025.08.18-19.16.48:241][  0]LogConfig: Setting CVar [[r.Filter.SizeScale:1]]
[2025.08.18-19.16.48:241][  0]LogConfig: Setting CVar [[r.Tonemapper.Quality:5]]
[2025.08.18-19.16.48:241][  0]LogConfig: Setting CVar [[r.DOF.Gather.AccumulatorQuality:1        ; higher gathering accumulator quality]]
[2025.08.18-19.16.48:241][  0]LogConfig: Setting CVar [[r.DOF.Gather.PostfilterMethod:1          ; Median3x3 postfilering method]]
[2025.08.18-19.16.48:241][  0]LogConfig: Setting CVar [[r.DOF.Gather.EnableBokehSettings:0       ; no bokeh simulation when gathering]]
[2025.08.18-19.16.48:241][  0]LogConfig: Setting CVar [[r.DOF.Gather.RingCount:4                 ; medium number of samples when gathering]]
[2025.08.18-19.16.48:241][  0]LogConfig: Setting CVar [[r.DOF.Scatter.ForegroundCompositing:1    ; additive foreground scattering]]
[2025.08.18-19.16.48:241][  0]LogConfig: Setting CVar [[r.DOF.Scatter.BackgroundCompositing:2    ; additive background scattering]]
[2025.08.18-19.16.48:241][  0]LogConfig: Setting CVar [[r.DOF.Scatter.EnableBokehSettings:1      ; bokeh simulation when scattering]]
[2025.08.18-19.16.48:241][  0]LogConfig: Setting CVar [[r.DOF.Scatter.MaxSpriteRatio:0.1         ; only a maximum of 10% of scattered bokeh]]
[2025.08.18-19.16.48:241][  0]LogConfig: Setting CVar [[r.DOF.Recombine.Quality:1                ; cheap slight out of focus]]
[2025.08.18-19.16.48:241][  0]LogConfig: Setting CVar [[r.DOF.Recombine.EnableBokehSettings:0    ; no bokeh simulation on slight out of focus]]
[2025.08.18-19.16.48:241][  0]LogConfig: Setting CVar [[r.DOF.TemporalAAQuality:1                ; more stable temporal accumulation]]
[2025.08.18-19.16.48:241][  0]LogConfig: Setting CVar [[r.DOF.Kernel.MaxForegroundRadius:0.025]]
[2025.08.18-19.16.48:241][  0]LogConfig: Setting CVar [[r.DOF.Kernel.MaxBackgroundRadius:0.025]]
[2025.08.18-19.16.48:241][  0]LogConfig: Applying CVar settings from Section [TextureQuality@3] File [C:/Users/rafael.anastácio/Documents/GitHub/Sorry/Saved/Config/Windows/Scalability.ini]
[2025.08.18-19.16.48:241][  0]LogConfig: Setting CVar [[r.Streaming.MipBias:0]]
[2025.08.18-19.16.48:241][  0]LogConfig: Setting CVar [[r.Streaming.AmortizeCPUToGPUCopy:0]]
[2025.08.18-19.16.48:241][  0]LogConfig: Setting CVar [[r.Streaming.MaxNumTexturesToStreamPerFrame:0]]
[2025.08.18-19.16.48:241][  0]LogConfig: Setting CVar [[r.Streaming.Boost:1]]
[2025.08.18-19.16.48:241][  0]LogConfig: Setting CVar [[r.MaxAnisotropy:8]]
[2025.08.18-19.16.48:241][  0]LogConfig: Setting CVar [[r.VT.MaxAnisotropy:8]]
[2025.08.18-19.16.48:241][  0]LogConfig: Setting CVar [[r.Streaming.LimitPoolSizeToVRAM:0]]
[2025.08.18-19.16.48:241][  0]LogConfig: Setting CVar [[r.Streaming.PoolSize:1000]]
[2025.08.18-19.16.48:241][  0]LogConfig: Setting CVar [[r.Streaming.MaxEffectiveScreenSize:0]]
[2025.08.18-19.16.48:241][  0]LogConfig: Applying CVar settings from Section [EffectsQuality@3] File [C:/Users/rafael.anastácio/Documents/GitHub/Sorry/Saved/Config/Windows/Scalability.ini]
[2025.08.18-19.16.48:241][  0]LogConfig: Setting CVar [[r.TranslucencyLightingVolumeDim:64]]
[2025.08.18-19.16.48:241][  0]LogConfig: Setting CVar [[r.RefractionQuality:2]]
[2025.08.18-19.16.48:241][  0]LogConfig: Setting CVar [[r.SSR.Quality:3]]
[2025.08.18-19.16.48:241][  0]LogConfig: Setting CVar [[r.SSR.HalfResSceneColor:0]]
[2025.08.18-19.16.48:241][  0]LogConfig: Setting CVar [[r.SceneColorFormat:4]]
[2025.08.18-19.16.48:241][  0]LogConfig: Setting CVar [[r.DetailMode:2]]
[2025.08.18-19.16.48:241][  0]LogConfig: Setting CVar [[r.TranslucencyVolumeBlur:1]]
[2025.08.18-19.16.48:242][  0]LogConfig: Setting CVar [[r.MaterialQualityLevel:1 ; High quality]]
[2025.08.18-19.16.48:242][  0]LogConfig: Setting CVar [[r.AnisotropicMaterials:1]]
[2025.08.18-19.16.48:242][  0]LogConfig: Setting CVar [[r.SSS.Scale:1]]
[2025.08.18-19.16.48:242][  0]LogConfig: Setting CVar [[r.SSS.SampleSet:2]]
[2025.08.18-19.16.48:242][  0]LogConfig: Setting CVar [[r.SSS.Quality:1]]
[2025.08.18-19.16.48:242][  0]LogConfig: Setting CVar [[r.SSS.HalfRes:0]]
[2025.08.18-19.16.48:242][  0]LogConfig: Setting CVar [[r.SSGI.Quality:3]]
[2025.08.18-19.16.48:242][  0]LogConfig: Setting CVar [[r.EmitterSpawnRateScale:1.0]]
[2025.08.18-19.16.48:242][  0]LogConfig: Setting CVar [[r.ParticleLightQuality:2]]
[2025.08.18-19.16.48:242][  0]LogConfig: Setting CVar [[r.SkyAtmosphere.AerialPerspectiveLUT.FastApplyOnOpaque:1 ; Always have FastSkyLUT 1 in this case to avoid wrong sky]]
[2025.08.18-19.16.48:242][  0]LogConfig: Setting CVar [[r.SkyAtmosphere.AerialPerspectiveLUT.SampleCountMaxPerSlice:4]]
[2025.08.18-19.16.48:242][  0]LogConfig: Setting CVar [[r.SkyAtmosphere.AerialPerspectiveLUT.DepthResolution:16.0]]
[2025.08.18-19.16.48:242][  0]LogConfig: Setting CVar [[r.SkyAtmosphere.FastSkyLUT:1]]
[2025.08.18-19.16.48:242][  0]LogConfig: Setting CVar [[r.SkyAtmosphere.FastSkyLUT.SampleCountMin:4.0]]
[2025.08.18-19.16.48:242][  0]LogConfig: Setting CVar [[r.SkyAtmosphere.FastSkyLUT.SampleCountMax:128.0]]
[2025.08.18-19.16.48:242][  0]LogConfig: Setting CVar [[r.SkyAtmosphere.SampleCountMin:4.0]]
[2025.08.18-19.16.48:242][  0]LogConfig: Setting CVar [[r.SkyAtmosphere.SampleCountMax:128.0]]
[2025.08.18-19.16.48:242][  0]LogConfig: Setting CVar [[r.SkyAtmosphere.TransmittanceLUT.UseSmallFormat:0]]
[2025.08.18-19.16.48:242][  0]LogConfig: Setting CVar [[r.SkyAtmosphere.TransmittanceLUT.SampleCount:10.0]]
[2025.08.18-19.16.48:242][  0]LogConfig: Setting CVar [[r.SkyAtmosphere.MultiScatteringLUT.SampleCount:15.0]]
[2025.08.18-19.16.48:242][  0]LogConfig: Setting CVar [[r.SkyLight.RealTimeReflectionCapture:1]]
[2025.08.18-19.16.48:242][  0]LogConfig: Applying CVar settings from Section [FoliageQuality@3] File [C:/Users/rafael.anastácio/Documents/GitHub/Sorry/Saved/Config/Windows/Scalability.ini]
[2025.08.18-19.16.48:242][  0]LogConfig: Setting CVar [[foliage.DensityScale:1.0]]
[2025.08.18-19.16.48:242][  0]LogConfig: Setting CVar [[grass.DensityScale:1.0]]
[2025.08.18-19.16.48:242][  0]LogConfig: Applying CVar settings from Section [ShadingQuality@3] File [C:/Users/rafael.anastácio/Documents/GitHub/Sorry/Saved/Config/Windows/Scalability.ini]
[2025.08.18-19.16.48:242][  0]LogConfig: Setting CVar [[r.HairStrands.SkyLighting.IntegrationType:2]]
[2025.08.18-19.16.48:242][  0]LogConfig: Setting CVar [[r.HairStrands.SkyAO.SampleCount:4]]
[2025.08.18-19.16.48:242][  0]LogConfig: Setting CVar [[r.HairStrands.Visibility.MSAA.SamplePerPixel:4]]
[2025.08.18-19.16.48:242][  0]LogInit: Selected Device Profile: [Windows]
[2025.08.18-19.16.48:242][  0]LogInit: Applying CVar settings loaded from the selected device profile: [Windows]
[2025.08.18-19.16.48:242][  0]LogHAL: Display: Platform has ~ 16 GB [17025171456 / 17179869184 / 16], which maps to Larger [LargestMinGB=32, LargerMinGB=12, DefaultMinGB=8, SmallerMinGB=6, SmallestMinGB=0)
[2025.08.18-19.16.48:242][  0]LogInit: Going up to parent DeviceProfile []
[2025.08.18-19.16.48:242][  0]LogConfig: Applying CVar settings from Section [ViewDistanceQuality@3] File [C:/Users/rafael.anastácio/Documents/GitHub/Sorry/Saved/Config/Windows/Scalability.ini]
[2025.08.18-19.16.48:242][  0]LogConfig: Setting CVar [[r.SkeletalMeshLODBias:0]]
[2025.08.18-19.16.48:242][  0]LogConfig: Setting CVar [[r.ViewDistanceScale:1.0]]
[2025.08.18-19.16.48:242][  0]LogConfig: Applying CVar settings from Section [AntiAliasingQuality@3] File [C:/Users/rafael.anastácio/Documents/GitHub/Sorry/Saved/Config/Windows/Scalability.ini]
[2025.08.18-19.16.48:242][  0]LogConfig: Setting CVar [[r.PostProcessAAQuality:4]]
[2025.08.18-19.16.48:242][  0]LogConfig: Applying CVar settings from Section [ShadowQuality@3] File [C:/Users/rafael.anastácio/Documents/GitHub/Sorry/Saved/Config/Windows/Scalability.ini]
[2025.08.18-19.16.48:242][  0]LogConfig: Setting CVar [[r.LightFunctionQuality:1]]
[2025.08.18-19.16.48:242][  0]LogConfig: Setting CVar [[r.ShadowQuality:5]]
[2025.08.18-19.16.48:242][  0]LogConfig: Setting CVar [[r.Shadow.CSM.MaxCascades:10]]
[2025.08.18-19.16.48:242][  0]LogConfig: Setting CVar [[r.Shadow.MaxResolution:2048]]
[2025.08.18-19.16.48:242][  0]LogConfig: Setting CVar [[r.Shadow.MaxCSMResolution:2048]]
[2025.08.18-19.16.48:242][  0]LogConfig: Setting CVar [[r.Shadow.RadiusThreshold:0.01]]
[2025.08.18-19.16.48:242][  0]LogConfig: Setting CVar [[r.Shadow.DistanceScale:1.0]]
[2025.08.18-19.16.48:242][  0]LogConfig: Setting CVar [[r.Shadow.CSM.TransitionScale:1.0]]
[2025.08.18-19.16.48:242][  0]LogConfig: Setting CVar [[r.Shadow.PreShadowResolutionFactor:1.0]]
[2025.08.18-19.16.48:242][  0]LogConfig: Setting CVar [[r.DistanceFieldShadowing:1]]
[2025.08.18-19.16.48:242][  0]LogConfig: Setting CVar [[r.DistanceFieldAO:1]]
[2025.08.18-19.16.48:242][  0]LogConfig: Setting CVar [[r.AOQuality:2]]
[2025.08.18-19.16.48:242][  0]LogConfig: Setting CVar [[r.VolumetricFog:1]]
[2025.08.18-19.16.48:242][  0]LogConfig: Setting CVar [[r.VolumetricFog.GridPixelSize:8]]
[2025.08.18-19.16.48:242][  0]LogConfig: Setting CVar [[r.VolumetricFog.GridSizeZ:128]]
[2025.08.18-19.16.48:242][  0]LogConfig: Setting CVar [[r.VolumetricFog.HistoryMissSupersampleCount:4]]
[2025.08.18-19.16.48:242][  0]LogConfig: Setting CVar [[r.LightMaxDrawDistanceScale:1]]
[2025.08.18-19.16.48:242][  0]LogConfig: Setting CVar [[r.CapsuleShadows:1]]
[2025.08.18-19.16.48:242][  0]LogConfig: Applying CVar settings from Section [PostProcessQuality@3] File [C:/Users/rafael.anastácio/Documents/GitHub/Sorry/Saved/Config/Windows/Scalability.ini]
[2025.08.18-19.16.48:242][  0]LogConfig: Setting CVar [[r.MotionBlurQuality:4]]
[2025.08.18-19.16.48:242][  0]LogConfig: Setting CVar [[r.AmbientOcclusionMipLevelFactor:0.4]]
[2025.08.18-19.16.48:242][  0]LogConfig: Setting CVar [[r.AmbientOcclusionMaxQuality:100]]
[2025.08.18-19.16.48:242][  0]LogConfig: Setting CVar [[r.AmbientOcclusionLevels:-1]]
[2025.08.18-19.16.48:242][  0]LogConfig: Setting CVar [[r.AmbientOcclusionRadiusScale:1.0]]
[2025.08.18-19.16.48:242][  0]LogConfig: Setting CVar [[r.DepthOfFieldQuality:2]]
[2025.08.18-19.16.48:242][  0]LogConfig: Setting CVar [[r.RenderTargetPoolMin:400]]
[2025.08.18-19.16.48:242][  0]LogConfig: Setting CVar [[r.LensFlareQuality:2]]
[2025.08.18-19.16.48:242][  0]LogConfig: Setting CVar [[r.SceneColorFringeQuality:1]]
[2025.08.18-19.16.48:242][  0]LogConfig: Setting CVar [[r.EyeAdaptationQuality:2]]
[2025.08.18-19.16.48:242][  0]LogConfig: Setting CVar [[r.BloomQuality:5]]
[2025.08.18-19.16.48:242][  0]LogConfig: Setting CVar [[r.FastBlurThreshold:100]]
[2025.08.18-19.16.48:242][  0]LogConfig: Setting CVar [[r.Upscale.Quality:3]]
[2025.08.18-19.16.48:242][  0]LogConfig: Setting CVar [[r.Tonemapper.GrainQuantization:1]]
[2025.08.18-19.16.48:242][  0]LogConfig: Setting CVar [[r.LightShaftQuality:1]]
[2025.08.18-19.16.48:242][  0]LogConfig: Setting CVar [[r.Filter.SizeScale:1]]
[2025.08.18-19.16.48:242][  0]LogConfig: Setting CVar [[r.Tonemapper.Quality:5]]
[2025.08.18-19.16.48:242][  0]LogConfig: Setting CVar [[r.DOF.Gather.AccumulatorQuality:1        ; higher gathering accumulator quality]]
[2025.08.18-19.16.48:242][  0]LogConfig: Setting CVar [[r.DOF.Gather.PostfilterMethod:1          ; Median3x3 postfilering method]]
[2025.08.18-19.16.48:242][  0]LogConfig: Setting CVar [[r.DOF.Gather.EnableBokehSettings:0       ; no bokeh simulation when gathering]]
[2025.08.18-19.16.48:242][  0]LogConfig: Setting CVar [[r.DOF.Gather.RingCount:4                 ; medium number of samples when gathering]]
[2025.08.18-19.16.48:242][  0]LogConfig: Setting CVar [[r.DOF.Scatter.ForegroundCompositing:1    ; additive foreground scattering]]
[2025.08.18-19.16.48:242][  0]LogConfig: Setting CVar [[r.DOF.Scatter.BackgroundCompositing:2    ; additive background scattering]]
[2025.08.18-19.16.48:242][  0]LogConfig: Setting CVar [[r.DOF.Scatter.EnableBokehSettings:1      ; bokeh simulation when scattering]]
[2025.08.18-19.16.48:242][  0]LogConfig: Setting CVar [[r.DOF.Scatter.MaxSpriteRatio:0.1         ; only a maximum of 10% of scattered bokeh]]
[2025.08.18-19.16.48:242][  0]LogConfig: Setting CVar [[r.DOF.Recombine.Quality:1                ; cheap slight out of focus]]
[2025.08.18-19.16.48:242][  0]LogConfig: Setting CVar [[r.DOF.Recombine.EnableBokehSettings:0    ; no bokeh simulation on slight out of focus]]
[2025.08.18-19.16.48:242][  0]LogConfig: Setting CVar [[r.DOF.TemporalAAQuality:1                ; more stable temporal accumulation]]
[2025.08.18-19.16.48:243][  0]LogConfig: Setting CVar [[r.DOF.Kernel.MaxForegroundRadius:0.025]]
[2025.08.18-19.16.48:243][  0]LogConfig: Setting CVar [[r.DOF.Kernel.MaxBackgroundRadius:0.025]]
[2025.08.18-19.16.48:243][  0]LogConfig: Applying CVar settings from Section [TextureQuality@3] File [C:/Users/rafael.anastácio/Documents/GitHub/Sorry/Saved/Config/Windows/Scalability.ini]
[2025.08.18-19.16.48:243][  0]LogConfig: Setting CVar [[r.Streaming.MipBias:0]]
[2025.08.18-19.16.48:243][  0]LogConfig: Setting CVar [[r.Streaming.AmortizeCPUToGPUCopy:0]]
[2025.08.18-19.16.48:243][  0]LogConfig: Setting CVar [[r.Streaming.MaxNumTexturesToStreamPerFrame:0]]
[2025.08.18-19.16.48:243][  0]LogConfig: Setting CVar [[r.Streaming.Boost:1]]
[2025.08.18-19.16.48:243][  0]LogConfig: Setting CVar [[r.MaxAnisotropy:8]]
[2025.08.18-19.16.48:243][  0]LogConfig: Setting CVar [[r.VT.MaxAnisotropy:8]]
[2025.08.18-19.16.48:243][  0]LogConfig: Setting CVar [[r.Streaming.LimitPoolSizeToVRAM:0]]
[2025.08.18-19.16.48:243][  0]LogConfig: Setting CVar [[r.Streaming.PoolSize:1000]]
[2025.08.18-19.16.48:243][  0]LogConfig: Setting CVar [[r.Streaming.MaxEffectiveScreenSize:0]]
[2025.08.18-19.16.48:243][  0]LogConfig: Applying CVar settings from Section [EffectsQuality@3] File [C:/Users/rafael.anastácio/Documents/GitHub/Sorry/Saved/Config/Windows/Scalability.ini]
[2025.08.18-19.16.48:243][  0]LogConfig: Setting CVar [[r.TranslucencyLightingVolumeDim:64]]
[2025.08.18-19.16.48:243][  0]LogConfig: Setting CVar [[r.RefractionQuality:2]]
[2025.08.18-19.16.48:243][  0]LogConfig: Setting CVar [[r.SSR.Quality:3]]
[2025.08.18-19.16.48:243][  0]LogConfig: Setting CVar [[r.SSR.HalfResSceneColor:0]]
[2025.08.18-19.16.48:243][  0]LogConfig: Setting CVar [[r.SceneColorFormat:4]]
[2025.08.18-19.16.48:243][  0]LogConfig: Setting CVar [[r.DetailMode:2]]
[2025.08.18-19.16.48:243][  0]LogConfig: Setting CVar [[r.TranslucencyVolumeBlur:1]]
[2025.08.18-19.16.48:243][  0]LogConfig: Setting CVar [[r.MaterialQualityLevel:1 ; High quality]]
[2025.08.18-19.16.48:243][  0]LogConfig: Setting CVar [[r.AnisotropicMaterials:1]]
[2025.08.18-19.16.48:243][  0]LogConfig: Setting CVar [[r.SSS.Scale:1]]
[2025.08.18-19.16.48:243][  0]LogConfig: Setting CVar [[r.SSS.SampleSet:2]]
[2025.08.18-19.16.48:243][  0]LogConfig: Setting CVar [[r.SSS.Quality:1]]
[2025.08.18-19.16.48:243][  0]LogConfig: Setting CVar [[r.SSS.HalfRes:0]]
[2025.08.18-19.16.48:243][  0]LogConfig: Setting CVar [[r.SSGI.Quality:3]]
[2025.08.18-19.16.48:243][  0]LogConfig: Setting CVar [[r.EmitterSpawnRateScale:1.0]]
[2025.08.18-19.16.48:243][  0]LogConfig: Setting CVar [[r.ParticleLightQuality:2]]
[2025.08.18-19.16.48:243][  0]LogConfig: Setting CVar [[r.SkyAtmosphere.AerialPerspectiveLUT.FastApplyOnOpaque:1 ; Always have FastSkyLUT 1 in this case to avoid wrong sky]]
[2025.08.18-19.16.48:243][  0]LogConfig: Setting CVar [[r.SkyAtmosphere.AerialPerspectiveLUT.SampleCountMaxPerSlice:4]]
[2025.08.18-19.16.48:243][  0]LogConfig: Setting CVar [[r.SkyAtmosphere.AerialPerspectiveLUT.DepthResolution:16.0]]
[2025.08.18-19.16.48:243][  0]LogConfig: Setting CVar [[r.SkyAtmosphere.FastSkyLUT:1]]
[2025.08.18-19.16.48:243][  0]LogConfig: Setting CVar [[r.SkyAtmosphere.FastSkyLUT.SampleCountMin:4.0]]
[2025.08.18-19.16.48:243][  0]LogConfig: Setting CVar [[r.SkyAtmosphere.FastSkyLUT.SampleCountMax:128.0]]
[2025.08.18-19.16.48:243][  0]LogConfig: Setting CVar [[r.SkyAtmosphere.SampleCountMin:4.0]]
[2025.08.18-19.16.48:243][  0]LogConfig: Setting CVar [[r.SkyAtmosphere.SampleCountMax:128.0]]
[2025.08.18-19.16.48:243][  0]LogConfig: Setting CVar [[r.SkyAtmosphere.TransmittanceLUT.UseSmallFormat:0]]
[2025.08.18-19.16.48:243][  0]LogConfig: Setting CVar [[r.SkyAtmosphere.TransmittanceLUT.SampleCount:10.0]]
[2025.08.18-19.16.48:243][  0]LogConfig: Setting CVar [[r.SkyAtmosphere.MultiScatteringLUT.SampleCount:15.0]]
[2025.08.18-19.16.48:243][  0]LogConfig: Setting CVar [[r.SkyLight.RealTimeReflectionCapture:1]]
[2025.08.18-19.16.48:243][  0]LogConfig: Applying CVar settings from Section [FoliageQuality@3] File [C:/Users/rafael.anastácio/Documents/GitHub/Sorry/Saved/Config/Windows/Scalability.ini]
[2025.08.18-19.16.48:243][  0]LogConfig: Setting CVar [[foliage.DensityScale:1.0]]
[2025.08.18-19.16.48:243][  0]LogConfig: Setting CVar [[grass.DensityScale:1.0]]
[2025.08.18-19.16.48:243][  0]LogConfig: Applying CVar settings from Section [ShadingQuality@3] File [C:/Users/rafael.anastácio/Documents/GitHub/Sorry/Saved/Config/Windows/Scalability.ini]
[2025.08.18-19.16.48:243][  0]LogConfig: Setting CVar [[r.HairStrands.SkyLighting.IntegrationType:2]]
[2025.08.18-19.16.48:243][  0]LogConfig: Setting CVar [[r.HairStrands.SkyAO.SampleCount:4]]
[2025.08.18-19.16.48:243][  0]LogConfig: Setting CVar [[r.HairStrands.Visibility.MSAA.SamplePerPixel:4]]
[2025.08.18-19.16.48:243][  0]LogConfig: Applying CVar settings from Section [Startup] File [../../../Engine/Config/ConsoleVariables.ini]
[2025.08.18-19.16.48:243][  0]LogConfig: Setting CVar [[net.UseAdaptiveNetUpdateFrequency:0]]
[2025.08.18-19.16.48:243][  0]LogConfig: Setting CVar [[p.chaos.AllowCreatePhysxBodies:1]]
[2025.08.18-19.16.48:243][  0]LogConfig: Setting CVar [[fx.SkipVectorVMBackendOptimizations:1]]
[2025.08.18-19.16.48:243][  0]LogConfig: Applying CVar settings from Section [ConsoleVariables] File [C:/Users/rafael.anastácio/Documents/GitHub/Sorry/Saved/Config/Windows/Engine.ini]
[2025.08.18-19.16.48:243][  0]LogConfig: Applying CVar settings from Section [ConsoleVariables] File [C:/Users/rafael.anastácio/Documents/GitHub/Sorry/Saved/Config/Windows/Editor.ini]
[2025.08.18-19.16.48:243][  0]LogInit: Computer: SGS1-D01
[2025.08.18-19.16.48:243][  0]LogInit: User: rafaelanastácio
[2025.08.18-19.16.48:243][  0]LogInit: CPU Page size=4096, Cores=6
[2025.08.18-19.16.48:243][  0]LogInit: High frequency timer resolution =10.000000 MHz
[2025.08.18-19.16.48:243][  0]LogMemory: Memory total: Physical=15.9GB (16GB approx)
[2025.08.18-19.16.48:243][  0]LogMemory: Platform Memory Stats for Windows
[2025.08.18-19.16.48:243][  0]LogMemory: Process Physical Memory: 148.86 MB used, 148.86 MB peak
[2025.08.18-19.16.48:243][  0]LogMemory: Process Virtual Memory: 131.75 MB used, 131.75 MB peak
[2025.08.18-19.16.48:243][  0]LogMemory: Physical Memory: 8195.24 MB used,  8041.23 MB free, 16236.47 MB total
[2025.08.18-19.16.48:243][  0]LogMemory: Virtual Memory: 134211040.00 MB used,  6685.79 MB free, 134217728.00 MB total
[2025.08.18-19.16.48:248][  0]LogWindows: WindowsPlatformFeatures enabled
[2025.08.18-19.16.48:285][  0]LogInit: Physics initialised using underlying interface: PhysX
[2025.08.18-19.16.48:286][  0]LogInit: Using OS detected language (pt-BR).
[2025.08.18-19.16.48:286][  0]LogInit: Using OS detected locale (pt-BR).
[2025.08.18-19.16.48:308][  0]LogTextLocalizationResource: LocRes '../../../Engine/Content/Localization/Editor/pt/Editor.locres' could not be opened for reading!
[2025.08.18-19.16.48:308][  0]LogTextLocalizationResource: LocRes '../../../Engine/Content/Localization/EditorTutorials/pt/EditorTutorials.locres' could not be opened for reading!
[2025.08.18-19.16.48:308][  0]LogTextLocalizationResource: LocRes '../../../Engine/Content/Localization/Keywords/pt/Keywords.locres' could not be opened for reading!
[2025.08.18-19.16.48:308][  0]LogTextLocalizationResource: LocRes '../../../Engine/Content/Localization/Category/pt/Category.locres' could not be opened for reading!
[2025.08.18-19.16.48:308][  0]LogTextLocalizationResource: LocRes '../../../Engine/Content/Localization/ToolTips/pt/ToolTips.locres' could not be opened for reading!
[2025.08.18-19.16.48:308][  0]LogTextLocalizationResource: LocRes '../../../Engine/Content/Localization/PropertyNames/pt/PropertyNames.locres' could not be opened for reading!
[2025.08.18-19.16.48:308][  0]LogTextLocalizationResource: LocRes '../../../Engine/Content/Localization/Engine/pt/Engine.locres' could not be opened for reading!
[2025.08.18-19.16.48:309][  0]LogTextLocalizationResource: LocRes '../../../Engine/Plugins/Online/OnlineSubsystemUtils/Content/Localization/OnlineSubsystemUtils/pt/OnlineSubsystemUtils.locres' could not be opened for reading!
[2025.08.18-19.16.48:309][  0]LogTextLocalizationResource: LocRes '../../../Engine/Plugins/Online/OnlineSubsystem/Content/Localization/OnlineSubsystem/pt/OnlineSubsystem.locres' could not be opened for reading!
[2025.08.18-19.16.48:309][  0]LogTextLocalizationResource: LocRes '../../../Engine/Plugins/Online/Android/OnlineSubsystemGooglePlay/Content/Localization/OnlineSubsystemGooglePlay/pt/OnlineSubsystemGooglePlay.locres' could not be opened for reading!
[2025.08.18-19.16.48:309][  0]LogTextLocalizationResource: LocRes '../../../Engine/Plugins/Online/IOS/OnlineSubsystemIOS/Content/Localization/OnlineSubsystemIOS/pt/OnlineSubsystemIOS.locres' could not be opened for reading!
[2025.08.18-19.16.48:318][  0]LogInit: Setting process to per monitor DPI aware
[2025.08.18-19.16.48:328][  0]LogWindowsTextInputMethodSystem: Display: IME system deactivated.
[2025.08.18-19.16.48:337][  0]LogSlate: New Slate User Created.  User Index 0, Is Virtual User: 0
[2025.08.18-19.16.48:337][  0]LogSlate: Slate User Registered.  User Index 0, Is Virtual User: 0
[2025.08.18-19.16.48:442][  0]LogD3D11RHI: Loaded GFSDK_Aftermath_Lib.x64.dll
[2025.08.18-19.16.48:444][  0]LogHMD: Failed to initialize OpenVR with code 110
[2025.08.18-19.16.48:444][  0]LogD3D11RHI: D3D11 min allowed feature level: 11_0
[2025.08.18-19.16.48:444][  0]LogD3D11RHI: D3D11 max allowed feature level: 11_0
[2025.08.18-19.16.48:444][  0]LogD3D11RHI: D3D11 adapters:
[2025.08.18-19.16.48:625][  0]LogD3D11RHI:    0. 'NVIDIA GeForce RTX 3050' (Feature Level 11_0)
[2025.08.18-19.16.48:625][  0]LogD3D11RHI:       6002/0/8118 MB DedicatedVideo/DedicatedSystem/SharedSystem, Outputs:1, VendorId:0x10de
[2025.08.18-19.16.48:626][  0]LogD3D11RHI:    1. 'Microsoft Basic Render Driver' (Feature Level 11_0)
[2025.08.18-19.16.48:626][  0]LogD3D11RHI:       0/0/8118 MB DedicatedVideo/DedicatedSystem/SharedSystem, Outputs:0, VendorId:0x1414
[2025.08.18-19.16.48:626][  0]LogD3D11RHI: Chosen D3D11 Adapter:
[2025.08.18-19.16.48:626][  0]LogD3D11RHI:     Description : NVIDIA GeForce RTX 3050
[2025.08.18-19.16.48:626][  0]LogD3D11RHI:     VendorId    : 10de
[2025.08.18-19.16.48:626][  0]LogD3D11RHI:     DeviceId    : 2584
[2025.08.18-19.16.48:626][  0]LogD3D11RHI:     SubSysId    : 41691458
[2025.08.18-19.16.48:626][  0]LogD3D11RHI:     Revision    : 00a1
[2025.08.18-19.16.48:626][  0]LogD3D11RHI:     DedicatedVideoMemory : 6293553152 bytes
[2025.08.18-19.16.48:626][  0]LogD3D11RHI:     DedicatedSystemMemory : 0 bytes
[2025.08.18-19.16.48:627][  0]LogD3D11RHI:     SharedSystemMemory : 8512585728 bytes
[2025.08.18-19.16.48:627][  0]LogD3D11RHI:     AdapterLuid : 0 47431
[2025.08.18-19.16.48:632][  0]LogD3D11RHI: Creating new Direct3DDevice
[2025.08.18-19.16.48:632][  0]LogD3D11RHI:     GPU DeviceId: 0x2584 (for the marketing name, search the web for "GPU Device Id")
[2025.08.18-19.16.48:632][  0]LogWindows: EnumDisplayDevices:
[2025.08.18-19.16.48:632][  0]LogWindows:    0. 'NVIDIA GeForce RTX 3050' (P:1 D:1)
[2025.08.18-19.16.48:632][  0]LogWindows:    1. 'NVIDIA GeForce RTX 3050' (P:0 D:0)
[2025.08.18-19.16.48:632][  0]LogWindows:    2. 'NVIDIA GeForce RTX 3050' (P:0 D:0)
[2025.08.18-19.16.48:633][  0]LogWindows:    3. 'NVIDIA GeForce RTX 3050' (P:0 D:0)
[2025.08.18-19.16.48:633][  0]LogWindows: DebugString: FoundDriverCount:4 
[2025.08.18-19.16.48:633][  0]LogD3D11RHI:     Adapter Name: NVIDIA GeForce RTX 3050
[2025.08.18-19.16.48:633][  0]LogD3D11RHI:   Driver Version: 577.00 (internal:32.0.15.7700, unified:577.00)
[2025.08.18-19.16.48:633][  0]LogD3D11RHI:      Driver Date: 7-14-2025
[2025.08.18-19.16.48:633][  0]LogRHI: Texture pool is 4201 MB (70% of 6002 MB)
[2025.08.18-19.16.48:633][  0]LogD3D11RHI: Creating D3DDevice using adapter:
[2025.08.18-19.16.48:633][  0]LogD3D11RHI:     Description : NVIDIA GeForce RTX 3050
[2025.08.18-19.16.48:633][  0]LogD3D11RHI:     VendorId    : 10de
[2025.08.18-19.16.48:633][  0]LogD3D11RHI:     DeviceId    : 2584
[2025.08.18-19.16.48:633][  0]LogD3D11RHI:     SubSysId    : 41691458
[2025.08.18-19.16.48:633][  0]LogD3D11RHI:     Revision    : 00a1
[2025.08.18-19.16.48:633][  0]LogD3D11RHI:     DedicatedVideoMemory : 6293553152 bytes
[2025.08.18-19.16.48:633][  0]LogD3D11RHI:     DedicatedSystemMemory : 0 bytes
[2025.08.18-19.16.48:633][  0]LogD3D11RHI:     SharedSystemMemory : 8512585728 bytes
[2025.08.18-19.16.48:633][  0]LogD3D11RHI:     AdapterLuid : 0 47431
[2025.08.18-19.16.48:773][  0]LogD3D11RHI: RHI has support for 64 bit atomics
[2025.08.18-19.16.48:774][  0]LogD3D11RHI: Async texture creation enabled
[2025.08.18-19.16.48:774][  0]LogD3D11RHI: Array index from any shader is supported
[2025.08.18-19.16.48:792][  0]LogD3D11RHI: GPU Timing Frequency: 1000.000000 (Debug: 2 2)
[2025.08.18-19.16.48:828][  0]LogRHI: GeForceNow SDK initialized: 1
[2025.08.18-19.16.49:070][  0]LogTargetPlatformManager: Display: Loaded TargetPlatform 'AllDesktop'
[2025.08.18-19.16.49:088][  0]LogTargetPlatformManager: Display: Loaded TargetPlatform 'Android'
[2025.08.18-19.16.49:088][  0]LogTargetPlatformManager: Display: Loaded TargetPlatform 'Android_ASTC'
[2025.08.18-19.16.49:088][  0]LogTargetPlatformManager: Display: Loaded TargetPlatform 'Android_DXT'
[2025.08.18-19.16.49:088][  0]LogTargetPlatformManager: Display: Loaded TargetPlatform 'Android_ETC2'
[2025.08.18-19.16.49:088][  0]LogTargetPlatformManager: Display: Loaded TargetPlatform 'AndroidClient'
[2025.08.18-19.16.49:088][  0]LogTargetPlatformManager: Display: Loaded TargetPlatform 'Android_ASTCClient'
[2025.08.18-19.16.49:088][  0]LogTargetPlatformManager: Display: Loaded TargetPlatform 'Android_DXTClient'
[2025.08.18-19.16.49:088][  0]LogTargetPlatformManager: Display: Loaded TargetPlatform 'Android_ETC2Client'
[2025.08.18-19.16.49:088][  0]LogTargetPlatformManager: Display: Loaded TargetPlatform 'Android_Multi'
[2025.08.18-19.16.49:088][  0]LogTargetPlatformManager: Display: Loaded TargetPlatform 'Android_MultiClient'
[2025.08.18-19.16.49:102][  0]LogTargetPlatformManager: Display: Loaded TargetPlatform 'IOSClient'
[2025.08.18-19.16.49:102][  0]LogTargetPlatformManager: Display: Loaded TargetPlatform 'IOS'
[2025.08.18-19.16.49:109][  0]LogTargetPlatformManager: Display: Loaded TargetPlatform 'Linux'
[2025.08.18-19.16.49:114][  0]LogTargetPlatformManager: Display: Loaded TargetPlatform 'LinuxNoEditor'
[2025.08.18-19.16.49:118][  0]LogTargetPlatformManager: Display: Loaded TargetPlatform 'LinuxClient'
[2025.08.18-19.16.49:122][  0]LogTargetPlatformManager: Display: Loaded TargetPlatform 'LinuxServer'
[2025.08.18-19.16.49:129][  0]LogTargetPlatformManager: Display: Loaded TargetPlatform 'LinuxAArch64NoEditor'
[2025.08.18-19.16.49:133][  0]LogTargetPlatformManager: Display: Loaded TargetPlatform 'LinuxAArch64Client'
[2025.08.18-19.16.49:137][  0]LogTargetPlatformManager: Display: Loaded TargetPlatform 'LinuxAArch64Server'
[2025.08.18-19.16.49:157][  0]LogTargetPlatformManager: Display: Loaded TargetPlatform 'Lumin'
[2025.08.18-19.16.49:157][  0]LogTargetPlatformManager: Display: Loaded TargetPlatform 'LuminClient'
[2025.08.18-19.16.49:164][  0]LogTargetPlatformManager: Display: Loaded TargetPlatform 'MacNoEditor'
[2025.08.18-19.16.49:167][  0]LogTargetPlatformManager: Display: Loaded TargetPlatform 'Mac'
[2025.08.18-19.16.49:171][  0]LogTargetPlatformManager: Display: Loaded TargetPlatform 'MacClient'
[2025.08.18-19.16.49:174][  0]LogTargetPlatformManager: Display: Loaded TargetPlatform 'MacServer'
[2025.08.18-19.16.49:182][  0]LogTargetPlatformManager: Display: Loaded TargetPlatform 'TVOSClient'
[2025.08.18-19.16.49:182][  0]LogTargetPlatformManager: Display: Loaded TargetPlatform 'TVOS'
[2025.08.18-19.16.49:190][  0]LogTargetPlatformManager: Display: Loaded TargetPlatform 'WindowsNoEditor'
[2025.08.18-19.16.49:193][  0]LogTargetPlatformManager: Display: Loaded TargetPlatform 'Windows'
[2025.08.18-19.16.49:197][  0]LogTargetPlatformManager: Display: Loaded TargetPlatform 'WindowsClient'
[2025.08.18-19.16.49:201][  0]LogTargetPlatformManager: Display: Loaded TargetPlatform 'WindowsServer'
[2025.08.18-19.16.49:201][  0]LogTargetPlatformManager: Display: Building Assets For Windows
[2025.08.18-19.16.49:206][  0]LogAudioDebug: Display: Lib vorbis DLL was dynamically loaded.
[2025.08.18-19.16.49:231][  0]LogTextureFormatOodle: Display: Oodle Texture 2.9.0 init RDO Off
[2025.08.18-19.16.49:256][  0]LogRendererCore: Ray tracing is disabled. Reason: r.RayTracing=0.
[2025.08.18-19.16.49:256][  0]LogShaderCompilers: Guid format shader working directory is -7 characters bigger than the processId version (../../../../../../Users/rafael.anastácio/Documents/GitHub/Sorry/Intermediate/Shaders/WorkingDirectory/16972/).
[2025.08.18-19.16.49:257][  0]LogShaderCompilers: Cleaned the shader compiler working directory 'C:/Users/rafael.anastácio/AppData/Local/Temp/UnrealShaderWorkingDir/F6FC952247BE580157DA21A900A851A5/'.
[2025.08.18-19.16.49:257][  0]LogXGEController: Cannot use XGE Controller as Incredibuild is not installed on this machine.
[2025.08.18-19.16.49:257][  0]LogShaderCompilers: Cannot use XGE Shader Compiler as Incredibuild is not installed on this machine.
[2025.08.18-19.16.49:257][  0]LogShaderCompilers: Display: Using Local Shader Compiler.
[2025.08.18-19.16.49:940][  0]LogDerivedDataCache: Display: Max Cache Size: 512 MB
[2025.08.18-19.16.49:996][  0]LogDerivedDataCache: Loaded boot cache 0.06s 94MB C:/Users/rafael.anastácio/AppData/Local/UnrealEngine/4.27/DerivedDataCache/Boot.ddc.
[2025.08.18-19.16.49:996][  0]LogDerivedDataCache: Display: Loaded Boot cache: C:/Users/rafael.anastácio/AppData/Local/UnrealEngine/4.27/DerivedDataCache/Boot.ddc
[2025.08.18-19.16.49:996][  0]LogDerivedDataCache: FDerivedDataBackendGraph:  Pak pak cache file ../../../../../../Users/rafael.anastácio/Documents/GitHub/Sorry/DerivedDataCache/DDC.ddp not found, will not use a pak cache.
[2025.08.18-19.16.49:996][  0]LogDerivedDataCache: Unable to find inner node Pak for hierarchical cache Hierarchy.
[2025.08.18-19.16.49:996][  0]LogDerivedDataCache: FDerivedDataBackendGraph:  CompressedPak pak cache file ../../../../../../Users/rafael.anastácio/Documents/GitHub/Sorry/DerivedDataCache/Compressed.ddp not found, will not use a pak cache.
[2025.08.18-19.16.49:996][  0]LogDerivedDataCache: Unable to find inner node CompressedPak for hierarchical cache Hierarchy.
[2025.08.18-19.16.50:012][  0]LogDerivedDataCache: Display: Pak cache opened for reading ../../../Engine/DerivedDataCache/Compressed.ddp.
[2025.08.18-19.16.50:012][  0]LogDerivedDataCache: FDerivedDataBackendGraph:  EnterprisePak pak cache file ../../../Enterprise/DerivedDataCache/Compressed.ddp not found, will not use a pak cache.
[2025.08.18-19.16.50:012][  0]LogDerivedDataCache: Unable to find inner node EnterprisePak for hierarchical cache Hierarchy.
[2025.08.18-19.16.50:018][  0]LogDerivedDataCache: Speed tests for C:/Users/rafael.anastácio/AppData/Local/UnrealEngine/Common/DerivedDataCache took 0.01 seconds
[2025.08.18-19.16.50:018][  0]LogDerivedDataCache: Display: Performance to C:/Users/rafael.anastácio/AppData/Local/UnrealEngine/Common/DerivedDataCache: Latency=0.02ms. RandomReadSpeed=1307.39MBs, RandomWriteSpeed=184.79MBs. Assigned SpeedClass 'Local'
[2025.08.18-19.16.50:020][  0]LogDerivedDataCache: Using Local data cache path C:/Users/rafael.anastácio/AppData/Local/UnrealEngine/Common/DerivedDataCache: Writable
[2025.08.18-19.16.50:020][  0]LogDerivedDataCache: Shared data cache path not found in *engine.ini, will not use an Shared cache.
[2025.08.18-19.16.50:020][  0]LogDerivedDataCache: Unable to find inner node Shared for hierarchical cache Hierarchy.
[2025.08.18-19.16.50:068][  0]LogSlate: Using FreeType 2.10.0
[2025.08.18-19.16.50:068][  0]LogSlate: SlateFontServices - WITH_FREETYPE: 1, WITH_HARFBUZZ: 1
[2025.08.18-19.16.50:088][  0]LogAssetRegistry: FAssetRegistry took 0.0023 seconds to start up
[2025.08.18-19.16.50:299][  0]LogInit: Selected Device Profile: [Windows]
[2025.08.18-19.16.50:299][  0]LogInit: Active device profile: [000001BEAEDE4700][000001BEAF39E240 49] Windows
[2025.08.18-19.16.50:299][  0]LogInit: Profiles: [000001BEAEDE4700][000001BEAF39E240 49] Windows, [000001BEAED9F700][000001BEAF4383C0 49] WindowsNoEditor, [000001BEAEDE7300][000001BEAF50A540 49] WindowsServer, [000001BEAED9CF00][000001BEAF5366C0 49] WindowsClient, [000001BEAEDE7500][000001BEAF3A2800 49] IOS, [000001BEAED93F00][000001BEAF53A940 49] iPadAir, [000001BEAED9FB00][000001BEAF53EA80 49] iPadAir2, [000001BEAEAE0500][000001BEAF552D00 49] IPadPro, [000001BEAEAE0600][000001BEAF546D40 49] iPadAir3, [000001BEAED90100][000001BEAF55AEC0 49] iPadAir4, [000001BEAEAE2C00][000001BEAF949040 49] iPadMini2, [000001BEAED92500][000001BEAF94D1C0 49] iPadMini3, [000001BEAEAE3400][000001BEAF955340 49] iPadMini4, [000001BEAED90F00][000001BEAF9654C0 49] iPadMini5, [000001BEAEAC3E00][000001BEAF27D780 49] iPhone6, [000001BEAEAC3F00][000001BEAF26D7C0 49] iPodTouch6, [000001BEAEDE7900][000001BEAF285A80 49] iPhone7, [000001BEAEDE6100][000001BEAF281AC0 49] iPodTouch7, [000001BEAEAC0400][000001BEAF3EC0C0 49] iPhone5S, [000001BEAEAE3D00][000001BEAF410240 49] iPhone6Plus, [000001BEAEDE7400][000001BEAF4143C0 49] iPhone6S, [000001BEAEAE2000][000001BEAF418540 49] iPhone6SPlus, [000001BEAEDE4900][000001BEAF41C6C0 49] iPhone7Plus, [000001BEAEAE0E00][000001BEAF420840 49] iPhoneSE, [000001BEAEDE4200][000001BEAF54E980 49] iPhone8, [000001BEAEAE2400][000001BEABC2CAC0 49] iPhone8Plus, [000001BEAEDE5E00][000001BEAF424C00 49] iPhoneX, [000001BEAEAE3E00][000001BEAF428D40 49] iPhoneXS, [000001BEAEDE5600][000001BEAF4AAEC0 49] iPhoneXSMax, [000001BEAEAE2500][000001BEAF4AF040 49] iPhoneXR, [000001BEAEDE6A00][000001BEAF4B71C0 49] iPhone11, [000001BEAEAE3A00][000001BEAF4BB340 49] iPhone11Pro, [000001BEAEDE4F00][000001BEAF4BF4C0 49] iPhone11ProMax, [000001BEAEAE2300][000001BEAF4C3640 49] iPhoneSE2, [000001BEAEDE6700][000001BEAF7897C0 49] iPhone12Mini, [000001BEAEAE0700][000001BEAF78D940 49] iPhone12, [000001BEAEDE7100][000001BEAF791AC0 49] iPhone12Pro, [000001BEAEAE3500][000001BEAF79E0C0 49] iPhone12ProMax, [000001BEAEDE4800][000001BEAF7A2240 49] iPadPro105, [000001BEAEAE1C00][000001BEAF7A63C0 49] iPadPro129, [000001BEAEDE4300][000001BEAF7AA540 49] iPadPro97, [000001BEAEAE1D00][000001BEAF7AE6C0 49] iPadPro2_129, [000001BEAEDE4C00][000001BEAF7B2840 49] iPad5, [000001BEAEAE3000][000001BEAF3B29C0 49] iPad6, [000001BEAEDE6C00][000001BEAF3B6B40 49] iPad7, [000001BEAEAE2E00][000001BEAF42CC80 49] iPad8, [000001BEAEDE5800][000001BEAF3BADC0 49] iPadPro11, [000001BEAEAE1B00][000001BEAF83AF00 49] iPadPro2_11, [000001BEAEDE5500][000001BEAF84B080 49] iPadPro3_129, [000001BEAEAE2700][000001BEABBB5200 49] iPadPro4_129, [000001BEAEDE4100][000001BEABBB9380 49] AppleTV, [000001BEAEAE2B00][000001BEABBBD500 49] AppleTV4K, [000001BEAEDE5B00][000001BEABBC5680 49] TVOS, [000001BEAEAE0900][000001BEABBC9800 49] Mac, [000001BEAEDE5700][000001BEAFD7D980 49] MacClient, [000001BEAEAE2F00][000001BEAF43DB00 49] MacNoEditor, [000001BEAEDE4D00][000001BEAF440100 49] MacServer, [000001BEAEAE0300][000001BEAF444280 49] Linux, [000001BEAEDE6E00][000001BEAF3F0400 49] LinuxAArch64, [000001BEAEAE1500][000001BEAF3F4580 49] LinuxNoEditor, [000001BEAEDE6400][000001BEAF3F8700 49] LinuxAArch64NoEditor, [000001BEAEAE0200][000001BEABBC0880 49] LinuxClient, [000001BEAEDE6D00][000001BEABBCCA00 49] LinuxAArch64Client, [000001BEAEAE0C00][000001BEAF408B80 49] LinuxServer, [000001BEAEDE4400][000001BEAF40CD00 49] LinuxAArch64Server, [000001BEAEAE1000][000001BEAF846E40 49] Android, [000001BEAED93900][000001BEAF706F80 49] Android_Low, [000001BEAEAC1B00][000001BEAF4B30C0 49] Android_Mid, [000001BEAED93000][000001BEAF959240 49] Android_High, [000001BEAEAC2300][000001BEAF70B3C0 49] Android_Default, [000001BEAED92000][000001BEAF49B540 49] Android_Adreno4xx, [000001BEAEAC0100][000001BEAF49F6C0 49] Android_Adreno5xx_Low, [000001BEAED90B00][000001BEAF4A3840 49] Android_Adreno5xx, [000001BEAEAC1800][000001BEAF4A79C0 49] Android_Adreno6xx, [000001BEAED91100][000001BEAF21DB40 49] Android_Adreno6xx_Vulkan, [000001BEAEAC0800][000001BEAF220140 49] Android_Mali_T6xx, [000001BEAED93600][000001BEAF2242C0 49] Android_Mali_T7xx, [000001BEAEAC0D00][000001BEAF228440 49] Android_Mali_T8xx, [000001BEAED93C00][000001BEAF22C5C0 49] Android_Mali_G71, [000001BEAEAC1500][000001BEAF230740 49] Android_Mali_G72, [000001BEAED93E00][000001BEAF2348C0 49] Android_Mali_G72_Vulkan, [000001BEAEAC3D00][000001BEAF238A40 49] Android_Mali_G76, [000001BEAED93A00][000001BEAF23CBC0 49] Android_Mali_G76_Vulkan, [000001BEAEAC3600][000001BEAF240D40 49] Android_Mali_G77, [000001BEAED92200][000001BEAF7B6EC0 49] Android_Mali_G77_Vulkan, [000001BEAEAC1200][000001BEAF951000 49] Android_Mali_G78, [000001BEAED90A00][000001BEAF7BB140 49] Android_Mali_G78_Vulkan, [000001BEAEAC3000][000001BEAF7BF280 49] Android_Mali_G710, [000001BEAED91400][000001BEAF7C33C0 49] Android_Mali_G710_Vulkan, [000001BEAEAC0700][000001BEAF7CB540 49] Android_Vulkan_SM5, [000001BEAED91800][000001BEAF7CF6C0 49] Android_PowerVR_G6xxx, [000001BEAEAC0E00][000001BEAF7D3840 49] Android_PowerVR_GT7xxx, [000001BEAED90200][000001BEAF7D79C0 49] Android_PowerVR_GE8xxx, [000001BEAEAC0600][000001BEAF7DBB40 49] Android_PowerVR_GM9xxx, [000001BEAED92600][000001BEAF7DE140 49] Android_PowerVR_GM9xxx_Vulkan, [000001BEAEAE0F00][000001BEAF7E22C0 49] Android_TegraK1, [000001BEAED92A00][000001BEAF7E6440 49] Android_Unknown_Vulkan, [000001BEAEAE0D00][000001BEAF7EA5C0 49] Lumin, [000001BEAED91200][000001BEAF7EE740 49] Lumin_Desktop, [000001BEAEAE0B00][000001BEAF7F28C0 49] HoloLens, 
[2025.08.18-19.16.50:422][  0]LogMeshReduction: Using QuadricMeshReduction for automatic static mesh reduction
[2025.08.18-19.16.50:422][  0]LogMeshReduction: Using SimplygonMeshReduction for automatic skeletal mesh reduction
[2025.08.18-19.16.50:422][  0]LogMeshReduction: Using ProxyLODMeshReduction for automatic mesh merging
[2025.08.18-19.16.50:422][  0]LogMeshReduction: No distributed automatic mesh merging module available
[2025.08.18-19.16.50:422][  0]LogMeshMerging: No distributed automatic mesh merging module available
[2025.08.18-19.16.50:434][  0]LogNetVersion: Sorry 1.0.0, NetCL: 17155196, EngineNetVer: 17, GameNetVer: 0 (Checksum: 3363201869)
[2025.08.18-19.16.50:792][  0]LogTexture: Default maximum texture size for cubemaps generated from long-lat sources has been changed from 512 to unlimited. In order to preserve old behaiour for '/Engine/MapTemplates/Sky/DaylightAmbientCubemap.DaylightAmbientCubemap', its maximum texture size has been explicitly set to 512.
[2025.08.18-19.16.50:843][  0]LogHMD: PokeAHoleMaterial loaded successfully
[2025.08.18-19.16.50:849][  0]LogUObjectArray: 17178 objects as part of root set at end of initial load.
[2025.08.18-19.16.50:849][  0]LogUObjectAllocator: 4302048 out of 0 bytes used by permanent object pool.
[2025.08.18-19.16.50:849][  0]LogUObjectArray: CloseDisregardForGC: 0/0 objects in disregard for GC pool
[2025.08.18-19.16.51:066][  0]LogNiagaraDebuggerClient: Niagara Debugger Client Initialized | Session: 820D13094645478542E2ACAB8443D7BF | Instance: 39D53C3E436A019F819FA6979BB0A68C (SGS1-D01-16972).
[2025.08.18-19.16.51:190][  0]LogPython: Using Python 3.7.7
[2025.08.18-19.16.51:693][  0]LogTcpMessaging: Initializing TcpMessaging bridge
[2025.08.18-19.16.51:697][  0]LogUdpMessaging: Initializing bridge on interface 0.0.0.0:0 to multicast group 230.0.0.1:6666.
[2025.08.18-19.16.51:815][  0]SourceControl: Controle de origem desativado
[2025.08.18-19.16.51:815][  0]SourceControl: Controle de origem desativado
[2025.08.18-19.16.51:821][  0]SourceControl: Controle de origem desativado
[2025.08.18-19.16.51:824][  0]SourceControl: Controle de origem desativado
[2025.08.18-19.16.51:828][  0]SourceControl: Controle de origem desativado
[2025.08.18-19.16.51:834][  0]LogUProjectInfo: Found projects:
[2025.08.18-19.16.52:008][  0]LogOpenImageDenoise: OIDN starting up
[2025.08.18-19.16.52:043][  0]LogAndroidPermission: UAndroidPermissionCallbackProxy::GetInstance
[2025.08.18-19.16.52:057][  0]LogAudioCaptureCore: Display: No Audio Capture implementations found. Audio input will be silent.
[2025.08.18-19.16.52:057][  0]LogAudioCaptureCore: Display: No Audio Capture implementations found. Audio input will be silent.
[2025.08.18-19.16.52:160][  0]LogCollectionManager: Loaded 0 collections in 0.001300 seconds
[2025.08.18-19.16.52:180][  0]LogFileCache: Scanning file cache for directory 'C:/Users/rafael.anastácio/Documents/GitHub/Sorry/Saved/Collections/' took 0.00s
[2025.08.18-19.16.52:180][  0]LogFileCache: Scanning file cache for directory 'C:/Users/rafael.anastácio/Documents/GitHub/Sorry/Content/Developers/rafaelanastácio/Collections/' took 0.00s
[2025.08.18-19.16.52:180][  0]LogFileCache: Scanning file cache for directory 'C:/Users/rafael.anastácio/Documents/GitHub/Sorry/Content/Collections/' took 0.00s
[2025.08.18-19.16.52:180][  0]LogOcInput: OculusInput pre-init called
[2025.08.18-19.16.52:391][  0]LogEngine: Initializing Engine...
[2025.08.18-19.16.52:456][  0]LogHMD: Failed to enumerate extensions. Please check that you have a valid OpenXR runtime installed.
[2025.08.18-19.16.52:456][  0]LogHMD: Failed to initialize OpenVR with code 110
[2025.08.18-19.16.52:456][  0]LogMagicLeap: Warning: VR disabled because ZI is not enabled.  To enable, in the editor, Edit -> Project Settings -> Plugins -> Magic Leap Plugin -> Enable Zero Iteration
[2025.08.18-19.16.52:457][  0]LogStats: UGameplayTagsManager::InitializeManager -  0.000 s
[2025.08.18-19.16.52:565][  0]LogInit: Initializing FReadOnlyCVARCache
[2025.08.18-19.16.52:572][  0]LogAIModule: Creating AISystem for world Untitled
[2025.08.18-19.16.52:582][  0]LogAudio: Display: Initializing Audio Device Manager...
[2025.08.18-19.16.52:585][  0]LogAudio: Display: Loading Default Audio Settings Objects...
[2025.08.18-19.16.52:585][  0]LogAudio: Display: No default SoundConcurrencyObject specified (or failed to load).
[2025.08.18-19.16.52:585][  0]LogAudio: Display: Audio Device Manager Initialized
[2025.08.18-19.16.52:586][  0]LogAudio: Display: Creating Audio Device:                 Id: 1, Scope: Shared, Realtime: True
[2025.08.18-19.16.52:586][  0]LogAudioMixer: Display: Audio Mixer Platform Settings:
[2025.08.18-19.16.52:586][  0]LogAudioMixer: Display: 	Sample Rate:						  48000
[2025.08.18-19.16.52:586][  0]LogAudioMixer: Display: 	Callback Buffer Frame Size Requested: 1024
[2025.08.18-19.16.52:586][  0]LogAudioMixer: Display: 	Callback Buffer Frame Size To Use:	  1024
[2025.08.18-19.16.52:586][  0]LogAudioMixer: Display: 	Number of buffers to queue:			  2
[2025.08.18-19.16.52:586][  0]LogAudioMixer: Display: 	Max Channels (voices):				  32
[2025.08.18-19.16.52:586][  0]LogAudioMixer: Display: 	Number of Async Source Workers:		  0
[2025.08.18-19.16.52:586][  0]LogAudio: Display: AudioDevice MaxSources: 32
[2025.08.18-19.16.52:586][  0]LogAudio: Display: Audio Spatialization Plugin: None (built-in).
[2025.08.18-19.16.52:586][  0]LogAudio: Display: Audio Reverb Plugin: None (built-in).
[2025.08.18-19.16.52:586][  0]LogAudio: Display: Audio Occlusion Plugin: None (built-in).
[2025.08.18-19.16.52:586][  0]LogAudioMixer: Display: Initializing audio mixer.
[2025.08.18-19.16.52:599][  0]LogAudioMixer: Display: 0: FrontLeft
[2025.08.18-19.16.52:599][  0]LogAudioMixer: Display: 1: FrontRight
[2025.08.18-19.16.52:613][  0]LogAudioMixer: Display: Using Audio Device 22B1WG5 (NVIDIA High Definition Audio)
[2025.08.18-19.16.52:615][  0]LogAudioMixer: Display: Initializing Sound Submixes...
[2025.08.18-19.16.52:617][  0]LogAudioMixer: Display: Creating Master Submix 'MasterSubmixDefault'
[2025.08.18-19.16.52:617][  0]LogAudioMixer: Display: Creating Master Submix 'MasterReverbSubmixDefault'
[2025.08.18-19.16.52:618][  0]LogAudioMixer: Display: Creating Master Submix 'MasterEQSubmixDefault'
[2025.08.18-19.16.52:618][  0]LogAudioMixer: FMixerPlatformXAudio2::StartAudioStream() called
[2025.08.18-19.16.52:618][  0]LogAudioMixer: Display: Output buffers initialized: Frames=1024, Channels=2, Samples=2048
[2025.08.18-19.16.52:619][  0]LogAudioMixer: Display: Starting AudioMixerPlatformInterface::RunInternal()
[2025.08.18-19.16.52:619][  0]LogAudioMixer: Display: FMixerPlatformXAudio2::SubmitBuffer() called for the first time
[2025.08.18-19.16.52:619][  0]LogInit: FAudioDevice initialized.
[2025.08.18-19.16.52:619][  0]LogAudio: Display: Audio Device (ID: 1) registered with world 'Untitled'.
[2025.08.18-19.16.52:619][  0]LogNetVersion: Set ProjectVersion to 1.0.0.0. Version Checksum will be recalculated on next use.
[2025.08.18-19.16.52:662][  0]LogDerivedDataCache: Saved boot cache 0.04s 94MB C:/Users/rafael.anastácio/AppData/Local/UnrealEngine/4.27/DerivedDataCache/Boot.ddc.
[2025.08.18-19.16.52:662][  0]LogInit: Texture streaming: Enabled
[2025.08.18-19.16.52:672][  0]LogAnalytics: Display: [UEEditor.Rocket.Release] APIServer = https://datarouter.ol.epicgames.com/. AppVersion = 4.27.2-18319896+++UE4+Release-4.27
[2025.08.18-19.16.52:675][  0]LogEngineSessionManager: EngineSessionManager initialized
[2025.08.18-19.16.52:675][  0]LogEditorSessionSummary: Verbose: Initializing EditorSessionSummaryWriter for editor session tracking
[2025.08.18-19.16.52:677][  0]LogEditorSessionSummary: EditorSessionSummaryWriter initialized
[2025.08.18-19.16.52:698][  0]LogInit: Transaction tracking system initialized
[2025.08.18-19.16.52:715][  0]BlueprintLog: New page: Carregar Editor
[2025.08.18-19.16.52:763][  0]LocalizationService: Localization service is disabled
[2025.08.18-19.16.52:781][  0]TimingProfiler: Initialize
[2025.08.18-19.16.52:781][  0]TimingProfiler: OnSessionChanged
[2025.08.18-19.16.52:781][  0]LoadingProfiler: Initialize
[2025.08.18-19.16.52:781][  0]LoadingProfiler: OnSessionChanged
[2025.08.18-19.16.52:781][  0]NetworkingProfiler: Initialize
[2025.08.18-19.16.52:781][  0]NetworkingProfiler: OnSessionChanged
[2025.08.18-19.16.52:781][  0]MemoryProfiler: Initialize
[2025.08.18-19.16.52:782][  0]MemoryProfiler: OnSessionChanged
[2025.08.18-19.16.52:904][  0]LogCook: Display: CookSettings for Memory: MemoryMaxUsedVirtual 0MiB, MemoryMaxUsedPhysical 16384MiB, MemoryMinFreeVirtual 0MiB, MemoryMinFreePhysical 1024MiB
[2025.08.18-19.16.52:904][  0]LogCook: Display: Mobile HDR setting 1
[2025.08.18-19.16.53:054][  0]LogFileCache: Scanning file cache for directory 'C:/Users/rafael.anastácio/Documents/GitHub/Sorry/Content/' took 0.01s
[2025.08.18-19.16.53:212][  0]LogInit: Display: Engine is initialized. Leaving FEngineLoop::Init()
[2025.08.18-19.16.53:214][  0]SourceControl: Controle de origem desativado
[2025.08.18-19.16.53:215][  0]LogUnrealEdMisc: Loading editor; pre map load, took 5.910
[2025.08.18-19.16.53:215][  0]Cmd: MAP LOAD FILE="../../../../../../Users/rafael.anastácio/Documents/GitHub/Sorry/Content/StarterContent/Maps/Minimal_Default.umap" TEMPLATE=0 SHOWPROGRESS=1 FEATURELEVEL=3
[2025.08.18-19.16.53:221][  0]LightingResults: New page: Compilação de Iluminação
[2025.08.18-19.16.53:221][  0]LogWorld: UWorld::CleanupWorld for Untitled, bSessionEnded=true, bCleanupResources=true
[2025.08.18-19.16.53:221][  0]LogSlate: InvalidateAllWidgets triggered.  All widgets were invalidated
[2025.08.18-19.16.53:221][  0]MapCheck: New page: Verificação de Mapa
[2025.08.18-19.16.53:221][  0]LightingResults: New page: Compilação de Iluminação
[2025.08.18-19.16.53:225][  0]LogAudio: Display: Audio Device unregistered from world 'None'.
[2025.08.18-19.16.53:228][  0]LogUObjectHash: Compacting FUObjectHashTables data took   0.73ms
[2025.08.18-19.16.53:546][  0]LogAudio: Display: Audio Device (ID: 1) registered with world 'Minimal_Default'.
[2025.08.18-19.16.53:547][  0]LogAIModule: Creating AISystem for world Minimal_Default
[2025.08.18-19.16.53:559][  0]LogEditorServer: Finished looking for orphan Actors (0.000 secs)
[2025.08.18-19.16.53:565][  0]LogUObjectHash: Compacting FUObjectHashTables data took   0.85ms
[2025.08.18-19.16.53:565][  0]Cmd: MAP CHECKDEP NOCLEARLOG
[2025.08.18-19.16.53:566][  0]MapCheck: Map check complete: 0 Error(s), 0 Warning(s), took 0,111ms to complete.
[2025.08.18-19.16.53:566][  0]LogFileHelpers: Loading map 'Minimal_Default' took 0.352
[2025.08.18-19.16.53:567][  0]LogUnrealEdMisc: Total Editor Startup Time, took 6.263
[2025.08.18-19.16.53:737][  0]LogSlate: Updating window title bar state: overlay mode, drag disabled, window buttons hidden, title bar hidden
[2025.08.18-19.16.53:743][  0]LogSlate: Updating window title bar state: overlay mode, drag disabled, window buttons hidden, title bar hidden
[2025.08.18-19.16.53:749][  0]LogSlate: Updating window title bar state: overlay mode, drag disabled, window buttons hidden, title bar hidden
[2025.08.18-19.16.53:754][  0]LogSlate: Updating window title bar state: overlay mode, drag disabled, window buttons hidden, title bar hidden
[2025.08.18-19.16.53:788][  0]LogNativeClassHierarchy: Verbose: Native class hierarchy populated in 0.0083 seconds. Added 3822 classes and 928 folders.
[2025.08.18-19.16.53:794][  0]LogNativeClassHierarchy: Verbose: Native class hierarchy updated for 'WidgetCarousel' in 0.0003 seconds. Added 0 classes and 0 folders.
[2025.08.18-19.16.53:807][  0]LogPakFile: PakFile PrimaryIndexSize=187
[2025.08.18-19.16.53:807][  0]LogPakFile: PakFile PathHashIndexSize=101
[2025.08.18-19.16.53:807][  0]LogPakFile: PakFile FullDirectoryIndexSize=148
[2025.08.18-19.16.53:807][  0]LogShaderLibrary: Display: ShaderCodeLibraryPakFileMountedCallback: PakFile 'C:/Program Files/Epic Games/UE_4.27/FeaturePacks/FP_FirstPerson.upack' (chunk index -1, root 'root:/') mounted
[2025.08.18-19.16.53:807][  0]LogShaderLibrary: Display: ShaderCodeLibraryPakFileMountedCallback: pending pak file info (ChunkID:-1 Root:root:/ File:C:/Program Files/Epic Games/UE_4.27/FeaturePacks/FP_FirstPerson.upack)
[2025.08.18-19.16.53:807][  0]LogPakFile: OnPakFileMounted2Time == 0.000061
[2025.08.18-19.16.53:818][  0]LogPakFile: PakFile PrimaryIndexSize=189
[2025.08.18-19.16.53:818][  0]LogPakFile: PakFile PathHashIndexSize=101
[2025.08.18-19.16.53:818][  0]LogPakFile: PakFile FullDirectoryIndexSize=152
[2025.08.18-19.16.53:818][  0]LogShaderLibrary: Display: ShaderCodeLibraryPakFileMountedCallback: PakFile 'C:/Program Files/Epic Games/UE_4.27/FeaturePacks/FP_FirstPersonBP.upack' (chunk index -1, root 'root:/') mounted
[2025.08.18-19.16.53:818][  0]LogShaderLibrary: Display: ShaderCodeLibraryPakFileMountedCallback: pending pak file info (ChunkID:-1 Root:root:/ File:C:/Program Files/Epic Games/UE_4.27/FeaturePacks/FP_FirstPersonBP.upack)
[2025.08.18-19.16.53:818][  0]LogPakFile: OnPakFileMounted2Time == 0.000048
[2025.08.18-19.16.53:825][  0]LogPakFile: PakFile PrimaryIndexSize=191
[2025.08.18-19.16.53:825][  0]LogPakFile: PakFile PathHashIndexSize=101
[2025.08.18-19.16.53:825][  0]LogPakFile: PakFile FullDirectoryIndexSize=160
[2025.08.18-19.16.53:825][  0]LogShaderLibrary: Display: ShaderCodeLibraryPakFileMountedCallback: PakFile 'C:/Program Files/Epic Games/UE_4.27/FeaturePacks/MobileStarterContent.upack' (chunk index -1, root 'root:/') mounted
[2025.08.18-19.16.53:825][  0]LogShaderLibrary: Display: ShaderCodeLibraryPakFileMountedCallback: pending pak file info (ChunkID:-1 Root:root:/ File:C:/Program Files/Epic Games/UE_4.27/FeaturePacks/MobileStarterContent.upack)
[2025.08.18-19.16.53:825][  0]LogPakFile: OnPakFileMounted2Time == 0.000040
[2025.08.18-19.16.53:833][  0]LogPakFile: PakFile PrimaryIndexSize=185
[2025.08.18-19.16.53:833][  0]LogPakFile: PakFile PathHashIndexSize=101
[2025.08.18-19.16.53:833][  0]LogPakFile: PakFile FullDirectoryIndexSize=148
[2025.08.18-19.16.53:833][  0]LogShaderLibrary: Display: ShaderCodeLibraryPakFileMountedCallback: PakFile 'C:/Program Files/Epic Games/UE_4.27/FeaturePacks/StarterContent.upack' (chunk index -1, root 'root:/') mounted
[2025.08.18-19.16.53:833][  0]LogShaderLibrary: Display: ShaderCodeLibraryPakFileMountedCallback: pending pak file info (ChunkID:-1 Root:root:/ File:C:/Program Files/Epic Games/UE_4.27/FeaturePacks/StarterContent.upack)
[2025.08.18-19.16.53:833][  0]LogPakFile: OnPakFileMounted2Time == 0.000044
[2025.08.18-19.16.53:840][  0]LogPakFile: PakFile PrimaryIndexSize=190
[2025.08.18-19.16.53:840][  0]LogPakFile: PakFile PathHashIndexSize=101
[2025.08.18-19.16.53:840][  0]LogPakFile: PakFile FullDirectoryIndexSize=154
[2025.08.18-19.16.53:840][  0]LogShaderLibrary: Display: ShaderCodeLibraryPakFileMountedCallback: PakFile 'C:/Program Files/Epic Games/UE_4.27/FeaturePacks/TP_2DSideScroller.upack' (chunk index -1, root 'root:/') mounted
[2025.08.18-19.16.53:840][  0]LogShaderLibrary: Display: ShaderCodeLibraryPakFileMountedCallback: pending pak file info (ChunkID:-1 Root:root:/ File:C:/Program Files/Epic Games/UE_4.27/FeaturePacks/TP_2DSideScroller.upack)
[2025.08.18-19.16.53:840][  0]LogPakFile: OnPakFileMounted2Time == 0.000048
[2025.08.18-19.16.53:847][  0]LogPakFile: PakFile PrimaryIndexSize=192
[2025.08.18-19.16.53:847][  0]LogPakFile: PakFile PathHashIndexSize=101
[2025.08.18-19.16.53:847][  0]LogPakFile: PakFile FullDirectoryIndexSize=158
[2025.08.18-19.16.53:847][  0]LogShaderLibrary: Display: ShaderCodeLibraryPakFileMountedCallback: PakFile 'C:/Program Files/Epic Games/UE_4.27/FeaturePacks/TP_2DSideScrollerBP.upack' (chunk index -1, root 'root:/') mounted
[2025.08.18-19.16.53:847][  0]LogShaderLibrary: Display: ShaderCodeLibraryPakFileMountedCallback: pending pak file info (ChunkID:-1 Root:root:/ File:C:/Program Files/Epic Games/UE_4.27/FeaturePacks/TP_2DSideScrollerBP.upack)
[2025.08.18-19.16.53:847][  0]LogPakFile: OnPakFileMounted2Time == 0.000042
[2025.08.18-19.16.53:853][  0]LogPakFile: PakFile PrimaryIndexSize=182
[2025.08.18-19.16.53:853][  0]LogPakFile: PakFile PathHashIndexSize=101
[2025.08.18-19.16.53:853][  0]LogPakFile: PakFile FullDirectoryIndexSize=138
[2025.08.18-19.16.53:853][  0]LogShaderLibrary: Display: ShaderCodeLibraryPakFileMountedCallback: PakFile 'C:/Program Files/Epic Games/UE_4.27/FeaturePacks/TP_Flying.upack' (chunk index -1, root 'root:/') mounted
[2025.08.18-19.16.53:853][  0]LogShaderLibrary: Display: ShaderCodeLibraryPakFileMountedCallback: pending pak file info (ChunkID:-1 Root:root:/ File:C:/Program Files/Epic Games/UE_4.27/FeaturePacks/TP_Flying.upack)
[2025.08.18-19.16.53:853][  0]LogPakFile: OnPakFileMounted2Time == 0.000040
[2025.08.18-19.16.53:860][  0]LogPakFile: PakFile PrimaryIndexSize=184
[2025.08.18-19.16.53:860][  0]LogPakFile: PakFile PathHashIndexSize=101
[2025.08.18-19.16.53:860][  0]LogPakFile: PakFile FullDirectoryIndexSize=142
[2025.08.18-19.16.53:860][  0]LogShaderLibrary: Display: ShaderCodeLibraryPakFileMountedCallback: PakFile 'C:/Program Files/Epic Games/UE_4.27/FeaturePacks/TP_FlyingBP.upack' (chunk index -1, root 'root:/') mounted
[2025.08.18-19.16.53:861][  0]LogShaderLibrary: Display: ShaderCodeLibraryPakFileMountedCallback: pending pak file info (ChunkID:-1 Root:root:/ File:C:/Program Files/Epic Games/UE_4.27/FeaturePacks/TP_FlyingBP.upack)
[2025.08.18-19.16.53:861][  0]LogPakFile: OnPakFileMounted2Time == 0.000052
[2025.08.18-19.16.53:869][  0]LogPakFile: PakFile PrimaryIndexSize=188
[2025.08.18-19.16.53:869][  0]LogPakFile: PakFile PathHashIndexSize=101
[2025.08.18-19.16.53:869][  0]LogPakFile: PakFile FullDirectoryIndexSize=150
[2025.08.18-19.16.53:869][  0]LogShaderLibrary: Display: ShaderCodeLibraryPakFileMountedCallback: PakFile 'C:/Program Files/Epic Games/UE_4.27/FeaturePacks/TP_HandheldARBP.upack' (chunk index -1, root 'root:/') mounted
[2025.08.18-19.16.53:869][  0]LogShaderLibrary: Display: ShaderCodeLibraryPakFileMountedCallback: pending pak file info (ChunkID:-1 Root:root:/ File:C:/Program Files/Epic Games/UE_4.27/FeaturePacks/TP_HandheldARBP.upack)
[2025.08.18-19.16.53:869][  0]LogPakFile: OnPakFileMounted2Time == 0.000040
[2025.08.18-19.16.53:877][  0]LogPakFile: PakFile PrimaryIndexSize=182
[2025.08.18-19.16.53:877][  0]LogPakFile: PakFile PathHashIndexSize=101
[2025.08.18-19.16.53:877][  0]LogPakFile: PakFile FullDirectoryIndexSize=138
[2025.08.18-19.16.53:877][  0]LogShaderLibrary: Display: ShaderCodeLibraryPakFileMountedCallback: PakFile 'C:/Program Files/Epic Games/UE_4.27/FeaturePacks/TP_Puzzle.upack' (chunk index -1, root 'root:/') mounted
[2025.08.18-19.16.53:877][  0]LogShaderLibrary: Display: ShaderCodeLibraryPakFileMountedCallback: pending pak file info (ChunkID:-1 Root:root:/ File:C:/Program Files/Epic Games/UE_4.27/FeaturePacks/TP_Puzzle.upack)
[2025.08.18-19.16.53:877][  0]LogPakFile: OnPakFileMounted2Time == 0.000040
[2025.08.18-19.16.53:884][  0]LogPakFile: PakFile PrimaryIndexSize=184
[2025.08.18-19.16.53:884][  0]LogPakFile: PakFile PathHashIndexSize=101
[2025.08.18-19.16.53:884][  0]LogPakFile: PakFile FullDirectoryIndexSize=142
[2025.08.18-19.16.53:884][  0]LogShaderLibrary: Display: ShaderCodeLibraryPakFileMountedCallback: PakFile 'C:/Program Files/Epic Games/UE_4.27/FeaturePacks/TP_PuzzleBP.upack' (chunk index -1, root 'root:/') mounted
[2025.08.18-19.16.53:884][  0]LogShaderLibrary: Display: ShaderCodeLibraryPakFileMountedCallback: pending pak file info (ChunkID:-1 Root:root:/ File:C:/Program Files/Epic Games/UE_4.27/FeaturePacks/TP_PuzzleBP.upack)
[2025.08.18-19.16.53:884][  0]LogPakFile: OnPakFileMounted2Time == 0.000046
[2025.08.18-19.16.53:891][  0]LogPakFile: PakFile PrimaryIndexSize=183
[2025.08.18-19.16.53:891][  0]LogPakFile: PakFile PathHashIndexSize=101
[2025.08.18-19.16.53:891][  0]LogPakFile: PakFile FullDirectoryIndexSize=140
[2025.08.18-19.16.53:891][  0]LogShaderLibrary: Display: ShaderCodeLibraryPakFileMountedCallback: PakFile 'C:/Program Files/Epic Games/UE_4.27/FeaturePacks/TP_Rolling.upack' (chunk index -1, root 'root:/') mounted
[2025.08.18-19.16.53:891][  0]LogShaderLibrary: Display: ShaderCodeLibraryPakFileMountedCallback: pending pak file info (ChunkID:-1 Root:root:/ File:C:/Program Files/Epic Games/UE_4.27/FeaturePacks/TP_Rolling.upack)
[2025.08.18-19.16.53:891][  0]LogPakFile: OnPakFileMounted2Time == 0.000037
[2025.08.18-19.16.53:898][  0]LogPakFile: PakFile PrimaryIndexSize=185
[2025.08.18-19.16.53:898][  0]LogPakFile: PakFile PathHashIndexSize=101
[2025.08.18-19.16.53:898][  0]LogPakFile: PakFile FullDirectoryIndexSize=144
[2025.08.18-19.16.53:898][  0]LogShaderLibrary: Display: ShaderCodeLibraryPakFileMountedCallback: PakFile 'C:/Program Files/Epic Games/UE_4.27/FeaturePacks/TP_RollingBP.upack' (chunk index -1, root 'root:/') mounted
[2025.08.18-19.16.53:898][  0]LogShaderLibrary: Display: ShaderCodeLibraryPakFileMountedCallback: pending pak file info (ChunkID:-1 Root:root:/ File:C:/Program Files/Epic Games/UE_4.27/FeaturePacks/TP_RollingBP.upack)
[2025.08.18-19.16.53:898][  0]LogPakFile: OnPakFileMounted2Time == 0.000043
[2025.08.18-19.16.53:905][  0]LogPakFile: PakFile PrimaryIndexSize=188
[2025.08.18-19.16.53:905][  0]LogPakFile: PakFile PathHashIndexSize=101
[2025.08.18-19.16.53:905][  0]LogPakFile: PakFile FullDirectoryIndexSize=150
[2025.08.18-19.16.53:905][  0]LogShaderLibrary: Display: ShaderCodeLibraryPakFileMountedCallback: PakFile 'C:/Program Files/Epic Games/UE_4.27/FeaturePacks/TP_SideScroller.upack' (chunk index -1, root 'root:/') mounted
[2025.08.18-19.16.53:905][  0]LogShaderLibrary: Display: ShaderCodeLibraryPakFileMountedCallback: pending pak file info (ChunkID:-1 Root:root:/ File:C:/Program Files/Epic Games/UE_4.27/FeaturePacks/TP_SideScroller.upack)
[2025.08.18-19.16.53:905][  0]LogPakFile: OnPakFileMounted2Time == 0.000044
[2025.08.18-19.16.53:911][  0]LogPakFile: PakFile PrimaryIndexSize=190
[2025.08.18-19.16.53:911][  0]LogPakFile: PakFile PathHashIndexSize=101
[2025.08.18-19.16.53:911][  0]LogPakFile: PakFile FullDirectoryIndexSize=154
[2025.08.18-19.16.53:911][  0]LogShaderLibrary: Display: ShaderCodeLibraryPakFileMountedCallback: PakFile 'C:/Program Files/Epic Games/UE_4.27/FeaturePacks/TP_SideScrollerBP.upack' (chunk index -1, root 'root:/') mounted
[2025.08.18-19.16.53:911][  0]LogShaderLibrary: Display: ShaderCodeLibraryPakFileMountedCallback: pending pak file info (ChunkID:-1 Root:root:/ File:C:/Program Files/Epic Games/UE_4.27/FeaturePacks/TP_SideScrollerBP.upack)
[2025.08.18-19.16.53:911][  0]LogPakFile: OnPakFileMounted2Time == 0.000043
[2025.08.18-19.16.53:918][  0]LogPakFile: PakFile PrimaryIndexSize=187
[2025.08.18-19.16.53:918][  0]LogPakFile: PakFile PathHashIndexSize=101
[2025.08.18-19.16.53:918][  0]LogPakFile: PakFile FullDirectoryIndexSize=148
[2025.08.18-19.16.53:918][  0]LogShaderLibrary: Display: ShaderCodeLibraryPakFileMountedCallback: PakFile 'C:/Program Files/Epic Games/UE_4.27/FeaturePacks/TP_ThirdPerson.upack' (chunk index -1, root 'root:/') mounted
[2025.08.18-19.16.53:918][  0]LogShaderLibrary: Display: ShaderCodeLibraryPakFileMountedCallback: pending pak file info (ChunkID:-1 Root:root:/ File:C:/Program Files/Epic Games/UE_4.27/FeaturePacks/TP_ThirdPerson.upack)
[2025.08.18-19.16.53:918][  0]LogPakFile: OnPakFileMounted2Time == 0.000040
[2025.08.18-19.16.53:924][  0]LogPakFile: PakFile PrimaryIndexSize=189
[2025.08.18-19.16.53:924][  0]LogPakFile: PakFile PathHashIndexSize=101
[2025.08.18-19.16.53:924][  0]LogPakFile: PakFile FullDirectoryIndexSize=152
[2025.08.18-19.16.53:924][  0]LogShaderLibrary: Display: ShaderCodeLibraryPakFileMountedCallback: PakFile 'C:/Program Files/Epic Games/UE_4.27/FeaturePacks/TP_ThirdPersonBP.upack' (chunk index -1, root 'root:/') mounted
[2025.08.18-19.16.53:924][  0]LogShaderLibrary: Display: ShaderCodeLibraryPakFileMountedCallback: pending pak file info (ChunkID:-1 Root:root:/ File:C:/Program Files/Epic Games/UE_4.27/FeaturePacks/TP_ThirdPersonBP.upack)
[2025.08.18-19.16.53:924][  0]LogPakFile: OnPakFileMounted2Time == 0.000040
[2025.08.18-19.16.53:930][  0]LogPakFile: PakFile PrimaryIndexSize=183
[2025.08.18-19.16.53:930][  0]LogPakFile: PakFile PathHashIndexSize=101
[2025.08.18-19.16.53:930][  0]LogPakFile: PakFile FullDirectoryIndexSize=140
[2025.08.18-19.16.53:930][  0]LogShaderLibrary: Display: ShaderCodeLibraryPakFileMountedCallback: PakFile 'C:/Program Files/Epic Games/UE_4.27/FeaturePacks/TP_TopDown.upack' (chunk index -1, root 'root:/') mounted
[2025.08.18-19.16.53:930][  0]LogShaderLibrary: Display: ShaderCodeLibraryPakFileMountedCallback: pending pak file info (ChunkID:-1 Root:root:/ File:C:/Program Files/Epic Games/UE_4.27/FeaturePacks/TP_TopDown.upack)
[2025.08.18-19.16.53:930][  0]LogPakFile: OnPakFileMounted2Time == 0.000048
[2025.08.18-19.16.53:936][  0]LogPakFile: PakFile PrimaryIndexSize=185
[2025.08.18-19.16.53:936][  0]LogPakFile: PakFile PathHashIndexSize=101
[2025.08.18-19.16.53:936][  0]LogPakFile: PakFile FullDirectoryIndexSize=144
[2025.08.18-19.16.53:936][  0]LogShaderLibrary: Display: ShaderCodeLibraryPakFileMountedCallback: PakFile 'C:/Program Files/Epic Games/UE_4.27/FeaturePacks/TP_TopDownBP.upack' (chunk index -1, root 'root:/') mounted
[2025.08.18-19.16.53:936][  0]LogShaderLibrary: Display: ShaderCodeLibraryPakFileMountedCallback: pending pak file info (ChunkID:-1 Root:root:/ File:C:/Program Files/Epic Games/UE_4.27/FeaturePacks/TP_TopDownBP.upack)
[2025.08.18-19.16.53:936][  0]LogPakFile: OnPakFileMounted2Time == 0.000044
[2025.08.18-19.16.53:946][  0]LogPakFile: PakFile PrimaryIndexSize=185
[2025.08.18-19.16.53:946][  0]LogPakFile: PakFile PathHashIndexSize=101
[2025.08.18-19.16.53:946][  0]LogPakFile: PakFile FullDirectoryIndexSize=144
[2025.08.18-19.16.53:946][  0]LogShaderLibrary: Display: ShaderCodeLibraryPakFileMountedCallback: PakFile 'C:/Program Files/Epic Games/UE_4.27/FeaturePacks/TP_TwinStick.upack' (chunk index -1, root 'root:/') mounted
[2025.08.18-19.16.53:946][  0]LogShaderLibrary: Display: ShaderCodeLibraryPakFileMountedCallback: pending pak file info (ChunkID:-1 Root:root:/ File:C:/Program Files/Epic Games/UE_4.27/FeaturePacks/TP_TwinStick.upack)
[2025.08.18-19.16.53:946][  0]LogPakFile: OnPakFileMounted2Time == 0.000043
[2025.08.18-19.16.53:952][  0]LogPakFile: PakFile PrimaryIndexSize=187
[2025.08.18-19.16.53:952][  0]LogPakFile: PakFile PathHashIndexSize=101
[2025.08.18-19.16.53:952][  0]LogPakFile: PakFile FullDirectoryIndexSize=148
[2025.08.18-19.16.53:952][  0]LogShaderLibrary: Display: ShaderCodeLibraryPakFileMountedCallback: PakFile 'C:/Program Files/Epic Games/UE_4.27/FeaturePacks/TP_TwinStickBP.upack' (chunk index -1, root 'root:/') mounted
[2025.08.18-19.16.53:952][  0]LogShaderLibrary: Display: ShaderCodeLibraryPakFileMountedCallback: pending pak file info (ChunkID:-1 Root:root:/ File:C:/Program Files/Epic Games/UE_4.27/FeaturePacks/TP_TwinStickBP.upack)
[2025.08.18-19.16.53:952][  0]LogPakFile: OnPakFileMounted2Time == 0.000040
[2025.08.18-19.16.53:959][  0]LogPakFile: PakFile PrimaryIndexSize=183
[2025.08.18-19.16.53:960][  0]LogPakFile: PakFile PathHashIndexSize=101
[2025.08.18-19.16.53:960][  0]LogPakFile: PakFile FullDirectoryIndexSize=140
[2025.08.18-19.16.53:960][  0]LogShaderLibrary: Display: ShaderCodeLibraryPakFileMountedCallback: PakFile 'C:/Program Files/Epic Games/UE_4.27/FeaturePacks/TP_Vehicle.upack' (chunk index -1, root 'root:/') mounted
[2025.08.18-19.16.53:960][  0]LogShaderLibrary: Display: ShaderCodeLibraryPakFileMountedCallback: pending pak file info (ChunkID:-1 Root:root:/ File:C:/Program Files/Epic Games/UE_4.27/FeaturePacks/TP_Vehicle.upack)
[2025.08.18-19.16.53:960][  0]LogPakFile: OnPakFileMounted2Time == 0.000060
[2025.08.18-19.16.53:967][  0]LogPakFile: PakFile PrimaryIndexSize=186
[2025.08.18-19.16.53:967][  0]LogPakFile: PakFile PathHashIndexSize=101
[2025.08.18-19.16.53:967][  0]LogPakFile: PakFile FullDirectoryIndexSize=146
[2025.08.18-19.16.53:967][  0]LogShaderLibrary: Display: ShaderCodeLibraryPakFileMountedCallback: PakFile 'C:/Program Files/Epic Games/UE_4.27/FeaturePacks/TP_VehicleAdv.upack' (chunk index -1, root 'root:/') mounted
[2025.08.18-19.16.53:967][  0]LogShaderLibrary: Display: ShaderCodeLibraryPakFileMountedCallback: pending pak file info (ChunkID:-1 Root:root:/ File:C:/Program Files/Epic Games/UE_4.27/FeaturePacks/TP_VehicleAdv.upack)
[2025.08.18-19.16.53:967][  0]LogPakFile: OnPakFileMounted2Time == 0.000043
[2025.08.18-19.16.53:975][  0]LogPakFile: PakFile PrimaryIndexSize=188
[2025.08.18-19.16.53:975][  0]LogPakFile: PakFile PathHashIndexSize=101
[2025.08.18-19.16.53:975][  0]LogPakFile: PakFile FullDirectoryIndexSize=150
[2025.08.18-19.16.53:975][  0]LogShaderLibrary: Display: ShaderCodeLibraryPakFileMountedCallback: PakFile 'C:/Program Files/Epic Games/UE_4.27/FeaturePacks/TP_VehicleAdvBP.upack' (chunk index -1, root 'root:/') mounted
[2025.08.18-19.16.53:975][  0]LogShaderLibrary: Display: ShaderCodeLibraryPakFileMountedCallback: pending pak file info (ChunkID:-1 Root:root:/ File:C:/Program Files/Epic Games/UE_4.27/FeaturePacks/TP_VehicleAdvBP.upack)
[2025.08.18-19.16.53:975][  0]LogPakFile: OnPakFileMounted2Time == 0.000049
[2025.08.18-19.16.53:983][  0]LogPakFile: PakFile PrimaryIndexSize=185
[2025.08.18-19.16.53:983][  0]LogPakFile: PakFile PathHashIndexSize=101
[2025.08.18-19.16.53:983][  0]LogPakFile: PakFile FullDirectoryIndexSize=144
[2025.08.18-19.16.53:983][  0]LogShaderLibrary: Display: ShaderCodeLibraryPakFileMountedCallback: PakFile 'C:/Program Files/Epic Games/UE_4.27/FeaturePacks/TP_VehicleBP.upack' (chunk index -1, root 'root:/') mounted
[2025.08.18-19.16.53:983][  0]LogShaderLibrary: Display: ShaderCodeLibraryPakFileMountedCallback: pending pak file info (ChunkID:-1 Root:root:/ File:C:/Program Files/Epic Games/UE_4.27/FeaturePacks/TP_VehicleBP.upack)
[2025.08.18-19.16.53:983][  0]LogPakFile: OnPakFileMounted2Time == 0.000047
[2025.08.18-19.16.53:990][  0]LogPakFile: PakFile PrimaryIndexSize=192
[2025.08.18-19.16.53:990][  0]LogPakFile: PakFile PathHashIndexSize=101
[2025.08.18-19.16.53:990][  0]LogPakFile: PakFile FullDirectoryIndexSize=158
[2025.08.18-19.16.53:990][  0]LogShaderLibrary: Display: ShaderCodeLibraryPakFileMountedCallback: PakFile 'C:/Program Files/Epic Games/UE_4.27/FeaturePacks/TP_VirtualRealityBP.upack' (chunk index -1, root 'root:/') mounted
[2025.08.18-19.16.53:990][  0]LogShaderLibrary: Display: ShaderCodeLibraryPakFileMountedCallback: pending pak file info (ChunkID:-1 Root:root:/ File:C:/Program Files/Epic Games/UE_4.27/FeaturePacks/TP_VirtualRealityBP.upack)
[2025.08.18-19.16.53:990][  0]LogPakFile: OnPakFileMounted2Time == 0.000042
[2025.08.18-19.16.54:228][  0]LogNativeClassHierarchy: Verbose: Native class hierarchy updated for 'AddContentDialog' in 0.0002 seconds. Added 0 classes and 0 folders.
[2025.08.18-19.16.54:232][  0]LogNativeClassHierarchy: Verbose: Native class hierarchy updated for 'SceneOutliner' in 0.0002 seconds. Added 2 classes and 0 folders.
[2025.08.18-19.16.54:310][  0]LogSlate: Took 0.000109 seconds to synchronously load lazily loaded font '../../../Engine/Content/Slate/Fonts/Roboto-Regular.ttf' (155K)
[2025.08.18-19.16.54:317][  0]LogSlate: Took 0.006664 seconds to synchronously load lazily loaded font '../../../Engine/Content/Editor/Slate/Fonts/FontAwesome.ttf' (139K)
[2025.08.18-19.16.54:318][  0]LogSlate: Took 0.000096 seconds to synchronously load lazily loaded font '../../../Engine/Content/Slate/Fonts/Roboto-Bold.ttf' (160K)
[2025.08.18-19.16.54:474][  0]LogRenderer: Reallocating scene render targets to support 1208x500 Format 10 NumSamples 1 (Frame:1).
[2025.08.18-19.16.54:715][  0]LogNativeClassHierarchy: Verbose: Native class hierarchy updated for 'HierarchicalLODOutliner' in 0.0004 seconds. Added 0 classes and 0 folders.
[2025.08.18-19.16.54:715][  0]LogLoad: (Engine Initialization) Total time: 7.41 seconds
[2025.08.18-19.16.54:715][  0]LogLoad: (Engine Initialization) Total Blueprint compile time: 0.00 seconds
[2025.08.18-19.16.54:754][  0]LogAssetRegistry: Asset discovery search completed in 4.6673 seconds
[2025.08.18-19.16.54:759][  0]LogCollectionManager: Fixed up redirectors for 0 collections in 0.000003 seconds (updated 0 objects)
[2025.08.18-19.16.54:761][  0]LogContentStreaming: Texture pool size now 1000 MB
[2025.08.18-19.16.54:917][  3]LogSlate: Took 0.008514 seconds to synchronously load lazily loaded font '../../../Engine/Content/Slate/Fonts/Roboto-Light.ttf' (167K)
[2025.08.18-19.17.05:370][175]LogUObjectHash: Compacting FUObjectHashTables data took   0.57ms
[2025.08.18-19.17.05:374][175]LogSlate: Took 0.000140 seconds to synchronously load lazily loaded font '../../../Engine/Content/Slate/Fonts/Roboto-Light.ttf' (167K)
[2025.08.18-19.17.05:512][175]LogAssetEditorSubsystem: Opening Asset editor for World /Game/Cenas/Rafael.Rafael
[2025.08.18-19.17.05:513][175]Cmd: MAP LOAD FILE="../../../../../../Users/rafael.anastácio/Documents/GitHub/Sorry/Content/Cenas/Rafael.umap" TEMPLATE=0 SHOWPROGRESS=1 FEATURELEVEL=3
[2025.08.18-19.17.05:513][175]LightingResults: New page: Compilação de Iluminação
[2025.08.18-19.17.05:513][175]LoadErrors: New page: Carregando mapa: Rafael.umap
[2025.08.18-19.17.05:515][175]LogWorld: UWorld::CleanupWorld for Minimal_Default, bSessionEnded=true, bCleanupResources=true
[2025.08.18-19.17.05:515][175]LogSlate: InvalidateAllWidgets triggered.  All widgets were invalidated
[2025.08.18-19.17.05:515][175]MapCheck: New page: Verificação de Mapa
[2025.08.18-19.17.05:515][175]LightingResults: New page: Compilação de Iluminação
[2025.08.18-19.17.05:519][175]LogAudio: Display: Audio Device unregistered from world 'None'.
[2025.08.18-19.17.05:521][175]LogUObjectHash: Compacting FUObjectHashTables data took   0.71ms
[2025.08.18-19.17.05:521][175]LogAudio: Display: Audio Device (ID: 1) registered with world 'Rafael'.
[2025.08.18-19.17.05:528][175]LogEditorServer: Finished looking for orphan Actors (0.000 secs)
[2025.08.18-19.17.05:528][175]LogAIModule: Creating AISystem for world Rafael
[2025.08.18-19.17.05:535][175]LogUObjectHash: Compacting FUObjectHashTables data took   0.55ms
[2025.08.18-19.17.05:545][175]Cmd: MAP CHECKDEP NOCLEARLOG
[2025.08.18-19.17.05:546][175]MapCheck: Map check complete: 0 Error(s), 0 Warning(s), took 0,103ms to complete.
[2025.08.18-19.17.05:546][175]LogFileHelpers: Loading map 'Rafael' took 0.033
[2025.08.18-19.49.06:994][578]Cmd: DELETE
[2025.08.18-19.49.06:994][578]Cmd: ACTOR DELETE
[2025.08.18-19.49.06:998][578]LogEditorActor: Deleted Actor: TextRenderActor
[2025.08.18-19.49.07:003][578]LogUObjectHash: Compacting FUObjectHashTables data took   0.75ms
[2025.08.18-19.49.07:004][578]LogEditorActor: Deleted 1 Actors (0.008 secs)
[2025.08.18-19.49.09:779][899]Cmd: OBJ SAVEPACKAGE PACKAGE="/Game/Cenas/Rafael" FILE="../../../../../../Users/rafael.anastácio/Documents/GitHub/Sorry/Content/Cenas/Rafael.umap" SILENT=true AUTOSAVING=false KEEPDIRTY=false
[2025.08.18-19.49.09:784][899]LogUObjectHash: Compacting FUObjectHashTables data took   0.23ms
[2025.08.18-19.49.09:796][899]LogSavePackage: Moving '../../../../../../Users/rafael.anastácio/Documents/GitHub/Sorry/Saved/RafaelB21C3637481949CA8654CA8960C30A8A.tmp' to '../../../../../../Users/rafael.anastácio/Documents/GitHub/Sorry/Content/Cenas/Rafael.umap'
[2025.08.18-19.49.09:820][899]AssetCheck: New page: Asset Save: Rafael
[2025.08.18-19.49.09:820][899]LogContentValidation: Display: Validating World /Game/Cenas/Rafael.Rafael
[2025.08.18-19.49.28:889][ 40]LogEditorViewport: Clicking on Actor (LMB): StaticMeshActor (Wall_400x201)
[2025.08.18-19.49.39:130][260]LogEditorViewport: Clicking on Actor (LMB): TextRenderActor (TextRenderActor)
[2025.08.18-19.51.28:435][270]Cmd: OBJ SAVEPACKAGE PACKAGE="/Game/Cenas/Rafael" FILE="../../../../../../Users/rafael.anastácio/Documents/GitHub/Sorry/Content/Cenas/Rafael.umap" SILENT=true AUTOSAVING=false KEEPDIRTY=false
[2025.08.18-19.51.28:439][270]LogUObjectHash: Compacting FUObjectHashTables data took   0.61ms
[2025.08.18-19.51.28:449][270]LogSavePackage: Moving '../../../../../../Users/rafael.anastácio/Documents/GitHub/Sorry/Saved/RafaelA4609CDC492C126595B5C1A489B361C0.tmp' to '../../../../../../Users/rafael.anastácio/Documents/GitHub/Sorry/Content/Cenas/Rafael.umap'
[2025.08.18-19.51.28:469][270]AssetCheck: New page: Asset Save: Rafael
[2025.08.18-19.51.28:469][270]LogContentValidation: Display: Validating World /Game/Cenas/Rafael.Rafael
[2025.08.18-19.51.49:248][659]LogEditorViewport: Clicking Background
[2025.08.18-19.51.51:759][960]LogEditorViewport: Clicking on Actor (LMB): TextRenderActor (TextRenderActor)
[2025.08.18-19.51.52:858][ 87]LogSlate: Took 0.008131 seconds to synchronously load lazily loaded font '../../../Engine/Content/Slate/Fonts/Roboto-Italic.ttf' (157K)
[2025.08.18-19.52.42:767][909]LogEditorViewport: Clicking Background
[2025.08.18-19.52.42:768][909]LogSlate: Window 'Seletor de Cor' being destroyed
[2025.08.18-19.52.44:807][153]LogEditorViewport: Clicking on Actor (LMB): TextRenderActor (TextRenderActor)
[2025.08.18-19.53.16:807][380]LogSlate: Window 'Seletor de Cor' being destroyed
[2025.08.18-19.53.23:904][192]LogEditorViewport: Clicking Background
[2025.08.18-19.53.23:905][192]LogSlate: Window 'Seletor de Cor' being destroyed
[2025.08.18-19.53.27:968][678]LogEditorViewport: Clicking on Actor (LMB): StaticMeshActor (Wall_400x201)
[2025.08.18-19.53.33:436][311]LogEditorViewport: Clicking on Actor (LMB): TextRenderActor (TextRenderActor)
[2025.08.18-19.53.42:221][339]Cmd: OBJ SAVEPACKAGE PACKAGE="/Game/Cenas/Rafael" FILE="../../../../../../Users/rafael.anastácio/Documents/GitHub/Sorry/Content/Cenas/Rafael.umap" SILENT=true AUTOSAVING=false KEEPDIRTY=false
[2025.08.18-19.53.42:226][339]LogUObjectHash: Compacting FUObjectHashTables data took   0.34ms
[2025.08.18-19.53.42:236][339]LogSavePackage: Moving '../../../../../../Users/rafael.anastácio/Documents/GitHub/Sorry/Saved/Rafael86AC7B8A4B0ED82BB0FDF5B7A7F2417C.tmp' to '../../../../../../Users/rafael.anastácio/Documents/GitHub/Sorry/Content/Cenas/Rafael.umap'
[2025.08.18-19.53.42:256][339]AssetCheck: New page: Asset Save: Rafael
[2025.08.18-19.53.42:256][339]LogContentValidation: Display: Validating World /Game/Cenas/Rafael.Rafael
[2025.08.18-19.53.46:224][781]LogEditorViewport: Clicking on Actor (LMB): StaticMeshActor (Wall_400x201)
[2025.08.18-19.54.00:698][483]LogEditorViewport: Clicking Background
[2025.08.18-19.54.01:733][607]LogEditorViewport: Clicking on Actor (LMB): StaticMeshActor (Wall_400x201)
[2025.08.18-19.54.05:494][ 55]Cmd: DELETE
[2025.08.18-19.54.05:494][ 55]Cmd: ACTOR DELETE
[2025.08.18-19.54.05:495][ 55]LogEditorActor: Deleted Actor: StaticMeshActor
[2025.08.18-19.54.05:499][ 55]LogUObjectHash: Compacting FUObjectHashTables data took   0.22ms
[2025.08.18-19.54.05:500][ 55]LogEditorActor: Deleted 1 Actors (0.006 secs)
[2025.08.18-19.54.09:974][592]LogEditorViewport: Clicking on Actor (LMB): TextRenderActor (TextRenderActor)
[2025.08.18-19.54.20:653][847]LogEditorViewport: Clicking Background
[2025.08.18-19.54.34:076][454]Cmd: OBJ SAVEPACKAGE PACKAGE="/Game/Cenas/Rafael" FILE="../../../../../../Users/rafael.anastácio/Documents/GitHub/Sorry/Content/Cenas/Rafael.umap" SILENT=true AUTOSAVING=false KEEPDIRTY=false
[2025.08.18-19.54.34:080][454]LogUObjectHash: Compacting FUObjectHashTables data took   0.23ms
[2025.08.18-19.54.34:090][454]LogSavePackage: Moving '../../../../../../Users/rafael.anastácio/Documents/GitHub/Sorry/Saved/Rafael3A09680246F96318059B4EB23E736A41.tmp' to '../../../../../../Users/rafael.anastácio/Documents/GitHub/Sorry/Content/Cenas/Rafael.umap'
[2025.08.18-19.54.34:109][454]AssetCheck: New page: Asset Save: Rafael
[2025.08.18-19.54.34:109][454]LogContentValidation: Display: Validating World /Game/Cenas/Rafael.Rafael
[2025.08.18-19.54.39:018][ 32]LogTemp: Repeating last play command: Selected Viewport
[2025.08.18-19.54.39:023][ 32]LogPlayLevel: PlayLevel: No blueprints needed recompiling
[2025.08.18-19.54.39:023][ 32]PIE: New page: Sessão de PIE : Rafael (18 de ago de 2025 13:54:39)
[2025.08.18-19.54.39:025][ 32]LogOnline: OSS: Creating online subsystem instance for: NULL
[2025.08.18-19.54.39:026][ 32]LogOnline: OSS: TryLoadSubsystemAndSetDefault: Loaded subsystem for module [NULL]
[2025.08.18-19.54.39:026][ 32]LogPlayLevel: Creating play world package: /Game/Cenas/UEDPIE_0_Rafael
[2025.08.18-19.54.39:030][ 32]LogPlayLevel: PIE: StaticDuplicateObject took: (0.003472s)
[2025.08.18-19.54.39:031][ 32]LogAIModule: Creating AISystem for world Rafael
[2025.08.18-19.54.39:031][ 32]LogPlayLevel: PIE: World Init took: (0.001190s)
[2025.08.18-19.54.39:031][ 32]LogPlayLevel: PIE: Created PIE world by copying editor world from /Game/Cenas/Rafael.Rafael to /Game/Cenas/UEDPIE_0_Rafael.Rafael (0.004813s)
[2025.08.18-19.54.39:036][ 32]LogUObjectHash: Compacting FUObjectHashTables data took   0.62ms
[2025.08.18-19.54.39:037][ 32]LogAudio: Display: Creating Audio Device:                 Id: 2, Scope: Unique, Realtime: True
[2025.08.18-19.54.39:037][ 32]LogAudioMixer: Display: Audio Mixer Platform Settings:
[2025.08.18-19.54.39:037][ 32]LogAudioMixer: Display: 	Sample Rate:						  48000
[2025.08.18-19.54.39:037][ 32]LogAudioMixer: Display: 	Callback Buffer Frame Size Requested: 1024
[2025.08.18-19.54.39:037][ 32]LogAudioMixer: Display: 	Callback Buffer Frame Size To Use:	  1024
[2025.08.18-19.54.39:037][ 32]LogAudioMixer: Display: 	Number of buffers to queue:			  2
[2025.08.18-19.54.39:037][ 32]LogAudioMixer: Display: 	Max Channels (voices):				  32
[2025.08.18-19.54.39:037][ 32]LogAudioMixer: Display: 	Number of Async Source Workers:		  0
[2025.08.18-19.54.39:037][ 32]LogAudio: Display: AudioDevice MaxSources: 32
[2025.08.18-19.54.39:037][ 32]LogAudio: Display: Audio Spatialization Plugin: None (built-in).
[2025.08.18-19.54.39:037][ 32]LogAudio: Display: Audio Reverb Plugin: None (built-in).
[2025.08.18-19.54.39:037][ 32]LogAudio: Display: Audio Occlusion Plugin: None (built-in).
[2025.08.18-19.54.39:037][ 32]LogAudioMixer: Display: Initializing audio mixer.
[2025.08.18-19.54.39:040][ 32]LogAudioMixer: Display: 0: FrontLeft
[2025.08.18-19.54.39:040][ 32]LogAudioMixer: Display: 1: FrontRight
[2025.08.18-19.54.39:049][ 32]LogAudioMixer: Display: Using Audio Device 22B1WG5 (NVIDIA High Definition Audio)
[2025.08.18-19.54.39:049][ 32]LogAudioMixer: Display: Initializing Sound Submixes...
[2025.08.18-19.54.39:049][ 32]LogAudioMixer: Display: Creating Master Submix 'MasterSubmixDefault'
[2025.08.18-19.54.39:050][ 32]LogAudioMixer: Display: Creating Master Submix 'MasterReverbSubmixDefault'
[2025.08.18-19.54.39:050][ 32]LogAudioMixer: Display: Creating Master Submix 'MasterEQSubmixDefault'
[2025.08.18-19.54.39:050][ 32]LogAudioMixer: FMixerPlatformXAudio2::StartAudioStream() called
[2025.08.18-19.54.39:050][ 32]LogAudioMixer: Display: Output buffers initialized: Frames=1024, Channels=2, Samples=2048
[2025.08.18-19.54.39:051][ 32]LogAudioMixer: Display: Starting AudioMixerPlatformInterface::RunInternal()
[2025.08.18-19.54.39:051][ 32]LogAudioMixer: Display: FMixerPlatformXAudio2::SubmitBuffer() called for the first time
[2025.08.18-19.54.39:051][ 32]LogInit: FAudioDevice initialized.
[2025.08.18-19.54.39:051][ 32]LogAudio: Display: Audio Device (ID: 2) registered with world 'Rafael'.
[2025.08.18-19.54.39:076][ 32]LogLoad: Game class is 'Game_C'
[2025.08.18-19.54.39:079][ 32]LogWorld: Bringing World /Game/Cenas/UEDPIE_0_Rafael.Rafael up for play (max tick rate 0) at 2025.08.18-16.54.39
[2025.08.18-19.54.39:079][ 32]LogWorld: Bringing up level for play took: 0.000932
[2025.08.18-19.54.39:079][ 32]LogOnline: OSS: Creating online subsystem instance for: :Context_3
[2025.08.18-19.54.39:090][ 32]LogNativeClassHierarchy: Verbose: Native class hierarchy updated for 'MovieSceneCapture' in 0.0004 seconds. Added 20 classes and 0 folders.
[2025.08.18-19.54.39:093][ 32]PIE: Servidor conectado
[2025.08.18-19.54.39:094][ 32]PIE: Play in editor total start time 0,073 seconds.
[2025.08.18-19.54.43:450][515]LogSlate: Updating window title bar state: overlay mode, drag disabled, window buttons hidden, title bar hidden
[2025.08.18-19.54.43:450][515]LogWorld: BeginTearingDown for /Game/Cenas/UEDPIE_0_Rafael
[2025.08.18-19.54.43:451][515]LogWorld: UWorld::CleanupWorld for Rafael, bSessionEnded=true, bCleanupResources=true
[2025.08.18-19.54.43:451][515]LogSlate: InvalidateAllWidgets triggered.  All widgets were invalidated
[2025.08.18-19.54.43:457][515]LogPlayLevel: Display: Shutting down PIE online subsystems
[2025.08.18-19.54.43:458][515]LogSlate: InvalidateAllWidgets triggered.  All widgets were invalidated
[2025.08.18-19.54.43:462][515]LogAudio: Display: Audio Device unregistered from world 'None'.
[2025.08.18-19.54.43:463][515]LogAudioMixer: FMixerPlatformXAudio2::StopAudioStream() called
[2025.08.18-19.54.43:464][515]LogAudioMixer: FMixerPlatformXAudio2::StopAudioStream() called
[2025.08.18-19.54.43:465][515]LogSlate: Updating window title bar state: overlay mode, drag disabled, window buttons hidden, title bar hidden
[2025.08.18-19.54.43:467][515]LogUObjectHash: Compacting FUObjectHashTables data took   0.70ms
[2025.08.18-19.54.43:514][519]LogPlayLevel: Display: Destroying online subsystem :Context_3
[2025.08.18-19.54.49:515][239]LogEditorViewport: Clicking on Actor (LMB): StaticMeshActor (Floor_400x400)
[2025.08.18-19.54.53:284][668]PIE: Warning: Trying to simulate physics on ''/Game/Cenas/Rafael.Rafael:PersistentLevel.Floor_400x400_4.StaticMeshComponent0'' but it has ComplexAsSimple collision.
[2025.08.18-19.54.53:284][668]PIE: Warning: Trying to simulate physics on ''/Game/Cenas/Rafael.Rafael:PersistentLevel.Floor_400x400_4.StaticMeshComponent0'' but it has ComplexAsSimple collision.
[2025.08.18-19.54.53:285][668]PIE: Warning: Trying to simulate physics on ''/Game/Cenas/Rafael.Rafael:PersistentLevel.Floor_400x400_4.StaticMeshComponent0'' but it has ComplexAsSimple collision.
[2025.08.18-19.54.53:285][668]PIE: Warning: Trying to simulate physics on ''/Game/Cenas/Rafael.Rafael:PersistentLevel.Floor_400x400_4.StaticMeshComponent0'' but it has ComplexAsSimple collision.
[2025.08.18-19.54.57:182][121]LogEditorViewport: Clicking on Actor (LMB): StaticMeshActor (Plane)
[2025.08.18-19.55.04:343][911]LogTemp: Repeating last play command: Selected Viewport
[2025.08.18-19.55.04:347][911]LogPlayLevel: PlayLevel: No blueprints needed recompiling
[2025.08.18-19.55.04:348][911]PIE: New page: Sessão de PIE : Rafael (18 de ago de 2025 13:55:04)
[2025.08.18-19.55.04:379][911]LogPlayLevel: Creating play world package: /Game/Cenas/UEDPIE_0_Rafael
[2025.08.18-19.55.04:382][911]LogPlayLevel: PIE: StaticDuplicateObject took: (0.002798s)
[2025.08.18-19.55.04:383][911]LogAIModule: Creating AISystem for world Rafael
[2025.08.18-19.55.04:383][911]LogPlayLevel: PIE: World Init took: (0.001196s)
[2025.08.18-19.55.04:383][911]LogPlayLevel: PIE: Created PIE world by copying editor world from /Game/Cenas/Rafael.Rafael to /Game/Cenas/UEDPIE_0_Rafael.Rafael (0.004113s)
[2025.08.18-19.55.04:388][911]LogUObjectHash: Compacting FUObjectHashTables data took   0.56ms
[2025.08.18-19.55.04:389][911]LogAudio: Display: Creating Audio Device:                 Id: 3, Scope: Unique, Realtime: True
[2025.08.18-19.55.04:389][911]LogAudioMixer: Display: Audio Mixer Platform Settings:
[2025.08.18-19.55.04:389][911]LogAudioMixer: Display: 	Sample Rate:						  48000
[2025.08.18-19.55.04:389][911]LogAudioMixer: Display: 	Callback Buffer Frame Size Requested: 1024
[2025.08.18-19.55.04:389][911]LogAudioMixer: Display: 	Callback Buffer Frame Size To Use:	  1024
[2025.08.18-19.55.04:389][911]LogAudioMixer: Display: 	Number of buffers to queue:			  2
[2025.08.18-19.55.04:389][911]LogAudioMixer: Display: 	Max Channels (voices):				  32
[2025.08.18-19.55.04:389][911]LogAudioMixer: Display: 	Number of Async Source Workers:		  0
[2025.08.18-19.55.04:389][911]LogAudio: Display: AudioDevice MaxSources: 32
[2025.08.18-19.55.04:389][911]LogAudio: Display: Audio Spatialization Plugin: None (built-in).
[2025.08.18-19.55.04:389][911]LogAudio: Display: Audio Reverb Plugin: None (built-in).
[2025.08.18-19.55.04:389][911]LogAudio: Display: Audio Occlusion Plugin: None (built-in).
[2025.08.18-19.55.04:389][911]LogAudioMixer: Display: Initializing audio mixer.
[2025.08.18-19.55.04:392][911]LogAudioMixer: Display: 0: FrontLeft
[2025.08.18-19.55.04:392][911]LogAudioMixer: Display: 1: FrontRight
[2025.08.18-19.55.04:399][911]LogAudioMixer: Display: Using Audio Device 22B1WG5 (NVIDIA High Definition Audio)
[2025.08.18-19.55.04:400][911]LogAudioMixer: Display: Initializing Sound Submixes...
[2025.08.18-19.55.04:400][911]LogAudioMixer: Display: Creating Master Submix 'MasterSubmixDefault'
[2025.08.18-19.55.04:400][911]LogAudioMixer: Display: Creating Master Submix 'MasterReverbSubmixDefault'
[2025.08.18-19.55.04:400][911]LogAudioMixer: Display: Creating Master Submix 'MasterEQSubmixDefault'
[2025.08.18-19.55.04:400][911]LogAudioMixer: FMixerPlatformXAudio2::StartAudioStream() called
[2025.08.18-19.55.04:400][911]LogAudioMixer: Display: Output buffers initialized: Frames=1024, Channels=2, Samples=2048
[2025.08.18-19.55.04:401][911]LogAudioMixer: Display: Starting AudioMixerPlatformInterface::RunInternal()
[2025.08.18-19.55.04:401][911]LogAudioMixer: Display: FMixerPlatformXAudio2::SubmitBuffer() called for the first time
[2025.08.18-19.55.04:401][911]LogInit: FAudioDevice initialized.
[2025.08.18-19.55.04:401][911]LogAudio: Display: Audio Device (ID: 3) registered with world 'Rafael'.
[2025.08.18-19.55.04:410][911]LogLoad: Game class is 'Game_C'
[2025.08.18-19.55.04:412][911]PIE: Warning: Trying to simulate physics on ''/Game/Cenas/UEDPIE_0_Rafael.Rafael:PersistentLevel.Floor_400x400_4.StaticMeshComponent0'' but it has ComplexAsSimple collision.
[2025.08.18-19.55.04:412][911]LogWorld: Bringing World /Game/Cenas/UEDPIE_0_Rafael.Rafael up for play (max tick rate 0) at 2025.08.18-16.55.04
[2025.08.18-19.55.04:412][911]LogWorld: Bringing up level for play took: 0.000925
[2025.08.18-19.55.04:413][911]LogOnline: OSS: Creating online subsystem instance for: :Context_4
[2025.08.18-19.55.04:414][911]PIE: Servidor conectado
[2025.08.18-19.55.04:415][911]PIE: Play in editor total start time 0,067 seconds.
[2025.08.18-19.55.07:433][248]LogSlate: Updating window title bar state: overlay mode, drag disabled, window buttons hidden, title bar hidden
[2025.08.18-19.55.07:433][248]LogWorld: BeginTearingDown for /Game/Cenas/UEDPIE_0_Rafael
[2025.08.18-19.55.07:433][248]LogWorld: UWorld::CleanupWorld for Rafael, bSessionEnded=true, bCleanupResources=true
[2025.08.18-19.55.07:433][248]LogSlate: InvalidateAllWidgets triggered.  All widgets were invalidated
[2025.08.18-19.55.07:438][248]LogPlayLevel: Display: Shutting down PIE online subsystems
[2025.08.18-19.55.07:451][248]LogSlate: InvalidateAllWidgets triggered.  All widgets were invalidated
[2025.08.18-19.55.07:456][248]LogSlate: Updating window title bar state: overlay mode, drag disabled, window buttons hidden, title bar hidden
[2025.08.18-19.55.07:456][248]LogAudioMixer: FMixerPlatformXAudio2::StopAudioStream() called
[2025.08.18-19.55.07:457][248]LogAudioMixer: FMixerPlatformXAudio2::StopAudioStream() called
[2025.08.18-19.55.07:460][248]LogUObjectHash: Compacting FUObjectHashTables data took   0.61ms
[2025.08.18-19.55.07:544][248]LogSlate: Took 0.006757 seconds to synchronously load lazily loaded font '../../../Engine/Content/Slate/Fonts/DroidSansMono.ttf' (77K)
[2025.08.18-19.55.07:550][249]LogPlayLevel: Display: Destroying online subsystem :Context_4
[2025.08.18-19.55.09:457][431]LogSlate: Window 'Registro de Mensagem' being destroyed
[2025.08.18-19.55.09:462][431]LogSlate: Window 'Registro de Mensagem' being destroyed
[2025.08.18-19.55.21:374][782]LogEditorViewport: Clicking on Actor (LMB): StaticMeshActor (Floor_400x400)
[2025.08.18-19.55.24:573][152]LogEditorViewport: Clicking on Actor (LMB): StaticMeshActor (Floor_400x400)
[2025.08.18-19.55.32:737][ 74]LogEditorViewport: Clicking on Actor (LMB): StaticMeshActor (Plane)
[2025.08.18-19.55.54:279][541]LogEditorViewport: Clicking on Actor (context menu): StaticMeshActor (Floor_400x400)
[2025.08.18-19.56.13:776][805]LogEditorViewport: Clicking Background
[2025.08.18-19.56.15:346][991]Cmd: OBJ SAVEPACKAGE PACKAGE="/Game/Cenas/Rafael" FILE="../../../../../../Users/rafael.anastácio/Documents/GitHub/Sorry/Content/Cenas/Rafael.umap" SILENT=true AUTOSAVING=false KEEPDIRTY=false
[2025.08.18-19.56.15:350][991]LogUObjectHash: Compacting FUObjectHashTables data took   0.56ms
[2025.08.18-19.56.15:361][991]LogSavePackage: Moving '../../../../../../Users/rafael.anastácio/Documents/GitHub/Sorry/Saved/Rafael7E895F784F382DCFCE11BABE70DB3AE9.tmp' to '../../../../../../Users/rafael.anastácio/Documents/GitHub/Sorry/Content/Cenas/Rafael.umap'
[2025.08.18-19.56.15:378][991]AssetCheck: New page: Asset Save: Rafael
[2025.08.18-19.56.15:378][991]LogContentValidation: Display: Validating World /Game/Cenas/Rafael.Rafael
[2025.08.18-19.57.17:189][876]LogActorFactory: Actor Factory created Cube
[2025.08.18-19.57.19:439][141]LogActorFactory: Actor Factory created Cube
[2025.08.18-19.57.26:074][930]Cmd: DELETE
[2025.08.18-19.57.26:074][930]Cmd: ACTOR DELETE
[2025.08.18-19.57.26:075][930]LogEditorActor: Deleted Actor: StaticMeshActor
[2025.08.18-19.57.26:081][930]LogUObjectHash: Compacting FUObjectHashTables data took   0.58ms
[2025.08.18-19.57.26:082][930]LogEditorActor: Deleted 1 Actors (0.007 secs)
[2025.08.18-19.57.27:668][ 80]LogActorFactory: Actor Factory created Wall_400x300
[2025.08.18-19.57.28:621][183]LogActorFactory: Actor Factory created Wall_400x300
[2025.08.18-19.57.38:688][369]LogEditorViewport: Clicking on Actor (LMB): StaticMeshActor (Wall_400x301)
[2025.08.18-19.57.40:296][558]LogEditorViewport: Clicking on Actor (LMB): StaticMeshActor (Wall_400x304)
[2025.08.18-19.57.57:392][546]LogEditorViewport: Clicking on Actor (LMB): StaticMeshActor (Wall_400x304)
[2025.08.18-19.59.04:058][376]LogContentBrowser: Deferred new asset file creation: NewMaterial
[2025.08.18-19.59.04:065][376]LogContentBrowser: Creating deferred item: NewMaterial
[2025.08.18-20.00.54:142][571]LogContentBrowser: Attempting asset rename: NewMaterial -> NewMaterial
[2025.08.18-20.00.54:143][571]LogContentBrowser: End creating deferred item NewMaterial
[2025.08.18-20.00.56:353][816]Cmd: EDIT CUT
[2025.08.18-20.00.56:357][816]LogEditorActor: Deleted Actor: StaticMeshActor
[2025.08.18-20.00.56:363][816]LogUObjectHash: Compacting FUObjectHashTables data took   0.72ms
[2025.08.18-20.00.56:363][816]LogEditorActor: Deleted 1 Actors (0.008 secs)
[2025.08.18-20.00.56:408][818]Cmd: OBJ SAVEPACKAGE PACKAGE="/Game/NewMaterial" FILE="../../../../../../Users/rafael.anastácio/Documents/GitHub/Sorry/Content/NewMaterial.uasset" SILENT=true
[2025.08.18-20.00.56:412][818]LogSavePackage: Moving '../../../../../../Users/rafael.anastácio/Documents/GitHub/Sorry/Saved/NewMaterial738DF580420B378A20D564B8E2BC6330.tmp' to '../../../../../../Users/rafael.anastácio/Documents/GitHub/Sorry/Content/NewMaterial.uasset'
[2025.08.18-20.00.56:423][818]AssetCheck: New page: Asset Save: NewMaterial
[2025.08.18-20.00.56:423][818]LogContentValidation: Display: Validating Material /Game/NewMaterial.NewMaterial
[2025.08.18-20.00.59:703][212]Cmd: TRANSACTION UNDO
[2025.08.18-20.00.59:703][212]LogEditorTransaction: Undo Recortar
[2025.08.18-20.01.01:186][313]Cmd: OBJ SAVEPACKAGE PACKAGE="/Game/NewMaterial" FILE="../../../../../../Users/rafael.anastácio/Documents/GitHub/Sorry/Content/NewMaterial.uasset" SILENT=true
[2025.08.18-20.01.01:187][313]LogSavePackage: Moving '../../../../../../Users/rafael.anastácio/Documents/GitHub/Sorry/Saved/NewMaterialB4FD54A54867834B82294A8E6294A280.tmp' to '../../../../../../Users/rafael.anastácio/Documents/GitHub/Sorry/Content/NewMaterial.uasset'
[2025.08.18-20.01.01:194][313]AssetCheck: New page: Asset Save: NewMaterial
[2025.08.18-20.01.01:194][313]LogContentValidation: Display: Validating Material /Game/NewMaterial.NewMaterial
[2025.08.18-20.01.03:019][531]Cmd: OBJ SAVEPACKAGE PACKAGE="/Game/NewMaterial" FILE="../../../../../../Users/rafael.anastácio/Documents/GitHub/Sorry/Content/NewMaterial.uasset" SILENT=true
[2025.08.18-20.01.03:020][531]LogSavePackage: Moving '../../../../../../Users/rafael.anastácio/Documents/GitHub/Sorry/Saved/NewMaterial93F1D39F4420D3E6B393C3892F1B6493.tmp' to '../../../../../../Users/rafael.anastácio/Documents/GitHub/Sorry/Content/NewMaterial.uasset'
[2025.08.18-20.01.03:029][531]AssetCheck: New page: Asset Save: NewMaterial
[2025.08.18-20.01.03:029][531]LogContentValidation: Display: Validating Material /Game/NewMaterial.NewMaterial
[2025.08.18-20.01.06:241][914]Cmd: OBJ SAVEPACKAGE PACKAGE="/Game/Cenas/Rafael" FILE="../../../../../../Users/rafael.anastácio/Documents/GitHub/Sorry/Content/Cenas/Rafael.umap" SILENT=true AUTOSAVING=false KEEPDIRTY=false
[2025.08.18-20.01.06:245][914]LogUObjectHash: Compacting FUObjectHashTables data took   0.57ms
[2025.08.18-20.01.06:256][914]LogSavePackage: Moving '../../../../../../Users/rafael.anastácio/Documents/GitHub/Sorry/Saved/Rafael990252FF4EAA5A4B92B848B0D7025FF5.tmp' to '../../../../../../Users/rafael.anastácio/Documents/GitHub/Sorry/Content/Cenas/Rafael.umap'
[2025.08.18-20.01.06:273][914]AssetCheck: New page: Asset Save: Rafael
[2025.08.18-20.01.06:273][914]LogContentValidation: Display: Validating World /Game/Cenas/Rafael.Rafael
[2025.08.18-20.01.10:379][371]LogAssetEditorSubsystem: Opening Asset editor for Material /Game/NewMaterial.NewMaterial
[2025.08.18-20.01.10:381][371]LogMaterial: Display: Missing cached shadermap for NewMaterial in PCD3D_SM5, Default, SM5 (DDC key hash: C6E74371FB7F621712B68496C41DCE3D16E45CD3), compiling. 
[2025.08.18-20.01.10:404][371]LogShaderCompilers: Display: Submitted 10 shader compile jobs with 'Normal' priority
[2025.08.18-20.01.10:423][371]LogTexture: Default maximum texture size for cubemaps generated from long-lat sources has been changed from 512 to unlimited. In order to preserve old behaiour for '/Engine/EditorMaterials/AssetViewer/EpicQuadPanorama_CC+EV1.EpicQuadPanorama_CC+EV1', its maximum texture size has been explicitly set to 512.
[2025.08.18-20.01.10:530][371]LogTexture: Default maximum texture size for cubemaps generated from long-lat sources has been changed from 512 to unlimited. In order to preserve old behaiour for '/Engine/MapTemplates/Sky/SunsetAmbientCubemap.SunsetAmbientCubemap', its maximum texture size has been explicitly set to 512.
[2025.08.18-20.01.10:730][371]LogMaterial: Display: Missing cached shadermap for NewMaterial in PCD3D_SM5, Default, SM5 (DDC key hash: B2612E5AB77BD9245D6C3FFFDD2B36BB8A2C454E), compiling. 
[2025.08.18-20.01.10:745][371]MaterialEditorStats: Texture samplers: 0/16
[2025.08.18-20.01.10:749][371]LogSlate: Took 0.000211 seconds to synchronously load lazily loaded font '../../../Engine/Content/Slate/Fonts/Roboto-BoldCondensed.ttf' (158K)
[2025.08.18-20.01.10:875][372]LogShaderCompilers: Display: Submitted 2 shader compile jobs with 'ForceLocal' priority
[2025.08.18-20.01.10:875][372]LogShaderCompilers: Display: Submitted 8 shader compile jobs with 'Normal' priority
[2025.08.18-20.01.10:875][372]LogShaderCompilers: Display: Worker (1/9): shaders left to compile 2
[2025.08.18-20.01.10:875][372]LogShaderCompilers: Display: Worker (2/9): shaders left to compile 1
[2025.08.18-20.01.10:875][372]LogShaderCompilers: Display: Worker (3/9): shaders left to compile 8
[2025.08.18-20.01.10:875][372]LogShaderCompilers: Display: Worker (4/9): shaders left to compile 6
[2025.08.18-20.01.10:875][372]LogShaderCompilers: Display: Worker (5/9): shaders left to compile 4
[2025.08.18-20.01.10:875][372]LogShaderCompilers: Display: Worker (6/9): shaders left to compile 2
[2025.08.18-20.01.10:875][372]LogShaderCompilers: Display: Started 8 'Local' shader compile jobs with 'Normal' priority
[2025.08.18-20.01.10:875][372]LogShaderCompilers: Display: Started 2 'Local' shader compile jobs with 'ForceLocal' priority
[2025.08.18-20.01.11:575][421]LogShaderCompilers: Display: === FShaderJobCache stats ===
[2025.08.18-20.01.11:575][421]LogShaderCompilers: Display: Total job queries 20, among them cache hits 0 (0.00%)
[2025.08.18-20.01.11:575][421]LogShaderCompilers: Display: Tracking 1 distinct input hashes that result in 1 distinct outputs (100.00%)
[2025.08.18-20.01.11:575][421]LogShaderCompilers: Display: RAM used: 0.00 MB (0.00 GB) of 819.20 MB (0.80 GB) budget. Usage: 0.00%
[2025.08.18-20.01.11:575][421]LogShaderCompilers: Display: ================================================
[2025.08.18-20.01.11:696][427]MaterialEditorStats: Texture samplers: 2/16
[2025.08.18-20.01.12:238][476]MaterialEditorStats: Base pass shader: 117 instructions
[2025.08.18-20.01.12:238][476]MaterialEditorStats: Base pass shader with Volumetric Lightmap: 191 instructions
[2025.08.18-20.01.12:239][476]MaterialEditorStats: Base pass vertex shader: 42 instructions
[2025.08.18-20.01.12:239][476]MaterialEditorStats: Texture samplers: 2/16
[2025.08.18-20.01.17:346][ 86]LogSlate: Window 'NewMaterial' being destroyed
[2025.08.18-20.01.17:350][ 86]LogSlate: Window 'NewMaterial' being destroyed
[2025.08.18-20.01.17:370][ 86]LogWorld: UWorld::CleanupWorld for World_2, bSessionEnded=true, bCleanupResources=true
[2025.08.18-20.01.17:370][ 86]LogSlate: InvalidateAllWidgets triggered.  All widgets were invalidated
[2025.08.18-20.01.22:356][612]LogAssetEditorSubsystem: Opening Asset editor for Material /Game/NewMaterial.NewMaterial
[2025.08.18-20.01.22:357][612]LogMaterial: Display: Missing cached shadermap for PreviewMaterial_0 in PCD3D_SM5, Default, SM5 (DDC key hash: 473215B4A43254F1D43A2385A8F886EDF94923F4), compiling. 
[2025.08.18-20.01.22:364][612]LogShaderCompilers: Display: Submitted 10 shader compile jobs with 'Normal' priority
[2025.08.18-20.01.22:438][612]LogMaterial: Display: Missing cached shadermap for PreviewMaterial_0 in PCD3D_SM5, Default, SM5 (DDC key hash: DDD40510C59C4A8431197100D0988A2569865476), compiling. 
[2025.08.18-20.01.22:440][612]LogMaterial: Display: Missing cached shadermap for PreviewMaterial_0 in PCD3D_SM5, Default, SM5 (DDC key hash: DAFA5511D01668450F1BF69042F8D702A2B43558), compiling. 
[2025.08.18-20.01.22:455][612]MaterialEditorStats: Texture samplers: 0/16
[2025.08.18-20.01.22:501][613]LogShaderCompilers: Display: Submitted 2 shader compile jobs with 'ForceLocal' priority
[2025.08.18-20.01.22:501][613]LogShaderCompilers: Display: Submitted 8 shader compile jobs with 'Normal' priority
[2025.08.18-20.01.22:501][613]LogShaderCompilers: Display: Worker (1/9): shaders left to compile 2
[2025.08.18-20.01.22:501][613]LogShaderCompilers: Display: Worker (2/9): shaders left to compile 1
[2025.08.18-20.01.22:501][613]LogShaderCompilers: Display: Worker (3/9): shaders left to compile 8
[2025.08.18-20.01.22:501][613]LogShaderCompilers: Display: Worker (4/9): shaders left to compile 6
[2025.08.18-20.01.22:501][613]LogShaderCompilers: Display: Worker (5/9): shaders left to compile 4
[2025.08.18-20.01.22:501][613]LogShaderCompilers: Display: Worker (6/9): shaders left to compile 2
[2025.08.18-20.01.22:501][613]LogShaderCompilers: Display: Started 8 'Local' shader compile jobs with 'Normal' priority
[2025.08.18-20.01.22:501][613]LogShaderCompilers: Display: Started 2 'Local' shader compile jobs with 'ForceLocal' priority
[2025.08.18-20.01.26:967][ 38]LogSlate: Window 'NewMaterial' being destroyed
[2025.08.18-20.01.26:971][ 38]LogSlate: Window 'NewMaterial' being destroyed
[2025.08.18-20.01.26:982][ 38]LogWorld: UWorld::CleanupWorld for World_3, bSessionEnded=true, bCleanupResources=true
[2025.08.18-20.01.26:982][ 38]LogSlate: InvalidateAllWidgets triggered.  All widgets were invalidated
[2025.08.18-20.01.28:652][233]LogEditorViewport: Clicking on Actor (LMB): StaticMeshActor (Wall_400x304)
[2025.08.18-20.01.29:209][299]LogEditorViewport: Clicking on Actor (LMB): StaticMeshActor (Wall_400x304)
[2025.08.18-20.01.39:237][481]LogAssetEditorSubsystem: Opening Asset editor for Material /Game/StarterContent/Materials/M_Basic_Wall.M_Basic_Wall
[2025.08.18-20.01.39:238][481]LogMaterial: Display: Missing cached shadermap for M_Basic_Wall in PCD3D_SM5, Default, SM5 (DDC key hash: A9D1954D4E54C28271FD030B0E1EE47AEED6E758), compiling. 
[2025.08.18-20.01.39:250][481]LogShaderCompilers: Display: Submitted 12 shader compile jobs with 'Normal' priority
[2025.08.18-20.01.39:337][481]LogMaterial: Display: Missing cached shadermap for M_Basic_Wall in PCD3D_SM5, Default, SM5 (DDC key hash: A9C5BB9675D3985608F5F6CE589A941FCF4E4904), compiling. 
[2025.08.18-20.01.39:339][481]LogMaterial: Display: Missing cached shadermap for M_Basic_Wall in PCD3D_SM5, Default, SM5 (DDC key hash: B674605BE8CE6D1E65CB77F8E8F9E0AE4A7B0AE4), compiling. 
[2025.08.18-20.01.39:342][481]LogMaterial: Display: Missing cached shadermap for FMatExpressionPreview MaterialExpressionVectorParameter_1 in PCD3D_SM5, Default, SM5 (DDC key hash: D6E8599C7EF207EE9BDBC94280A1E30AC192D4C2), compiling. 
[2025.08.18-20.01.39:361][481]MaterialEditorStats: Texture samplers: 0/16
[2025.08.18-20.01.39:402][482]LogShaderCompilers: Display: Submitted 2 shader compile jobs with 'ForceLocal' priority
[2025.08.18-20.01.39:402][482]LogShaderCompilers: Display: Submitted 10 shader compile jobs with 'Normal' priority
[2025.08.18-20.01.39:402][482]LogShaderCompilers: Display: Worker (1/9): shaders left to compile 2
[2025.08.18-20.01.39:402][482]LogShaderCompilers: Display: Worker (2/9): shaders left to compile 1
[2025.08.18-20.01.39:402][482]LogShaderCompilers: Display: Worker (3/9): shaders left to compile 10
[2025.08.18-20.01.39:402][482]LogShaderCompilers: Display: Worker (4/9): shaders left to compile 8
[2025.08.18-20.01.39:402][482]LogShaderCompilers: Display: Worker (5/9): shaders left to compile 6
[2025.08.18-20.01.39:402][482]LogShaderCompilers: Display: Worker (6/9): shaders left to compile 4
[2025.08.18-20.01.39:402][482]LogShaderCompilers: Display: Worker (7/9): shaders left to compile 2
[2025.08.18-20.01.39:402][482]LogShaderCompilers: Display: Started 10 'Local' shader compile jobs with 'Normal' priority
[2025.08.18-20.01.39:402][482]LogShaderCompilers: Display: Started 2 'Local' shader compile jobs with 'ForceLocal' priority
[2025.08.18-20.01.40:061][518]MaterialEditorStats: Texture samplers: 2/16
[2025.08.18-20.01.40:756][577]MaterialEditorStats: Base pass shader: 120 instructions
[2025.08.18-20.01.40:756][577]MaterialEditorStats: Base pass shader with Surface Lightmap: 147 instructions
[2025.08.18-20.01.40:756][577]MaterialEditorStats: Base pass shader with Volumetric Lightmap: 194 instructions
[2025.08.18-20.01.40:756][577]MaterialEditorStats: Base pass vertex shader: 42 instructions
[2025.08.18-20.01.40:756][577]MaterialEditorStats: Texture samplers: 2/16
[2025.08.18-20.01.42:454][756]LogShaderCompilers: Display: Submitted 2 shader compile jobs with 'ForceLocal' priority
[2025.08.18-20.01.42:454][756]LogShaderCompilers: Display: Worker (1/9): shaders left to compile 2
[2025.08.18-20.01.42:454][756]LogShaderCompilers: Display: Worker (2/9): shaders left to compile 1
[2025.08.18-20.01.42:454][756]LogShaderCompilers: Display: Started 2 'Local' shader compile jobs with 'ForceLocal' priority
[2025.08.18-20.01.54:838][838]LogSlate: Window 'M_Basic_Wall' being destroyed
[2025.08.18-20.01.54:843][838]LogSlate: Window 'M_Basic_Wall' being destroyed
[2025.08.18-20.01.54:857][838]LogWorld: UWorld::CleanupWorld for World_4, bSessionEnded=true, bCleanupResources=true
[2025.08.18-20.01.54:857][838]LogSlate: InvalidateAllWidgets triggered.  All widgets were invalidated
[2025.08.18-20.01.56:024][974]LogAssetEditorSubsystem: Opening Asset editor for Material /Game/NewMaterial.NewMaterial
[2025.08.18-20.01.56:024][974]LogMaterial: Display: Missing cached shadermap for PreviewMaterial_1 in PCD3D_SM5, Default, SM5 (DDC key hash: 6AFDC4F6B389C420DD5648AE138C0AAFF1EC94B4), compiling. 
[2025.08.18-20.01.56:031][974]LogShaderCompilers: Display: Submitted 10 shader compile jobs with 'Normal' priority
[2025.08.18-20.01.56:104][974]LogMaterial: Display: Missing cached shadermap for PreviewMaterial_1 in PCD3D_SM5, Default, SM5 (DDC key hash: EF3EDE1FBC0BD635BF6808C2A9F15B0B85EB29F1), compiling. 
[2025.08.18-20.01.56:106][974]LogMaterial: Display: Missing cached shadermap for PreviewMaterial_1 in PCD3D_SM5, Default, SM5 (DDC key hash: 89A1046D50750BDE81A0D9FC46687EF8C4E4E4F3), compiling. 
[2025.08.18-20.01.56:121][974]MaterialEditorStats: Texture samplers: 0/16
[2025.08.18-20.01.56:165][975]LogShaderCompilers: Display: Submitted 2 shader compile jobs with 'ForceLocal' priority
[2025.08.18-20.01.56:165][975]LogShaderCompilers: Display: Worker (1/9): shaders left to compile 2
[2025.08.18-20.01.56:165][975]LogShaderCompilers: Display: Worker (2/9): shaders left to compile 1
[2025.08.18-20.01.56:165][975]LogShaderCompilers: Display: Started 2 'Local' shader compile jobs with 'ForceLocal' priority
[2025.08.18-20.01.56:165][975]LogShaderCompilers: Display: Submitted 8 shader compile jobs with 'Normal' priority
[2025.08.18-20.01.56:165][975]LogShaderCompilers: Display: Worker (3/9): shaders left to compile 8
[2025.08.18-20.01.56:165][975]LogShaderCompilers: Display: Worker (4/9): shaders left to compile 6
[2025.08.18-20.01.56:165][975]LogShaderCompilers: Display: Worker (5/9): shaders left to compile 4
[2025.08.18-20.01.56:165][975]LogShaderCompilers: Display: Worker (6/9): shaders left to compile 2
[2025.08.18-20.01.56:165][975]LogShaderCompilers: Display: Started 8 'Local' shader compile jobs with 'Normal' priority
[2025.08.18-20.01.56:715][ 16]MaterialEditorStats: Texture samplers: 2/16
[2025.08.18-20.01.57:263][ 69]MaterialEditorStats: Base pass shader: 117 instructions
[2025.08.18-20.01.57:263][ 69]MaterialEditorStats: Base pass shader with Volumetric Lightmap: 191 instructions
[2025.08.18-20.01.57:263][ 69]MaterialEditorStats: Base pass vertex shader: 42 instructions
[2025.08.18-20.01.57:263][ 69]MaterialEditorStats: Texture samplers: 2/16
[2025.08.18-20.02.05:720][ 61]LogMaterial: Display: Missing cached shadermap for PreviewMaterial_1 in PCD3D_SM5, Default, SM5 (DDC key hash: 35FDBE280C58AE799FEF70E9AB420DE86BCB124C), compiling. 
[2025.08.18-20.02.05:721][ 61]LogMaterial: Display: Missing cached shadermap for FMatExpressionPreview MaterialExpressionVectorParameter_1 in PCD3D_SM5, Default, SM5 (DDC key hash: B2EFC050B4FC57AEC58B34ABACA4DDBF1CD1CB07), compiling. 
[2025.08.18-20.02.05:723][ 61]MaterialEditorStats: Texture samplers: 0/16
[2025.08.18-20.02.05:754][ 63]MaterialEditorStats: Base pass shader: 117 instructions
[2025.08.18-20.02.05:754][ 63]MaterialEditorStats: Base pass shader with Volumetric Lightmap: 191 instructions
[2025.08.18-20.02.05:754][ 63]MaterialEditorStats: Base pass vertex shader: 42 instructions
[2025.08.18-20.02.05:754][ 63]MaterialEditorStats: Texture samplers: 2/16
[2025.08.18-20.02.24:674][542]LogMaterial: Display: Missing cached shadermap for PreviewMaterial_1 in PCD3D_SM5, Default, SM5 (DDC key hash: 0C6BE10EEDDE18AEB18742586530178309DEFB30), compiling. 
[2025.08.18-20.02.24:675][542]LogMaterial: Display: Missing cached shadermap for FMatExpressionPreview MaterialExpressionVectorParameter_1 in PCD3D_SM5, Default, SM5 (DDC key hash: 414396339D3FBC0D5924F5F960CE3504FB4192A6), compiling. 
[2025.08.18-20.02.24:678][542]MaterialEditorStats: Texture samplers: 0/16
[2025.08.18-20.02.24:686][543]LogShaderCompilers: Display: Submitted 2 shader compile jobs with 'ForceLocal' priority
[2025.08.18-20.02.24:693][544]LogShaderCompilers: Display: Submitted 8 shader compile jobs with 'Normal' priority
[2025.08.18-20.02.24:697][544]LogShaderCompilers: Display: Worker (1/9): shaders left to compile 2
[2025.08.18-20.02.24:697][544]LogShaderCompilers: Display: Worker (2/9): shaders left to compile 1
[2025.08.18-20.02.24:697][544]LogShaderCompilers: Display: Worker (3/9): shaders left to compile 8
[2025.08.18-20.02.24:697][544]LogShaderCompilers: Display: Worker (4/9): shaders left to compile 6
[2025.08.18-20.02.24:697][544]LogShaderCompilers: Display: Worker (5/9): shaders left to compile 4
[2025.08.18-20.02.24:697][544]LogShaderCompilers: Display: Worker (6/9): shaders left to compile 2
[2025.08.18-20.02.24:697][544]LogShaderCompilers: Display: Started 8 'Local' shader compile jobs with 'Normal' priority
[2025.08.18-20.02.24:697][544]LogShaderCompilers: Display: Started 2 'Local' shader compile jobs with 'ForceLocal' priority
[2025.08.18-20.02.25:407][585]MaterialEditorStats: Texture samplers: 2/16
[2025.08.18-20.02.25:954][618]MaterialEditorStats: Base pass shader: 119 instructions
[2025.08.18-20.02.25:954][618]MaterialEditorStats: Base pass shader with Volumetric Lightmap: 193 instructions
[2025.08.18-20.02.25:954][618]MaterialEditorStats: Base pass vertex shader: 42 instructions
[2025.08.18-20.02.25:954][618]MaterialEditorStats: Texture samplers: 2/16
[2025.08.18-20.02.41:551][160]LogMaterial: Display: Missing cached shadermap for PreviewMaterial_1 in PCD3D_SM5, Default, SM5 (DDC key hash: A2FE268BE7578A7D255F0F3209D33E592C385C5E), compiling. 
[2025.08.18-20.02.41:552][160]LogMaterial: Display: Missing cached shadermap for FMatExpressionPreview MaterialExpressionVectorParameter_1 in PCD3D_SM5, Default, SM5 (DDC key hash: 34503A1CA1D64435025157EF5D8B46F1D0E7F610), compiling. 
[2025.08.18-20.02.41:554][160]MaterialEditorStats: Texture samplers: 0/16
[2025.08.18-20.02.41:574][162]MaterialEditorStats: Texture samplers: 2/16
[2025.08.18-20.02.41:594][163]MaterialEditorStats: Base pass shader: 119 instructions
[2025.08.18-20.02.41:594][163]MaterialEditorStats: Base pass shader with Volumetric Lightmap: 193 instructions
[2025.08.18-20.02.41:594][163]MaterialEditorStats: Base pass vertex shader: 42 instructions
[2025.08.18-20.02.41:594][163]MaterialEditorStats: Texture samplers: 2/16
[2025.08.18-20.02.52:479][282]LogMaterial: Display: Missing cached shadermap for PreviewMaterial_1 in PCD3D_SM5, Default, SM5 (DDC key hash: 8ABF42CAD5561CF6C5CFDEF0614F0E6215E62F34), compiling. 
[2025.08.18-20.02.52:480][282]LogMaterial: Display: Missing cached shadermap for FMatExpressionPreview MaterialExpressionVectorParameter_1 in PCD3D_SM5, Default, SM5 (DDC key hash: 0AEE905398C644E8F5205E072FF75D598FE63A36), compiling. 
[2025.08.18-20.02.52:482][282]MaterialEditorStats: Texture samplers: 0/16
[2025.08.18-20.02.52:504][284]MaterialEditorStats: Texture samplers: 2/16
[2025.08.18-20.02.52:521][285]MaterialEditorStats: Base pass shader: 119 instructions
[2025.08.18-20.02.52:521][285]MaterialEditorStats: Base pass shader with Volumetric Lightmap: 193 instructions
[2025.08.18-20.02.52:521][285]MaterialEditorStats: Base pass vertex shader: 42 instructions
[2025.08.18-20.02.52:521][285]MaterialEditorStats: Texture samplers: 2/16
[2025.08.18-20.02.57:274][744]LogMaterial: Display: Missing cached shadermap for PreviewMaterial_1 in PCD3D_SM5, Default, SM5 (DDC key hash: B3E8C356484C8E47D36130779DE5EC908A040648), compiling. 
[2025.08.18-20.02.57:275][744]LogMaterial: Display: Missing cached shadermap for FMatExpressionPreview MaterialExpressionVectorParameter_1 in PCD3D_SM5, Default, SM5 (DDC key hash: FE29878D8F0756A13615EB20C235B3C9A6D44E00), compiling. 
[2025.08.18-20.02.57:277][744]MaterialEditorStats: Texture samplers: 0/16
[2025.08.18-20.02.57:299][746]MaterialEditorStats: Texture samplers: 2/16
[2025.08.18-20.02.57:315][747]MaterialEditorStats: Base pass shader: 119 instructions
[2025.08.18-20.02.57:315][747]MaterialEditorStats: Base pass shader with Volumetric Lightmap: 193 instructions
[2025.08.18-20.02.57:316][747]MaterialEditorStats: Base pass vertex shader: 42 instructions
[2025.08.18-20.02.57:316][747]MaterialEditorStats: Texture samplers: 2/16
[2025.08.18-20.02.59:451][902]LogMaterial: Display: Missing cached shadermap for PreviewMaterial_1 in PCD3D_SM5, Default, SM5 (DDC key hash: 42DA8F4A57E376AF2C3EAE4AE3D96E5B173CCDCE), compiling. 
[2025.08.18-20.02.59:452][902]LogMaterial: Display: Missing cached shadermap for FMatExpressionPreview MaterialExpressionVectorParameter_1 in PCD3D_SM5, Default, SM5 (DDC key hash: 5FF208110EAEED710E38344A41645D0846B35F66), compiling. 
[2025.08.18-20.02.59:454][902]MaterialEditorStats: Texture samplers: 0/16
[2025.08.18-20.02.59:476][904]MaterialEditorStats: Texture samplers: 2/16
[2025.08.18-20.02.59:494][905]MaterialEditorStats: Base pass shader: 119 instructions
[2025.08.18-20.02.59:494][905]MaterialEditorStats: Base pass shader with Volumetric Lightmap: 193 instructions
[2025.08.18-20.02.59:494][905]MaterialEditorStats: Base pass vertex shader: 42 instructions
[2025.08.18-20.02.59:494][905]MaterialEditorStats: Texture samplers: 2/16
[2025.08.18-20.03.02:138][175]LogMaterial: Display: Missing cached shadermap for PreviewMaterial_1 in PCD3D_SM5, Default, SM5 (DDC key hash: D6DD86E573FD1874FE022C67C6CB72F9321E3BD4), compiling. 
[2025.08.18-20.03.02:140][175]LogMaterial: Display: Missing cached shadermap for FMatExpressionPreview MaterialExpressionVectorParameter_1 in PCD3D_SM5, Default, SM5 (DDC key hash: DE587D6BD9DCB59A4A9A80AE6B32C31C12930F1F), compiling. 
[2025.08.18-20.03.02:142][175]MaterialEditorStats: Texture samplers: 0/16
[2025.08.18-20.03.02:163][177]MaterialEditorStats: Texture samplers: 2/16
[2025.08.18-20.03.02:184][178]MaterialEditorStats: Base pass shader: 119 instructions
[2025.08.18-20.03.02:184][178]MaterialEditorStats: Base pass shader with Volumetric Lightmap: 193 instructions
[2025.08.18-20.03.02:184][178]MaterialEditorStats: Base pass vertex shader: 42 instructions
[2025.08.18-20.03.02:184][178]MaterialEditorStats: Texture samplers: 2/16
[2025.08.18-20.03.04:080][377]LogMaterial: Display: Missing cached shadermap for PreviewMaterial_1 in PCD3D_SM5, Default, SM5 (DDC key hash: 63ABB7407D5AB4925FCBBB5016F8D5F7E2C28777), compiling. 
[2025.08.18-20.03.04:081][377]LogMaterial: Display: Missing cached shadermap for FMatExpressionPreview MaterialExpressionVectorParameter_1 in PCD3D_SM5, Default, SM5 (DDC key hash: 408560C6FF7BA8E5999AE110AC4286DF9863B6C4), compiling. 
[2025.08.18-20.03.04:083][377]MaterialEditorStats: Texture samplers: 0/16
[2025.08.18-20.03.04:105][379]MaterialEditorStats: Texture samplers: 2/16
[2025.08.18-20.03.04:120][380]MaterialEditorStats: Base pass shader: 119 instructions
[2025.08.18-20.03.04:120][380]MaterialEditorStats: Base pass shader with Volumetric Lightmap: 193 instructions
[2025.08.18-20.03.04:120][380]MaterialEditorStats: Base pass vertex shader: 42 instructions
[2025.08.18-20.03.04:120][380]MaterialEditorStats: Texture samplers: 2/16
[2025.08.18-20.03.06:441][572]LogMaterial: Display: Missing cached shadermap for PreviewMaterial_1 in PCD3D_SM5, Default, SM5 (DDC key hash: C7C3511B64AD16AF8B5CB606E714D3739C2DCAA9), compiling. 
[2025.08.18-20.03.06:442][572]LogMaterial: Display: Missing cached shadermap for FMatExpressionPreview MaterialExpressionVectorParameter_1 in PCD3D_SM5, Default, SM5 (DDC key hash: 5E29352AE3BB0795D854C4FF54F506200D0C1BDC), compiling. 
[2025.08.18-20.03.06:444][572]MaterialEditorStats: Texture samplers: 0/16
[2025.08.18-20.03.06:467][574]MaterialEditorStats: Texture samplers: 2/16
[2025.08.18-20.03.06:488][575]MaterialEditorStats: Base pass shader: 119 instructions
[2025.08.18-20.03.06:488][575]MaterialEditorStats: Base pass shader with Volumetric Lightmap: 193 instructions
[2025.08.18-20.03.06:488][575]MaterialEditorStats: Base pass vertex shader: 42 instructions
[2025.08.18-20.03.06:488][575]MaterialEditorStats: Texture samplers: 2/16
[2025.08.18-20.03.08:610][781]LogMaterial: Display: Missing cached shadermap for PreviewMaterial_1 in PCD3D_SM5, Default, SM5 (DDC key hash: 0CB5D2E1F2267E9BC62D3CD26908C5E271162F41), compiling. 
[2025.08.18-20.03.08:611][781]LogMaterial: Display: Missing cached shadermap for FMatExpressionPreview MaterialExpressionVectorParameter_1 in PCD3D_SM5, Default, SM5 (DDC key hash: D2E923C5B47D36641620F7F01C49D1AE816EDFA4), compiling. 
[2025.08.18-20.03.08:613][781]MaterialEditorStats: Texture samplers: 0/16
[2025.08.18-20.03.08:635][783]MaterialEditorStats: Texture samplers: 2/16
[2025.08.18-20.03.08:654][784]MaterialEditorStats: Base pass shader: 119 instructions
[2025.08.18-20.03.08:654][784]MaterialEditorStats: Base pass shader with Volumetric Lightmap: 193 instructions
[2025.08.18-20.03.08:654][784]MaterialEditorStats: Base pass vertex shader: 42 instructions
[2025.08.18-20.03.08:654][784]MaterialEditorStats: Texture samplers: 2/16
[2025.08.18-20.03.12:895][282]LogSlate: Window 'Seletor de Cor' being destroyed
[2025.08.18-20.03.21:008][481]LogSlate: Window 'Mensagem' being destroyed
[2025.08.18-20.03.21:013][481]Message dialog closed, result: Yes, title: Mensagem, text: Deseja aplicar as mudanças deste material ao material original?
/Game/NewMaterial.NewMaterial
(Se não, todas as mudanças serão perdidas!)
[2025.08.18-20.03.21:292][481]LogMaterial: Display: Missing cached shadermap for PreviewMaterial_1 in PCD3D_SM5, Default, SM5 (DDC key hash: 2992F3C6BC83A9118197F04C692F8435710DD0D0), compiling. 
[2025.08.18-20.03.21:316][481]LogMaterial: Display: Missing cached shadermap for NewMaterial in PCD3D_SM5, Default, SM5 (DDC key hash: AF64DEDFA6BCC19D138B1727FBA97B8063711FAF), compiling. 
[2025.08.18-20.03.21:345][481]LogUObjectHash: Compacting FUObjectHashTables data took   0.75ms
[2025.08.18-20.03.21:348][481]LogShaderCompilers: Display: Submitted 2 shader compile jobs with 'ForceLocal' priority
[2025.08.18-20.03.21:660][481]LogShaderCompilers: Display: Worker (1/9): shaders left to compile 2
[2025.08.18-20.03.21:660][481]LogShaderCompilers: Display: Worker (2/9): shaders left to compile 1
[2025.08.18-20.03.21:660][481]LogShaderCompilers: Display: Started 2 'Local' shader compile jobs with 'ForceLocal' priority
[2025.08.18-20.03.21:661][481]LogUObjectHash: Compacting FUObjectHashTables data took   0.60ms
[2025.08.18-20.03.21:673][481]LogSlate: Window 'NewMaterial' being destroyed
[2025.08.18-20.03.21:673][481]LogSlate: Window 'NewMaterial' being destroyed
[2025.08.18-20.03.21:685][481]LogWorld: UWorld::CleanupWorld for World_5, bSessionEnded=true, bCleanupResources=true
[2025.08.18-20.03.21:685][481]LogSlate: InvalidateAllWidgets triggered.  All widgets were invalidated
[2025.08.18-20.03.21:702][481]LogShaderCompilers: Display: Submitted 2 shader compile jobs with 'ForceLocal' priority
[2025.08.18-20.03.21:708][481]LogShaderCompilers: Display: Worker (1/9): shaders left to compile 2
[2025.08.18-20.03.21:708][481]LogShaderCompilers: Display: Worker (2/9): shaders left to compile 1
[2025.08.18-20.03.21:708][481]LogShaderCompilers: Display: Started 2 'Local' shader compile jobs with 'ForceLocal' priority
[2025.08.18-20.03.21:717][481]LogShaderCompilers: Display: Submitted 12 shader compile jobs with 'Normal' priority
[2025.08.18-20.03.21:717][481]LogShaderCompilers: Display: Worker (3/9): shaders left to compile 12
[2025.08.18-20.03.21:717][481]LogShaderCompilers: Display: Worker (4/9): shaders left to compile 10
[2025.08.18-20.03.21:717][481]LogShaderCompilers: Display: Worker (5/9): shaders left to compile 8
[2025.08.18-20.03.21:717][481]LogShaderCompilers: Display: Worker (6/9): shaders left to compile 6
[2025.08.18-20.03.21:717][481]LogShaderCompilers: Display: Worker (7/9): shaders left to compile 4
[2025.08.18-20.03.21:717][481]LogShaderCompilers: Display: Worker (8/9): shaders left to compile 2
[2025.08.18-20.03.21:717][481]LogShaderCompilers: Display: Started 12 'Local' shader compile jobs with 'Normal' priority
[2025.08.18-20.03.31:923][595]LogEditorViewport: Clicking on Actor (LMB): StaticMeshActor (Wall_400x304)
[2025.08.18-20.03.32:529][667]LogEditorViewport: Clicking on Actor (LMB): StaticMeshActor (Wall_400x304)
[2025.08.18-20.03.34:246][872]LogEditorViewport: Clicking on Component (LMB): StaticMeshComponent (StaticMeshComponent0)
[2025.08.18-20.03.40:582][587]LogEditorViewport: Clicking on Component (LMB): StaticMeshComponent (StaticMeshComponent0)
[2025.08.18-20.03.40:678][598]LogEditorViewport: Clicking on Actor (double click): StaticMeshActor (Wall_400x304)
[2025.08.18-20.03.42:630][819]LogAssetEditorSubsystem: Opening Asset editor for Material /Game/StarterContent/Materials/M_Basic_Wall.M_Basic_Wall
[2025.08.18-20.03.42:631][819]LogMaterial: Display: Missing cached shadermap for M_Basic_Wall in PCD3D_SM5, Default, SM5 (DDC key hash: C4C5A085FB53233530F8119320F150528131F39D), compiling. 
[2025.08.18-20.03.42:746][819]LogMaterial: Display: Missing cached shadermap for M_Basic_Wall in PCD3D_SM5, Default, SM5 (DDC key hash: E3C1DE2628C628AF3FBE2A93473CCA5B0EFE6E0A), compiling. 
[2025.08.18-20.03.42:748][819]LogMaterial: Display: Missing cached shadermap for M_Basic_Wall in PCD3D_SM5, Default, SM5 (DDC key hash: 19DF924731372A67F89B08CAFB7EC4D950CF2B11), compiling. 
[2025.08.18-20.03.42:749][819]LogMaterial: Display: Missing cached shadermap for FMatExpressionPreview MaterialExpressionVectorParameter_1 in PCD3D_SM5, Default, SM5 (DDC key hash: F2F68607FE2A7E9E5B9DBD42FDAB762099CE0B87), compiling. 
[2025.08.18-20.03.42:766][819]MaterialEditorStats: Texture samplers: 0/16
[2025.08.18-20.03.42:810][820]MaterialEditorStats: Base pass shader: 120 instructions
[2025.08.18-20.03.42:810][820]MaterialEditorStats: Base pass shader with Surface Lightmap: 147 instructions
[2025.08.18-20.03.42:810][820]MaterialEditorStats: Base pass shader with Volumetric Lightmap: 194 instructions
[2025.08.18-20.03.42:810][820]MaterialEditorStats: Base pass vertex shader: 42 instructions
[2025.08.18-20.03.42:810][820]MaterialEditorStats: Texture samplers: 2/16
[2025.08.18-20.03.49:080][477]LogSlate: Window 'Seletor de Cor' being destroyed
[2025.08.18-20.03.55:990][279]LogMaterial: Display: Missing cached shadermap for M_Basic_Wall in PCD3D_SM5, Default, SM5 (DDC key hash: 158B9DC070D4E4F078726B39C283B1DA5FB5515D), compiling. 
[2025.08.18-20.03.55:992][279]LogMaterial: Display: Missing cached shadermap for FMatExpressionPreview MaterialExpressionVectorParameter_1 in PCD3D_SM5, Default, SM5 (DDC key hash: DCFA268ECD9B37E1840BCDDF62DCA939A04461C2), compiling. 
[2025.08.18-20.03.55:994][279]MaterialEditorStats: Texture samplers: 0/16
[2025.08.18-20.03.56:018][281]MaterialEditorStats: Texture samplers: 2/16
[2025.08.18-20.03.56:032][282]MaterialEditorStats: Base pass shader: 120 instructions
[2025.08.18-20.03.56:032][282]MaterialEditorStats: Base pass shader with Surface Lightmap: 147 instructions
[2025.08.18-20.03.56:032][282]MaterialEditorStats: Base pass shader with Volumetric Lightmap: 194 instructions
[2025.08.18-20.03.56:032][282]MaterialEditorStats: Base pass vertex shader: 42 instructions
[2025.08.18-20.03.56:032][282]MaterialEditorStats: Texture samplers: 2/16
[2025.08.18-20.04.00:688][690]LogMaterial: Display: Missing cached shadermap for M_Basic_Wall in PCD3D_SM5, Default, SM5 (DDC key hash: C3294F0E989BF7359CD414D1CF51D96CE8AE942F), compiling. 
[2025.08.18-20.04.00:690][690]LogMaterial: Display: Missing cached shadermap for FMatExpressionPreview MaterialExpressionVectorParameter_1 in PCD3D_SM5, Default, SM5 (DDC key hash: B953349A8C7C8C523446B220D40318F46FF2FF27), compiling. 
[2025.08.18-20.04.00:692][690]MaterialEditorStats: Texture samplers: 0/16
[2025.08.18-20.04.00:713][692]MaterialEditorStats: Texture samplers: 2/16
[2025.08.18-20.04.00:727][693]MaterialEditorStats: Base pass shader: 120 instructions
[2025.08.18-20.04.00:727][693]MaterialEditorStats: Base pass shader with Surface Lightmap: 147 instructions
[2025.08.18-20.04.00:727][693]MaterialEditorStats: Base pass shader with Volumetric Lightmap: 194 instructions
[2025.08.18-20.04.00:727][693]MaterialEditorStats: Base pass vertex shader: 42 instructions
[2025.08.18-20.04.00:727][693]MaterialEditorStats: Texture samplers: 2/16
[2025.08.18-20.04.04:444][ 78]LogMaterial: Display: Missing cached shadermap for M_Basic_Wall in PCD3D_SM5, Default, SM5 (DDC key hash: 5F09FEC6C2C3F3FF1F35EFF94AB4B0DA1DA0B4FB), compiling. 
[2025.08.18-20.04.04:445][ 78]LogMaterial: Display: Missing cached shadermap for FMatExpressionPreview MaterialExpressionVectorParameter_1 in PCD3D_SM5, Default, SM5 (DDC key hash: 6530C9CFABC8A509DE5783E534E1D22AAA06E8C6), compiling. 
[2025.08.18-20.04.04:446][ 78]LogSlate: Window 'Seletor de Cor' being destroyed
[2025.08.18-20.04.04:451][ 78]MaterialEditorStats: Texture samplers: 0/16
[2025.08.18-20.04.04:460][ 79]MaterialEditorStats: Texture samplers: 2/16
[2025.08.18-20.04.04:481][ 80]MaterialEditorStats: Base pass shader: 120 instructions
[2025.08.18-20.04.04:481][ 80]MaterialEditorStats: Base pass shader with Surface Lightmap: 147 instructions
[2025.08.18-20.04.04:481][ 80]MaterialEditorStats: Base pass shader with Volumetric Lightmap: 194 instructions
[2025.08.18-20.04.04:481][ 80]MaterialEditorStats: Base pass vertex shader: 42 instructions
[2025.08.18-20.04.04:481][ 80]MaterialEditorStats: Texture samplers: 2/16
[2025.08.18-20.04.11:089][442]LogSlate: Window 'Mensagem' being destroyed
[2025.08.18-20.04.11:094][442]Message dialog closed, result: Yes, title: Mensagem, text: Deseja aplicar as mudanças deste material ao material original?
/Game/StarterContent/Materials/M_Basic_Wall.M_Basic_Wall
(Se não, todas as mudanças serão perdidas!)
[2025.08.18-20.04.11:373][442]LogMaterial: Display: Missing cached shadermap for M_Basic_Wall in PCD3D_SM5, Default, SM5 (DDC key hash: AD786728A36D93B73BA6D55788625299C2FFCE7E), compiling. 
[2025.08.18-20.04.11:400][442]LogMaterial: Display: Missing cached shadermap for M_Basic_Wall in PCD3D_SM5, Default, SM5 (DDC key hash: 6872FF1FA84E8B1370862DE32B352E9CC6ACEF16), compiling. 
[2025.08.18-20.04.11:455][442]LogShaderCompilers: Display: Submitted 13 shader compile jobs with 'Normal' priority
[2025.08.18-20.04.11:467][442]LogShaderCompilers: Display: Worker (1/9): shaders left to compile 13
[2025.08.18-20.04.11:467][442]LogShaderCompilers: Display: Worker (2/9): shaders left to compile 11
[2025.08.18-20.04.11:467][442]LogShaderCompilers: Display: Worker (3/9): shaders left to compile 9
[2025.08.18-20.04.11:467][442]LogShaderCompilers: Display: Worker (4/9): shaders left to compile 7
[2025.08.18-20.04.11:467][442]LogShaderCompilers: Display: Worker (5/9): shaders left to compile 5
[2025.08.18-20.04.11:467][442]LogShaderCompilers: Display: Worker (6/9): shaders left to compile 3
[2025.08.18-20.04.11:467][442]LogShaderCompilers: Display: Worker (7/9): shaders left to compile 1
[2025.08.18-20.04.11:467][442]LogShaderCompilers: Display: Started 13 'Local' shader compile jobs with 'Normal' priority
[2025.08.18-20.04.11:467][442]LogUObjectHash: Compacting FUObjectHashTables data took   0.74ms
[2025.08.18-20.04.11:582][442]LogShaderCompilers: Display: === FShaderJobCache stats ===
[2025.08.18-20.04.11:582][442]LogShaderCompilers: Display: Total job queries 459, among them cache hits 334 (72.77%)
[2025.08.18-20.04.11:582][442]LogShaderCompilers: Display: Tracking 70 distinct input hashes that result in 28 distinct outputs (40.00%)
[2025.08.18-20.04.11:582][442]LogShaderCompilers: Display: RAM used: 0.16 MB (0.00 GB) of 819.20 MB (0.80 GB) budget. Usage: 0.02%
[2025.08.18-20.04.11:582][442]LogShaderCompilers: Display: ================================================
[2025.08.18-20.04.11:890][442]LogUObjectHash: Compacting FUObjectHashTables data took   1.39ms
[2025.08.18-20.04.11:897][442]LogSlate: Window 'M_Basic_Wall' being destroyed
[2025.08.18-20.04.11:899][442]LogSlate: Window 'M_Basic_Wall' being destroyed
[2025.08.18-20.04.11:920][442]LogWorld: UWorld::CleanupWorld for World_6, bSessionEnded=true, bCleanupResources=true
[2025.08.18-20.04.11:920][442]LogSlate: InvalidateAllWidgets triggered.  All widgets were invalidated
[2025.08.18-20.04.29:677][518]LogAssetEditorSubsystem: Opening Asset editor for Material /Game/NewMaterial.NewMaterial
[2025.08.18-20.04.29:678][518]LogMaterial: Display: Missing cached shadermap for NewMaterial in PCD3D_SM5, Default, SM5 (DDC key hash: 3B532B1406F8E4C9B1D8D0121F8A0319F8E4F155), compiling. 
[2025.08.18-20.04.29:793][518]LogMaterial: Display: Missing cached shadermap for NewMaterial in PCD3D_SM5, Default, SM5 (DDC key hash: 6199C5F63C995FAFFA869CD8E15F59C7BA7AB028), compiling. 
[2025.08.18-20.04.29:795][518]LogMaterial: Display: Missing cached shadermap for NewMaterial in PCD3D_SM5, Default, SM5 (DDC key hash: 05E72E7FEDA997FAEACAC84BA6E9C1BF0DCBB20D), compiling. 
[2025.08.18-20.04.29:796][518]LogMaterial: Display: Missing cached shadermap for FMatExpressionPreview MaterialExpressionVectorParameter_1 in PCD3D_SM5, Default, SM5 (DDC key hash: C96418424D33132A33ADB61C439F336616A51675), compiling. 
[2025.08.18-20.04.29:812][518]MaterialEditorStats: Texture samplers: 0/16
[2025.08.18-20.04.29:856][519]MaterialEditorStats: Base pass shader: 119 instructions
[2025.08.18-20.04.29:856][519]MaterialEditorStats: Base pass shader with Volumetric Lightmap: 193 instructions
[2025.08.18-20.04.29:856][519]MaterialEditorStats: Base pass vertex shader: 42 instructions
[2025.08.18-20.04.29:856][519]MaterialEditorStats: Texture samplers: 2/16
[2025.08.18-20.04.36:647][273]LogMaterial: Display: Missing cached shadermap for NewMaterial in PCD3D_SM5, Default, SM5 (DDC key hash: 469D90A94088CC426E700A33A02C8FBD4199E75B), compiling. 
[2025.08.18-20.04.36:648][273]LogMaterial: Display: Missing cached shadermap for FMatExpressionPreview MaterialExpressionVectorParameter_1 in PCD3D_SM5, Default, SM5 (DDC key hash: BCDED42D28AB17FF5824B9115634F69797E1AA87), compiling. 
[2025.08.18-20.04.36:650][273]MaterialEditorStats: Texture samplers: 0/16
[2025.08.18-20.04.36:671][275]MaterialEditorStats: Texture samplers: 2/16
[2025.08.18-20.04.36:687][276]MaterialEditorStats: Base pass shader: 119 instructions
[2025.08.18-20.04.36:687][276]MaterialEditorStats: Base pass shader with Volumetric Lightmap: 193 instructions
[2025.08.18-20.04.36:687][276]MaterialEditorStats: Base pass vertex shader: 42 instructions
[2025.08.18-20.04.36:687][276]MaterialEditorStats: Texture samplers: 2/16
[2025.08.18-20.04.39:525][546]LogMaterial: Display: Missing cached shadermap for NewMaterial in PCD3D_SM5, Default, SM5 (DDC key hash: 62687A705BBABE2C616C7DF852105BBF0707167C), compiling. 
[2025.08.18-20.04.39:527][546]LogMaterial: Display: Missing cached shadermap for FMatExpressionPreview MaterialExpressionVectorParameter_1 in PCD3D_SM5, Default, SM5 (DDC key hash: 1BB4C9166C833D16A96F7EEFB2C065FEB41C64F9), compiling. 
[2025.08.18-20.04.39:529][546]MaterialEditorStats: Texture samplers: 0/16
[2025.08.18-20.04.39:550][548]MaterialEditorStats: Texture samplers: 2/16
[2025.08.18-20.04.39:567][549]MaterialEditorStats: Base pass shader: 119 instructions
[2025.08.18-20.04.39:567][549]MaterialEditorStats: Base pass shader with Volumetric Lightmap: 193 instructions
[2025.08.18-20.04.39:567][549]MaterialEditorStats: Base pass vertex shader: 42 instructions
[2025.08.18-20.04.39:567][549]MaterialEditorStats: Texture samplers: 2/16
[2025.08.18-20.04.41:506][736]LogMaterial: Display: Missing cached shadermap for NewMaterial in PCD3D_SM5, Default, SM5 (DDC key hash: 7EAA40EF75106FE6974375143CCBC2DE3FB68FBA), compiling. 
[2025.08.18-20.04.41:507][736]LogMaterial: Display: Missing cached shadermap for FMatExpressionPreview MaterialExpressionVectorParameter_1 in PCD3D_SM5, Default, SM5 (DDC key hash: 1F56E60FAB63EE73C1BC6C1AC474F1D9D34B1409), compiling. 
[2025.08.18-20.04.41:509][736]MaterialEditorStats: Texture samplers: 0/16
[2025.08.18-20.04.41:532][738]MaterialEditorStats: Texture samplers: 2/16
[2025.08.18-20.04.41:546][739]MaterialEditorStats: Base pass shader: 119 instructions
[2025.08.18-20.04.41:546][739]MaterialEditorStats: Base pass shader with Volumetric Lightmap: 193 instructions
[2025.08.18-20.04.41:546][739]MaterialEditorStats: Base pass vertex shader: 42 instructions
[2025.08.18-20.04.41:546][739]MaterialEditorStats: Texture samplers: 2/16
[2025.08.18-20.04.43:396][959]LogMaterial: Display: Missing cached shadermap for NewMaterial in PCD3D_SM5, Default, SM5 (DDC key hash: 31CD3CC1818FA24C72E041715FBBE0E93536D08C), compiling. 
[2025.08.18-20.04.43:398][959]LogMaterial: Display: Missing cached shadermap for FMatExpressionPreview MaterialExpressionVectorParameter_1 in PCD3D_SM5, Default, SM5 (DDC key hash: C71787E217F74B9F505FA103BED005E194CB6811), compiling. 
[2025.08.18-20.04.43:399][959]LogSlate: Window 'Seletor de Cor' being destroyed
[2025.08.18-20.04.43:404][959]MaterialEditorStats: Texture samplers: 0/16
[2025.08.18-20.04.43:427][961]MaterialEditorStats: Base pass shader: 119 instructions
[2025.08.18-20.04.43:427][961]MaterialEditorStats: Base pass shader with Volumetric Lightmap: 193 instructions
[2025.08.18-20.04.43:427][961]MaterialEditorStats: Base pass vertex shader: 42 instructions
[2025.08.18-20.04.43:427][961]MaterialEditorStats: Texture samplers: 2/16
[2025.08.18-20.04.52:326][958]LogMaterial: Display: Missing cached shadermap for NewMaterial in PCD3D_SM5, Default, SM5 (DDC key hash: CDA3150D56D1576694DBDD8509658ECE623256D4), compiling. 
[2025.08.18-20.04.52:327][958]LogMaterial: Display: Missing cached shadermap for FMatExpressionPreview MaterialExpressionVectorParameter_1 in PCD3D_SM5, Default, SM5 (DDC key hash: 45C400FE931D17B04BEF82687F237EC3914C09DE), compiling. 
[2025.08.18-20.04.52:329][958]LogSlate: Window 'Seletor de Cor' being destroyed
[2025.08.18-20.04.52:334][958]MaterialEditorStats: Texture samplers: 0/16
[2025.08.18-20.04.52:358][960]MaterialEditorStats: Base pass shader: 119 instructions
[2025.08.18-20.04.52:358][960]MaterialEditorStats: Base pass shader with Volumetric Lightmap: 193 instructions
[2025.08.18-20.04.52:358][960]MaterialEditorStats: Base pass vertex shader: 42 instructions
[2025.08.18-20.04.52:358][960]MaterialEditorStats: Texture samplers: 2/16
[2025.08.18-20.04.57:271][235]LogSlate: Window 'Mensagem' being destroyed
[2025.08.18-20.04.57:277][235]Message dialog closed, result: Yes, title: Mensagem, text: Deseja aplicar as mudanças deste material ao material original?
/Game/NewMaterial.NewMaterial
(Se não, todas as mudanças serão perdidas!)
[2025.08.18-20.04.57:550][235]LogMaterial: Display: Missing cached shadermap for NewMaterial in PCD3D_SM5, Default, SM5 (DDC key hash: 28CAE1FC2A28204AA4149F2CB2F4BBE87E761FEB), compiling. 
[2025.08.18-20.04.57:580][235]LogMaterial: Display: Missing cached shadermap for NewMaterial in PCD3D_SM5, Default, SM5 (DDC key hash: 47229CF19EC1B90DDD787B411259B8BF9B4E7835), compiling. 
[2025.08.18-20.04.57:607][235]LogUObjectHash: Compacting FUObjectHashTables data took   0.64ms
[2025.08.18-20.04.57:732][235]LogUObjectHash: Compacting FUObjectHashTables data took   0.59ms
[2025.08.18-20.04.57:738][235]LogSlate: Window 'NewMaterial' being destroyed
[2025.08.18-20.04.57:739][235]LogSlate: Window 'NewMaterial' being destroyed
[2025.08.18-20.04.57:750][235]LogWorld: UWorld::CleanupWorld for World_7, bSessionEnded=true, bCleanupResources=true
[2025.08.18-20.04.57:751][235]LogSlate: InvalidateAllWidgets triggered.  All widgets were invalidated
[2025.08.18-20.05.02:062][695]LogAssetEditorSubsystem: Opening Asset editor for Material /Game/NewMaterial.NewMaterial
[2025.08.18-20.05.02:063][695]LogMaterial: Display: Missing cached shadermap for PreviewMaterial_2 in PCD3D_SM5, Default, SM5 (DDC key hash: 284A2257FA00C4890A9F00CBDA85732693E13D7E), compiling. 
[2025.08.18-20.05.02:070][695]LogShaderCompilers: Display: Submitted 10 shader compile jobs with 'Normal' priority
[2025.08.18-20.05.02:146][695]LogMaterial: Display: Missing cached shadermap for PreviewMaterial_2 in PCD3D_SM5, Default, SM5 (DDC key hash: BACE8023918D1D12AC50E9738BE505A91BFAD904), compiling. 
[2025.08.18-20.05.02:147][695]LogMaterial: Display: Missing cached shadermap for PreviewMaterial_2 in PCD3D_SM5, Default, SM5 (DDC key hash: 17E54153D2188399A5E50B917A92FE62CD857184), compiling. 
[2025.08.18-20.05.02:149][695]LogMaterial: Display: Missing cached shadermap for FMatExpressionPreview MaterialExpressionVectorParameter_1 in PCD3D_SM5, Default, SM5 (DDC key hash: A9B2AA3147BC4DCEBEC62B939C220A13A2053D5C), compiling. 
[2025.08.18-20.05.02:165][695]MaterialEditorStats: Texture samplers: 0/16
[2025.08.18-20.05.02:204][696]LogShaderCompilers: Display: Submitted 2 shader compile jobs with 'ForceLocal' priority
[2025.08.18-20.05.02:205][696]LogShaderCompilers: Display: Submitted 8 shader compile jobs with 'Normal' priority
[2025.08.18-20.05.02:205][696]LogShaderCompilers: Display: Worker (1/9): shaders left to compile 2
[2025.08.18-20.05.02:205][696]LogShaderCompilers: Display: Worker (2/9): shaders left to compile 1
[2025.08.18-20.05.02:205][696]LogShaderCompilers: Display: Worker (3/9): shaders left to compile 8
[2025.08.18-20.05.02:205][696]LogShaderCompilers: Display: Worker (4/9): shaders left to compile 6
[2025.08.18-20.05.02:205][696]LogShaderCompilers: Display: Worker (5/9): shaders left to compile 4
[2025.08.18-20.05.02:205][696]LogShaderCompilers: Display: Worker (6/9): shaders left to compile 2
[2025.08.18-20.05.02:205][696]LogShaderCompilers: Display: Started 8 'Local' shader compile jobs with 'Normal' priority
[2025.08.18-20.05.02:205][696]LogShaderCompilers: Display: Started 2 'Local' shader compile jobs with 'ForceLocal' priority
[2025.08.18-20.05.02:910][745]MaterialEditorStats: Texture samplers: 2/16
[2025.08.18-20.05.03:418][794]MaterialEditorStats: Base pass shader: 119 instructions
[2025.08.18-20.05.03:418][794]MaterialEditorStats: Base pass shader with Volumetric Lightmap: 193 instructions
[2025.08.18-20.05.03:418][794]MaterialEditorStats: Base pass vertex shader: 42 instructions
[2025.08.18-20.05.03:418][794]MaterialEditorStats: Texture samplers: 2/16
[2025.08.18-20.05.24:935][ 17]LogMaterial: Display: Missing cached shadermap for PreviewMaterial_2 in PCD3D_SM5, Default, SM5 (DDC key hash: 3E67E4C5DBEB1D6A9B439014726574620F50588B), compiling. 
[2025.08.18-20.05.24:936][ 17]LogMaterial: Display: Missing cached shadermap for FMatExpressionPreview MaterialExpressionVectorParameter_1 in PCD3D_SM5, Default, SM5 (DDC key hash: AFCEB7084D7E9DBE8783C73475CD9BE4A2A61500), compiling. 
[2025.08.18-20.05.24:938][ 17]LogSlate: Window 'Seletor de Cor' being destroyed
[2025.08.18-20.05.24:941][ 17]MaterialEditorStats: Texture samplers: 0/16
[2025.08.18-20.05.24:965][ 19]MaterialEditorStats: Base pass shader: 119 instructions
[2025.08.18-20.05.24:965][ 19]MaterialEditorStats: Base pass shader with Volumetric Lightmap: 193 instructions
[2025.08.18-20.05.24:965][ 19]MaterialEditorStats: Base pass vertex shader: 42 instructions
[2025.08.18-20.05.24:965][ 19]MaterialEditorStats: Texture samplers: 2/16
[2025.08.18-20.05.35:911][711]LogSlate: Window 'Mensagem' being destroyed
[2025.08.18-20.05.35:917][711]Message dialog closed, result: Yes, title: Mensagem, text: Deseja aplicar as mudanças deste material ao material original?
/Game/NewMaterial.NewMaterial
(Se não, todas as mudanças serão perdidas!)
[2025.08.18-20.05.36:184][711]LogMaterial: Display: Missing cached shadermap for PreviewMaterial_2 in PCD3D_SM5, Default, SM5 (DDC key hash: 7E4294E851C563B6EAD3943FB13207830594CEC6), compiling. 
[2025.08.18-20.05.36:203][711]LogMaterial: Display: Missing cached shadermap for NewMaterial in PCD3D_SM5, Default, SM5 (DDC key hash: C5A18A1838BE357841AF04F01BBF9CEF2B83B2FF), compiling. 
[2025.08.18-20.05.36:230][711]LogUObjectHash: Compacting FUObjectHashTables data took   0.64ms
[2025.08.18-20.05.36:364][711]LogUObjectHash: Compacting FUObjectHashTables data took   0.56ms
[2025.08.18-20.05.36:370][711]LogSlate: Window 'NewMaterial' being destroyed
[2025.08.18-20.05.36:371][711]LogSlate: Window 'NewMaterial' being destroyed
[2025.08.18-20.05.36:382][711]LogWorld: UWorld::CleanupWorld for World_8, bSessionEnded=true, bCleanupResources=true
[2025.08.18-20.05.36:383][711]LogSlate: InvalidateAllWidgets triggered.  All widgets were invalidated
[2025.08.18-20.05.57:684][233]LogAssetEditorSubsystem: Opening Asset editor for Material /Game/NewMaterial.NewMaterial
[2025.08.18-20.05.57:685][233]LogMaterial: Display: Missing cached shadermap for PreviewMaterial_3 in PCD3D_SM5, Default, SM5 (DDC key hash: 288E49977793BE2EEBA6C51721D0E736E23007C4), compiling. 
[2025.08.18-20.05.57:692][233]LogShaderCompilers: Display: Submitted 10 shader compile jobs with 'Normal' priority
[2025.08.18-20.05.57:782][233]LogMaterial: Display: Missing cached shadermap for PreviewMaterial_3 in PCD3D_SM5, Default, SM5 (DDC key hash: 8A67000695922233BBFD36E6DBBEE76FC74D4470), compiling. 
[2025.08.18-20.05.57:784][233]LogMaterial: Display: Missing cached shadermap for PreviewMaterial_3 in PCD3D_SM5, Default, SM5 (DDC key hash: AC1AACF113218EEC2DCC2D44233349CA7E235998), compiling. 
[2025.08.18-20.05.57:785][233]LogMaterial: Display: Missing cached shadermap for FMatExpressionPreview MaterialExpressionVectorParameter_1 in PCD3D_SM5, Default, SM5 (DDC key hash: 70050F6D2EEF64FF2FEBF45369A074C548005CA0), compiling. 
[2025.08.18-20.05.57:801][233]MaterialEditorStats: Texture samplers: 0/16
[2025.08.18-20.05.57:840][234]LogShaderCompilers: Display: Submitted 2 shader compile jobs with 'ForceLocal' priority
[2025.08.18-20.05.57:840][234]LogShaderCompilers: Display: Submitted 8 shader compile jobs with 'Normal' priority
[2025.08.18-20.05.57:840][234]LogShaderCompilers: Display: Worker (1/9): shaders left to compile 2
[2025.08.18-20.05.57:840][234]LogShaderCompilers: Display: Worker (2/9): shaders left to compile 1
[2025.08.18-20.05.57:840][234]LogShaderCompilers: Display: Worker (3/9): shaders left to compile 8
[2025.08.18-20.05.57:840][234]LogShaderCompilers: Display: Worker (4/9): shaders left to compile 6
[2025.08.18-20.05.57:840][234]LogShaderCompilers: Display: Worker (5/9): shaders left to compile 4
[2025.08.18-20.05.57:840][234]LogShaderCompilers: Display: Worker (6/9): shaders left to compile 2
[2025.08.18-20.05.57:840][234]LogShaderCompilers: Display: Started 8 'Local' shader compile jobs with 'Normal' priority
[2025.08.18-20.05.57:840][234]LogShaderCompilers: Display: Started 2 'Local' shader compile jobs with 'ForceLocal' priority
[2025.08.18-20.05.58:522][280]MaterialEditorStats: Texture samplers: 2/16
[2025.08.18-20.05.59:057][328]MaterialEditorStats: Base pass shader: 119 instructions
[2025.08.18-20.05.59:057][328]MaterialEditorStats: Base pass shader with Volumetric Lightmap: 193 instructions
[2025.08.18-20.05.59:057][328]MaterialEditorStats: Base pass vertex shader: 42 instructions
[2025.08.18-20.05.59:057][328]MaterialEditorStats: Texture samplers: 2/16
[2025.08.18-20.06.07:522][205]LogMaterial: Display: Missing cached shadermap for PreviewMaterial_3 in PCD3D_SM5, Default, SM5 (DDC key hash: E5ECAEB132BFB621E51DB2CE0A81D75822B38785), compiling. 
[2025.08.18-20.06.07:523][205]LogMaterial: Display: Missing cached shadermap for FMatExpressionPreview MaterialExpressionVectorParameter_1 in PCD3D_SM5, Default, SM5 (DDC key hash: ECD5BC13F6C1A5C220A839C8C2368CED3FFD08DE), compiling. 
[2025.08.18-20.06.07:525][205]MaterialEditorStats: Texture samplers: 0/16
[2025.08.18-20.06.07:546][207]MaterialEditorStats: Texture samplers: 2/16
[2025.08.18-20.06.07:562][208]MaterialEditorStats: Base pass shader: 119 instructions
[2025.08.18-20.06.07:562][208]MaterialEditorStats: Base pass shader with Volumetric Lightmap: 193 instructions
[2025.08.18-20.06.07:562][208]MaterialEditorStats: Base pass vertex shader: 42 instructions
[2025.08.18-20.06.07:562][208]MaterialEditorStats: Texture samplers: 2/16
[2025.08.18-20.06.15:429][126]LogMaterial: Display: Missing cached shadermap for PreviewMaterial_3 in PCD3D_SM5, Default, SM5 (DDC key hash: E8E505F66B90AEDD72E30B485FF331F9A84198D0), compiling. 
[2025.08.18-20.06.15:431][126]LogMaterial: Display: Missing cached shadermap for FMatExpressionPreview MaterialExpressionVectorParameter_1 in PCD3D_SM5, Default, SM5 (DDC key hash: 687EF0F97244F0DA24F4976A8C2DED3D3D3A42ED), compiling. 
[2025.08.18-20.06.15:433][126]MaterialEditorStats: Texture samplers: 0/16
[2025.08.18-20.06.15:454][128]MaterialEditorStats: Texture samplers: 2/16
[2025.08.18-20.06.15:469][129]MaterialEditorStats: Base pass shader: 119 instructions
[2025.08.18-20.06.15:469][129]MaterialEditorStats: Base pass shader with Volumetric Lightmap: 193 instructions
[2025.08.18-20.06.15:469][129]MaterialEditorStats: Base pass vertex shader: 42 instructions
[2025.08.18-20.06.15:469][129]MaterialEditorStats: Texture samplers: 2/16
[2025.08.18-20.06.18:102][430]LogMaterial: Display: Missing cached shadermap for PreviewMaterial_3 in PCD3D_SM5, Default, SM5 (DDC key hash: C0C894F4F4A6A8DD33F2AC8CE2C1631BF3619DFA), compiling. 
[2025.08.18-20.06.18:103][430]LogMaterial: Display: Missing cached shadermap for FMatExpressionPreview MaterialExpressionVectorParameter_1 in PCD3D_SM5, Default, SM5 (DDC key hash: F8B69B265CCB7DA132627E1C0CFC00D47D308F67), compiling. 
[2025.08.18-20.06.18:104][430]LogSlate: Window 'Seletor de Cor' being destroyed
[2025.08.18-20.06.18:108][430]MaterialEditorStats: Texture samplers: 0/16
[2025.08.18-20.06.18:117][431]MaterialEditorStats: Texture samplers: 2/16
[2025.08.18-20.06.18:133][432]MaterialEditorStats: Base pass shader: 119 instructions
[2025.08.18-20.06.18:133][432]MaterialEditorStats: Base pass shader with Volumetric Lightmap: 193 instructions
[2025.08.18-20.06.18:133][432]MaterialEditorStats: Base pass vertex shader: 42 instructions
[2025.08.18-20.06.18:133][432]MaterialEditorStats: Texture samplers: 2/16
[2025.08.18-20.06.22:981][763]LogSlate: Window 'Mensagem' being destroyed
[2025.08.18-20.06.22:986][763]Message dialog closed, result: Yes, title: Mensagem, text: Deseja aplicar as mudanças deste material ao material original?
/Game/NewMaterial.NewMaterial
(Se não, todas as mudanças serão perdidas!)
[2025.08.18-20.06.23:255][763]LogMaterial: Display: Missing cached shadermap for PreviewMaterial_3 in PCD3D_SM5, Default, SM5 (DDC key hash: 99803FF7933832431E5132A0576C44624942CD23), compiling. 
[2025.08.18-20.06.23:284][763]LogMaterial: Display: Missing cached shadermap for NewMaterial in PCD3D_SM5, Default, SM5 (DDC key hash: 43E4B818A212BBB936524A32406E74EB92647FF2), compiling. 
[2025.08.18-20.06.23:309][763]LogUObjectHash: Compacting FUObjectHashTables data took   0.68ms
[2025.08.18-20.06.23:427][763]LogUObjectHash: Compacting FUObjectHashTables data took   0.80ms
[2025.08.18-20.06.23:432][763]LogSlate: Window 'NewMaterial' being destroyed
[2025.08.18-20.06.23:433][763]LogSlate: Window 'NewMaterial' being destroyed
[2025.08.18-20.06.23:446][763]LogWorld: UWorld::CleanupWorld for World_9, bSessionEnded=true, bCleanupResources=true
[2025.08.18-20.06.23:446][763]LogSlate: InvalidateAllWidgets triggered.  All widgets were invalidated
[2025.08.18-20.06.27:254][198]LogEditorViewport: Clicking on Actor (LMB): StaticMeshActor (Wall_400x300)
[2025.08.18-20.06.27:515][226]LogEditorViewport: Clicking on Component (LMB): StaticMeshComponent (StaticMeshComponent0)
[2025.08.18-20.06.30:550][577]LogAssetEditorSubsystem: Opening Asset editor for StaticMesh /Game/StarterContent/Architecture/Wall_400x300.Wall_400x300
[2025.08.18-20.06.30:910][578]LogRenderer: Reallocating scene render targets to support 1208x548 Format 10 NumSamples 1 (Frame:1).
[2025.08.18-20.06.34:019][905]LogAssetEditorSubsystem: Opening Asset editor for Material /Game/StarterContent/Materials/M_Basic_Wall.M_Basic_Wall
[2025.08.18-20.06.34:020][905]LogMaterial: Display: Missing cached shadermap for PreviewMaterial_4 in PCD3D_SM5, Default, SM5 (DDC key hash: 7A3FFB1CCE16E1E1663B9D18ADC26CBD4FAEAF1C), compiling. 
[2025.08.18-20.06.34:031][905]LogShaderCompilers: Display: Submitted 12 shader compile jobs with 'Normal' priority
[2025.08.18-20.06.34:079][905]LogMaterial: Display: Missing cached shadermap for PreviewMaterial_4 in PCD3D_SM5, Default, SM5 (DDC key hash: ABC2ACE31AB6E609E454BD26B935FEF392F7FC77), compiling. 
[2025.08.18-20.06.34:081][905]LogMaterial: Display: Missing cached shadermap for PreviewMaterial_4 in PCD3D_SM5, Default, SM5 (DDC key hash: 0A1B7CB0C0827096A65A22DE6F85E53A13651D3F), compiling. 
[2025.08.18-20.06.34:082][905]LogMaterial: Display: Missing cached shadermap for FMatExpressionPreview MaterialExpressionVectorParameter_1 in PCD3D_SM5, Default, SM5 (DDC key hash: CFD0DBF0BCC0987B54CFB5D43D642AFD85E1A644), compiling. 
[2025.08.18-20.06.34:096][905]MaterialEditorStats: Texture samplers: 0/16
[2025.08.18-20.06.34:134][906]LogShaderCompilers: Display: Submitted 2 shader compile jobs with 'ForceLocal' priority
[2025.08.18-20.06.34:134][906]LogShaderCompilers: Display: Submitted 10 shader compile jobs with 'Normal' priority
[2025.08.18-20.06.34:134][906]LogShaderCompilers: Display: Worker (1/9): shaders left to compile 2
[2025.08.18-20.06.34:134][906]LogShaderCompilers: Display: Worker (2/9): shaders left to compile 1
[2025.08.18-20.06.34:134][906]LogShaderCompilers: Display: Worker (3/9): shaders left to compile 10
[2025.08.18-20.06.34:134][906]LogShaderCompilers: Display: Worker (4/9): shaders left to compile 8
[2025.08.18-20.06.34:134][906]LogShaderCompilers: Display: Worker (5/9): shaders left to compile 6
[2025.08.18-20.06.34:134][906]LogShaderCompilers: Display: Worker (6/9): shaders left to compile 4
[2025.08.18-20.06.34:134][906]LogShaderCompilers: Display: Worker (7/9): shaders left to compile 2
[2025.08.18-20.06.34:134][906]LogShaderCompilers: Display: Started 10 'Local' shader compile jobs with 'Normal' priority
[2025.08.18-20.06.34:134][906]LogShaderCompilers: Display: Started 2 'Local' shader compile jobs with 'ForceLocal' priority
[2025.08.18-20.06.34:959][959]MaterialEditorStats: Texture samplers: 2/16
[2025.08.18-20.06.35:563][ 11]MaterialEditorStats: Base pass shader: 120 instructions
[2025.08.18-20.06.35:563][ 11]MaterialEditorStats: Base pass shader with Surface Lightmap: 147 instructions
[2025.08.18-20.06.35:563][ 11]MaterialEditorStats: Base pass shader with Volumetric Lightmap: 194 instructions
[2025.08.18-20.06.35:563][ 11]MaterialEditorStats: Base pass vertex shader: 42 instructions
[2025.08.18-20.06.35:563][ 11]MaterialEditorStats: Texture samplers: 2/16
[2025.08.18-20.06.42:118][707]LogMaterial: Display: Missing cached shadermap for PreviewMaterial_4 in PCD3D_SM5, Default, SM5 (DDC key hash: 7F6620899C792158FFCDC8C4B61225B8FFE0A0A6), compiling. 
[2025.08.18-20.06.42:119][707]LogMaterial: Display: Missing cached shadermap for FMatExpressionPreview MaterialExpressionVectorParameter_1 in PCD3D_SM5, Default, SM5 (DDC key hash: 1988BE40C3270F28D9DA02C6045061904E5E80C3), compiling. 
[2025.08.18-20.06.42:121][707]MaterialEditorStats: Texture samplers: 0/16
[2025.08.18-20.06.42:142][709]MaterialEditorStats: Texture samplers: 2/16
[2025.08.18-20.06.42:159][710]MaterialEditorStats: Base pass shader: 120 instructions
[2025.08.18-20.06.42:159][710]MaterialEditorStats: Base pass shader with Surface Lightmap: 147 instructions
[2025.08.18-20.06.42:159][710]MaterialEditorStats: Base pass shader with Volumetric Lightmap: 194 instructions
[2025.08.18-20.06.42:159][710]MaterialEditorStats: Base pass vertex shader: 42 instructions
[2025.08.18-20.06.42:159][710]MaterialEditorStats: Texture samplers: 2/16
[2025.08.18-20.06.47:195][312]LogMaterial: Display: Missing cached shadermap for PreviewMaterial_4 in PCD3D_SM5, Default, SM5 (DDC key hash: DA792B4C15AABD3745521D8DD67B5D78753A557E), compiling. 
[2025.08.18-20.06.47:196][312]LogMaterial: Display: Missing cached shadermap for FMatExpressionPreview MaterialExpressionVectorParameter_1 in PCD3D_SM5, Default, SM5 (DDC key hash: 403FDE64B9559AE8F5845465F51E79D13605DA2C), compiling. 
[2025.08.18-20.06.47:198][312]MaterialEditorStats: Texture samplers: 0/16
[2025.08.18-20.06.47:239][315]MaterialEditorStats: Base pass shader: 120 instructions
[2025.08.18-20.06.47:239][315]MaterialEditorStats: Base pass shader with Surface Lightmap: 147 instructions
[2025.08.18-20.06.47:239][315]MaterialEditorStats: Base pass shader with Volumetric Lightmap: 194 instructions
[2025.08.18-20.06.47:239][315]MaterialEditorStats: Base pass vertex shader: 42 instructions
[2025.08.18-20.06.47:239][315]MaterialEditorStats: Texture samplers: 2/16
[2025.08.18-20.06.49:939][541]LogMaterial: Display: Missing cached shadermap for PreviewMaterial_4 in PCD3D_SM5, Default, SM5 (DDC key hash: DB4682580BD9D7AC29F7C8B4D768543998E72BAE), compiling. 
[2025.08.18-20.06.49:941][541]LogMaterial: Display: Missing cached shadermap for FMatExpressionPreview MaterialExpressionVectorParameter_1 in PCD3D_SM5, Default, SM5 (DDC key hash: 5344D8DE18B3E34FB366496FEACAA0399F9753E1), compiling. 
[2025.08.18-20.06.49:943][541]MaterialEditorStats: Texture samplers: 0/16
[2025.08.18-20.06.49:969][543]MaterialEditorStats: Texture samplers: 2/16
[2025.08.18-20.06.49:988][544]MaterialEditorStats: Base pass shader: 120 instructions
[2025.08.18-20.06.49:988][544]MaterialEditorStats: Base pass shader with Surface Lightmap: 147 instructions
[2025.08.18-20.06.49:988][544]MaterialEditorStats: Base pass shader with Volumetric Lightmap: 194 instructions
[2025.08.18-20.06.49:988][544]MaterialEditorStats: Base pass vertex shader: 42 instructions
[2025.08.18-20.06.49:989][544]MaterialEditorStats: Texture samplers: 2/16
[2025.08.18-20.06.52:103][730]LogMaterial: Display: Missing cached shadermap for PreviewMaterial_4 in PCD3D_SM5, Default, SM5 (DDC key hash: 9B5DA05A88027839DA52527F70CFE501553E8592), compiling. 
[2025.08.18-20.06.52:105][730]LogMaterial: Display: Missing cached shadermap for FMatExpressionPreview MaterialExpressionVectorParameter_1 in PCD3D_SM5, Default, SM5 (DDC key hash: 32D124EEC20208D45E96017BB1D7FEE8FB643C4A), compiling. 
[2025.08.18-20.06.52:107][730]MaterialEditorStats: Texture samplers: 0/16
[2025.08.18-20.06.52:137][732]MaterialEditorStats: Texture samplers: 2/16
[2025.08.18-20.06.52:156][733]MaterialEditorStats: Base pass shader: 120 instructions
[2025.08.18-20.06.52:156][733]MaterialEditorStats: Base pass shader with Surface Lightmap: 147 instructions
[2025.08.18-20.06.52:156][733]MaterialEditorStats: Base pass shader with Volumetric Lightmap: 194 instructions
[2025.08.18-20.06.52:156][733]MaterialEditorStats: Base pass vertex shader: 42 instructions
[2025.08.18-20.06.52:156][733]MaterialEditorStats: Texture samplers: 2/16
[2025.08.18-20.06.54:199][952]LogMaterial: Display: Missing cached shadermap for PreviewMaterial_4 in PCD3D_SM5, Default, SM5 (DDC key hash: 02D9A1ED04DD8ACD5BF045F7CC1057F73835CA32), compiling. 
[2025.08.18-20.06.54:200][952]LogMaterial: Display: Missing cached shadermap for FMatExpressionPreview MaterialExpressionVectorParameter_1 in PCD3D_SM5, Default, SM5 (DDC key hash: CE7722159A481310E634C209495F1073C60DFC23), compiling. 
[2025.08.18-20.06.54:202][952]LogSlate: Window 'Seletor de Cor' being destroyed
[2025.08.18-20.06.54:207][952]MaterialEditorStats: Texture samplers: 0/16
[2025.08.18-20.06.54:217][953]MaterialEditorStats: Texture samplers: 2/16
[2025.08.18-20.06.54:237][954]MaterialEditorStats: Base pass shader: 120 instructions
[2025.08.18-20.06.54:237][954]MaterialEditorStats: Base pass shader with Surface Lightmap: 147 instructions
[2025.08.18-20.06.54:238][954]MaterialEditorStats: Base pass shader with Volumetric Lightmap: 194 instructions
[2025.08.18-20.06.54:238][954]MaterialEditorStats: Base pass vertex shader: 42 instructions
[2025.08.18-20.06.54:238][954]MaterialEditorStats: Texture samplers: 2/16
[2025.08.18-20.06.59:748][366]LogSlate: Window 'Mensagem' being destroyed
[2025.08.18-20.06.59:753][366]Message dialog closed, result: Yes, title: Mensagem, text: Deseja aplicar as mudanças deste material ao material original?
/Game/StarterContent/Materials/M_Basic_Wall.M_Basic_Wall
(Se não, todas as mudanças serão perdidas!)
[2025.08.18-20.07.00:022][366]LogMaterial: Display: Missing cached shadermap for PreviewMaterial_4 in PCD3D_SM5, Default, SM5 (DDC key hash: E18DF5215FB212354495E7BBE0DBC137B4C2084D), compiling. 
[2025.08.18-20.07.00:037][366]LogMaterial: Display: Missing cached shadermap for M_Basic_Wall in PCD3D_SM5, Default, SM5 (DDC key hash: D5C89758F4EE42E09EE190FB584FD14A80E6CD8F), compiling. 
[2025.08.18-20.07.00:101][366]LogUObjectHash: Compacting FUObjectHashTables data took   0.61ms
[2025.08.18-20.07.00:228][366]LogUObjectHash: Compacting FUObjectHashTables data took   0.60ms
[2025.08.18-20.07.00:236][366]LogSlate: Window 'M_Basic_Wall' being destroyed
[2025.08.18-20.07.00:238][366]LogSlate: Window 'M_Basic_Wall' being destroyed
[2025.08.18-20.07.00:240][366]LogWorld: UWorld::CleanupWorld for World_10, bSessionEnded=true, bCleanupResources=true
[2025.08.18-20.07.00:240][366]LogSlate: InvalidateAllWidgets triggered.  All widgets were invalidated
[2025.08.18-20.07.00:289][366]LogWorld: UWorld::CleanupWorld for World_11, bSessionEnded=true, bCleanupResources=true
[2025.08.18-20.07.00:289][366]LogSlate: InvalidateAllWidgets triggered.  All widgets were invalidated
[2025.08.18-20.07.05:383][959]LogEditorViewport: Clicking on Actor (LMB): StaticMeshActor (Wall_400x304)
[2025.08.18-20.07.08:203][294]Cmd: DELETE
[2025.08.18-20.07.08:203][294]Cmd: ACTOR DELETE
[2025.08.18-20.07.08:204][294]LogEditorActor: Deleted Actor: StaticMeshActor
[2025.08.18-20.07.08:210][294]LogUObjectHash: Compacting FUObjectHashTables data took   0.58ms
[2025.08.18-20.07.08:211][294]LogEditorActor: Deleted 1 Actors (0.009 secs)
[2025.08.18-20.07.12:592][706]LogActorFactory: Actor Factory created Plane
[2025.08.18-20.07.14:520][926]LogActorFactory: Actor Factory created Plane
[2025.08.18-20.07.18:150][345]Cmd: OBJ SAVEPACKAGE PACKAGE="/Game/Cenas/Rafael" FILE="../../../../../../Users/rafael.anastácio/Documents/GitHub/Sorry/Content/Cenas/Rafael.umap" SILENT=true AUTOSAVING=false KEEPDIRTY=false
[2025.08.18-20.07.18:154][345]LogUObjectHash: Compacting FUObjectHashTables data took   0.60ms
[2025.08.18-20.07.18:167][345]LogSavePackage: Moving '../../../../../../Users/rafael.anastácio/Documents/GitHub/Sorry/Saved/Rafael274CAD6C435F7414B7EEF0B0300A3377.tmp' to '../../../../../../Users/rafael.anastácio/Documents/GitHub/Sorry/Content/Cenas/Rafael.umap'
[2025.08.18-20.07.18:185][345]AssetCheck: New page: Asset Save: Rafael
[2025.08.18-20.07.18:185][345]LogContentValidation: Display: Validating World /Game/Cenas/Rafael.Rafael
[2025.08.18-20.07.22:746][887]Cmd: OBJ SAVEPACKAGE PACKAGE="/Game/NewMaterial" FILE="../../../../../../Users/rafael.anastácio/Documents/GitHub/Sorry/Content/NewMaterial.uasset" SILENT=true
[2025.08.18-20.07.22:750][887]LogSavePackage: Moving '../../../../../../Users/rafael.anastácio/Documents/GitHub/Sorry/Saved/NewMaterial95BB6CE54CFD18A2A65A56B292B63E02.tmp' to '../../../../../../Users/rafael.anastácio/Documents/GitHub/Sorry/Content/NewMaterial.uasset'
[2025.08.18-20.07.22:759][887]AssetCheck: New page: Asset Save: NewMaterial
[2025.08.18-20.07.22:759][887]LogContentValidation: Display: Validating Material /Game/NewMaterial.NewMaterial
[2025.08.18-20.08.54:679][368]LogActorFactory: Actor Factory created Cube
[2025.08.18-20.08.56:148][532]LogActorFactory: Actor Factory created Cube
[2025.08.18-20.08.57:517][693]LogEditorViewport: Clicking on Actor (LMB): StaticMeshActor (Plane2)
[2025.08.18-20.08.58:676][829]Cmd: DELETE
[2025.08.18-20.08.58:676][829]Cmd: ACTOR DELETE
[2025.08.18-20.08.58:677][829]LogEditorActor: Deleted Actor: StaticMeshActor
[2025.08.18-20.08.58:684][829]LogUObjectHash: Compacting FUObjectHashTables data took   0.74ms
[2025.08.18-20.08.58:687][829]LogEditorActor: Deleted 1 Actors (0.011 secs)
[2025.08.18-20.09.00:237][ 14]Cmd: OBJ SAVEPACKAGE PACKAGE="/Game/Cenas/Rafael" FILE="../../../../../../Users/rafael.anastácio/Documents/GitHub/Sorry/Content/Cenas/Rafael.umap" SILENT=true AUTOSAVING=false KEEPDIRTY=false
[2025.08.18-20.09.00:242][ 14]LogUObjectHash: Compacting FUObjectHashTables data took   0.24ms
[2025.08.18-20.09.00:252][ 14]LogSavePackage: Moving '../../../../../../Users/rafael.anastácio/Documents/GitHub/Sorry/Saved/Rafael7143C7ED4D4E9C857BD2D9B064F73EB1.tmp' to '../../../../../../Users/rafael.anastácio/Documents/GitHub/Sorry/Content/Cenas/Rafael.umap'
[2025.08.18-20.09.00:270][ 14]AssetCheck: New page: Asset Save: Rafael
[2025.08.18-20.09.00:271][ 14]LogContentValidation: Display: Validating World /Game/Cenas/Rafael.Rafael
[2025.08.18-20.09.01:647][179]LogEditorViewport: Clicking on Actor (LMB): StaticMeshActor (Cube)
[2025.08.18-20.09.21:440][527]LogEditorViewport: Clicking on Actor (LMB): StaticMeshActor (Wall_400x301)
[2025.08.18-20.09.22:012][592]LogEditorViewport: Clicking on Actor (LMB): StaticMeshActor (Cube)
[2025.08.18-20.09.23:978][822]Cmd: OBJ SAVEPACKAGE PACKAGE="/Game/Cenas/Rafael" FILE="../../../../../../Users/rafael.anastácio/Documents/GitHub/Sorry/Content/Cenas/Rafael.umap" SILENT=true AUTOSAVING=false KEEPDIRTY=false
[2025.08.18-20.09.23:984][822]LogUObjectHash: Compacting FUObjectHashTables data took   0.67ms
[2025.08.18-20.09.23:996][822]LogSavePackage: Moving '../../../../../../Users/rafael.anastácio/Documents/GitHub/Sorry/Saved/Rafael51ACED294641D6EE2A545580CEC7A655.tmp' to '../../../../../../Users/rafael.anastácio/Documents/GitHub/Sorry/Content/Cenas/Rafael.umap'
[2025.08.18-20.09.24:014][822]AssetCheck: New page: Asset Save: Rafael
[2025.08.18-20.09.24:014][822]LogContentValidation: Display: Validating World /Game/Cenas/Rafael.Rafael
[2025.08.18-20.09.54:860][483]LogEditorViewport: Clicking Background
[2025.08.18-20.09.55:480][557]LogEditorViewport: Clicking on Actor (context menu): StaticMeshActor (Wall_400x300)
[2025.08.18-20.09.56:775][659]LogEditorViewport: Clicking Background
[2025.08.18-20.09.59:744][ 10]LogEditorViewport: Clicking on Actor (LMB): StaticMeshActor (Cube)
[2025.08.18-20.10.11:144][372]Cmd: OBJ SAVEPACKAGE PACKAGE="/Game/Cenas/Rafael" FILE="../../../../../../Users/rafael.anastácio/Documents/GitHub/Sorry/Content/Cenas/Rafael.umap" SILENT=true AUTOSAVING=false KEEPDIRTY=false
[2025.08.18-20.10.11:149][372]LogUObjectHash: Compacting FUObjectHashTables data took   0.24ms
[2025.08.18-20.10.11:161][372]LogSavePackage: Moving '../../../../../../Users/rafael.anastácio/Documents/GitHub/Sorry/Saved/Rafael7D79582740F24E52CE7D8081D0109A73.tmp' to '../../../../../../Users/rafael.anastácio/Documents/GitHub/Sorry/Content/Cenas/Rafael.umap'
[2025.08.18-20.10.11:178][372]AssetCheck: New page: Asset Save: Rafael
[2025.08.18-20.10.11:178][372]LogContentValidation: Display: Validating World /Game/Cenas/Rafael.Rafael
[2025.08.18-20.10.13:995][664]LogAssetEditorSubsystem: Opening Asset editor for Material /Game/NewMaterial.NewMaterial
[2025.08.18-20.10.13:996][664]LogMaterial: Display: Missing cached shadermap for NewMaterial in PCD3D_SM5, Default, SM5 (DDC key hash: 61FF536BDA39AF55CBF3FAB30B645E43761AD7EB), compiling. 
[2025.08.18-20.10.14:010][664]LogShaderCompilers: Display: === FShaderJobCache stats ===
[2025.08.18-20.10.14:010][664]LogShaderCompilers: Display: Total job queries 996, among them cache hits 807 (81.02%)
[2025.08.18-20.10.14:010][664]LogShaderCompilers: Display: Tracking 115 distinct input hashes that result in 36 distinct outputs (31.30%)
[2025.08.18-20.10.14:010][664]LogShaderCompilers: Display: RAM used: 0.21 MB (0.00 GB) of 819.20 MB (0.80 GB) budget. Usage: 0.03%
[2025.08.18-20.10.14:011][664]LogShaderCompilers: Display: ================================================
[2025.08.18-20.10.14:097][664]LogMaterial: Display: Missing cached shadermap for NewMaterial in PCD3D_SM5, Default, SM5 (DDC key hash: A5DA8AD44F69B54AB60247756F2A74CE82932C94), compiling. 
[2025.08.18-20.10.14:098][664]LogMaterial: Display: Missing cached shadermap for NewMaterial in PCD3D_SM5, Default, SM5 (DDC key hash: 6E16552AF1DE1C0653CC755D125231EF356B4815), compiling. 
[2025.08.18-20.10.14:100][664]LogMaterial: Display: Missing cached shadermap for FMatExpressionPreview MaterialExpressionVectorParameter_1 in PCD3D_SM5, Default, SM5 (DDC key hash: 195AA3C30DD54D8F3BAFA9C3568371D48E83BED3), compiling. 
[2025.08.18-20.10.14:115][664]MaterialEditorStats: Texture samplers: 0/16
[2025.08.18-20.10.14:282][677]MaterialEditorStats: Base pass shader: 119 instructions
[2025.08.18-20.10.14:282][677]MaterialEditorStats: Base pass shader with Volumetric Lightmap: 193 instructions
[2025.08.18-20.10.14:282][677]MaterialEditorStats: Base pass vertex shader: 42 instructions
[2025.08.18-20.10.14:282][677]MaterialEditorStats: Texture samplers: 2/16
[2025.08.18-20.10.17:488][ 43]LogSlate: Window 'NewMaterial' being destroyed
[2025.08.18-20.10.17:493][ 43]LogSlate: Window 'NewMaterial' being destroyed
[2025.08.18-20.10.17:505][ 43]LogWorld: UWorld::CleanupWorld for World_12, bSessionEnded=true, bCleanupResources=true
[2025.08.18-20.10.17:505][ 43]LogSlate: InvalidateAllWidgets triggered.  All widgets were invalidated
[2025.08.18-20.10.29:894][408]LogAssetEditorSubsystem: Opening Asset editor for Material /Engine/BasicShapes/BasicShapeMaterial.BasicShapeMaterial
[2025.08.18-20.10.29:895][408]LogMaterial: Display: Missing cached shadermap for BasicShapeMaterial in PCD3D_SM5, Default, SM5 (DDC key hash: 505C7E1493E32CF1E7B729FAF638F80D89809E6D), compiling. 
[2025.08.18-20.10.29:903][408]LogShaderCompilers: Display: Submitted 12 shader compile jobs with 'Normal' priority
[2025.08.18-20.10.29:978][408]LogMaterial: Display: Missing cached shadermap for BasicShapeMaterial in PCD3D_SM5, Default, SM5 (DDC key hash: A026FF25B5BF72E36E5FA5FFA8E52C8A01BD1924), compiling. 
[2025.08.18-20.10.29:980][408]LogMaterial: Display: Missing cached shadermap for BasicShapeMaterial in PCD3D_SM5, Default, SM5 (DDC key hash: A5E8724F362591F9482050FF593D674DDB9B928B), compiling. 
[2025.08.18-20.10.29:981][408]LogMaterial: Display: Missing cached shadermap for FMatExpressionPreview MaterialExpressionVectorParameter_0 in PCD3D_SM5, Default, SM5 (DDC key hash: C909DC6FD45FE55D6B517FA19F28BDBD0825570E), compiling. 
[2025.08.18-20.10.29:998][408]MaterialEditorStats: Texture samplers: 0/16
[2025.08.18-20.10.30:034][409]LogShaderCompilers: Display: Submitted 2 shader compile jobs with 'ForceLocal' priority
[2025.08.18-20.10.30:034][409]LogShaderCompilers: Display: Submitted 10 shader compile jobs with 'Normal' priority
[2025.08.18-20.10.30:034][409]LogShaderCompilers: Display: Worker (1/9): shaders left to compile 2
[2025.08.18-20.10.30:034][409]LogShaderCompilers: Display: Worker (2/9): shaders left to compile 1
[2025.08.18-20.10.30:034][409]LogShaderCompilers: Display: Worker (3/9): shaders left to compile 10
[2025.08.18-20.10.30:034][409]LogShaderCompilers: Display: Worker (4/9): shaders left to compile 8
[2025.08.18-20.10.30:034][409]LogShaderCompilers: Display: Worker (5/9): shaders left to compile 6
[2025.08.18-20.10.30:034][409]LogShaderCompilers: Display: Worker (6/9): shaders left to compile 4
[2025.08.18-20.10.30:034][409]LogShaderCompilers: Display: Worker (7/9): shaders left to compile 2
[2025.08.18-20.10.30:034][409]LogShaderCompilers: Display: Started 10 'Local' shader compile jobs with 'Normal' priority
[2025.08.18-20.10.30:034][409]LogShaderCompilers: Display: Started 2 'Local' shader compile jobs with 'ForceLocal' priority
[2025.08.18-20.10.30:230][422]LogShaderCompilers: Display: Submitted 2 shader compile jobs with 'ForceLocal' priority
[2025.08.18-20.10.30:231][422]LogShaderCompilers: Display: Worker (8/9): shaders left to compile 2
[2025.08.18-20.10.30:231][422]LogShaderCompilers: Display: Started 1 'Local' shader compile jobs with 'ForceLocal' priority
[2025.08.18-20.10.30:701][447]LogShaderCompilers: Display: Worker (2/9): shaders left to compile 1
[2025.08.18-20.10.30:701][447]LogShaderCompilers: Display: Started 1 'Local' shader compile jobs with 'ForceLocal' priority
[2025.08.18-20.10.30:919][459]MaterialEditorStats: Texture samplers: 2/16
[2025.08.18-20.10.31:550][505]MaterialEditorStats: Base pass shader: 120 instructions
[2025.08.18-20.10.31:550][505]MaterialEditorStats: Base pass shader with Surface Lightmap: 147 instructions
[2025.08.18-20.10.31:550][505]MaterialEditorStats: Base pass shader with Volumetric Lightmap: 194 instructions
[2025.08.18-20.10.31:550][505]MaterialEditorStats: Base pass vertex shader: 42 instructions
[2025.08.18-20.10.31:550][505]MaterialEditorStats: Texture samplers: 2/16
[2025.08.18-20.10.40:297][456]LogMaterial: Display: Missing cached shadermap for BasicShapeMaterial in PCD3D_SM5, Default, SM5 (DDC key hash: B483AD303A855E2418FC1FA3A6B1EE9A245FEACF), compiling. 
[2025.08.18-20.10.40:299][456]LogMaterial: Display: Missing cached shadermap for FMatExpressionPreview MaterialExpressionVectorParameter_0 in PCD3D_SM5, Default, SM5 (DDC key hash: 2F05C86F5C9A5616F2E3B72FDCD261934C935E08), compiling. 
[2025.08.18-20.10.40:301][456]MaterialEditorStats: Texture samplers: 0/16
[2025.08.18-20.10.40:323][458]MaterialEditorStats: Texture samplers: 2/16
[2025.08.18-20.10.40:339][459]MaterialEditorStats: Base pass shader: 120 instructions
[2025.08.18-20.10.40:339][459]MaterialEditorStats: Base pass shader with Surface Lightmap: 147 instructions
[2025.08.18-20.10.40:339][459]MaterialEditorStats: Base pass shader with Volumetric Lightmap: 194 instructions
[2025.08.18-20.10.40:339][459]MaterialEditorStats: Base pass vertex shader: 42 instructions
[2025.08.18-20.10.40:339][459]MaterialEditorStats: Texture samplers: 2/16
[2025.08.18-20.10.43:783][821]LogMaterial: Display: Missing cached shadermap for BasicShapeMaterial in PCD3D_SM5, Default, SM5 (DDC key hash: 54FA061F69FF2FD8D3203375B4C723CD63792E1B), compiling. 
[2025.08.18-20.10.43:784][821]LogMaterial: Display: Missing cached shadermap for FMatExpressionPreview MaterialExpressionVectorParameter_0 in PCD3D_SM5, Default, SM5 (DDC key hash: 336CBDC4130D36174AD0192B98F8CA87CB8E04A3), compiling. 
[2025.08.18-20.10.43:786][821]MaterialEditorStats: Texture samplers: 0/16
[2025.08.18-20.10.43:812][823]MaterialEditorStats: Texture samplers: 2/16
[2025.08.18-20.10.43:830][824]MaterialEditorStats: Base pass shader: 120 instructions
[2025.08.18-20.10.43:830][824]MaterialEditorStats: Base pass shader with Surface Lightmap: 147 instructions
[2025.08.18-20.10.43:830][824]MaterialEditorStats: Base pass shader with Volumetric Lightmap: 194 instructions
[2025.08.18-20.10.43:830][824]MaterialEditorStats: Base pass vertex shader: 42 instructions
[2025.08.18-20.10.43:830][824]MaterialEditorStats: Texture samplers: 2/16
[2025.08.18-20.10.46:487][131]LogMaterial: Display: Missing cached shadermap for BasicShapeMaterial in PCD3D_SM5, Default, SM5 (DDC key hash: 0B11493C602052909312A99B3AA0B68164BCE662), compiling. 
[2025.08.18-20.10.46:489][131]LogMaterial: Display: Missing cached shadermap for FMatExpressionPreview MaterialExpressionVectorParameter_0 in PCD3D_SM5, Default, SM5 (DDC key hash: 39E65688D381367969C66428F47ACB12A535F247), compiling. 
[2025.08.18-20.10.46:490][131]LogSlate: Window 'Seletor de Cor' being destroyed
[2025.08.18-20.10.46:496][131]MaterialEditorStats: Texture samplers: 0/16
[2025.08.18-20.10.46:505][132]MaterialEditorStats: Texture samplers: 2/16
[2025.08.18-20.10.46:524][133]MaterialEditorStats: Base pass shader: 120 instructions
[2025.08.18-20.10.46:524][133]MaterialEditorStats: Base pass shader with Surface Lightmap: 147 instructions
[2025.08.18-20.10.46:524][133]MaterialEditorStats: Base pass shader with Volumetric Lightmap: 194 instructions
[2025.08.18-20.10.46:524][133]MaterialEditorStats: Base pass vertex shader: 42 instructions
[2025.08.18-20.10.46:524][133]MaterialEditorStats: Texture samplers: 2/16
[2025.08.18-20.10.50:397][356]LogSlate: Window 'Mensagem' being destroyed
[2025.08.18-20.10.50:402][356]Message dialog closed, result: Yes, title: Mensagem, text: Deseja aplicar as mudanças deste material ao material original?
/Engine/BasicShapes/BasicShapeMaterial.BasicShapeMaterial
(Se não, todas as mudanças serão perdidas!)
[2025.08.18-20.10.50:677][356]LogMaterial: Display: Missing cached shadermap for BasicShapeMaterial in PCD3D_SM5, Default, SM5 (DDC key hash: 285F06B8506E63EF745818F4912C479E7A883719), compiling. 
[2025.08.18-20.10.50:707][356]LogMaterial: Display: Missing cached shadermap for BasicShapeMaterial in PCD3D_SM5, Default, SM5 (DDC key hash: 7F0FE793A84EEF93C69155587BA3F9B3437B4E83), compiling. 
[2025.08.18-20.10.50:790][356]LogShaderCompilers: Display: Submitted 63 shader compile jobs with 'Normal' priority
[2025.08.18-20.10.50:798][356]LogShaderCompilers: Display: Worker (1/9): shaders left to compile 63
[2025.08.18-20.10.50:798][356]LogShaderCompilers: Display: Worker (2/9): shaders left to compile 55
[2025.08.18-20.10.50:798][356]LogShaderCompilers: Display: Worker (3/9): shaders left to compile 47
[2025.08.18-20.10.50:798][356]LogShaderCompilers: Display: Worker (4/9): shaders left to compile 39
[2025.08.18-20.10.50:798][356]LogShaderCompilers: Display: Worker (5/9): shaders left to compile 31
[2025.08.18-20.10.50:798][356]LogShaderCompilers: Display: Worker (6/9): shaders left to compile 23
[2025.08.18-20.10.50:798][356]LogShaderCompilers: Display: Worker (7/9): shaders left to compile 15
[2025.08.18-20.10.50:798][356]LogShaderCompilers: Display: Worker (8/9): shaders left to compile 7
[2025.08.18-20.10.50:798][356]LogShaderCompilers: Display: Started 63 'Local' shader compile jobs with 'Normal' priority
[2025.08.18-20.10.50:801][356]LogUObjectHash: Compacting FUObjectHashTables data took   0.70ms
[2025.08.18-20.10.53:462][356]LogUObjectHash: Compacting FUObjectHashTables data took   0.59ms
[2025.08.18-20.10.53:470][356]LogSlate: Window 'BasicShapeMaterial' being destroyed
[2025.08.18-20.10.53:471][356]LogSlate: Window 'BasicShapeMaterial' being destroyed
[2025.08.18-20.10.53:485][356]LogWorld: UWorld::CleanupWorld for World_13, bSessionEnded=true, bCleanupResources=true
[2025.08.18-20.10.53:485][356]LogSlate: InvalidateAllWidgets triggered.  All widgets were invalidated
[2025.08.18-20.11.20:097][519]LogEditorViewport: Clicking on Actor (LMB): StaticMeshActor (Plane)
[2025.08.18-20.11.22:841][845]Cmd: DELETE
[2025.08.18-20.11.22:841][845]Cmd: ACTOR DELETE
[2025.08.18-20.11.22:842][845]LogEditorActor: Deleted Actor: StaticMeshActor
[2025.08.18-20.11.22:848][845]LogUObjectHash: Compacting FUObjectHashTables data took   0.59ms
[2025.08.18-20.11.22:851][845]LogEditorActor: Deleted 1 Actors (0.010 secs)
[2025.08.18-20.12.20:964][ 36]MapCheck: New page: Verificação de Mapa
[2025.08.18-20.12.20:977][ 36]Cmd: MAP REBUILD ALLVISIBLE
[2025.08.18-20.12.20:977][ 36]LogEditorServer: Rebuildmap Clear paths rebuilt
[2025.08.18-20.12.20:980][ 36]LogWorld: UWorld::CleanupWorld for Rafael, bSessionEnded=true, bCleanupResources=false
[2025.08.18-20.12.20:987][ 36]LogNavigationDataBuild: Display: UNavigationSystemV1::Build started...
[2025.08.18-20.12.20:987][ 36]LogNavigationDataBuild: Display:    Building navigation data using PHYSICS_INTERFACE_PHYSX.
[2025.08.18-20.12.20:987][ 36]LogNavigationDataBuild: Display:    Building navigation data using WITH_PHYSX.
[2025.08.18-20.12.20:992][ 36]LogUObjectHash: Compacting FUObjectHashTables data took   0.61ms
[2025.08.18-20.12.21:055][ 36]LogLevel: Display: Export Material TexCoord Scales took 0.060 seconds.
[2025.08.18-20.12.21:057][ 36]TextureStreamingBuild: Display: Build Texture Streaming took 0.002 seconds.
[2025.08.18-20.12.21:062][ 36]LogUObjectHash: Compacting FUObjectHashTables data took   0.25ms
[2025.08.18-20.12.21:066][ 36]LightingResults: New page: Compilação de Iluminação - 18 de ago de 2025 14:12:21
[2025.08.18-20.12.21:100][ 36]LogSwarmInterface: [OpenConnection] Registering TCP channel ...
[2025.08.18-20.12.21:147][ 36]LogSwarmInterface: [OpenConnection] Connecting to agent ...
[2025.08.18-20.12.21:160][ 36]LogSwarmInterface: [TryOpenConnection] Testing the Agent
[2025.08.18-20.12.21:702][ 36]LogSwarmInterface: [TryOpenConnection] Opening Connection to Agent
[2025.08.18-20.12.21:702][ 36]LogSwarmInterface: [TryOpenConnection] Local Process ID is 16972
[2025.08.18-20.12.24:090][ 36]LogStaticLightingSystem: Warning: No importance volume found, so the scene bounding box was used.  You can optimize your scene's quality and lighting build times by adding importance volumes.
[2025.08.18-20.12.24:090][ 36]LogStaticLightingSystem: Running Lightmass w/ ImmediateImport mode ENABLED
[2025.08.18-20.12.24:090][ 36]LogStaticLightingSystem: Running Lightmass w/ ImmediateProcess mode ENABLED
[2025.08.18-20.12.24:090][ 36]LogStaticLightingSystem: Running Lightmass w/ Sorting mode ENABLED
[2025.08.18-20.12.24:090][ 36]LogStaticLightingSystem: Running Lightmass w/ Mapping paddings ENABLED
[2025.08.18-20.12.24:090][ 36]LogStaticLightingSystem: Running Lightmass w/ Mapping debug paddings DISABLED
[2025.08.18-20.12.24:299][ 36]Cmd: MAP CHECK DONTDISPLAYDIALOG
[2025.08.18-20.12.24:299][ 36]MapCheck: New page: Rafael - 18 de ago de 2025 14:12:24
[2025.08.18-20.12.24:327][ 36]MapCheck: Error: WorldSettings_1 O mapa precisa de recompilação de iluminação 
[2025.08.18-20.12.24:327][ 36]MapCheck: Map check complete: 1 Error(s), 0 Warning(s), took 28,842ms to complete.
[2025.08.18-20.12.24:329][ 36]LogEditorBuildUtils: Build time 0:03
[2025.08.18-20.12.24:387][ 36]LogMaterial: Display: Missing cached shadermap for FLightmassMaterialRenderer M_Chair in PCD3D_SM5, Default, SM5 (DDC key hash: 5AA402722F89F373B8BD3EE5AC91BDBEE1486F2B), compiling. 
[2025.08.18-20.12.24:390][ 36]LogShaderCompilers: Display: Submitted 2 shader compile jobs with 'Low' priority
[2025.08.18-20.12.24:391][ 36]LogMaterial: Display: Missing cached shadermap for FLightmassMaterialRenderer M_Chair in PCD3D_SM5, Default, SM5 (DDC key hash: 801BF2DD594AD098C4682D5083BBAD71806B86F0), compiling. 
[2025.08.18-20.12.24:394][ 36]LogShaderCompilers: Display: Submitted 2 shader compile jobs with 'Low' priority
[2025.08.18-20.12.24:395][ 36]LogMaterial: Display: Missing cached shadermap for FLightmassMaterialRenderer M_TableRound in PCD3D_SM5, Default, SM5 (DDC key hash: B3836F1B72ABD6EF509CED6F37271E856A9973CA), compiling. 
[2025.08.18-20.12.24:398][ 36]LogShaderCompilers: Display: Worker (1/9): shaders left to compile 4
[2025.08.18-20.12.24:398][ 36]LogShaderCompilers: Display: Worker (2/9): shaders left to compile 3
[2025.08.18-20.12.24:398][ 36]LogShaderCompilers: Display: Worker (3/9): shaders left to compile 2
[2025.08.18-20.12.24:398][ 36]LogShaderCompilers: Display: Worker (4/9): shaders left to compile 1
[2025.08.18-20.12.24:398][ 36]LogShaderCompilers: Display: Started 4 'Local' shader compile jobs with 'Low' priority
[2025.08.18-20.12.24:398][ 36]LogShaderCompilers: Display: Submitted 2 shader compile jobs with 'Low' priority
[2025.08.18-20.12.24:399][ 36]LogMaterial: Display: Missing cached shadermap for FLightmassMaterialRenderer M_TableRound in PCD3D_SM5, Default, SM5 (DDC key hash: D755340FEF792EF5CD60317404BC77525EAD331C), compiling. 
[2025.08.18-20.12.24:402][ 36]LogShaderCompilers: Display: Submitted 2 shader compile jobs with 'Low' priority
[2025.08.18-20.12.24:486][ 36]LogShaderCompilers: Display: Worker (5/9): shaders left to compile 4
[2025.08.18-20.12.24:486][ 36]LogShaderCompilers: Display: Worker (6/9): shaders left to compile 3
[2025.08.18-20.12.24:486][ 36]LogShaderCompilers: Display: Worker (7/9): shaders left to compile 2
[2025.08.18-20.12.24:487][ 36]LogShaderCompilers: Display: Worker (8/9): shaders left to compile 1
[2025.08.18-20.12.24:487][ 36]LogShaderCompilers: Display: Started 4 'Local' shader compile jobs with 'Low' priority
[2025.08.18-20.12.24:504][ 37]LogMaterial: Display: Missing cached shadermap for FLightmassMaterialRenderer M_StatueGlass in PCD3D_SM5, Default, SM5 (DDC key hash: 30AADCFDCF5D8D0391A912A4F4A8E5AD831B6CFB), compiling. 
[2025.08.18-20.12.24:508][ 37]LogShaderCompilers: Display: Submitted 2 shader compile jobs with 'Low' priority
[2025.08.18-20.12.24:510][ 37]LogMaterial: Display: Missing cached shadermap for FLightmassMaterialRenderer M_StatueGlass in PCD3D_SM5, Default, SM5 (DDC key hash: 141071AA17F0B76490A207216CE3228CD247208A), compiling. 
[2025.08.18-20.12.24:515][ 37]LogShaderCompilers: Display: Submitted 2 shader compile jobs with 'Low' priority
[2025.08.18-20.12.24:591][ 38]LogMaterial: Display: Missing cached shadermap for FLightmassMaterialRenderer M_Statue in PCD3D_SM5, Default, SM5 (DDC key hash: A80DC7875A4E0EAB8F89BAD52074D9515D9B78F8), compiling. 
[2025.08.18-20.12.24:596][ 38]LogShaderCompilers: Display: Submitted 2 shader compile jobs with 'Low' priority
[2025.08.18-20.12.24:598][ 38]LogMaterial: Display: Missing cached shadermap for FLightmassMaterialRenderer M_Statue in PCD3D_SM5, Default, SM5 (DDC key hash: 86D02F254D398E663B041E0CDE3F1861CAE8E6D5), compiling. 
[2025.08.18-20.12.24:601][ 38]LogShaderCompilers: Display: Submitted 2 shader compile jobs with 'Low' priority
[2025.08.18-20.12.24:673][ 39]LogMaterial: Display: Missing cached shadermap for FLightmassMaterialRenderer M_Door in PCD3D_SM5, Default, SM5 (DDC key hash: 0B0C58D7C893E58F76E9F390A03BC8EBC6B146E2), compiling. 
[2025.08.18-20.12.24:678][ 39]LogShaderCompilers: Display: Submitted 2 shader compile jobs with 'Low' priority
[2025.08.18-20.12.24:680][ 39]LogMaterial: Display: Missing cached shadermap for FLightmassMaterialRenderer M_Door in PCD3D_SM5, Default, SM5 (DDC key hash: 1A066DF3DF485D10D849BDE91C43EBFD7F24209A), compiling. 
[2025.08.18-20.12.24:685][ 39]LogShaderCompilers: Display: Submitted 2 shader compile jobs with 'Low' priority
[2025.08.18-20.12.24:724][ 40]LogMaterial: Display: Missing cached shadermap for FLightmassMaterialRenderer M_Glass in PCD3D_SM5, Default, SM5 (DDC key hash: 5093B5B31ADE16093E96671F62BC5DFDB3EAD348), compiling. 
[2025.08.18-20.12.24:729][ 40]LogShaderCompilers: Display: Submitted 2 shader compile jobs with 'Low' priority
[2025.08.18-20.12.24:732][ 40]LogMaterial: Display: Missing cached shadermap for FLightmassMaterialRenderer M_Glass in PCD3D_SM5, Default, SM5 (DDC key hash: 605A0C3EEDADC56C09E95F473D7F69729E70ED10), compiling. 
[2025.08.18-20.12.24:738][ 40]LogShaderCompilers: Display: Submitted 2 shader compile jobs with 'Low' priority
[2025.08.18-20.12.24:796][ 41]LogMaterial: Display: Missing cached shadermap for FLightmassMaterialRenderer M_Basic_Wall in PCD3D_SM5, Default, SM5 (DDC key hash: D6A278CF588B3970E4E9856506D73D1363C2586E), compiling. 
[2025.08.18-20.12.24:802][ 41]LogShaderCompilers: Display: Submitted 2 shader compile jobs with 'Low' priority
[2025.08.18-20.12.24:803][ 41]LogMaterial: Display: Missing cached shadermap for FLightmassMaterialRenderer M_Basic_Wall in PCD3D_SM5, Default, SM5 (DDC key hash: 657DA15B8AE15ED0C0464C1DEAB9F78586A7099E), compiling. 
[2025.08.18-20.12.24:808][ 41]LogShaderCompilers: Display: Submitted 2 shader compile jobs with 'Low' priority
[2025.08.18-20.12.24:853][ 42]LogMaterial: Display: Missing cached shadermap for FLightmassMaterialRenderer M_Lamp in PCD3D_SM5, Default, SM5 (DDC key hash: 8F22575E41998286D7E96E84A95E4B5B6BB4A506), compiling. 
[2025.08.18-20.12.24:858][ 42]LogShaderCompilers: Display: Submitted 2 shader compile jobs with 'Low' priority
[2025.08.18-20.12.24:859][ 42]LogMaterial: Display: Missing cached shadermap for FLightmassMaterialRenderer M_Lamp in PCD3D_SM5, Default, SM5 (DDC key hash: A7AFFEB3E14BB33E2148A68797CCE78893FCF135), compiling. 
[2025.08.18-20.12.24:864][ 42]LogShaderCompilers: Display: Submitted 2 shader compile jobs with 'Low' priority
[2025.08.18-20.12.24:875][ 43]LogMaterial: Display: Missing cached shadermap for FLightmassMaterialRenderer BasicShapeMaterial in PCD3D_SM5, Default, SM5 (DDC key hash: 40A58D03A2E8A3C3AFF2DB536C01CCB388294D8F), compiling. 
[2025.08.18-20.12.24:881][ 43]LogShaderCompilers: Display: Submitted 2 shader compile jobs with 'Low' priority
[2025.08.18-20.12.24:883][ 43]LogMaterial: Display: Missing cached shadermap for FLightmassMaterialRenderer BasicShapeMaterial in PCD3D_SM5, Default, SM5 (DDC key hash: 1936C79BBE9B80E00F48C578E5F9805879B2D775), compiling. 
[2025.08.18-20.12.24:887][ 43]LogShaderCompilers: Display: Submitted 2 shader compile jobs with 'Low' priority
[2025.08.18-20.12.24:955][ 44]LogMaterial: Display: Missing cached shadermap for FLightmassMaterialRenderer WorldGridMaterial in PCD3D_SM5, Default, SM5 (DDC key hash: 09BE4C7A08E9CF5953A86E83F05117832C1466B9), compiling. Is special engine material.
[2025.08.18-20.12.24:960][ 44]LogShaderCompilers: Display: Submitted 2 shader compile jobs with 'Low' priority
[2025.08.18-20.12.24:963][ 44]LogMaterial: Display: Missing cached shadermap for FLightmassMaterialRenderer WorldGridMaterial in PCD3D_SM5, Default, SM5 (DDC key hash: A2E71CE4DF26E5630E073D9FE8BE1AFD709D796A), compiling. Is special engine material.
[2025.08.18-20.12.24:968][ 44]LogShaderCompilers: Display: Submitted 2 shader compile jobs with 'Low' priority
[2025.08.18-20.12.26:872][ 46]LogShaderCompilers: Display: Worker (5/9): shaders left to compile 32
[2025.08.18-20.12.26:873][ 46]LogShaderCompilers: Display: Started 5 'Local' shader compile jobs with 'Low' priority
[2025.08.18-20.12.26:873][ 46]LogShaderCompilers: Display: Worker (1/9): shaders left to compile 27
[2025.08.18-20.12.26:873][ 46]LogShaderCompilers: Display: Worker (3/9): shaders left to compile 23
[2025.08.18-20.12.26:873][ 46]LogShaderCompilers: Display: Started 8 'Local' shader compile jobs with 'Low' priority
[2025.08.18-20.12.26:873][ 46]LogShaderCompilers: Display: Worker (7/9): shaders left to compile 19
[2025.08.18-20.12.26:873][ 46]LogShaderCompilers: Display: Started 3 'Local' shader compile jobs with 'Low' priority
[2025.08.18-20.12.26:873][ 46]LogShaderCompilers: Display: Worker (2/9): shaders left to compile 16
[2025.08.18-20.12.26:873][ 46]LogShaderCompilers: Display: Worker (4/9): shaders left to compile 13
[2025.08.18-20.12.26:873][ 46]LogShaderCompilers: Display: Started 6 'Local' shader compile jobs with 'Low' priority
[2025.08.18-20.12.26:873][ 46]LogShaderCompilers: Display: Worker (6/9): shaders left to compile 10
[2025.08.18-20.12.26:873][ 46]LogShaderCompilers: Display: Started 2 'Local' shader compile jobs with 'Low' priority
[2025.08.18-20.12.26:873][ 46]LogShaderCompilers: Display: Worker (8/9): shaders left to compile 8
[2025.08.18-20.12.26:873][ 46]LogShaderCompilers: Display: Started 2 'Local' shader compile jobs with 'Low' priority
[2025.08.18-20.12.26:873][ 46]LogShaderCompilers: Display: Worker (8/9): shaders left to compile 6
[2025.08.18-20.12.26:873][ 46]LogShaderCompilers: Display: Started 1 'Local' shader compile jobs with 'Low' priority
[2025.08.18-20.12.26:873][ 46]LogShaderCompilers: Display: Worker (6/9): shaders left to compile 5
[2025.08.18-20.12.26:873][ 46]LogShaderCompilers: Display: Started 1 'Local' shader compile jobs with 'Low' priority
[2025.08.18-20.12.26:873][ 46]LogShaderCompilers: Display: Worker (2/9): shaders left to compile 4
[2025.08.18-20.12.26:873][ 46]LogShaderCompilers: Display: Started 1 'Local' shader compile jobs with 'Low' priority
[2025.08.18-20.12.26:873][ 46]LogShaderCompilers: Display: Worker (7/9): shaders left to compile 3
[2025.08.18-20.12.26:873][ 46]LogShaderCompilers: Display: Started 1 'Local' shader compile jobs with 'Low' priority
[2025.08.18-20.12.26:873][ 46]LogShaderCompilers: Display: Worker (4/9): shaders left to compile 2
[2025.08.18-20.12.26:873][ 46]LogShaderCompilers: Display: Started 1 'Local' shader compile jobs with 'Low' priority
[2025.08.18-20.12.26:873][ 46]LogShaderCompilers: Display: Worker (8/9): shaders left to compile 1
[2025.08.18-20.12.26:873][ 46]LogShaderCompilers: Display: Started 1 'Local' shader compile jobs with 'Low' priority
[2025.08.18-20.12.27:288][ 59]LogUObjectHash: Compacting FUObjectHashTables data took   0.62ms
[2025.08.18-20.12.29:282][170]Job is a success!
[2025.08.18-20.12.29:421][171]LogVolumetricLightmapImport: Imported Volumetric Lightmap in 0.007s
[2025.08.18-20.12.29:421][171]LogVolumetricLightmapImport:      Indirection Texture 16x16x16 = 0.0Mb
[2025.08.18-20.12.29:421][171]LogVolumetricLightmapImport:      BrickData (all levels) 0.0Mb
[2025.08.18-20.12.29:421][171]LogVolumetricLightmapImport:      Bricks at depth
[2025.08.18-20.12.29:421][171]LogVolumetricLightmapImport:          0: 10.0% covering 100.0% of volume
[2025.08.18-20.12.29:421][171]LogVolumetricLightmapImport:          1: 10.0% covering 1.6% of volume
[2025.08.18-20.12.29:421][171]LogVolumetricLightmapImport:          2: 80.0% covering 0.2% of volume
[2025.08.18-20.12.29:421][171]LogVolumetricLightmapImport:      Bricks in each level
[2025.08.18-20.12.29:421][171]LogVolumetricLightmapImport:          Rafael 			 10 bricks 	 100.0% (Persistent Level)
[2025.08.18-20.12.29:581][171]LogTexture: Display: Building textures: SkyOcclusion0_1 (OODLE_AutoDXT, 1024X512)
[2025.08.18-20.12.29:581][171]LogTexture: Display: Building textures: HQ_Lightmap0_1 (OODLE_AutoDXT, 1024X1024)
[2025.08.18-20.12.29:581][171]LogTextureFormatOodle: Display: non-RDO encode 1024 x 512 x 1 to format OODLE_AutoDXT (Oodle OodleTex_BC3) lambda=0 effort=20 
[2025.08.18-20.12.29:581][171]LogTextureFormatOodle: Display: non-RDO encode 1024 x 1024 x 1 to format OODLE_AutoDXT (Oodle OodleTex_BC3) lambda=0 effort=20 
[2025.08.18-20.12.29:581][171]LogTexture: Display: Building textures: LQ_Lightmap_0_1 (OODLE_DXT1, 1024X1024)
[2025.08.18-20.12.29:581][171]LogTextureFormatOodle: Display: non-RDO encode 1024 x 1024 x 1 to format OODLE_DXT1 (Oodle OodleTex_BC1_WithTransparency) lambda=0 effort=20 
[2025.08.18-20.12.29:614][171]LogTexture: Display: Building textures: ShadowMapTexture2D_0 (G8, 1024X256)
[2025.08.18-20.12.29:639][171]LogStaticLightingSystem: Rafael_BuiltData storing lightmap data for 21 meshes in 2 LightmapResourceClusters (10.5 Meshes per cluster).
[2025.08.18-20.12.29:645][171]Lightmass on SGS1-D01: 1.54 sec total, 101 ms importing, 20 ms setup, 194 ms photons, 1.10 sec processing, 0 ms extra exporting [21/21 mappings]. Threads: 12.1 sec total, 3.73 sec processing.
[2025.08.18-20.12.29:645][171]LogUObjectHash: Compacting FUObjectHashTables data took   0.46ms
[2025.08.18-20.12.29:718][171]LogStaticLightingSystem: Illumination: 8.56 sec (115 ms encoding lightmaps, 64 ms encoding shadowmaps)
[2025.08.18-20.12.29:718][171]LogStaticLightingSystem: Lightmap texture memory:  2.7 MB (2.7 MB streaming, 0.0 MB non-streaming), 2 textures
[2025.08.18-20.12.29:718][171]LogStaticLightingSystem: Shadowmap texture memory: 0.3 MB (0.3 MB streaming, 0.0 MB non-streaming), 1 textures
[2025.08.18-20.12.30:100][171]DumpUnbuiltLightIteractions
[2025.08.18-20.12.30:100][171]Lights with unbuilt interactions: 0
[2025.08.18-20.12.30:100][171]
[2025.08.18-20.12.30:100][171]Primitives with unbuilt interactions: 0
[2025.08.18-20.12.30:246][171]LogTexture: Display: Building textures: NewReflectionComponentTexture0FA8FE514BCEF48AD51762A866B83D41 (BGRA8, 128X128)
[2025.08.18-20.12.30:272][172]Cmd: MAP CHECK NOTIFYRESULTS
[2025.08.18-20.12.30:272][172]MapCheck: New page: Rafael - 18 de ago de 2025 14:12:30
[2025.08.18-20.12.30:273][172]MapCheck: Map check complete: 0 Error(s), 0 Warning(s), took 0,429ms to complete.
[2025.08.18-20.13.07:727][112]LogSlate: Window 'Registro de Mensagem' being destroyed
[2025.08.18-20.13.07:730][112]LogSlate: Window 'Registro de Mensagem' being destroyed
[2025.08.18-20.13.29:694][361]LogActorFactory: Actor Factory created Floor_400x400
[2025.08.18-20.13.32:123][646]LogActorFactory: Actor Factory created Floor_400x400
[2025.08.18-20.13.46:138][321]LogEditorViewport: Clicking on Actor (LMB): StaticMeshActor (Floor_400x401)
[2025.08.18-20.13.47:736][512]LogEditorViewport: Clicking on Actor (LMB): StaticMeshActor (Floor_400x401)
[2025.08.18-20.13.54:522][290]Cmd: OBJ SAVEPACKAGE PACKAGE="/Game/Cenas/Rafael" FILE="../../../../../../Users/rafael.anastácio/Documents/GitHub/Sorry/Content/Cenas/Rafael.umap" SILENT=true AUTOSAVING=false KEEPDIRTY=false
[2025.08.18-20.13.54:527][290]LogUObjectHash: Compacting FUObjectHashTables data took   0.63ms
[2025.08.18-20.13.54:541][290]LogSavePackage: Moving '../../../../../../Users/rafael.anastácio/Documents/GitHub/Sorry/Saved/Rafael436E61F049FF78F2E1414094DDF24B90.tmp' to '../../../../../../Users/rafael.anastácio/Documents/GitHub/Sorry/Content/Cenas/Rafael.umap'
[2025.08.18-20.13.54:555][290]Cmd: OBJ SAVEPACKAGE PACKAGE="/Game/Cenas/Rafael_BuiltData" FILE="../../../../../../Users/rafael.anastácio/Documents/GitHub/Sorry/Content/Cenas/Rafael_BuiltData.uasset" SILENT=true
[2025.08.18-20.13.54:599][290]LogSavePackage: Moving '../../../../../../Users/rafael.anastácio/Documents/GitHub/Sorry/Saved/Rafael_BuiltData5C0B119046101EC53C5B929FC6F5193C.tmp' to '../../../../../../Users/rafael.anastácio/Documents/GitHub/Sorry/Content/Cenas/Rafael_BuiltData.uasset'
[2025.08.18-20.13.54:609][290]AssetCheck: New page: Asset Save: multiple assets
[2025.08.18-20.13.54:609][290]LogContentValidation: Display: Validating World /Game/Cenas/Rafael.Rafael
[2025.08.18-20.13.54:609][290]LogContentValidation: Display: Validating MapBuildDataRegistry /Game/Cenas/Rafael_BuiltData.Rafael_BuiltData
[2025.08.18-20.14.11:156][194]Cmd: OBJ SAVEPACKAGE PACKAGE="/Game/Cenas/Rafael" FILE="../../../../../../Users/rafael.anastácio/Documents/GitHub/Sorry/Content/Cenas/Rafael.umap" SILENT=true AUTOSAVING=false KEEPDIRTY=false
[2025.08.18-20.14.11:160][194]LogUObjectHash: Compacting FUObjectHashTables data took   0.27ms
[2025.08.18-20.14.11:173][194]LogSavePackage: Moving '../../../../../../Users/rafael.anastácio/Documents/GitHub/Sorry/Saved/Rafael228B33E34E6096404D399BB2FCA33F85.tmp' to '../../../../../../Users/rafael.anastácio/Documents/GitHub/Sorry/Content/Cenas/Rafael.umap'
[2025.08.18-20.14.11:185][194]Cmd: OBJ SAVEPACKAGE PACKAGE="/Game/Cenas/Rafael_BuiltData" FILE="../../../../../../Users/rafael.anastácio/Documents/GitHub/Sorry/Content/Cenas/Rafael_BuiltData.uasset" SILENT=true
[2025.08.18-20.14.11:228][194]LogSavePackage: Moving '../../../../../../Users/rafael.anastácio/Documents/GitHub/Sorry/Saved/Rafael_BuiltDataB80F76E240E290F4C91077855C559BC1.tmp' to '../../../../../../Users/rafael.anastácio/Documents/GitHub/Sorry/Content/Cenas/Rafael_BuiltData.uasset'
[2025.08.18-20.14.11:237][194]AssetCheck: New page: Asset Save: multiple assets
[2025.08.18-20.14.11:237][194]LogContentValidation: Display: Validating World /Game/Cenas/Rafael.Rafael
[2025.08.18-20.14.11:237][194]LogContentValidation: Display: Validating MapBuildDataRegistry /Game/Cenas/Rafael_BuiltData.Rafael_BuiltData
[2025.08.18-20.14.28:554][269]LogEditorViewport: Clicking on Actor (LMB): StaticMeshActor (Floor_400x401)
[2025.08.18-20.15.27:524][311]LogEditorViewport: Clicking on Actor (context menu): StaticMeshActor (SM_Chair3)
[2025.08.18-20.15.32:723][907]LogEditorViewport: Clicking on Actor (LMB): StaticMeshActor (Floor_400x401)
[2025.08.18-20.17.02:696][622]Cmd: OBJ SAVEPACKAGE PACKAGE="/Game/Cenas/Rafael" FILE="../../../../../../Users/rafael.anastácio/Documents/GitHub/Sorry/Content/Cenas/Rafael.umap" SILENT=true AUTOSAVING=false KEEPDIRTY=false
[2025.08.18-20.17.02:701][622]LogUObjectHash: Compacting FUObjectHashTables data took   0.31ms
[2025.08.18-20.17.02:716][622]LogSavePackage: Moving '../../../../../../Users/rafael.anastácio/Documents/GitHub/Sorry/Saved/Rafael10FE02AC4FEEE4BF484526A90A472310.tmp' to '../../../../../../Users/rafael.anastácio/Documents/GitHub/Sorry/Content/Cenas/Rafael.umap'
[2025.08.18-20.17.02:730][622]Cmd: OBJ SAVEPACKAGE PACKAGE="/Game/Cenas/Rafael_BuiltData" FILE="../../../../../../Users/rafael.anastácio/Documents/GitHub/Sorry/Content/Cenas/Rafael_BuiltData.uasset" SILENT=true
[2025.08.18-20.17.02:773][622]LogSavePackage: Moving '../../../../../../Users/rafael.anastácio/Documents/GitHub/Sorry/Saved/Rafael_BuiltData691F4E1A4A0CA3AFCBDE3A9D4D9EB8FE.tmp' to '../../../../../../Users/rafael.anastácio/Documents/GitHub/Sorry/Content/Cenas/Rafael_BuiltData.uasset'
[2025.08.18-20.17.02:782][622]AssetCheck: New page: Asset Save: multiple assets
[2025.08.18-20.17.02:782][622]LogContentValidation: Display: Validating World /Game/Cenas/Rafael.Rafael
[2025.08.18-20.17.02:782][622]LogContentValidation: Display: Validating MapBuildDataRegistry /Game/Cenas/Rafael_BuiltData.Rafael_BuiltData
[2025.08.18-20.17.29:329][799]LogEditorViewport: Clicking on Actor (context menu): StaticMeshActor (Wall_400x303)
[2025.08.18-20.17.30:404][903]LogEditorViewport: Clicking on Actor (LMB): StaticMeshActor (Wall_400x303)
[2025.08.18-20.17.34:328][372]LogEditorViewport: Clicking on Actor (LMB): StaticMeshActor (Floor_400x401)
[2025.08.18-20.17.55:880][949]LogEditorViewport: Clicking on Actor (LMB): StaticMeshActor (Cube)
[2025.08.18-20.20.01:359][910]Cmd: OBJ SAVEPACKAGE PACKAGE="/Game/Cenas/Rafael" FILE="../../../../../../Users/rafael.anastácio/Documents/GitHub/Sorry/Content/Cenas/Rafael.umap" SILENT=true AUTOSAVING=false KEEPDIRTY=false
[2025.08.18-20.20.01:364][910]LogUObjectHash: Compacting FUObjectHashTables data took   0.68ms
[2025.08.18-20.20.01:379][910]LogSavePackage: Moving '../../../../../../Users/rafael.anastácio/Documents/GitHub/Sorry/Saved/Rafael6625FA6F41B650C62D8A0A929BF554F2.tmp' to '../../../../../../Users/rafael.anastácio/Documents/GitHub/Sorry/Content/Cenas/Rafael.umap'
[2025.08.18-20.20.01:392][910]Cmd: OBJ SAVEPACKAGE PACKAGE="/Game/Cenas/Rafael_BuiltData" FILE="../../../../../../Users/rafael.anastácio/Documents/GitHub/Sorry/Content/Cenas/Rafael_BuiltData.uasset" SILENT=true
[2025.08.18-20.20.01:435][910]LogSavePackage: Moving '../../../../../../Users/rafael.anastácio/Documents/GitHub/Sorry/Saved/Rafael_BuiltData8DDFC8EC4B028E18AF1BF5B5A3AD023A.tmp' to '../../../../../../Users/rafael.anastácio/Documents/GitHub/Sorry/Content/Cenas/Rafael_BuiltData.uasset'
[2025.08.18-20.20.01:444][910]AssetCheck: New page: Asset Save: multiple assets
[2025.08.18-20.20.01:444][910]LogContentValidation: Display: Validating World /Game/Cenas/Rafael.Rafael
[2025.08.18-20.20.01:444][910]LogContentValidation: Display: Validating MapBuildDataRegistry /Game/Cenas/Rafael_BuiltData.Rafael_BuiltData
[2025.08.18-20.20.54:864][126]Cmd: OBJ SAVEPACKAGE PACKAGE="/Game/Cenas/Rafael" FILE="../../../../../../Users/rafael.anastácio/Documents/GitHub/Sorry/Content/Cenas/Rafael.umap" SILENT=true AUTOSAVING=false KEEPDIRTY=false
[2025.08.18-20.20.54:868][126]LogUObjectHash: Compacting FUObjectHashTables data took   0.30ms
[2025.08.18-20.20.54:882][126]LogSavePackage: Moving '../../../../../../Users/rafael.anastácio/Documents/GitHub/Sorry/Saved/Rafael93662DAE4EEA1AA3131EDB9BABFAF7DD.tmp' to '../../../../../../Users/rafael.anastácio/Documents/GitHub/Sorry/Content/Cenas/Rafael.umap'
[2025.08.18-20.20.54:893][126]LogEditorTransaction: Non zero active count in UTransBuffer::Reset
ActiveCount : 1
SessionName : 
Reason      : Mapa Salvo

Purging the undo buffer...

[2025.08.18-20.20.54:894][126]Cmd: OBJ SAVEPACKAGE PACKAGE="/Game/Cenas/Rafael_BuiltData" FILE="../../../../../../Users/rafael.anastácio/Documents/GitHub/Sorry/Content/Cenas/Rafael_BuiltData.uasset" SILENT=true
[2025.08.18-20.20.54:938][126]LogSavePackage: Moving '../../../../../../Users/rafael.anastácio/Documents/GitHub/Sorry/Saved/Rafael_BuiltData4968681D495D2578BD36AEA82489D052.tmp' to '../../../../../../Users/rafael.anastácio/Documents/GitHub/Sorry/Content/Cenas/Rafael_BuiltData.uasset'
[2025.08.18-20.20.54:948][126]AssetCheck: New page: Asset Save: multiple assets
[2025.08.18-20.20.54:948][126]LogContentValidation: Display: Validating World /Game/Cenas/Rafael.Rafael
[2025.08.18-20.20.54:948][126]LogContentValidation: Display: Validating MapBuildDataRegistry /Game/Cenas/Rafael_BuiltData.Rafael_BuiltData
[2025.08.18-20.20.57:974][484]LogSlate: Window 'Seletor de Cor' being destroyed
[2025.08.18-20.21.36:955][ 59]LogEditorViewport: Clicking on Actor (LMB): StaticMeshActor (Wall_400x301)
[2025.08.18-20.21.38:454][235]LogEditorViewport: Clicking on Actor (LMB): StaticMeshActor (Cube)
[2025.08.18-20.21.46:925][220]LogEditorViewport: Clicking on Actor (LMB): StaticMeshActor (Wall_400x301)
[2025.08.18-20.21.47:964][341]LogEditorViewport: Clicking on Actor (LMB): StaticMeshActor (Wall_400x301)
[2025.08.18-20.21.48:771][437]LogEditorViewport: Clicking on Actor (LMB): StaticMeshActor (Cube)
[2025.08.18-20.21.54:841][144]Cmd: OBJ SAVEPACKAGE PACKAGE="/Game/Cenas/Rafael" FILE="../../../../../../Users/rafael.anastácio/Documents/GitHub/Sorry/Content/Cenas/Rafael.umap" SILENT=true AUTOSAVING=false KEEPDIRTY=false
[2025.08.18-20.21.54:846][144]LogUObjectHash: Compacting FUObjectHashTables data took   0.24ms
[2025.08.18-20.21.54:860][144]LogSavePackage: Moving '../../../../../../Users/rafael.anastácio/Documents/GitHub/Sorry/Saved/Rafael7C65F9E04456794254A7B99D154A207B.tmp' to '../../../../../../Users/rafael.anastácio/Documents/GitHub/Sorry/Content/Cenas/Rafael.umap'
[2025.08.18-20.21.54:873][144]Cmd: OBJ SAVEPACKAGE PACKAGE="/Game/Cenas/Rafael_BuiltData" FILE="../../../../../../Users/rafael.anastácio/Documents/GitHub/Sorry/Content/Cenas/Rafael_BuiltData.uasset" SILENT=true
[2025.08.18-20.21.54:916][144]LogSavePackage: Moving '../../../../../../Users/rafael.anastácio/Documents/GitHub/Sorry/Saved/Rafael_BuiltData64AFC1E64199A415462691A4D8F8BDF4.tmp' to '../../../../../../Users/rafael.anastácio/Documents/GitHub/Sorry/Content/Cenas/Rafael_BuiltData.uasset'
[2025.08.18-20.21.54:925][144]AssetCheck: New page: Asset Save: multiple assets
[2025.08.18-20.21.54:925][144]LogContentValidation: Display: Validating World /Game/Cenas/Rafael.Rafael
[2025.08.18-20.21.54:925][144]LogContentValidation: Display: Validating MapBuildDataRegistry /Game/Cenas/Rafael_BuiltData.Rafael_BuiltData
[2025.08.18-20.21.59:974][722]LogEditorViewport: Clicking on Actor (LMB): StaticMeshActor (Cube)
[2025.08.18-20.22.10:720][972]LogEditorViewport: Clicking on Actor (LMB): StaticMeshActor (Wall_400x301)
[2025.08.18-20.22.11:732][ 90]LogEditorViewport: Clicking on Actor (LMB): StaticMeshActor (Cube)
[2025.08.18-20.22.15:683][560]LogEditorViewport: Clicking on Actor (LMB): TextRenderActor (TextRenderActor2)
[2025.08.18-20.22.22:575][357]LogEditorViewport: Clicking on Actor (LMB): StaticMeshActor (Wall_400x301)
[2025.08.18-20.22.48:240][326]LogNavigationPoint: PostEditMove Clear paths rebuilt
[2025.08.18-20.22.52:591][847]LogNavigationPoint: PostEditMove Clear paths rebuilt
[2025.08.18-20.22.55:437][186]LogNavigationPoint: PostEditMove Clear paths rebuilt
[2025.08.18-20.22.59:861][716]LogNavigationPoint: PostEditMove Clear paths rebuilt
[2025.08.18-20.23.06:582][518]Cmd: OBJ SAVEPACKAGE PACKAGE="/Game/Cenas/Rafael" FILE="../../../../../../Users/rafael.anastácio/Documents/GitHub/Sorry/Content/Cenas/Rafael.umap" SILENT=true AUTOSAVING=false KEEPDIRTY=false
[2025.08.18-20.23.06:587][518]LogUObjectHash: Compacting FUObjectHashTables data took   0.60ms
[2025.08.18-20.23.06:602][518]LogSavePackage: Moving '../../../../../../Users/rafael.anastácio/Documents/GitHub/Sorry/Saved/Rafael9BFB0AD44737338FFAE45985DF3BDA6A.tmp' to '../../../../../../Users/rafael.anastácio/Documents/GitHub/Sorry/Content/Cenas/Rafael.umap'
[2025.08.18-20.23.06:615][518]Cmd: OBJ SAVEPACKAGE PACKAGE="/Game/Cenas/Rafael_BuiltData" FILE="../../../../../../Users/rafael.anastácio/Documents/GitHub/Sorry/Content/Cenas/Rafael_BuiltData.uasset" SILENT=true
[2025.08.18-20.23.06:658][518]LogSavePackage: Moving '../../../../../../Users/rafael.anastácio/Documents/GitHub/Sorry/Saved/Rafael_BuiltDataCB7804AB4F27379E61BFE19EBB7ED30A.tmp' to '../../../../../../Users/rafael.anastácio/Documents/GitHub/Sorry/Content/Cenas/Rafael_BuiltData.uasset'
[2025.08.18-20.23.06:666][518]AssetCheck: New page: Asset Save: multiple assets
[2025.08.18-20.23.06:666][518]LogContentValidation: Display: Validating World /Game/Cenas/Rafael.Rafael
[2025.08.18-20.23.06:666][518]LogContentValidation: Display: Validating MapBuildDataRegistry /Game/Cenas/Rafael_BuiltData.Rafael_BuiltData
[2025.08.18-20.23.08:266][710]LogEditorViewport: Clicking Background
[2025.08.18-20.23.12:600][216]LogTemp: Repeating last play command: Selected Viewport
[2025.08.18-20.23.12:604][216]LogPlayLevel: PlayLevel: No blueprints needed recompiling
[2025.08.18-20.23.12:604][216]PIE: New page: Sessão de PIE : Rafael (18 de ago de 2025 14:23:12)
[2025.08.18-20.23.12:604][216]LogPlayLevel: Creating play world package: /Game/Cenas/UEDPIE_0_Rafael
[2025.08.18-20.23.12:607][216]LogPlayLevel: PIE: StaticDuplicateObject took: (0.003213s)
[2025.08.18-20.23.12:608][216]LogAIModule: Creating AISystem for world Rafael
[2025.08.18-20.23.12:608][216]LogPlayLevel: PIE: World Init took: (0.001069s)
[2025.08.18-20.23.12:609][216]LogPlayLevel: PIE: Created PIE world by copying editor world from /Game/Cenas/Rafael.Rafael to /Game/Cenas/UEDPIE_0_Rafael.Rafael (0.004409s)
[2025.08.18-20.23.12:613][216]LogUObjectHash: Compacting FUObjectHashTables data took   0.56ms
[2025.08.18-20.23.12:614][216]LogAudio: Display: Creating Audio Device:                 Id: 4, Scope: Unique, Realtime: True
[2025.08.18-20.23.12:614][216]LogAudioMixer: Display: Audio Mixer Platform Settings:
[2025.08.18-20.23.12:614][216]LogAudioMixer: Display: 	Sample Rate:						  48000
[2025.08.18-20.23.12:614][216]LogAudioMixer: Display: 	Callback Buffer Frame Size Requested: 1024
[2025.08.18-20.23.12:615][216]LogAudioMixer: Display: 	Callback Buffer Frame Size To Use:	  1024
[2025.08.18-20.23.12:615][216]LogAudioMixer: Display: 	Number of buffers to queue:			  2
[2025.08.18-20.23.12:615][216]LogAudioMixer: Display: 	Max Channels (voices):				  32
[2025.08.18-20.23.12:615][216]LogAudioMixer: Display: 	Number of Async Source Workers:		  0
[2025.08.18-20.23.12:615][216]LogAudio: Display: AudioDevice MaxSources: 32
[2025.08.18-20.23.12:615][216]LogAudio: Display: Audio Spatialization Plugin: None (built-in).
[2025.08.18-20.23.12:615][216]LogAudio: Display: Audio Reverb Plugin: None (built-in).
[2025.08.18-20.23.12:615][216]LogAudio: Display: Audio Occlusion Plugin: None (built-in).
[2025.08.18-20.23.12:615][216]LogAudioMixer: Display: Initializing audio mixer.
[2025.08.18-20.23.12:618][216]LogAudioMixer: Display: 0: FrontLeft
[2025.08.18-20.23.12:618][216]LogAudioMixer: Display: 1: FrontRight
[2025.08.18-20.23.12:626][216]LogAudioMixer: Display: Using Audio Device 22B1WG5 (NVIDIA High Definition Audio)
[2025.08.18-20.23.12:626][216]LogAudioMixer: Display: Initializing Sound Submixes...
[2025.08.18-20.23.12:627][216]LogAudioMixer: Display: Creating Master Submix 'MasterSubmixDefault'
[2025.08.18-20.23.12:627][216]LogAudioMixer: Display: Creating Master Submix 'MasterReverbSubmixDefault'
[2025.08.18-20.23.12:627][216]LogAudioMixer: Display: Creating Master Submix 'MasterEQSubmixDefault'
[2025.08.18-20.23.12:627][216]LogAudioMixer: FMixerPlatformXAudio2::StartAudioStream() called
[2025.08.18-20.23.12:627][216]LogAudioMixer: Display: Output buffers initialized: Frames=1024, Channels=2, Samples=2048
[2025.08.18-20.23.12:628][216]LogAudioMixer: Display: Starting AudioMixerPlatformInterface::RunInternal()
[2025.08.18-20.23.12:628][216]LogAudioMixer: Display: FMixerPlatformXAudio2::SubmitBuffer() called for the first time
[2025.08.18-20.23.12:628][216]LogInit: FAudioDevice initialized.
[2025.08.18-20.23.12:628][216]LogAudio: Display: Audio Device (ID: 4) registered with world 'Rafael'.
[2025.08.18-20.23.12:637][216]LogLoad: Game class is 'Game_C'
[2025.08.18-20.23.12:639][216]LogWorld: Bringing World /Game/Cenas/UEDPIE_0_Rafael.Rafael up for play (max tick rate 0) at 2025.08.18-17.23.12
[2025.08.18-20.23.12:639][216]LogWorld: Bringing up level for play took: 0.000966
[2025.08.18-20.23.12:639][216]LogOnline: OSS: Creating online subsystem instance for: :Context_17
[2025.08.18-20.23.12:643][216]PIE: Servidor conectado
[2025.08.18-20.23.12:643][216]PIE: Play in editor total start time 0,04 seconds.
[2025.08.18-20.23.15:578][554]LogSlate: Updating window title bar state: overlay mode, drag disabled, window buttons hidden, title bar hidden
[2025.08.18-20.23.15:578][554]LogWorld: BeginTearingDown for /Game/Cenas/UEDPIE_0_Rafael
[2025.08.18-20.23.15:578][554]LogWorld: UWorld::CleanupWorld for Rafael, bSessionEnded=true, bCleanupResources=true
[2025.08.18-20.23.15:578][554]LogSlate: InvalidateAllWidgets triggered.  All widgets were invalidated
[2025.08.18-20.23.15:586][554]LogPlayLevel: Display: Shutting down PIE online subsystems
[2025.08.18-20.23.15:587][554]LogSlate: InvalidateAllWidgets triggered.  All widgets were invalidated
[2025.08.18-20.23.15:591][554]LogSlate: Updating window title bar state: overlay mode, drag disabled, window buttons hidden, title bar hidden
[2025.08.18-20.23.15:591][554]LogAudioMixer: FMixerPlatformXAudio2::StopAudioStream() called
[2025.08.18-20.23.15:592][554]LogAudioMixer: FMixerPlatformXAudio2::StopAudioStream() called
[2025.08.18-20.23.15:595][554]LogUObjectHash: Compacting FUObjectHashTables data took   0.56ms
[2025.08.18-20.23.15:638][559]LogPlayLevel: Display: Destroying online subsystem :Context_17
[2025.08.18-20.23.26:148][818]LogEditorViewport: Clicking on Actor (LMB): PlayerStart (PlayerStart2)
[2025.08.18-20.23.29:311][195]LogNavigationPoint: PostEditMove Clear paths rebuilt
[2025.08.18-20.23.31:452][451]LogNavigationPoint: PostEditMove Clear paths rebuilt
[2025.08.18-20.23.32:532][580]LogNavigationPoint: PostEditMove Clear paths rebuilt
[2025.08.18-20.23.34:005][756]LogNavigationPoint: PostEditMove Clear paths rebuilt
[2025.08.18-20.23.40:343][515]LogNavigationPoint: PostEditMove Clear paths rebuilt
[2025.08.18-20.23.43:901][941]LogNavigationPoint: PostEditMove Clear paths rebuilt
[2025.08.18-20.23.45:497][132]LogNavigationPoint: PostEditMove Clear paths rebuilt
[2025.08.18-20.23.47:463][367]LogNavigationPoint: PostEditMove Clear paths rebuilt
[2025.08.18-20.23.49:796][631]LogEditorViewport: Clicking Background
[2025.08.18-20.23.58:344][656]LogEditorViewport: Clicking on Actor (LMB): TextRenderActor (TextRenderActor2)
[2025.08.18-20.24.35:124][ 42]LogEditorViewport: Clicking on Actor (LMB): StaticMeshActor (Cube)
[2025.08.18-20.24.39:059][494]Cmd: OBJ SAVEPACKAGE PACKAGE="/Game/Cenas/Rafael" FILE="../../../../../../Users/rafael.anastácio/Documents/GitHub/Sorry/Content/Cenas/Rafael.umap" SILENT=true AUTOSAVING=false KEEPDIRTY=false
[2025.08.18-20.24.39:063][494]LogUObjectHash: Compacting FUObjectHashTables data took   0.58ms
[2025.08.18-20.24.39:077][494]LogSavePackage: Moving '../../../../../../Users/rafael.anastácio/Documents/GitHub/Sorry/Saved/Rafael863CD87542290812D1918A82BCC010EE.tmp' to '../../../../../../Users/rafael.anastácio/Documents/GitHub/Sorry/Content/Cenas/Rafael.umap'
[2025.08.18-20.24.39:090][494]Cmd: OBJ SAVEPACKAGE PACKAGE="/Game/Cenas/Rafael_BuiltData" FILE="../../../../../../Users/rafael.anastácio/Documents/GitHub/Sorry/Content/Cenas/Rafael_BuiltData.uasset" SILENT=true
[2025.08.18-20.24.39:133][494]LogSavePackage: Moving '../../../../../../Users/rafael.anastácio/Documents/GitHub/Sorry/Saved/Rafael_BuiltData60A4EC064104A5DF5B1CA6A3B766CF85.tmp' to '../../../../../../Users/rafael.anastácio/Documents/GitHub/Sorry/Content/Cenas/Rafael_BuiltData.uasset'
[2025.08.18-20.24.39:142][494]AssetCheck: New page: Asset Save: multiple assets
[2025.08.18-20.24.39:142][494]LogContentValidation: Display: Validating World /Game/Cenas/Rafael.Rafael
[2025.08.18-20.24.39:143][494]LogContentValidation: Display: Validating MapBuildDataRegistry /Game/Cenas/Rafael_BuiltData.Rafael_BuiltData
[2025.08.18-20.24.44:532][137]LogEditorViewport: Clicking Background
[2025.08.18-20.24.50:240][819]Cmd: OBJ SAVEPACKAGE PACKAGE="/Game/Cenas/Rafael" FILE="../../../../../../Users/rafael.anastácio/Documents/GitHub/Sorry/Content/Cenas/Rafael.umap" SILENT=true AUTOSAVING=false KEEPDIRTY=false
[2025.08.18-20.24.50:245][819]LogUObjectHash: Compacting FUObjectHashTables data took   0.24ms
[2025.08.18-20.24.50:257][819]LogSavePackage: Moving '../../../../../../Users/rafael.anastácio/Documents/GitHub/Sorry/Saved/Rafael49036E0F4D0A4F5DFC3E97B207A317D9.tmp' to '../../../../../../Users/rafael.anastácio/Documents/GitHub/Sorry/Content/Cenas/Rafael.umap'
[2025.08.18-20.24.50:270][819]Cmd: OBJ SAVEPACKAGE PACKAGE="/Game/Cenas/Rafael_BuiltData" FILE="../../../../../../Users/rafael.anastácio/Documents/GitHub/Sorry/Content/Cenas/Rafael_BuiltData.uasset" SILENT=true
[2025.08.18-20.24.50:311][819]LogSavePackage: Moving '../../../../../../Users/rafael.anastácio/Documents/GitHub/Sorry/Saved/Rafael_BuiltData498CE4674812E9C0D857CEAB85890CF1.tmp' to '../../../../../../Users/rafael.anastácio/Documents/GitHub/Sorry/Content/Cenas/Rafael_BuiltData.uasset'
[2025.08.18-20.24.50:321][819]AssetCheck: New page: Asset Save: multiple assets
[2025.08.18-20.24.50:321][819]LogContentValidation: Display: Validating World /Game/Cenas/Rafael.Rafael
[2025.08.18-20.24.50:321][819]LogContentValidation: Display: Validating MapBuildDataRegistry /Game/Cenas/Rafael_BuiltData.Rafael_BuiltData
[2025.08.18-20.24.54:697][344]LogEditorViewport: Clicking on Actor (LMB): TextRenderActor (TextRenderActor2)
[2025.08.18-20.25.04:366][457]LogEditorViewport: Clicking on Actor (LMB): StaticMeshActor (Wall_400x301)
[2025.08.18-20.25.07:521][829]Cmd: OBJ SAVEPACKAGE PACKAGE="/Game/Cenas/Rafael" FILE="../../../../../../Users/rafael.anastácio/Documents/GitHub/Sorry/Content/Cenas/Rafael.umap" SILENT=true AUTOSAVING=false KEEPDIRTY=false
[2025.08.18-20.25.07:526][829]LogUObjectHash: Compacting FUObjectHashTables data took   0.23ms
[2025.08.18-20.25.07:538][829]LogSavePackage: Moving '../../../../../../Users/rafael.anastácio/Documents/GitHub/Sorry/Saved/Rafael0D58D86346DA315288DE0199BC2CB359.tmp' to '../../../../../../Users/rafael.anastácio/Documents/GitHub/Sorry/Content/Cenas/Rafael.umap'
[2025.08.18-20.25.07:551][829]Cmd: OBJ SAVEPACKAGE PACKAGE="/Game/Cenas/Rafael_BuiltData" FILE="../../../../../../Users/rafael.anastácio/Documents/GitHub/Sorry/Content/Cenas/Rafael_BuiltData.uasset" SILENT=true
[2025.08.18-20.25.07:594][829]LogSavePackage: Moving '../../../../../../Users/rafael.anastácio/Documents/GitHub/Sorry/Saved/Rafael_BuiltData7803A9F84B44CB78D0CB22B65E199840.tmp' to '../../../../../../Users/rafael.anastácio/Documents/GitHub/Sorry/Content/Cenas/Rafael_BuiltData.uasset'
[2025.08.18-20.25.07:604][829]AssetCheck: New page: Asset Save: multiple assets
[2025.08.18-20.25.07:604][829]LogContentValidation: Display: Validating World /Game/Cenas/Rafael.Rafael
[2025.08.18-20.25.07:604][829]LogContentValidation: Display: Validating MapBuildDataRegistry /Game/Cenas/Rafael_BuiltData.Rafael_BuiltData
[2025.08.18-20.25.46:374][372]LogActorFactory: Actor Factory created SM_AssetPlatform
[2025.08.18-20.25.47:286][467]LogActorFactory: Actor Factory created SM_AssetPlatform
[2025.08.18-20.26.03:138][346]Cmd: DELETE
[2025.08.18-20.26.03:138][346]Cmd: ACTOR DELETE
[2025.08.18-20.26.03:139][346]LogEditorActor: Deleted Actor: StaticMeshActor
[2025.08.18-20.26.03:144][346]LogUObjectHash: Compacting FUObjectHashTables data took   0.55ms
[2025.08.18-20.26.03:148][346]LogEditorActor: Deleted 1 Actors (0.009 secs)
[2025.08.18-20.26.08:359][854]LogActorFactory: Actor Factory created Wall_400x200
[2025.08.18-20.26.10:699][130]LogActorFactory: Actor Factory created Wall_400x200
[2025.08.18-20.26.30:036][425]LogEditorViewport: Clicking on Actor (LMB): StaticMeshActor (Wall_400x201)
[2025.08.18-20.26.30:753][510]LogEditorViewport: Clicking on Actor (LMB): StaticMeshActor (Wall_400x201)
[2025.08.18-20.26.31:060][546]LogEditorViewport: Clicking on Component (LMB): StaticMeshComponent (StaticMeshComponent0)
[2025.08.18-20.26.31:383][582]LogEditorViewport: Clicking on Component (LMB): StaticMeshComponent (StaticMeshComponent0)
[2025.08.18-20.26.31:890][642]LogEditorViewport: Clicking on Component (LMB): StaticMeshComponent (StaticMeshComponent0)
[2025.08.18-20.26.36:844][174]Cmd: OBJ SAVEPACKAGE PACKAGE="/Game/Cenas/Rafael" FILE="../../../../../../Users/rafael.anastácio/Documents/GitHub/Sorry/Content/Cenas/Rafael.umap" SILENT=true AUTOSAVING=false KEEPDIRTY=false
[2025.08.18-20.26.36:849][174]LogUObjectHash: Compacting FUObjectHashTables data took   0.71ms
[2025.08.18-20.26.36:862][174]LogSavePackage: Moving '../../../../../../Users/rafael.anastácio/Documents/GitHub/Sorry/Saved/RafaelB143912C42379381AAD6E4B9BB856C75.tmp' to '../../../../../../Users/rafael.anastácio/Documents/GitHub/Sorry/Content/Cenas/Rafael.umap'
[2025.08.18-20.26.36:875][174]Cmd: OBJ SAVEPACKAGE PACKAGE="/Game/Cenas/Rafael_BuiltData" FILE="../../../../../../Users/rafael.anastácio/Documents/GitHub/Sorry/Content/Cenas/Rafael_BuiltData.uasset" SILENT=true
[2025.08.18-20.26.36:917][174]LogSavePackage: Moving '../../../../../../Users/rafael.anastácio/Documents/GitHub/Sorry/Saved/Rafael_BuiltData262FA59A462544882C3838A678A23E72.tmp' to '../../../../../../Users/rafael.anastácio/Documents/GitHub/Sorry/Content/Cenas/Rafael_BuiltData.uasset'
[2025.08.18-20.26.36:926][174]AssetCheck: New page: Asset Save: multiple assets
[2025.08.18-20.26.36:927][174]LogContentValidation: Display: Validating World /Game/Cenas/Rafael.Rafael
[2025.08.18-20.26.36:927][174]LogContentValidation: Display: Validating MapBuildDataRegistry /Game/Cenas/Rafael_BuiltData.Rafael_BuiltData
[2025.08.18-20.26.48:526][554]LogEditorViewport: Clicking on Component (LMB): StaticMeshComponent (StaticMeshComponent0)
[2025.08.18-20.27.07:179][744]LogEditorViewport: Clicking Background
[2025.08.18-20.27.07:799][818]LogEditorViewport: Clicking Background
[2025.08.18-20.27.13:389][488]LogEditorViewport: Clicking on Actor (LMB): StaticMeshActor (Wall_400x201)
[2025.08.18-20.27.20:288][294]LogEditorViewport: Clicking on Actor (LMB): StaticMeshActor (Wall_400x302)
[2025.08.18-20.27.32:351][737]LogEditorViewport: Clicking on Actor (LMB): PlayerStart (PlayerStart)
[2025.08.18-20.27.36:467][228]Cmd: DELETE
[2025.08.18-20.27.36:467][228]Cmd: ACTOR DELETE
[2025.08.18-20.27.36:468][228]LogEditorActor: Deleted Actor: PlayerStart
[2025.08.18-20.27.36:473][228]LogUObjectHash: Compacting FUObjectHashTables data took   0.62ms
[2025.08.18-20.27.36:477][228]LogEditorActor: Deleted 1 Actors (0.010 secs)
[2025.08.18-20.27.43:484][ 58]LogTemp: Repeating last play command: Selected Viewport
[2025.08.18-20.27.43:489][ 58]LogPlayLevel: PlayLevel: No blueprints needed recompiling
[2025.08.18-20.27.43:489][ 58]PIE: New page: Sessão de PIE : Rafael (18 de ago de 2025 14:27:43)
[2025.08.18-20.27.43:489][ 58]LogPlayLevel: Creating play world package: /Game/Cenas/UEDPIE_0_Rafael
[2025.08.18-20.27.43:492][ 58]LogPlayLevel: PIE: StaticDuplicateObject took: (0.003289s)
[2025.08.18-20.27.43:493][ 58]LogAIModule: Creating AISystem for world Rafael
[2025.08.18-20.27.43:494][ 58]LogPlayLevel: PIE: World Init took: (0.001115s)
[2025.08.18-20.27.43:494][ 58]LogPlayLevel: PIE: Created PIE world by copying editor world from /Game/Cenas/Rafael.Rafael to /Game/Cenas/UEDPIE_0_Rafael.Rafael (0.004536s)
[2025.08.18-20.27.43:499][ 58]LogUObjectHash: Compacting FUObjectHashTables data took   0.63ms
[2025.08.18-20.27.43:499][ 58]LogAudio: Display: Creating Audio Device:                 Id: 5, Scope: Unique, Realtime: True
[2025.08.18-20.27.43:499][ 58]LogAudioMixer: Display: Audio Mixer Platform Settings:
[2025.08.18-20.27.43:499][ 58]LogAudioMixer: Display: 	Sample Rate:						  48000
[2025.08.18-20.27.43:499][ 58]LogAudioMixer: Display: 	Callback Buffer Frame Size Requested: 1024
[2025.08.18-20.27.43:500][ 58]LogAudioMixer: Display: 	Callback Buffer Frame Size To Use:	  1024
[2025.08.18-20.27.43:500][ 58]LogAudioMixer: Display: 	Number of buffers to queue:			  2
[2025.08.18-20.27.43:500][ 58]LogAudioMixer: Display: 	Max Channels (voices):				  32
[2025.08.18-20.27.43:500][ 58]LogAudioMixer: Display: 	Number of Async Source Workers:		  0
[2025.08.18-20.27.43:500][ 58]LogAudio: Display: AudioDevice MaxSources: 32
[2025.08.18-20.27.43:500][ 58]LogAudio: Display: Audio Spatialization Plugin: None (built-in).
[2025.08.18-20.27.43:500][ 58]LogAudio: Display: Audio Reverb Plugin: None (built-in).
[2025.08.18-20.27.43:500][ 58]LogAudio: Display: Audio Occlusion Plugin: None (built-in).
[2025.08.18-20.27.43:500][ 58]LogAudioMixer: Display: Initializing audio mixer.
[2025.08.18-20.27.43:503][ 58]LogAudioMixer: Display: 0: FrontLeft
[2025.08.18-20.27.43:503][ 58]LogAudioMixer: Display: 1: FrontRight
[2025.08.18-20.27.43:511][ 58]LogAudioMixer: Display: Using Audio Device 22B1WG5 (NVIDIA High Definition Audio)
[2025.08.18-20.27.43:511][ 58]LogAudioMixer: Display: Initializing Sound Submixes...
[2025.08.18-20.27.43:511][ 58]LogAudioMixer: Display: Creating Master Submix 'MasterSubmixDefault'
[2025.08.18-20.27.43:511][ 58]LogAudioMixer: Display: Creating Master Submix 'MasterReverbSubmixDefault'
[2025.08.18-20.27.43:512][ 58]LogAudioMixer: Display: Creating Master Submix 'MasterEQSubmixDefault'
[2025.08.18-20.27.43:512][ 58]LogAudioMixer: FMixerPlatformXAudio2::StartAudioStream() called
[2025.08.18-20.27.43:512][ 58]LogAudioMixer: Display: Output buffers initialized: Frames=1024, Channels=2, Samples=2048
[2025.08.18-20.27.43:513][ 58]LogAudioMixer: Display: Starting AudioMixerPlatformInterface::RunInternal()
[2025.08.18-20.27.43:513][ 58]LogAudioMixer: Display: FMixerPlatformXAudio2::SubmitBuffer() called for the first time
[2025.08.18-20.27.43:513][ 58]LogInit: FAudioDevice initialized.
[2025.08.18-20.27.43:513][ 58]LogAudio: Display: Audio Device (ID: 5) registered with world 'Rafael'.
[2025.08.18-20.27.43:522][ 58]LogLoad: Game class is 'Game_C'
[2025.08.18-20.27.43:524][ 58]LogWorld: Bringing World /Game/Cenas/UEDPIE_0_Rafael.Rafael up for play (max tick rate 0) at 2025.08.18-17.27.43
[2025.08.18-20.27.43:524][ 58]LogWorld: Bringing up level for play took: 0.000919
[2025.08.18-20.27.43:524][ 58]LogOnline: OSS: Creating online subsystem instance for: :Context_18
[2025.08.18-20.27.43:526][ 58]PIE: Servidor conectado
[2025.08.18-20.27.43:527][ 58]PIE: Play in editor total start time 0,038 seconds.
[2025.08.18-20.28.02:912][365]LogSlate: Updating window title bar state: overlay mode, drag disabled, window buttons hidden, title bar hidden
[2025.08.18-20.28.02:912][365]LogWorld: BeginTearingDown for /Game/Cenas/UEDPIE_0_Rafael
[2025.08.18-20.28.02:912][365]LogWorld: UWorld::CleanupWorld for Rafael, bSessionEnded=true, bCleanupResources=true
[2025.08.18-20.28.02:912][365]LogSlate: InvalidateAllWidgets triggered.  All widgets were invalidated
[2025.08.18-20.28.02:918][365]LogPlayLevel: Display: Shutting down PIE online subsystems
[2025.08.18-20.28.02:919][365]LogSlate: InvalidateAllWidgets triggered.  All widgets were invalidated
[2025.08.18-20.28.02:923][365]LogSlate: Updating window title bar state: overlay mode, drag disabled, window buttons hidden, title bar hidden
[2025.08.18-20.28.02:923][365]LogAudioMixer: FMixerPlatformXAudio2::StopAudioStream() called
[2025.08.18-20.28.02:924][365]LogAudioMixer: FMixerPlatformXAudio2::StopAudioStream() called
[2025.08.18-20.28.02:927][365]LogUObjectHash: Compacting FUObjectHashTables data took   0.56ms
[2025.08.18-20.28.02:969][368]LogPlayLevel: Display: Destroying online subsystem :Context_18
[2025.08.18-20.29.24:667][132]Cmd: OBJ SAVEPACKAGE PACKAGE="/Game/Cenas/Rafael" FILE="../../../../../../Users/rafael.anastácio/Documents/GitHub/Sorry/Content/Cenas/Rafael.umap" SILENT=true AUTOSAVING=false KEEPDIRTY=false
[2025.08.18-20.29.24:672][132]LogUObjectHash: Compacting FUObjectHashTables data took   0.61ms
[2025.08.18-20.29.24:687][132]LogSavePackage: Moving '../../../../../../Users/rafael.anastácio/Documents/GitHub/Sorry/Saved/Rafael65899D0C4AE1A26F713B44837884DB80.tmp' to '../../../../../../Users/rafael.anastácio/Documents/GitHub/Sorry/Content/Cenas/Rafael.umap'
[2025.08.18-20.29.24:700][132]Cmd: OBJ SAVEPACKAGE PACKAGE="/Game/Cenas/Rafael_BuiltData" FILE="../../../../../../Users/rafael.anastácio/Documents/GitHub/Sorry/Content/Cenas/Rafael_BuiltData.uasset" SILENT=true
[2025.08.18-20.29.24:743][132]LogSavePackage: Moving '../../../../../../Users/rafael.anastácio/Documents/GitHub/Sorry/Saved/Rafael_BuiltDataECC8C3434122B9793EEDA7A38385D409.tmp' to '../../../../../../Users/rafael.anastácio/Documents/GitHub/Sorry/Content/Cenas/Rafael_BuiltData.uasset'
[2025.08.18-20.29.24:753][132]AssetCheck: New page: Asset Save: multiple assets
[2025.08.18-20.29.24:753][132]LogContentValidation: Display: Validating World /Game/Cenas/Rafael.Rafael
[2025.08.18-20.29.24:753][132]LogContentValidation: Display: Validating MapBuildDataRegistry /Game/Cenas/Rafael_BuiltData.Rafael_BuiltData
[2025.08.18-20.29.50:928][241]Cmd: OBJ SAVEPACKAGE PACKAGE="/Game/Cenas/Rafael" FILE="../../../../../../Users/rafael.anastácio/Documents/GitHub/Sorry/Content/Cenas/Rafael.umap" SILENT=true AUTOSAVING=false KEEPDIRTY=false
[2025.08.18-20.29.50:932][241]LogUObjectHash: Compacting FUObjectHashTables data took   0.61ms
[2025.08.18-20.29.50:946][241]LogSavePackage: Moving '../../../../../../Users/rafael.anastácio/Documents/GitHub/Sorry/Saved/RafaelE472C7DD4AC3E78B230ADA9456B88800.tmp' to '../../../../../../Users/rafael.anastácio/Documents/GitHub/Sorry/Content/Cenas/Rafael.umap'
[2025.08.18-20.29.50:957][241]Cmd: OBJ SAVEPACKAGE PACKAGE="/Game/Cenas/Rafael_BuiltData" FILE="../../../../../../Users/rafael.anastácio/Documents/GitHub/Sorry/Content/Cenas/Rafael_BuiltData.uasset" SILENT=true
[2025.08.18-20.29.51:000][241]LogSavePackage: Moving '../../../../../../Users/rafael.anastácio/Documents/GitHub/Sorry/Saved/Rafael_BuiltDataC9873D5D41C281A04B9E80A5763C0574.tmp' to '../../../../../../Users/rafael.anastácio/Documents/GitHub/Sorry/Content/Cenas/Rafael_BuiltData.uasset'
[2025.08.18-20.29.51:011][241]AssetCheck: New page: Asset Save: multiple assets
[2025.08.18-20.29.51:011][241]LogContentValidation: Display: Validating World /Game/Cenas/Rafael.Rafael
[2025.08.18-20.29.51:011][241]LogContentValidation: Display: Validating MapBuildDataRegistry /Game/Cenas/Rafael_BuiltData.Rafael_BuiltData
[2025.08.18-20.39.50:762][154]LogUObjectHash: Compacting FUObjectHashTables data took   0.35ms
[2025.08.18-20.39.50:767][154]LogFileHelpers: Editor autosave (incl. external actors) for '/Game/Cenas/Rafael' took 0.010
[2025.08.18-20.39.50:767][154]OBJ SavePackage: Generating thumbnails for [1] asset(s) in package [/Engine/BasicShapes/BasicShapeMaterial] ([1] browsable assets)...
[2025.08.18-20.39.50:776][154]OBJ SavePackage:     Rendered thumbnail for [Material /Engine/BasicShapes/BasicShapeMaterial.BasicShapeMaterial]
[2025.08.18-20.39.50:776][154]OBJ SavePackage: Finished generating thumbnails for package [/Engine/BasicShapes/BasicShapeMaterial]
[2025.08.18-20.39.50:781][154]LogSavePackage: Moving '../../../../../../Users/rafael.anastácio/Documents/GitHub/Sorry/Saved/BasicShapeMaterial_Auto164781D7842D9C407A4C1408CA53C2A97.tmp' to '../../../../../../Users/rafael.anastácio/Documents/GitHub/Sorry/Saved/Autosaves/Engine/BasicShapes/BasicShapeMaterial_Auto1.uasset'
[2025.08.18-20.39.50:782][154]OBJ SavePackage: Generating thumbnails for [1] asset(s) in package [/Game/StarterContent/Materials/M_Basic_Wall] ([1] browsable assets)...
[2025.08.18-20.39.50:790][154]OBJ SavePackage:     Rendered thumbnail for [Material /Game/StarterContent/Materials/M_Basic_Wall.M_Basic_Wall]
[2025.08.18-20.39.50:790][154]OBJ SavePackage: Finished generating thumbnails for package [/Game/StarterContent/Materials/M_Basic_Wall]
[2025.08.18-20.39.50:795][154]LogSavePackage: Moving '../../../../../../Users/rafael.anastácio/Documents/GitHub/Sorry/Saved/M_Basic_Wall_Auto1AEDABD24446B1583C15CB2931BA2F183.tmp' to '../../../../../../Users/rafael.anastácio/Documents/GitHub/Sorry/Saved/Autosaves/Game/StarterContent/Materials/M_Basic_Wall_Auto1.uasset'
[2025.08.18-20.39.50:795][154]LogFileHelpers: Auto-saving content packages took 0.028
[2025.08.18-20.49.47:026][662]LogAudioMixer: Warning: Changing default audio render device to new device: {0.0.0.00000000}.{88017174-9696-41b8-ba5d-d960dae3b194}.
[2025.08.18-20.49.47:029][662]LogAudioMixer: Resetting audio stream to device id 
[2025.08.18-20.49.47:032][662]LogAudioMixer: Display: 0: FrontLeft
[2025.08.18-20.49.47:032][662]LogAudioMixer: Display: 1: FrontRight
[2025.08.18-20.56.17:452][386]LogAudioMixer: Warning: Changing default audio render device to new device: {0.0.0.00000000}.{d8506619-6cfa-4a5d-9e95-d9538ba923b5}.
[2025.08.18-20.56.17:452][386]LogAudioMixer: Resetting audio stream to device id 
[2025.08.18-20.56.17:458][386]LogAudioMixer: Display: 0: FrontLeft
[2025.08.18-20.56.17:458][386]LogAudioMixer: Display: 1: FrontRight
[2025.08.18-20.56.41:941][598]Cmd: OBJ SAVEPACKAGE PACKAGE="/Game/Cenas/Rafael" FILE="../../../../../../Users/rafael.anastácio/Documents/GitHub/Sorry/Content/Cenas/Rafael.umap" SILENT=true AUTOSAVING=false KEEPDIRTY=false
[2025.08.18-20.56.41:946][598]LogUObjectHash: Compacting FUObjectHashTables data took   0.36ms
[2025.08.18-20.56.41:962][598]LogSavePackage: Moving '../../../../../../Users/rafael.anastácio/Documents/GitHub/Sorry/Saved/RafaelB7B9379248594DA7C29024BD93732552.tmp' to '../../../../../../Users/rafael.anastácio/Documents/GitHub/Sorry/Content/Cenas/Rafael.umap'
[2025.08.18-20.56.41:976][598]Cmd: OBJ SAVEPACKAGE PACKAGE="/Game/Cenas/Rafael_BuiltData" FILE="../../../../../../Users/rafael.anastácio/Documents/GitHub/Sorry/Content/Cenas/Rafael_BuiltData.uasset" SILENT=true
[2025.08.18-20.56.42:019][598]LogSavePackage: Moving '../../../../../../Users/rafael.anastácio/Documents/GitHub/Sorry/Saved/Rafael_BuiltData7DF812194A4C68FCD77639A824813BFB.tmp' to '../../../../../../Users/rafael.anastácio/Documents/GitHub/Sorry/Content/Cenas/Rafael_BuiltData.uasset'
[2025.08.18-20.56.42:029][598]AssetCheck: New page: Asset Save: multiple assets
[2025.08.18-20.56.42:029][598]LogContentValidation: Display: Validating World /Game/Cenas/Rafael.Rafael
[2025.08.18-20.56.42:029][598]LogContentValidation: Display: Validating MapBuildDataRegistry /Game/Cenas/Rafael_BuiltData.Rafael_BuiltData
[2025.08.18-20.56.59:695][713]LogUObjectHash: Compacting FUObjectHashTables data took   0.24ms
[2025.08.18-20.57.01:463][713]LogSlate: Window 'Salvar Conteúdo' being destroyed
[2025.08.18-20.57.01:477][713]Cmd: OBJ SAVEPACKAGE PACKAGE="/Engine/BasicShapes/BasicShapeMaterial" FILE="../../../Engine/Content/BasicShapes/BasicShapeMaterial.uasset" SILENT=true
[2025.08.18-20.57.01:478][713]LogSavePackage: Moving '../../../../../../Users/rafael.anastácio/Documents/GitHub/Sorry/Saved/BasicShapeMaterialFE041E1543C6618905DBCE823F650A57.tmp' to '../../../Engine/Content/BasicShapes/BasicShapeMaterial.uasset'
[2025.08.18-20.57.01:481][713]LogSavePackage: Moving '../../../../../../Users/rafael.anastácio/Documents/GitHub/Sorry/Saved/M_Basic_Wall8E97A6774DA45527A36FD4BFC253BA05.tmp' to '../../../../../../Users/rafael.anastácio/Documents/GitHub/Sorry/Content/StarterContent/Materials/M_Basic_Wall.uasset'
[2025.08.18-20.57.01:520][713]LogSlate: Window 'Sorry - Unreal Editor' being destroyed
[2025.08.18-20.57.01:602][713]AssetCheck: New page: Asset Save: multiple assets
[2025.08.18-20.57.01:603][713]LogContentValidation: Display: Validating Material /Game/StarterContent/Materials/M_Basic_Wall.M_Basic_Wall
[2025.08.18-20.57.01:603][713]LogContentValidation: Display: Validating Material /Engine/BasicShapes/BasicShapeMaterial.BasicShapeMaterial
[2025.08.18-20.57.01:603][714]Cmd: QUIT_EDITOR
[2025.08.18-20.57.01:603][714]LogCore: Engine exit requested (reason: UUnrealEdEngine::CloseEditor())
[2025.08.18-20.57.01:605][714]LogCore: Engine exit requested (reason: EngineExit() was called; note: exit was already requested)
[2025.08.18-20.57.01:939][714]LogAudio: Display: Beginning Audio Device Manager Shutdown (Module: AudioMixerXAudio2)...
[2025.08.18-20.57.01:939][714]LogAudio: Display: Destroying 1 Remaining Audio Device(s)...
[2025.08.18-20.57.01:939][714]LogAudio: Display: Audio Device unregistered from world 'Rafael'.
[2025.08.18-20.57.01:939][714]LogAudioMixer: FMixerPlatformXAudio2::StopAudioStream() called
[2025.08.18-20.57.01:940][714]LogAudioMixer: FMixerPlatformXAudio2::StopAudioStream() called
[2025.08.18-20.57.01:943][714]LogAudio: Display: Audio Device Manager Shutdown
[2025.08.18-20.57.01:943][714]LogWindowsTextInputMethodSystem: Display: IME system deactivated.
[2025.08.18-20.57.01:946][714]LogExit: Preparing to exit.
[2025.08.18-20.57.02:634][714]LogUObjectHash: Compacting FUObjectHashTables data took   0.79ms
[2025.08.18-20.57.02:748][714]LogWorld: UWorld::CleanupWorld for World_1, bSessionEnded=true, bCleanupResources=true
[2025.08.18-20.57.02:748][714]LogWorld: UWorld::CleanupWorld for World_0, bSessionEnded=true, bCleanupResources=true
[2025.08.18-20.57.02:750][714]LogDirectoryWatcher: Display: A directory notification failed, and we were unable to create a new request. GetLastError code [6] Handle [FFFFFFFFFFFFFFFF], Path [C:/Users/rafael.anastácio/Documents/GitHub/Sorry/Content/] 
[2025.08.18-20.57.02:760][714]LogDemo: Cleaned up 0 splitscreen connections with owner deletion
[2025.08.18-20.57.02:766][714]LogWorld: UWorld::CleanupWorld for None, bSessionEnded=true, bCleanupResources=true
[2025.08.18-20.57.02:766][714]LogExit: Editor shut down
[2025.08.18-20.57.02:769][714]LogExit: Transaction tracking system shut down
[2025.08.18-20.57.02:965][714]LogExit: Object subsystem successfully closed.
[2025.08.18-20.57.02:982][714]LogShaderCompilers: Display: === FShaderJobCache stats ===
[2025.08.18-20.57.02:982][714]LogShaderCompilers: Display: Total job queries 1225, among them cache hits 907 (74.04%)
[2025.08.18-20.57.02:982][714]LogShaderCompilers: Display: Tracking 232 distinct input hashes that result in 83 distinct outputs (35.78%)
[2025.08.18-20.57.02:982][714]LogShaderCompilers: Display: RAM used: 0.46 MB (0.00 GB) of 819.20 MB (0.80 GB) budget. Usage: 0.06%
[2025.08.18-20.57.02:982][714]LogShaderCompilers: Display: ================================================
[2025.08.18-20.57.02:988][714]LogShaderCompilers: Display: Shaders left to compile 0
[2025.08.18-20.57.03:016][714]LogModuleManager: Shutting down and abandoning module HierarchicalLODUtilities (878)
[2025.08.18-20.57.03:016][714]LogModuleManager: Shutting down and abandoning module StaticMeshEditor (876)
[2025.08.18-20.57.03:016][714]LogModuleManager: Shutting down and abandoning module MovieSceneCapture (874)
[2025.08.18-20.57.03:016][714]LogModuleManager: Shutting down and abandoning module Voice (872)
[2025.08.18-20.57.03:016][714]LogModuleManager: Shutting down and abandoning module HierarchicalLODOutliner (870)
[2025.08.18-20.57.03:016][714]LogModuleManager: Shutting down and abandoning module SceneOutliner (868)
[2025.08.18-20.57.03:016][714]LogModuleManager: Shutting down and abandoning module AddContentDialog (866)
[2025.08.18-20.57.03:016][714]LogModuleManager: Shutting down and abandoning module WidgetCarousel (865)
[2025.08.18-20.57.03:016][714]LogModuleManager: Shutting down and abandoning module EditorWidgets (862)
[2025.08.18-20.57.03:016][714]LogModuleManager: Shutting down and abandoning module StatsViewer (860)
[2025.08.18-20.57.03:016][714]LogModuleManager: Shutting down and abandoning module PIEPreviewDeviceProfileSelector (858)
[2025.08.18-20.57.03:016][714]LogModuleManager: Shutting down and abandoning module SequenceRecorderSections (856)
[2025.08.18-20.57.03:016][714]LogModuleManager: Shutting down and abandoning module AutomationWorker (854)
[2025.08.18-20.57.03:016][714]LogModuleManager: Shutting down and abandoning module SteamVREditor (852)
[2025.08.18-20.57.03:016][714]LogModuleManager: Shutting down and abandoning module OculusMR (850)
[2025.08.18-20.57.03:016][714]LogModuleManager: Shutting down and abandoning module TakeRecorderSources (848)
[2025.08.18-20.57.03:016][714]LogModuleManager: Shutting down and abandoning module TakeRecorder (847)
[2025.08.18-20.57.03:016][714]LogModuleManager: Shutting down and abandoning module TakeTrackRecorders (844)
[2025.08.18-20.57.03:016][714]LogModuleManager: Shutting down and abandoning module TakesCore (842)
[2025.08.18-20.57.03:016][714]LogModuleManager: Shutting down and abandoning module OpenXRInput (840)
[2025.08.18-20.57.03:016][714]LogModuleManager: Shutting down and abandoning module GooglePADEditor (838)
[2025.08.18-20.57.03:016][714]LogModuleManager: Shutting down and abandoning module AudioCaptureEditor (836)
[2025.08.18-20.57.03:016][714]LogModuleManager: Shutting down and abandoning module TemplateSequenceEditor (834)
[2025.08.18-20.57.03:017][714]LogModuleManager: Shutting down and abandoning module LevelSequenceEditor (832)
[2025.08.18-20.57.03:017][714]LogModuleManager: Shutting down and abandoning module MatineeToLevelSequence (830)
[2025.08.18-20.57.03:017][714]LogModuleManager: Shutting down and abandoning module ActorSequenceEditor (828)
[2025.08.18-20.57.03:017][714]LogModuleManager: Shutting down and abandoning module WmfMediaFactory (826)
[2025.08.18-20.57.03:017][714]LogModuleManager: Shutting down and abandoning module WmfMediaEditor (824)
[2025.08.18-20.57.03:017][714]LogModuleManager: Shutting down and abandoning module WebMMediaFactory (822)
[2025.08.18-20.57.03:017][714]LogModuleManager: Shutting down and abandoning module WebMMediaEditor (820)
[2025.08.18-20.57.03:017][714]LogModuleManager: Shutting down and abandoning module WebMMedia (818)
[2025.08.18-20.57.03:017][714]LogModuleManager: Shutting down and abandoning module MagicLeapMediaCodecFactory (816)
[2025.08.18-20.57.03:017][714]LogModuleManager: Shutting down and abandoning module MagicLeapMediaFactory (814)
[2025.08.18-20.57.03:017][714]LogModuleManager: Shutting down and abandoning module MagicLeapMediaEditor (812)
[2025.08.18-20.57.03:017][714]LogModuleManager: Shutting down and abandoning module MediaPlayerEditor (810)
[2025.08.18-20.57.03:017][714]LogModuleManager: Shutting down and abandoning module MediaCompositingEditor (808)
[2025.08.18-20.57.03:017][714]LogModuleManager: Shutting down and abandoning module SequenceRecorder (807)
[2025.08.18-20.57.03:017][714]LogModuleManager: Shutting down and abandoning module OpenExrWrapper (804)
[2025.08.18-20.57.03:017][714]LogModuleManager: Shutting down and abandoning module ImgMediaFactory (802)
[2025.08.18-20.57.03:017][714]LogModuleManager: Shutting down and abandoning module ImgMediaEditor (800)
[2025.08.18-20.57.03:017][714]LogModuleManager: Shutting down and abandoning module AvfMediaFactory (798)
[2025.08.18-20.57.03:017][714]LogModuleManager: Shutting down and abandoning module AvfMediaEditor (796)
[2025.08.18-20.57.03:017][714]LogModuleManager: Shutting down and abandoning module AndroidMediaFactory (794)
[2025.08.18-20.57.03:017][714]LogModuleManager: Shutting down and abandoning module AndroidMediaEditor (792)
[2025.08.18-20.57.03:017][714]LogModuleManager: Shutting down and abandoning module PlanarCut (790)
[2025.08.18-20.57.03:017][714]LogModuleManager: Shutting down and abandoning module TextureAlignMode (788)
[2025.08.18-20.57.03:017][714]LogModuleManager: Shutting down and abandoning module BspMode (786)
[2025.08.18-20.57.03:017][714]LogModuleManager: Shutting down and abandoning module GeometryMode (784)
[2025.08.18-20.57.03:017][714]LogModuleManager: Shutting down and abandoning module CharacterAI (782)
[2025.08.18-20.57.03:017][714]LogModuleManager: Shutting down and abandoning module CameraShakePreviewer (780)
[2025.08.18-20.57.03:017][714]LogModuleManager: Shutting down and abandoning module SmartSnapping (778)
[2025.08.18-20.57.03:017][714]LogModuleManager: Shutting down and abandoning module SessionServices (776)
[2025.08.18-20.57.03:017][714]LogModuleManager: Shutting down and abandoning module MeshPaint (774)
[2025.08.18-20.57.03:017][714]LogModuleManager: Shutting down and abandoning module VirtualTexturingEditor (772)
[2025.08.18-20.57.03:017][714]LogModuleManager: Shutting down and abandoning module FoliageEdit (770)
[2025.08.18-20.57.03:017][714]LogModuleManager: Shutting down and abandoning module LandscapeEditor (768)
[2025.08.18-20.57.03:017][714]LogModuleManager: Shutting down and abandoning module MeshPaintMode (766)
[2025.08.18-20.57.03:018][714]LogModuleManager: Shutting down and abandoning module SceneDepthPickerMode (764)
[2025.08.18-20.57.03:018][714]LogModuleManager: Shutting down and abandoning module ActorPickerMode (762)
[2025.08.18-20.57.03:018][714]LogModuleManager: Shutting down and abandoning module PlacementMode (760)
[2025.08.18-20.57.03:018][714]LogModuleManager: Shutting down and abandoning module ViewportSnapping (758)
[2025.08.18-20.57.03:018][714]LogModuleManager: Shutting down and abandoning module ViewportInteraction (756)
[2025.08.18-20.57.03:018][714]LogModuleManager: Shutting down and abandoning module ClothPainter (754)
[2025.08.18-20.57.03:018][714]LogModuleManager: Shutting down and abandoning module SkeletalMeshEditor (753)
[2025.08.18-20.57.03:018][714]LogModuleManager: Shutting down and abandoning module LogVisualizer (750)
[2025.08.18-20.57.03:018][714]LogModuleManager: Shutting down and abandoning module IntroTutorials (748)
[2025.08.18-20.57.03:018][714]LogModuleManager: Shutting down and abandoning module GameProjectGeneration (747)
[2025.08.18-20.57.03:018][714]LogModuleManager: Shutting down and abandoning module LuminPlatformEditor (744)
[2025.08.18-20.57.03:018][714]LogModuleManager: Shutting down and abandoning module IOSPlatformEditor (742)
[2025.08.18-20.57.03:018][714]LogModuleManager: Shutting down and abandoning module AndroidPlatformEditor (740)
[2025.08.18-20.57.03:018][714]LogModuleManager: Shutting down and abandoning module AndroidDeviceDetection (739)
[2025.08.18-20.57.04:990][714]LogModuleManager: Shutting down and abandoning module WindowsPlatformEditor (736)
[2025.08.18-20.57.04:990][714]LogModuleManager: Shutting down and abandoning module LuminRuntimeSettings (734)
[2025.08.18-20.57.04:990][714]LogModuleManager: Shutting down and abandoning module IOSRuntimeSettings (732)
[2025.08.18-20.57.04:990][714]LogModuleManager: Shutting down and abandoning module AndroidRuntimeSettings (730)
[2025.08.18-20.57.04:990][714]LogModuleManager: Shutting down and abandoning module TraceInsights (728)
[2025.08.18-20.57.04:990][714]MemoryProfiler: Shutdown
[2025.08.18-20.57.04:990][714]NetworkingProfiler: Shutdown
[2025.08.18-20.57.04:990][714]LoadingProfiler: Shutdown
[2025.08.18-20.57.04:990][714]TimingProfiler: Shutdown
[2025.08.18-20.57.04:990][714]LogModuleManager: Shutting down and abandoning module TraceServices (727)
[2025.08.18-20.57.04:990][714]LogModuleManager: Shutting down and abandoning module EditorInteractiveToolsFramework (724)
[2025.08.18-20.57.04:990][714]LogModuleManager: Shutting down and abandoning module TimeManagementEditor (722)
[2025.08.18-20.57.04:990][714]LogModuleManager: Shutting down and abandoning module InputBindingEditor (720)
[2025.08.18-20.57.04:990][714]LogModuleManager: Shutting down and abandoning module MergeActors (718)
[2025.08.18-20.57.04:990][714]LogModuleManager: Shutting down and abandoning module LocalizationDashboard (716)
[2025.08.18-20.57.04:990][714]LogModuleManager: Shutting down and abandoning module LocalizationService (715)
[2025.08.18-20.57.04:990][714]LogModuleManager: Shutting down and abandoning module HardwareTargeting (712)
[2025.08.18-20.57.04:990][714]LogModuleManager: Shutting down and abandoning module DeviceProfileEditor (710)
[2025.08.18-20.57.04:990][714]LogModuleManager: Shutting down and abandoning module UndoHistory (708)
[2025.08.18-20.57.04:990][714]LogModuleManager: Shutting down and abandoning module XmlParser (706)
[2025.08.18-20.57.04:990][714]LogModuleManager: Shutting down and abandoning module Blutility (704)
[2025.08.18-20.57.04:990][714]LogModuleManager: Shutting down and abandoning module ProjectSettingsViewer (702)
[2025.08.18-20.57.04:990][714]LogModuleManager: Shutting down and abandoning module ProjectTargetPlatformEditor (701)
[2025.08.18-20.57.04:990][714]LogModuleManager: Shutting down and abandoning module EditorSettingsViewer (698)
[2025.08.18-20.57.04:990][714]LogModuleManager: Shutting down and abandoning module InternationalizationSettings (697)
[2025.08.18-20.57.04:990][714]LogModuleManager: Shutting down and abandoning module SettingsEditor (694)
[2025.08.18-20.57.04:990][714]LogModuleManager: Shutting down and abandoning module ProjectLauncher (692)
[2025.08.18-20.57.04:990][714]LogModuleManager: Shutting down and abandoning module SessionFrontend (690)
[2025.08.18-20.57.04:990][714]LogModuleManager: Shutting down and abandoning module ProfilerClient (688)
[2025.08.18-20.57.04:990][714]LogModuleManager: Shutting down and abandoning module DeviceManager (686)
[2025.08.18-20.57.04:990][714]LogModuleManager: Shutting down and abandoning module TargetDeviceServices (685)
[2025.08.18-20.57.05:023][714]LogModuleManager: Shutting down and abandoning module AutomationController (682)
[2025.08.18-20.57.05:023][714]LogModuleManager: Shutting down and abandoning module AutomationWindow (680)
[2025.08.18-20.57.05:023][714]LogModuleManager: Shutting down and abandoning module Layers (678)
[2025.08.18-20.57.05:023][714]LogModuleManager: Shutting down and abandoning module ComponentVisualizers (676)
[2025.08.18-20.57.05:023][714]LogModuleManager: Shutting down and abandoning module DetailCustomizations (674)
[2025.08.18-20.57.05:023][714]LogModuleManager: Shutting down and abandoning module PackagesDialog (672)
[2025.08.18-20.57.05:023][714]LogModuleManager: Shutting down and abandoning module AnimationBlueprintEditor (670)
[2025.08.18-20.57.05:023][714]LogModuleManager: Shutting down and abandoning module Persona (668)
[2025.08.18-20.57.05:023][714]LogModuleManager: Shutting down and abandoning module AdvancedPreviewScene (667)
[2025.08.18-20.57.05:023][714]LogModuleManager: Shutting down and abandoning module AnimGraph (665)
[2025.08.18-20.57.05:023][714]LogModuleManager: Shutting down and abandoning module Kismet (662)
[2025.08.18-20.57.05:023][714]LogModuleManager: Shutting down and abandoning module KismetWidgets (661)
[2025.08.18-20.57.05:023][714]LogModuleManager: Shutting down and abandoning module GraphEditor (658)
[2025.08.18-20.57.05:023][714]LogModuleManager: Shutting down and abandoning module StructViewer (656)
[2025.08.18-20.57.05:023][714]LogModuleManager: Shutting down and abandoning module ClassViewer (654)
[2025.08.18-20.57.05:023][714]LogModuleManager: Shutting down and abandoning module Toolbox (652)
[2025.08.18-20.57.05:023][714]LogModuleManager: Shutting down and abandoning module ModuleUI (650)
[2025.08.18-20.57.05:023][714]LogModuleManager: Shutting down and abandoning module OutputLog (648)
[2025.08.18-20.57.05:024][714]LogModuleManager: Shutting down and abandoning module GammaUI (646)
[2025.08.18-20.57.05:024][714]LogModuleManager: Shutting down and abandoning module Documentation (644)
[2025.08.18-20.57.05:024][714]LogModuleManager: Shutting down and abandoning module LiveCoding (642)
[2025.08.18-20.57.05:024][714]LogModuleManager: Shutting down and abandoning module LevelSequence (640)
[2025.08.18-20.57.05:024][714]LogModuleManager: Shutting down and abandoning module MovieSceneTracks (638)
[2025.08.18-20.57.05:024][714]LogModuleManager: Shutting down and abandoning module MovieScene (636)
[2025.08.18-20.57.05:024][714]LogModuleManager: Shutting down and abandoning module StreamingPauseRendering (634)
[2025.08.18-20.57.05:024][714]LogModuleManager: Shutting down and abandoning module LauncherPlatform (632)
[2025.08.18-20.57.05:024][714]LogModuleManager: Shutting down and abandoning module AnalyticsET (630)
[2025.08.18-20.57.05:024][714]LogModuleManager: Shutting down and abandoning module PortalServices (628)
[2025.08.18-20.57.05:024][714]LogModuleManager: Shutting down and abandoning module PortalRpc (626)
[2025.08.18-20.57.05:024][714]LogModuleManager: Shutting down and abandoning module MessagingRpc (624)
[2025.08.18-20.57.05:024][714]LogModuleManager: Shutting down and abandoning module AudioMixerXAudio2 (622)
[2025.08.18-20.57.05:024][714]LogModuleManager: Shutting down and abandoning module AudioMixerCore (621)
[2025.08.18-20.57.05:024][714]LogModuleManager: Shutting down and abandoning module AIModule (618)
[2025.08.18-20.57.05:024][714]LogModuleManager: Shutting down and abandoning module GameplayDebugger (617)
[2025.08.18-20.57.05:024][714]LogModuleManager: Shutting down and abandoning module AITestSuite (615)
[2025.08.18-20.57.05:024][714]LogModuleManager: Shutting down and abandoning module NavigationSystem (613)
[2025.08.18-20.57.05:024][714]LogModuleManager: Shutting down and abandoning module ImageWriteQueue (610)
[2025.08.18-20.57.05:029][714]LogModuleManager: Shutting down and abandoning module ProfilerService (608)
[2025.08.18-20.57.05:121][714]LogModuleManager: Shutting down and abandoning module TaskGraph (606)
[2025.08.18-20.57.05:121][714]LogModuleManager: Shutting down and abandoning module AudioSynesthesiaEditor (604)
[2025.08.18-20.57.05:122][714]LogModuleManager: Shutting down and abandoning module OculusEditor (602)
[2025.08.18-20.57.05:122][714]LogModuleManager: Shutting down and abandoning module OculusInput (600)
[2025.08.18-20.57.05:122][714]LogModuleManager: Shutting down and abandoning module ContentBrowserClassDataSource (598)
[2025.08.18-20.57.05:122][714]LogModuleManager: Shutting down and abandoning module ContentBrowserFileDataSource (596)
[2025.08.18-20.57.05:122][714]LogModuleManager: Shutting down and abandoning module ContentBrowserAssetDataSource (594)
[2025.08.18-20.57.05:122][714]LogModuleManager: Shutting down and abandoning module CollectionManager (593)
[2025.08.18-20.57.05:122][714]LogModuleManager: Shutting down and abandoning module SynthesisEditor (590)
[2025.08.18-20.57.05:122][714]LogModuleManager: Shutting down and abandoning module Synthesis (588)
[2025.08.18-20.57.05:122][714]LogModuleManager: Shutting down and abandoning module ProceduralMeshComponentEditor (586)
[2025.08.18-20.57.05:122][714]LogModuleManager: Shutting down and abandoning module ProceduralMeshComponent (584)
[2025.08.18-20.57.05:122][714]LogModuleManager: Shutting down and abandoning module TakeSequencer (582)
[2025.08.18-20.57.05:122][714]LogModuleManager: Shutting down and abandoning module TakeMovieScene (580)
[2025.08.18-20.57.05:122][714]LogModuleManager: Shutting down and abandoning module OpenXREditor (578)
[2025.08.18-20.57.05:122][714]LogModuleManager: Shutting down and abandoning module MobilePatchingUtils (576)
[2025.08.18-20.57.05:122][714]LogModuleManager: Shutting down and abandoning module ArchVisCharacter (574)
[2025.08.18-20.57.05:122][714]LogModuleManager: Shutting down and abandoning module ScreenshotTools (572)
[2025.08.18-20.57.05:122][714]LogModuleManager: Shutting down and abandoning module GooglePAD (570)
[2025.08.18-20.57.05:122][714]LogModuleManager: Shutting down and abandoning module EditableMesh (568)
[2025.08.18-20.57.05:122][714]LogModuleManager: Shutting down and abandoning module CustomMeshComponent (566)
[2025.08.18-20.57.05:122][714]LogModuleManager: Shutting down and abandoning module CableComponent (564)
[2025.08.18-20.57.05:122][714]LogModuleManager: Shutting down and abandoning module AudioCapture (562)
[2025.08.18-20.57.05:122][714]LogModuleManager: Shutting down and abandoning module AudioCaptureRtAudio (561)
[2025.08.18-20.57.05:122][714]LogModuleManager: Shutting down and abandoning module AssetTags (558)
[2025.08.18-20.57.05:122][714]LogModuleManager: Shutting down and abandoning module AppleImageUtilsBlueprintSupport (556)
[2025.08.18-20.57.05:122][714]LogModuleManager: Shutting down and abandoning module AppleImageUtils (554)
[2025.08.18-20.57.05:122][714]LogModuleManager: Shutting down and abandoning module AndroidPermission (552)
[2025.08.18-20.57.05:122][714]LogModuleManager: Shutting down and abandoning module ActorLayerUtilitiesEditor (550)
[2025.08.18-20.57.05:122][714]LogModuleManager: Shutting down and abandoning module ActorLayerUtilities (548)
[2025.08.18-20.57.05:122][714]LogModuleManager: Shutting down and abandoning module TemplateSequence (546)
[2025.08.18-20.57.05:122][714]LogModuleManager: Shutting down and abandoning module MagicLeapSharedWorld (544)
[2025.08.18-20.57.05:122][714]LogModuleManager: Shutting down and abandoning module MagicLeapLightEstimation (542)
[2025.08.18-20.57.05:122][714]LogModuleManager: Shutting down and abandoning module MediaCompositing (540)
[2025.08.18-20.57.05:122][714]LogModuleManager: Shutting down and abandoning module MagicLeapHelperVulkan (538)
[2025.08.18-20.57.05:122][714]LogModuleManager: Shutting down and abandoning module MagicLeapHelperOpenGL (536)
[2025.08.18-20.57.05:122][714]LogModuleManager: Shutting down and abandoning module MagicLeapAudio (534)
[2025.08.18-20.57.05:122][714]LogModuleManager: Shutting down and abandoning module ImgMedia (532)
[2025.08.18-20.57.05:122][714]LogModuleManager: Shutting down and abandoning module OpenImageDenoise (530)
[2025.08.18-20.57.05:122][714]LogOpenImageDenoise: OIDN shutting down
[2025.08.18-20.57.05:122][714]LogModuleManager: Shutting down and abandoning module MotoSynthEditor (528)
[2025.08.18-20.57.05:122][714]LogModuleManager: Shutting down and abandoning module MotoSynth (526)
[2025.08.18-20.57.05:122][714]LogModuleManager: Shutting down and abandoning module MeshConversion (524)
[2025.08.18-20.57.05:122][714]LogModuleManager: Shutting down and abandoning module DynamicMesh (522)
[2025.08.18-20.57.05:123][714]LogModuleManager: Shutting down and abandoning module GeometryAlgorithms (520)
[2025.08.18-20.57.05:123][714]LogModuleManager: Shutting down and abandoning module GeometricObjects (518)
[2025.08.18-20.57.05:123][714]LogModuleManager: Shutting down and abandoning module MaterialAnalyzer (516)
[2025.08.18-20.57.05:123][714]LogModuleManager: Shutting down and abandoning module SpeedTreeImporter (514)
[2025.08.18-20.57.05:123][714]LogModuleManager: Shutting down and abandoning module PluginBrowser (512)
[2025.08.18-20.57.05:123][714]LogModuleManager: Shutting down and abandoning module MobileLauncherProfileWizard (510)
[2025.08.18-20.57.05:123][714]LogModuleManager: Shutting down and abandoning module CurveEditorTools (508)
[2025.08.18-20.57.05:123][714]LogModuleManager: Shutting down and abandoning module CryptoKeysOpenSSL (506)
[2025.08.18-20.57.05:123][714]LogModuleManager: Shutting down and abandoning module CryptoKeys (504)
[2025.08.18-20.57.05:123][714]LogModuleManager: Shutting down and abandoning module NiagaraEditorWidgets (502)
[2025.08.18-20.57.05:123][714]LogModuleManager: Shutting down and abandoning module GeometryCollectionTracks (500)
[2025.08.18-20.57.05:123][714]LogModuleManager: Shutting down and abandoning module GeometryCollectionSequencer (499)
[2025.08.18-20.57.05:123][714]LogModuleManager: Shutting down and abandoning module GeometryCollectionEditor (496)
[2025.08.18-20.57.05:123][714]LogModuleManager: Shutting down and abandoning module GeometryCacheTracks (494)
[2025.08.18-20.57.05:123][714]LogModuleManager: Shutting down and abandoning module GeometryCacheStreamer (492)
[2025.08.18-20.57.05:123][714]LogModuleManager: Shutting down and abandoning module GeometryCacheSequencer (490)
[2025.08.18-20.57.05:123][714]LogModuleManager: Shutting down and abandoning module ChaosNiagara (488)
[2025.08.18-20.57.05:123][714]LogModuleManager: Shutting down and abandoning module FractureEditor (486)
[2025.08.18-20.57.05:123][714]LogModuleManager: Shutting down and abandoning module ChaosSolverEditor (484)
[2025.08.18-20.57.05:123][714]LogModuleManager: Shutting down and abandoning module FieldSystemEngine (483)
[2025.08.18-20.57.05:123][714]LogModuleManager: Shutting down and abandoning module ChaosClothEditor (480)
[2025.08.18-20.57.05:123][714]LogModuleManager: Shutting down and abandoning module BackChannel (478)
[2025.08.18-20.57.05:123][714]LogModuleManager: Shutting down and abandoning module AutomationUtilsEditor (476)
[2025.08.18-20.57.05:123][714]LogModuleManager: Shutting down and abandoning module AutomationUtils (474)
[2025.08.18-20.57.05:123][714]LogModuleManager: Shutting down and abandoning module AlembicImporter (472)
[2025.08.18-20.57.05:123][714]LogModuleManager: Shutting down and abandoning module AlembicLibrary (471)
[2025.08.18-20.57.05:123][714]LogModuleManager: Shutting down and abandoning module GeometryCache (470)
[2025.08.18-20.57.05:123][714]LogModuleManager: Shutting down and abandoning module GeometryCacheEd (469)
[2025.08.18-20.57.05:123][714]LogModuleManager: Shutting down and abandoning module VariantManagerContentEditor (464)
[2025.08.18-20.57.05:123][714]LogModuleManager: Shutting down and abandoning module DatasmithContentEditor (462)
[2025.08.18-20.57.05:123][714]LogModuleManager: Shutting down and abandoning module VisualStudioCodeSourceCodeAccess (460)
[2025.08.18-20.57.05:123][714]LogModuleManager: Shutting down and abandoning module UObjectPlugin (458)
[2025.08.18-20.57.05:123][714]LogModuleManager: Shutting down and abandoning module VisualStudioSourceCodeAccess (456)
[2025.08.18-20.57.05:123][714]LogModuleManager: Shutting down and abandoning module RiderSourceCodeAccess (454)
[2025.08.18-20.57.05:123][714]LogModuleManager: Shutting down and abandoning module SubversionSourceControl (452)
[2025.08.18-20.57.05:123][714]LogModuleManager: Shutting down and abandoning module PluginUtils (450)
[2025.08.18-20.57.05:123][714]LogModuleManager: Shutting down and abandoning module PlasticSourceControl (448)
[2025.08.18-20.57.05:123][714]LogModuleManager: Shutting down and abandoning module PerforceSourceControl (446)
[2025.08.18-20.57.05:123][714]LogModuleManager: Shutting down and abandoning module CLionSourceCodeAccess (444)
[2025.08.18-20.57.05:123][714]LogModuleManager: Shutting down and abandoning module GitSourceControl (442)
[2025.08.18-20.57.05:123][714]LogModuleManager: Shutting down and abandoning module SourceControl (441)
[2025.08.18-20.57.05:123][714]LogModuleManager: Shutting down and abandoning module OodleNetworkHandlerComponent (438)
[2025.08.18-20.57.05:123][714]LogModuleManager: Shutting down and abandoning module AnimationSharingEd (436)
[2025.08.18-20.57.05:123][714]LogModuleManager: Shutting down and abandoning module LightPropagationVolumeEditor (434)
[2025.08.18-20.57.05:123][714]LogModuleManager: Shutting down and abandoning module LiveLinkSequencer (432)
[2025.08.18-20.57.05:123][714]LogModuleManager: Shutting down and abandoning module LiveLinkMovieScene (430)
[2025.08.18-20.57.05:123][714]LogModuleManager: Shutting down and abandoning module LiveLinkGraphNode (428)
[2025.08.18-20.57.05:123][714]LogModuleManager: Shutting down and abandoning module LiveLinkEditor (426)
[2025.08.18-20.57.05:123][714]LogModuleManager: Shutting down and abandoning module LiveLinkComponents (424)
[2025.08.18-20.57.05:123][714]LogModuleManager: Shutting down and abandoning module LiveLink (422)
[2025.08.18-20.57.05:912][714]LogModuleManager: Shutting down and abandoning module PaperTiledImporter (420)
[2025.08.18-20.57.05:912][714]LogModuleManager: Shutting down and abandoning module PaperSpriteSheetImporter (418)
[2025.08.18-20.57.05:912][714]LogModuleManager: Shutting down and abandoning module Paper2DEditor (416)
[2025.08.18-20.57.05:912][714]LogModuleManager: Shutting down and abandoning module MeshPaintingToolset (414)
[2025.08.18-20.57.05:912][714]LogModuleManager: Shutting down and abandoning module MeshPaintEditorMode (412)
[2025.08.18-20.57.05:912][714]LogModuleManager: Shutting down and abandoning module SignificanceManager (410)
[2025.08.18-20.57.05:912][714]LogModuleManager: Shutting down and abandoning module RuntimePhysXCooking (408)
[2025.08.18-20.57.05:912][714]LogModuleManager: Shutting down and abandoning module SoundFields (406)
[2025.08.18-20.57.05:912][714]LogModuleManager: Shutting down and abandoning module PropertyAccessEditor (404)
[2025.08.18-20.57.05:912][714]LogModuleManager: Shutting down and abandoning module PhysXVehiclesEditor (402)
[2025.08.18-20.57.05:912][714]LogModuleManager: Shutting down and abandoning module LocationServicesBPLibrary (398)
[2025.08.18-20.57.05:912][714]LogModuleManager: Shutting down and abandoning module AudioSynesthesia (396)
[2025.08.18-20.57.05:912][714]LogModuleManager: Shutting down and abandoning module AudioSynesthesiaCore (394)
[2025.08.18-20.57.05:912][714]LogModuleManager: Shutting down and abandoning module UdpMessaging (392)
[2025.08.18-20.57.06:012][714]LogModuleManager: Shutting down and abandoning module TcpMessaging (390)
[2025.08.18-20.57.06:113][714]LogModuleManager: Shutting down and abandoning module ActorSequence (388)
[2025.08.18-20.57.06:113][714]LogModuleManager: Shutting down and abandoning module MagicLeapARPin (386)
[2025.08.18-20.57.06:113][714]LogModuleManager: Shutting down and abandoning module PythonScriptPlugin (384)
[2025.08.18-20.57.06:113][714]LogModuleManager: Shutting down and abandoning module MagicLeapHandMeshing (382)
[2025.08.18-20.57.06:113][714]LogModuleManager: Shutting down and abandoning module MagicLeapSecureStorage (380)
[2025.08.18-20.57.06:113][714]LogModuleManager: Shutting down and abandoning module MagicLeapPrivileges (378)
[2025.08.18-20.57.06:113][714]LogModuleManager: Shutting down and abandoning module MagicLeapPlanes (376)
[2025.08.18-20.57.06:113][714]LogMagicLeapPlanes: Planes tracker already destroyed.
[2025.08.18-20.57.06:113][714]LogModuleManager: Shutting down and abandoning module MagicLeapImageTracker (374)
[2025.08.18-20.57.06:113][714]LogModuleManager: Shutting down and abandoning module MagicLeapIdentity (372)
[2025.08.18-20.57.06:113][714]LogModuleManager: Shutting down and abandoning module MagicLeapHandTracking (370)
[2025.08.18-20.57.06:113][714]LogModuleManager: Shutting down and abandoning module MagicLeapEyeTracker (368)
[2025.08.18-20.57.06:113][714]LogModuleManager: Shutting down and abandoning module MagicLeapController (366)
[2025.08.18-20.57.06:113][714]LogModuleManager: Shutting down and abandoning module MagicLeapARPinImpl (364)
[2025.08.18-20.57.06:113][714]LogModuleManager: Shutting down and abandoning module MagicLeapAR (362)
[2025.08.18-20.57.06:113][714]LogModuleManager: Shutting down and abandoning module ImgMediaEngine (360)
[2025.08.18-20.57.06:113][714]LogModuleManager: Shutting down and abandoning module GameplayTagsEditor (358)
[2025.08.18-20.57.06:113][714]LogModuleManager: Shutting down and abandoning module DataValidation (356)
[2025.08.18-20.57.06:113][714]LogModuleManager: Shutting down and abandoning module FacialAnimationEditor (354)
[2025.08.18-20.57.06:113][714]LogModuleManager: Shutting down and abandoning module FacialAnimation (352)
[2025.08.18-20.57.06:113][714]LogModuleManager: Shutting down and abandoning module NiagaraAnimNotifies (350)
[2025.08.18-20.57.06:113][714]LogModuleManager: Shutting down and abandoning module Niagara (348)
[2025.08.18-20.57.06:113][714]LogModuleManager: Shutting down and abandoning module SignalProcessing (347)
[2025.08.18-20.57.06:113][714]LogModuleManager: Shutting down and abandoning module NiagaraEditor (345)
[2025.08.18-20.57.06:113][714]LogModuleManager: Shutting down and abandoning module NiagaraCore (342)
[2025.08.18-20.57.06:113][714]LogModuleManager: Shutting down and abandoning module AssetManagerEditor (340)
[2025.08.18-20.57.06:113][714]LogModuleManager: Shutting down and abandoning module LevelEditor (339)
[2025.08.18-20.57.06:115][714]LogModuleManager: Shutting down and abandoning module PixelInspectorModule (338)
[2025.08.18-20.57.06:115][714]LogModuleManager: Shutting down and abandoning module CommonMenuExtensions (336)
[2025.08.18-20.57.06:115][714]LogModuleManager: Shutting down and abandoning module MainFrame (334)
[2025.08.18-20.57.06:115][714]LogModuleManager: Shutting down and abandoning module HotReload (333)
[2025.08.18-20.57.06:115][714]LogModuleManager: Shutting down and abandoning module ToolMenus (329)
[2025.08.18-20.57.06:115][714]LogModuleManager: Shutting down and abandoning module ContentBrowser (327)
[2025.08.18-20.57.06:115][714]LogModuleManager: Shutting down and abandoning module ContentBrowserData (326)
[2025.08.18-20.57.06:115][714]LogModuleManager: Shutting down and abandoning module TreeMap (323)
[2025.08.18-20.57.06:115][714]LogModuleManager: Shutting down and abandoning module PropertyAccessNode (320)
[2025.08.18-20.57.06:115][714]LogModuleManager: Shutting down and abandoning module AnimationSharing (318)
[2025.08.18-20.57.06:115][714]LogModuleManager: Shutting down and abandoning module GameplayCameras (316)
[2025.08.18-20.57.06:115][714]LogModuleManager: Shutting down and abandoning module LightPropagationVolumeRuntime (314)
[2025.08.18-20.57.06:115][714]LogModuleManager: Shutting down and abandoning module EnvironmentQueryEditor (312)
[2025.08.18-20.57.06:115][714]LogModuleManager: Shutting down and abandoning module Paper2D (310)
[2025.08.18-20.57.06:115][714]LogModuleManager: Shutting down and abandoning module WindowsMoviePlayer (308)
[2025.08.18-20.57.06:116][714]LogModuleManager: Shutting down and abandoning module WebMMoviePlayer (306)
[2025.08.18-20.57.06:116][714]LogModuleManager: Shutting down and abandoning module NetworkReplayStreaming (304)
[2025.08.18-20.57.06:116][714]LogModuleManager: Shutting down and abandoning module PacketHandler (302)
[2025.08.18-20.57.06:116][714]LogModuleManager: Shutting down and abandoning module ClothingSystemEditor (300)
[2025.08.18-20.57.06:116][714]LogModuleManager: Shutting down and abandoning module ClothingSystemRuntimeNv (298)
[2025.08.18-20.57.06:116][714]LogModuleManager: Shutting down and abandoning module MediaAssets (296)
[2025.08.18-20.57.06:116][714]LogModuleManager: Shutting down and abandoning module Overlay (294)
[2025.08.18-20.57.06:116][714]LogModuleManager: Shutting down and abandoning module OverlayEditor (293)
[2025.08.18-20.57.06:116][714]LogModuleManager: Shutting down and abandoning module VREditor (290)
[2025.08.18-20.57.06:116][714]LogModuleManager: Shutting down and abandoning module StringTableEditor (288)
[2025.08.18-20.57.06:116][714]LogModuleManager: Shutting down and abandoning module GameplayTasksEditor (286)
[2025.08.18-20.57.06:116][714]LogModuleManager: Shutting down and abandoning module BehaviorTreeEditor (284)
[2025.08.18-20.57.06:116][714]LogModuleManager: Shutting down and abandoning module FunctionalTesting (282)
[2025.08.18-20.57.06:116][714]LogModuleManager: Shutting down and abandoning module CollisionAnalyzer (280)
[2025.08.18-20.57.06:116][714]LogModuleManager: Shutting down and abandoning module WorkspaceMenuStructure (279)
[2025.08.18-20.57.06:116][714]LogModuleManager: Shutting down and abandoning module UMG (276)
[2025.08.18-20.57.06:116][714]LogModuleManager: Shutting down and abandoning module UMGEditor (275)
[2025.08.18-20.57.06:116][714]LogModuleManager: Shutting down and abandoning module MessageLog (273)
[2025.08.18-20.57.06:116][714]LogModuleManager: Shutting down and abandoning module SlateReflector (268)
[2025.08.18-20.57.06:116][714]LogModuleManager: Shutting down and abandoning module Slate (266)
[2025.08.18-20.57.06:116][714]LogModuleManager: Shutting down and abandoning module SlateCore (264)
[2025.08.18-20.57.06:117][714]LogModuleManager: Shutting down and abandoning module LandscapeEditorUtilities (262)
[2025.08.18-20.57.06:117][714]LogModuleManager: Shutting down and abandoning module UnrealEd (260)
[2025.08.18-20.57.06:117][714]LogModuleManager: Shutting down and abandoning module MRMesh (258)
[2025.08.18-20.57.06:117][714]LogModuleManager: Shutting down and abandoning module SourceCodeAccess (256)
[2025.08.18-20.57.06:117][714]LogModuleManager: Shutting down and abandoning module HeadMountedDisplay (254)
[2025.08.18-20.57.06:117][714]LogModuleManager: Shutting down and abandoning module XAudio2 (252)
[2025.08.18-20.57.06:117][714]LogModuleManager: Shutting down and abandoning module Networking (250)
[2025.08.18-20.57.06:117][714]LogModuleManager: Shutting down and abandoning module Core (248)
[2025.08.18-20.57.06:117][714]LogModuleManager: Shutting down and abandoning module MaterialEditor (246)
[2025.08.18-20.57.06:117][714]LogModuleManager: Shutting down and abandoning module MovieSceneTools (244)
[2025.08.18-20.57.06:117][714]LogModuleManager: Shutting down and abandoning module CurveEditor (243)
[2025.08.18-20.57.06:117][714]LogModuleManager: Shutting down and abandoning module Sequencer (241)
[2025.08.18-20.57.06:117][714]LogModuleManager: Shutting down and abandoning module EditorStyle (240)
[2025.08.18-20.57.06:118][714]LogModuleManager: Shutting down and abandoning module KismetCompiler (236)
[2025.08.18-20.57.06:118][714]LogModuleManager: Shutting down and abandoning module MeshBuilder (234)
[2025.08.18-20.57.06:118][714]LogModuleManager: Shutting down and abandoning module MeshUtilities (232)
[2025.08.18-20.57.06:118][714]LogModuleManager: Shutting down and abandoning module MeshMergeUtilities (231)
[2025.08.18-20.57.06:118][714]LogModuleManager: Shutting down and abandoning module MeshReductionInterface (230)
[2025.08.18-20.57.06:118][714]LogModuleManager: Shutting down and abandoning module MeshBoneReduction (229)
[2025.08.18-20.57.06:118][714]LogModuleManager: Shutting down and abandoning module SkeletalMeshReduction (227)
[2025.08.18-20.57.06:119][714]LogModuleManager: Shutting down and abandoning module ProxyLODMeshReduction (225)
[2025.08.18-20.57.06:119][714]LogModuleManager: Shutting down and abandoning module QuadricMeshReduction (223)
[2025.08.18-20.57.06:119][714]LogModuleManager: Shutting down and abandoning module MaterialBaking (219)
[2025.08.18-20.57.06:119][714]LogModuleManager: Shutting down and abandoning module NullInstallBundleManager (214)
[2025.08.18-20.57.06:119][714]LogModuleManager: Shutting down and abandoning module DerivedDataCache (212)
[2025.08.18-20.57.06:119][714]LogModuleManager: Shutting down and abandoning module TargetPlatform (210)
[2025.08.18-20.57.06:119][714]LogModuleManager: Shutting down and abandoning module VulkanShaderFormat (209)
[2025.08.18-20.57.06:119][714]LogModuleManager: Shutting down and abandoning module ShaderFormatVectorVM (207)
[2025.08.18-20.57.06:119][714]LogModuleManager: Shutting down and abandoning module ShaderFormatOpenGL (205)
[2025.08.18-20.57.06:119][714]LogModuleManager: Shutting down and abandoning module ShaderFormatD3D (203)
[2025.08.18-20.57.06:119][714]LogModuleManager: Shutting down and abandoning module MetalShaderFormat (201)
[2025.08.18-20.57.06:119][714]LogModuleManager: Shutting down and abandoning module TextureFormatOodle (199)
[2025.08.18-20.57.06:119][714]LogModuleManager: Shutting down and abandoning module TextureFormatUncompressed (197)
[2025.08.18-20.57.06:119][714]LogModuleManager: Shutting down and abandoning module TextureFormatPVR (195)
[2025.08.18-20.57.06:119][714]LogModuleManager: Shutting down and abandoning module TextureFormatETC2 (193)
[2025.08.18-20.57.06:119][714]LogModuleManager: Shutting down and abandoning module TextureFormatDXT (191)
[2025.08.18-20.57.06:119][714]LogModuleManager: Shutting down and abandoning module TextureFormatIntelISPCTexComp (189)
[2025.08.18-20.57.06:119][714]LogModuleManager: Shutting down and abandoning module TextureFormatASTC (187)
[2025.08.18-20.57.06:119][714]LogModuleManager: Shutting down and abandoning module ImageWrapper (186)
[2025.08.18-20.57.06:119][714]LogModuleManager: Shutting down and abandoning module AudioFormatOpus (183)
[2025.08.18-20.57.06:119][714]LogModuleManager: Shutting down and abandoning module AudioFormatOgg (181)
[2025.08.18-20.57.06:119][714]LogModuleManager: Shutting down and abandoning module AudioFormatADPCM (179)
[2025.08.18-20.57.06:119][714]LogModuleManager: Shutting down and abandoning module WindowsServerTargetPlatform (177)
[2025.08.18-20.57.06:119][714]LogModuleManager: Shutting down and abandoning module WindowsClientTargetPlatform (175)
[2025.08.18-20.57.06:119][714]LogModuleManager: Shutting down and abandoning module WindowsTargetPlatform (173)
[2025.08.18-20.57.06:119][714]LogModuleManager: Shutting down and abandoning module WindowsNoEditorTargetPlatform (171)
[2025.08.18-20.57.06:119][714]LogModuleManager: Shutting down and abandoning module TVOSTargetPlatform (169)
[2025.08.18-20.57.06:121][714]LogModuleManager: Shutting down and abandoning module MacServerTargetPlatform (167)
[2025.08.18-20.57.06:121][714]LogModuleManager: Shutting down and abandoning module MacClientTargetPlatform (165)
[2025.08.18-20.57.06:121][714]LogModuleManager: Shutting down and abandoning module MacTargetPlatform (163)
[2025.08.18-20.57.06:121][714]LogModuleManager: Shutting down and abandoning module MacNoEditorTargetPlatform (161)
[2025.08.18-20.57.06:121][714]LogModuleManager: Shutting down and abandoning module LuminTargetPlatform (159)
[2025.08.18-20.57.06:122][714]LogModuleManager: Shutting down and abandoning module LinuxAArch64ServerTargetPlatform (157)
[2025.08.18-20.57.06:122][714]LogModuleManager: Shutting down and abandoning module LinuxAArch64ClientTargetPlatform (155)
[2025.08.18-20.57.06:122][714]LogModuleManager: Shutting down and abandoning module LinuxAArch64NoEditorTargetPlatform (153)
[2025.08.18-20.57.06:122][714]LogModuleManager: Shutting down and abandoning module LinuxServerTargetPlatform (151)
[2025.08.18-20.57.06:122][714]LogModuleManager: Shutting down and abandoning module LinuxClientTargetPlatform (149)
[2025.08.18-20.57.06:122][714]LogModuleManager: Shutting down and abandoning module LinuxNoEditorTargetPlatform (147)
[2025.08.18-20.57.06:122][714]LogModuleManager: Shutting down and abandoning module LinuxTargetPlatform (145)
[2025.08.18-20.57.06:122][714]LogModuleManager: Shutting down and abandoning module Messaging (143)
[2025.08.18-20.57.06:122][714]LogModuleManager: Shutting down and abandoning module IOSTargetPlatform (141)
[2025.08.18-20.57.06:123][714]LogModuleManager: Shutting down and abandoning module AndroidTargetPlatform (139)
[2025.08.18-20.57.06:129][714]LogModuleManager: Shutting down and abandoning module AllDesktopTargetPlatform (137)
[2025.08.18-20.57.06:130][714]LogModuleManager: Shutting down and abandoning module D3D11RHI (134)
[2025.08.18-20.57.06:130][714]LogModuleManager: Shutting down and abandoning module InputCore (132)
[2025.08.18-20.57.06:130][714]LogModuleManager: Shutting down and abandoning module Settings (130)
[2025.08.18-20.57.06:130][714]LogModuleManager: Shutting down and abandoning module DirectoryWatcher (128)
[2025.08.18-20.57.06:130][714]LogModuleManager: Shutting down and abandoning module PhysXCooking (126)
[2025.08.18-20.57.06:130][714]LogModuleManager: Shutting down and abandoning module Chaos (124)
[2025.08.18-20.57.06:130][714]LogModuleManager: Shutting down and abandoning module WindowsPlatformFeatures (122)
[2025.08.18-20.57.06:130][714]LogModuleManager: Shutting down and abandoning module GameplayMediaEncoder (121)
[2025.08.18-20.57.06:130][714]LogModuleManager: Shutting down and abandoning module AVEncoder (120)
[2025.08.18-20.57.06:130][714]LogModuleManager: Shutting down and abandoning module SteamVRInputDevice (116)
[2025.08.18-20.57.06:130][714]LogModuleManager: Shutting down and abandoning module SteamVRInput (114)
[2025.08.18-20.57.06:130][714]LogModuleManager: Shutting down and abandoning module SteamVR (112)
[2025.08.18-20.57.06:130][714]LogHMD: Freeing OpenVRDLLHandle.
[2025.08.18-20.57.06:130][714]LogModuleManager: Shutting down and abandoning module OculusHMD (110)
[2025.08.18-20.57.06:130][714]LogModuleManager: Shutting down and abandoning module OpenXREyeTracker (108)
[2025.08.18-20.57.06:130][714]LogModuleManager: Shutting down and abandoning module OpenXRHandTracking (106)
[2025.08.18-20.57.06:130][714]LogSlate: Slate User Destroyed.  User Index 0, Is Virtual User: 0
[2025.08.18-20.57.06:130][714]LogModuleManager: Shutting down and abandoning module OpenXRAR (104)
[2025.08.18-20.57.06:130][714]LogModuleManager: Shutting down and abandoning module AugmentedReality (103)
[2025.08.18-20.57.06:130][714]LogModuleManager: Shutting down and abandoning module OpenXRHMD (100)
[2025.08.18-20.57.06:131][714]LogModuleManager: Shutting down and abandoning module ExampleDeviceProfileSelector (98)
[2025.08.18-20.57.06:131][714]LogModuleManager: Shutting down and abandoning module ChunkDownloader (96)
[2025.08.18-20.57.06:131][714]LogModuleManager: Shutting down and abandoning module OnlineSubsystem (94)
[2025.08.18-20.57.06:132][714]LogModuleManager: Shutting down and abandoning module XMPP (89)
[2025.08.18-20.57.06:132][714]LogModuleManager: Shutting down and abandoning module WebSockets (88)
[2025.08.18-20.57.06:141][714]LogModuleManager: Shutting down and abandoning module HTTP (85)
[2025.08.18-20.57.06:141][714]LogHttp: Display: Http module shutting down, but needs to wait on 1 outstanding Http requests:
[2025.08.18-20.57.06:141][714]LogHttp: Display: 	verb=[POST] url=[https://datarouter.ol.epicgames.com/datarouter/api/v1/public/data?SessionID=%7B25047348-4013-0EFC-A8DF-1EBBD18CDA51%7D&AppID=UEEditor.Rocket.Release&AppVersion=4.27.2-18319896%2B%2B%2BUE4%2BRelease-4.27&UserID=df08ddbe4d4e5501f2f5bd86b0522a34%7C867ad4cd187c434a98714f47963628a7%7Cb740cf99-a837-4874-bae3-3c002c406fea&AppEnvironment=datacollector-binary&UploadType=eteventstream] refs=[1] status=Processing
[2025.08.18-20.57.06:141][714]LogHttp: Display: cleaning up 1 outstanding Http requests.
[2025.08.18-20.57.06:150][714]LogModuleManager: Shutting down and abandoning module SSL (84)
[2025.08.18-20.57.06:151][714]LogModuleManager: Shutting down and abandoning module LauncherChunkInstaller (80)
[2025.08.18-20.57.06:151][714]LogModuleManager: Shutting down and abandoning module OnlineBlueprintSupport (78)
[2025.08.18-20.57.06:151][714]LogModuleManager: Shutting down and abandoning module MLSDK (74)
[2025.08.18-20.57.06:151][714]LogModuleManager: Shutting down and abandoning module WmfMedia (72)
[2025.08.18-20.57.06:153][714]LogModuleManager: Shutting down and abandoning module Media (71)
[2025.08.18-20.57.06:153][714]LogModuleManager: Shutting down and abandoning module MediaInfo (70)
[2025.08.18-20.57.06:153][714]LogModuleManager: Shutting down and abandoning module MagicLeap (66)
[2025.08.18-20.57.06:153][714]LogModuleManager: Shutting down and abandoning module ExrReaderGpu (64)
[2025.08.18-20.57.06:153][714]LogModuleManager: Shutting down and abandoning module NiagaraVertexFactories (62)
[2025.08.18-20.57.06:153][714]LogModuleManager: Shutting down and abandoning module NiagaraShader (60)
[2025.08.18-20.57.06:153][714]LogModuleManager: Shutting down and abandoning module ChaosCloth (58)
[2025.08.18-20.57.06:153][714]LogModuleManager: Shutting down and abandoning module VariantManagerContent (56)
[2025.08.18-20.57.06:153][714]LogModuleManager: Shutting down and abandoning module DatasmithContent (54)
[2025.08.18-20.57.06:154][714]LogModuleManager: Shutting down and abandoning module PixWinPlugin (52)
[2025.08.18-20.57.06:154][714]LogModuleManager: Shutting down and abandoning module AISupportModule (50)
[2025.08.18-20.57.06:154][714]LogModuleManager: Shutting down and abandoning module DesktopPlatform (48)
[2025.08.18-20.57.06:154][714]LogModuleManager: Shutting down and abandoning module PythonScriptPluginPreload (46)
[2025.08.18-20.57.06:154][714]LogModuleManager: Shutting down and abandoning module PlatformCryptoOpenSSL (44)
[2025.08.18-20.57.06:154][714]LogModuleManager: Shutting down and abandoning module PlatformCryptoTypes (42)
[2025.08.18-20.57.06:154][714]LogModuleManager: Shutting down and abandoning module PlatformCrypto (40)
[2025.08.18-20.57.06:154][714]LogModuleManager: Shutting down and abandoning module OodleDataCompressionFormat (38)
[2025.08.18-20.57.06:154][714]LogModuleManager: Shutting down and abandoning module XGEController (36)
[2025.08.18-20.57.06:154][714]LogModuleManager: Shutting down and abandoning module AnimationModifiers (34)
[2025.08.18-20.57.06:154][714]LogModuleManager: Shutting down and abandoning module AudioEditor (32)
[2025.08.18-20.57.06:154][714]LogModuleManager: Shutting down and abandoning module PropertyEditor (31)
[2025.08.18-20.57.06:154][714]LogModuleManager: Shutting down and abandoning module TextureCompressor (28)
[2025.08.18-20.57.06:154][714]LogModuleManager: Shutting down and abandoning module RenderCore (26)
[2025.08.18-20.57.06:154][714]LogModuleManager: Shutting down and abandoning module Landscape (24)
[2025.08.18-20.57.06:154][714]LogModuleManager: Shutting down and abandoning module SlateRHIRenderer (22)
[2025.08.18-20.57.06:155][714]LogModuleManager: Shutting down and abandoning module AnimGraphRuntime (20)
[2025.08.18-20.57.06:155][714]LogModuleManager: Shutting down and abandoning module Renderer (18)
[2025.08.18-20.57.06:155][714]LogModuleManager: Shutting down and abandoning module Engine (16)
[2025.08.18-20.57.06:155][714]LogModuleManager: Shutting down and abandoning module CoreUObject (14)
[2025.08.18-20.57.06:155][714]LogModuleManager: Shutting down and abandoning module NetworkFile (12)
[2025.08.18-20.57.06:155][714]LogModuleManager: Shutting down and abandoning module CookedIterativeFile (10)
[2025.08.18-20.57.06:155][714]LogModuleManager: Shutting down and abandoning module StreamingFile (8)
[2025.08.18-20.57.06:155][714]LogModuleManager: Shutting down and abandoning module SandboxFile (6)
[2025.08.18-20.57.06:155][714]LogModuleManager: Shutting down and abandoning module PakFile (4)
[2025.08.18-20.57.06:155][714]LogModuleManager: Shutting down and abandoning module RSA (3)
[2025.08.18-20.57.06:155][714]LogContentStreaming: Display: There are 1 unreleased StreamingManagers
[2025.08.18-20.57.06:174][714]LogD3D11RHI: Shutdown
[2025.08.18-20.57.06:174][714]LogD3D11RHI: CleanupD3DDevice
[2025.08.18-20.57.06:177][714]LogExit: Exiting.
[2025.08.18-20.57.06:189][714]Log file closed, 08/18/25 17:57:06
