Log file open, 09/01/25 17:03:37
LogWindows: Failed to load 'aqProf.dll' (GetLastError=126)
LogWindows: File 'aqProf.dll' does not exist
LogWindows: Failed to load 'VtuneApi.dll' (GetLastError=126)
LogWindows: File 'VtuneApi.dll' does not exist
LogWindows: Failed to load 'VtuneApi32e.dll' (GetLastError=126)
LogWindows: File 'VtuneApi32e.dll' does not exist
LogConsoleResponse: Display: Failed to find resolution value strings in scalability ini. Falling back to default.
LogConsoleResponse: Display: Failed to find resolution value strings in scalability ini. Falling back to default.
LogInit: Display: Running engine for game: Sorry
LogPlatformFile: Not using cached read wrapper
LogTaskGraph: Started task graph with 5 named threads and 35 total threads with 3 sets of task threads.
LogStats: Stats thread started at 0.205303
LogICUInternationalization: ICU TimeZone Detection - Raw Offset: -3:00, Platform Override: ''
LogInit: Display: Loading text-based GConfig....
LogPluginManager: Mounting plugin MeshPainting
LogPluginManager: Mounting plugin XGEController
LogPluginManager: Mounting plugin Paper2D
LogPluginManager: Mounting plugin AISupport
LogPluginManager: Mounting plugin EnvironmentQueryEditor
LogPluginManager: Mounting plugin LiveLink
LogPluginManager: Mounting plugin LightPropagationVolume
LogPluginManager: Mounting plugin GameplayCameras
LogPluginManager: Mounting plugin OodleData
LogPluginManager: Mounting plugin OodleNetwork
LogPluginManager: Mounting plugin CameraShakePreviewer
LogPluginManager: Mounting plugin AssetManagerEditor
LogPluginManager: Mounting plugin CryptoKeys
LogPluginManager: Mounting plugin CurveEditorTools
LogPluginManager: Mounting plugin DataValidation
LogPluginManager: Mounting plugin FacialAnimation
LogPluginManager: Mounting plugin GameplayTagsEditor
LogPluginManager: Mounting plugin GeometryMode
LogPluginManager: Mounting plugin MacGraphicsSwitching
LogPluginManager: Mounting plugin MaterialAnalyzer
LogPluginManager: Mounting plugin MobileLauncherProfileWizard
LogPluginManager: Mounting plugin PluginBrowser
LogPluginManager: Mounting plugin SpeedTreeImporter
LogPluginManager: Mounting plugin AnimationSharing
LogPluginManager: Mounting plugin CLionSourceCodeAccess
LogPluginManager: Mounting plugin CodeLiteSourceCodeAccess
LogPluginManager: Mounting plugin KDevelopSourceCodeAccess
LogPluginManager: Mounting plugin GitSourceControl
LogPluginManager: Mounting plugin NullSourceCodeAccess
LogPluginManager: Mounting plugin PixWinPlugin
LogPluginManager: Mounting plugin PerforceSourceControl
LogPluginManager: Mounting plugin PluginUtils
LogPluginManager: Mounting plugin PlasticSourceControl
LogPluginManager: Mounting plugin PropertyAccessNode
LogPluginManager: Mounting plugin RiderSourceCodeAccess
LogPluginManager: Mounting plugin TextureFormatOodle
LogPluginManager: Mounting plugin SubversionSourceControl
LogPluginManager: Mounting plugin VisualStudioCodeSourceCodeAccess
LogPluginManager: Mounting plugin UObjectPlugin
LogPluginManager: Mounting plugin VisualStudioSourceCodeAccess
LogPluginManager: Mounting plugin XCodeSourceCodeAccess
LogPluginManager: Mounting plugin AlembicImporter
LogPluginManager: Mounting plugin AutomationUtils
LogPluginManager: Mounting plugin BackChannel
LogPluginManager: Mounting plugin ChaosCloth
LogPluginManager: Mounting plugin ChaosClothEditor
LogPluginManager: Mounting plugin ChaosEditor
LogPluginManager: Mounting plugin ChaosNiagara
LogPluginManager: Mounting plugin ChaosSolverPlugin
LogPluginManager: Mounting plugin CharacterAI
LogPluginManager: Mounting plugin GeometryCache
LogPluginManager: Mounting plugin GeometryCollectionPlugin
LogPluginManager: Mounting plugin DatasmithContent
LogPluginManager: Mounting plugin GeometryProcessing
LogPluginManager: Mounting plugin VariantManagerContent
LogPluginManager: Mounting plugin MotoSynth
LogPluginManager: Mounting plugin OpenImageDenoise
LogPluginManager: Mounting plugin PlanarCut
LogPluginManager: Mounting plugin PlatformCrypto
LogPluginManager: Mounting plugin ProxyLODPlugin
LogPluginManager: Mounting plugin PythonScriptPlugin
LogPluginManager: Mounting plugin SkeletalReduction
LogPluginManager: Mounting plugin MagicLeap
LogPluginManager: Mounting plugin LuminPlatformFeatures
LogPluginManager: Mounting plugin MagicLeapLightEstimation
LogPluginManager: Mounting plugin MagicLeapMedia
LogPluginManager: Mounting plugin MagicLeapPassableWorld
LogPluginManager: Mounting plugin MLSDK
LogPluginManager: Mounting plugin AndroidMedia
LogPluginManager: Mounting plugin AvfMedia
LogPluginManager: Mounting plugin ImgMedia
LogPluginManager: Mounting plugin MediaCompositing
LogPluginManager: Mounting plugin MediaPlayerEditor
LogPluginManager: Mounting plugin WmfMedia
LogPluginManager: Mounting plugin WebMMedia
LogPluginManager: Mounting plugin Niagara
LogPluginManager: Mounting plugin TcpMessaging
LogPluginManager: Mounting plugin UdpMessaging
LogPluginManager: Mounting plugin ActorSequence
LogPluginManager: Mounting plugin MatineeToLevelSequence
LogPluginManager: Mounting plugin LevelSequenceEditor
LogPluginManager: Mounting plugin TemplateSequence
LogPluginManager: Mounting plugin OnlineSubsystem
LogPluginManager: Mounting plugin OnlineSubsystemNull
LogPluginManager: Mounting plugin OnlineSubsystemUtils
LogPluginManager: Mounting plugin LauncherChunkInstaller
LogPluginManager: Mounting plugin ActorLayerUtilities
LogPluginManager: Mounting plugin AndroidMoviePlayer
LogPluginManager: Mounting plugin AndroidDeviceProfileSelector
LogPluginManager: Mounting plugin AndroidPermission
LogPluginManager: Mounting plugin AppleMoviePlayer
LogPluginManager: Mounting plugin AppleImageUtils
LogPluginManager: Mounting plugin ArchVisCharacter
LogPluginManager: Mounting plugin AssetTags
LogPluginManager: Mounting plugin AudioCapture
LogPluginManager: Mounting plugin AudioSynesthesia
LogPluginManager: Mounting plugin CableComponent
LogPluginManager: Mounting plugin CustomMeshComponent
LogPluginManager: Mounting plugin ChunkDownloader
LogPluginManager: Mounting plugin EditableMesh
LogPluginManager: Mounting plugin ExampleDeviceProfileSelector
LogPluginManager: Mounting plugin GoogleCloudMessaging
LogPluginManager: Mounting plugin GooglePAD
LogPluginManager: Mounting plugin IOSDeviceProfileSelector
LogPluginManager: Mounting plugin LinuxDeviceProfileSelector
LogPluginManager: Mounting plugin LocationServicesBPLibrary
LogPluginManager: Mounting plugin MobilePatchingUtils
LogPluginManager: Mounting plugin OpenXR
LogPluginManager: Mounting plugin OpenXREyeTracker
LogPluginManager: Mounting plugin OpenXRHandTracking
LogPluginManager: Mounting plugin PhysXVehicles
LogPluginManager: Mounting plugin Takes
LogPluginManager: Mounting plugin PostSplashScreen
LogPluginManager: Mounting plugin ProceduralMeshComponent
LogPluginManager: Mounting plugin PropertyAccessEditor
LogPluginManager: Mounting plugin RuntimePhysXCooking
LogPluginManager: Mounting plugin SignificanceManager
LogPluginManager: Mounting plugin SoundFields
LogPluginManager: Mounting plugin Synthesis
LogPluginManager: Mounting plugin WebMMoviePlayer
LogPluginManager: Mounting plugin WindowsMoviePlayer
LogPluginManager: Mounting plugin ScreenshotTools
LogPluginManager: Mounting plugin ContentBrowserAssetDataSource
LogPluginManager: Mounting plugin ContentBrowserClassDataSource
LogPluginManager: Mounting plugin ContentBrowserFileDataSource
LogPluginManager: Mounting plugin OnlineSubsystemGooglePlay
LogPluginManager: Mounting plugin OnlineSubsystemIOS
LogPluginManager: Mounting plugin OculusVR
LogPluginManager: Mounting plugin SteamVR
PixWinPlugin: PIX capture plugin failed to initialize! Check that the process is launched from PIX.
LogInit: Using libcurl 7.55.1-DEV
LogInit:  - built for x86_64-pc-win32
LogInit:  - supports SSL with OpenSSL/1.1.1
LogInit:  - supports HTTP deflate (compression) using libz 1.2.8
LogInit:  - other features:
LogInit:      CURL_VERSION_SSL
LogInit:      CURL_VERSION_LIBZ
LogInit:      CURL_VERSION_IPV6
LogInit:      CURL_VERSION_ASYNCHDNS
LogInit:      CURL_VERSION_LARGEFILE
LogInit:      CURL_VERSION_IDN
LogInit:  CurlRequestOptions (configurable via config and command line):
LogInit:  - bVerifyPeer = true  - Libcurl will verify peer certificate
LogInit:  - bUseHttpProxy = false  - Libcurl will NOT use HTTP proxy
LogInit:  - bDontReuseConnections = false  - Libcurl will reuse connections
LogInit:  - MaxHostConnections = 16  - Libcurl will limit the number of connections to a host
LogInit:  - LocalHostAddr = Default
LogInit:  - BufferSize = 65536
LogOnline: OSS: Creating online subsystem instance for: NULL
LogInit: WinSock: version 1.1 (2.2), MaxSocks=32767, MaxUdp=65467
LogOnline: OSS: TryLoadSubsystemAndSetDefault: Loaded subsystem for module [NULL]
LogOculusPluginWrapper: OculusPlugin initialized successfully
LogHMD: Failed initializing OVRPlugin 1.59.0
LogInit: Build: ++UE4+Release-4.27-CL-18319896
LogInit: Engine Version: 4.27.2-18319896+++UE4+Release-4.27
LogInit: Compatible Engine Version: 4.27.0-17155196+++UE4+Release-4.27
LogInit: Net CL: 17155196
LogInit: OS: Windows 10 (Release 2009) (), CPU: Intel(R) Core(TM) i5-10400 CPU @ 2.90GHz, GPU: NVIDIA GeForce RTX 3050
LogInit: Compiled (64-bit): Nov 30 2021 07:12:08
LogInit: Compiled with Visual C++: 19.24.28315.00
LogInit: Build Configuration: Development
LogInit: Branch Name: ++UE4+Release-4.27
LogInit: Command Line:  -AUTH_LOGIN=unused -AUTH_PASSWORD=50ca4b2136064eb8ab85031798ab8674 -AUTH_TYPE=exchangecode -epicapp=UE_4.27 -epicenv=Prod -EpicPortal -epicusername=LelekoMEG -epicuserid=e0dd289ee6154cdf8a7ddac8381f6f7e -epiclocale=pt-BR -epicsandboxid=ue
LogInit: Base Directory: C:/Program Files/Epic Games/UE_4.27/Engine/Binaries/Win64/
LogInit: Allocator: TBB
LogInit: Installed Engine Build: 1
LogDevObjectVersion: Number of dev versions registered: 29
LogDevObjectVersion:   Dev-Blueprints (B0D832E4-1F89-4F0D-ACCF-7EB736FD4AA2): 10
LogDevObjectVersion:   Dev-Build (E1C64328-A22C-4D53-A36C-8E866417BD8C): 0
LogDevObjectVersion:   Dev-Core (375EC13C-06E4-48FB-B500-84F0262A717E): 4
LogDevObjectVersion:   Dev-Editor (E4B068ED-F494-42E9-A231-DA0B2E46BB41): 40
LogDevObjectVersion:   Dev-Framework (CFFC743F-43B0-4480-9391-14DF171D2073): 37
LogDevObjectVersion:   Dev-Mobile (B02B49B5-BB20-44E9-A304-32B752E40360): 3
LogDevObjectVersion:   Dev-Networking (A4E4105C-59A1-49B5-A7C5-40C4547EDFEE): 0
LogDevObjectVersion:   Dev-Online (39C831C9-5AE6-47DC-9A44-9C173E1C8E7C): 0
LogDevObjectVersion:   Dev-Physics (78F01B33-EBEA-4F98-B9B4-84EACCB95AA2): 14
LogDevObjectVersion:   Dev-Platform (6631380F-2D4D-43E0-8009-CF276956A95A): 0
LogDevObjectVersion:   Dev-Rendering (12F88B9F-8875-4AFC-A67C-D90C383ABD29): 45
LogDevObjectVersion:   Dev-Sequencer (7B5AE74C-D270-4C10-A958-57980B212A5A): 13
LogDevObjectVersion:   Dev-VR (D7296918-1DD6-4BDD-9DE2-64A83CC13884): 3
LogDevObjectVersion:   Dev-LoadTimes (C2A15278-BFE7-4AFE-6C17-90FF531DF755): 1
LogDevObjectVersion:   Private-Geometry (6EACA3D4-40EC-4CC1-B786-8BED09428FC5): 3
LogDevObjectVersion:   Dev-AnimPhys (29E575DD-E0A3-4627-9D10-D276232CDCEA): 17
LogDevObjectVersion:   Dev-Anim (AF43A65D-7FD3-4947-9873-3E8ED9C1BB05): 15
LogDevObjectVersion:   Dev-ReflectionCapture (6B266CEC-1EC7-4B8F-A30B-E4D90942FC07): 1
LogDevObjectVersion:   Dev-Automation (0DF73D61-A23F-47EA-B727-89E90C41499A): 1
LogDevObjectVersion:   FortniteMain (601D1886-AC64-4F84-AA16-D3DE0DEAC7D6): 47
LogDevObjectVersion:   FortniteRelease (E7086368-6B23-4C58-8439-1B7016265E91): 1
LogDevObjectVersion:   Dev-Enterprise (9DFFBCD6-494F-0158-E221-12823C92A888): 10
LogDevObjectVersion:   Dev-Niagara (F2AED0AC-9AFE-416F-8664-AA7FFA26D6FC): 1
LogDevObjectVersion:   Dev-Destruction (174F1F0B-B4C6-45A5-B13F-2EE8D0FB917D): 10
LogDevObjectVersion:   Dev-Physics-Ext (35F94A83-E258-406C-A318-09F59610247C): 41
LogDevObjectVersion:   Dev-PhysicsMaterial-Chaos (B68FC16E-8B1B-42E2-B453-215C058844FE): 1
LogDevObjectVersion:   Dev-CineCamera (B2E18506-4273-CFC2-A54E-F4BB758BBA07): 1
LogDevObjectVersion:   Dev-VirtualProduction (64F58936-FD1B-42BA-BA96-7289D5D0FA4E): 1
LogDevObjectVersion:   Dev-MediaFramework (6F0ED827-A609-4895-9C91-998D90180EA4): 2
LogInit: Presizing for max 25165824 objects, including 0 objects not considered by GC, pre-allocating 0 bytes for permanent pool.
LogConfig: Applying CVar settings from Section [/Script/Engine.StreamingSettings] File [C:/Users/leonardo.medeiros/Documents/TCC/Sorry/Saved/Config/Windows/Engine.ini]
LogConfig: Setting CVar [[s.MinBulkDataSizeForAsyncLoading:131072]]
LogConfig: Setting CVar [[s.AsyncLoadingThreadEnabled:0]]
LogConfig: Setting CVar [[s.EventDrivenLoaderEnabled:1]]
LogConfig: Setting CVar [[s.WarnIfTimeLimitExceeded:0]]
LogConfig: Setting CVar [[s.TimeLimitExceededMultiplier:1.5]]
LogConfig: Setting CVar [[s.TimeLimitExceededMinTime:0.005]]
LogConfig: Setting CVar [[s.UseBackgroundLevelStreaming:1]]
LogConfig: Setting CVar [[s.PriorityAsyncLoadingExtraTime:15.0]]
LogConfig: Setting CVar [[s.LevelStreamingActorsUpdateTimeLimit:5.0]]
LogConfig: Setting CVar [[s.PriorityLevelStreamingActorsUpdateExtraTime:5.0]]
LogConfig: Setting CVar [[s.LevelStreamingComponentsRegistrationGranularity:10]]
LogConfig: Setting CVar [[s.UnregisterComponentsTimeLimit:1.0]]
LogConfig: Setting CVar [[s.LevelStreamingComponentsUnregistrationGranularity:5]]
LogConfig: Setting CVar [[s.FlushStreamingOnExit:1]]
LogInit: Object subsystem initialized
LogConfig: Setting CVar [[con.DebugEarlyDefault:1]]
LogConfig: Setting CVar [[r.setres:1280x720]]
[2025.09.01-20.03.37:826][  0]LogConfig: Setting CVar [[r.VSync:0]]
[2025.09.01-20.03.37:826][  0]LogConfig: Setting CVar [[r.RHICmdBypass:0]]
[2025.09.01-20.03.37:826][  0]LogConfig: Applying CVar settings from Section [/Script/Engine.RendererSettings] File [C:/Users/leonardo.medeiros/Documents/TCC/Sorry/Saved/Config/Windows/Engine.ini]
[2025.09.01-20.03.37:826][  0]LogConfig: Setting CVar [[r.GPUCrashDebugging:0]]
[2025.09.01-20.03.37:826][  0]LogConfig: Applying CVar settings from Section [/Script/Engine.RendererOverrideSettings] File [C:/Users/leonardo.medeiros/Documents/TCC/Sorry/Saved/Config/Windows/Engine.ini]
[2025.09.01-20.03.37:826][  0]LogConfig: Applying CVar settings from Section [/Script/Engine.StreamingSettings] File [C:/Users/leonardo.medeiros/Documents/TCC/Sorry/Saved/Config/Windows/Engine.ini]
[2025.09.01-20.03.37:826][  0]LogConfig: Setting CVar [[s.MinBulkDataSizeForAsyncLoading:131072]]
[2025.09.01-20.03.37:826][  0]LogConfig: Setting CVar [[s.AsyncLoadingThreadEnabled:0]]
[2025.09.01-20.03.37:826][  0]LogConfig: Setting CVar [[s.EventDrivenLoaderEnabled:1]]
[2025.09.01-20.03.37:826][  0]LogConfig: Setting CVar [[s.WarnIfTimeLimitExceeded:0]]
[2025.09.01-20.03.37:826][  0]LogConfig: Setting CVar [[s.TimeLimitExceededMultiplier:1.5]]
[2025.09.01-20.03.37:826][  0]LogConfig: Setting CVar [[s.TimeLimitExceededMinTime:0.005]]
[2025.09.01-20.03.37:826][  0]LogConfig: Setting CVar [[s.UseBackgroundLevelStreaming:1]]
[2025.09.01-20.03.37:826][  0]LogConfig: Setting CVar [[s.PriorityAsyncLoadingExtraTime:15.0]]
[2025.09.01-20.03.37:826][  0]LogConfig: Setting CVar [[s.LevelStreamingActorsUpdateTimeLimit:5.0]]
[2025.09.01-20.03.37:826][  0]LogConfig: Setting CVar [[s.PriorityLevelStreamingActorsUpdateExtraTime:5.0]]
[2025.09.01-20.03.37:826][  0]LogConfig: Setting CVar [[s.LevelStreamingComponentsRegistrationGranularity:10]]
[2025.09.01-20.03.37:826][  0]LogConfig: Setting CVar [[s.UnregisterComponentsTimeLimit:1.0]]
[2025.09.01-20.03.37:826][  0]LogConfig: Setting CVar [[s.LevelStreamingComponentsUnregistrationGranularity:5]]
[2025.09.01-20.03.37:826][  0]LogConfig: Setting CVar [[s.FlushStreamingOnExit:1]]
[2025.09.01-20.03.37:826][  0]LogConfig: Applying CVar settings from Section [/Script/Engine.GarbageCollectionSettings] File [C:/Users/leonardo.medeiros/Documents/TCC/Sorry/Saved/Config/Windows/Engine.ini]
[2025.09.01-20.03.37:826][  0]LogConfig: Setting CVar [[gc.MaxObjectsNotConsideredByGC:1]]
[2025.09.01-20.03.37:826][  0]LogConfig: Setting CVar [[gc.SizeOfPermanentObjectPool:0]]
[2025.09.01-20.03.37:826][  0]LogConfig: Setting CVar [[gc.FlushStreamingOnGC:0]]
[2025.09.01-20.03.37:826][  0]LogConfig: Setting CVar [[gc.NumRetriesBeforeForcingGC:10]]
[2025.09.01-20.03.37:826][  0]LogConfig: Setting CVar [[gc.AllowParallelGC:1]]
[2025.09.01-20.03.37:826][  0]LogConfig: Setting CVar [[gc.TimeBetweenPurgingPendingKillObjects:61.1]]
[2025.09.01-20.03.37:826][  0]LogConfig: Setting CVar [[gc.MaxObjectsInEditor:25165824]]
[2025.09.01-20.03.37:826][  0]LogConfig: Setting CVar [[gc.IncrementalBeginDestroyEnabled:1]]
[2025.09.01-20.03.37:826][  0]LogConfig: Setting CVar [[gc.CreateGCClusters:1]]
[2025.09.01-20.03.37:826][  0]LogConfig: Setting CVar [[gc.MinGCClusterSize:5]]
[2025.09.01-20.03.37:826][  0]LogConfig: Setting CVar [[gc.ActorClusteringEnabled:0]]
[2025.09.01-20.03.37:826][  0]LogConfig: Setting CVar [[gc.BlueprintClusteringEnabled:0]]
[2025.09.01-20.03.37:826][  0]LogConfig: Setting CVar [[gc.UseDisregardForGCOnDedicatedServers:0]]
[2025.09.01-20.03.37:826][  0]LogConfig: Setting CVar [[gc.MultithreadedDestructionEnabled:1]]
[2025.09.01-20.03.37:826][  0]LogConfig: Applying CVar settings from Section [/Script/Engine.NetworkSettings] File [C:/Users/leonardo.medeiros/Documents/TCC/Sorry/Saved/Config/Windows/Engine.ini]
[2025.09.01-20.03.37:826][  0]LogConfig: Applying CVar settings from Section [/Script/UnrealEd.CookerSettings] File [C:/Users/leonardo.medeiros/Documents/TCC/Sorry/Saved/Config/Windows/Engine.ini]
[2025.09.01-20.03.37:831][  0]LogConfig: Applying CVar settings from Section [ViewDistanceQuality@3] File [C:/Users/leonardo.medeiros/Documents/TCC/Sorry/Saved/Config/Windows/Scalability.ini]
[2025.09.01-20.03.37:831][  0]LogConfig: Setting CVar [[r.SkeletalMeshLODBias:0]]
[2025.09.01-20.03.37:831][  0]LogConfig: Setting CVar [[r.ViewDistanceScale:1.0]]
[2025.09.01-20.03.37:831][  0]LogConfig: Applying CVar settings from Section [AntiAliasingQuality@3] File [C:/Users/leonardo.medeiros/Documents/TCC/Sorry/Saved/Config/Windows/Scalability.ini]
[2025.09.01-20.03.37:831][  0]LogConfig: Setting CVar [[r.PostProcessAAQuality:4]]
[2025.09.01-20.03.37:831][  0]LogConfig: Applying CVar settings from Section [ShadowQuality@3] File [C:/Users/leonardo.medeiros/Documents/TCC/Sorry/Saved/Config/Windows/Scalability.ini]
[2025.09.01-20.03.37:831][  0]LogConfig: Setting CVar [[r.LightFunctionQuality:1]]
[2025.09.01-20.03.37:831][  0]LogConfig: Setting CVar [[r.ShadowQuality:5]]
[2025.09.01-20.03.37:831][  0]LogConfig: Setting CVar [[r.Shadow.CSM.MaxCascades:10]]
[2025.09.01-20.03.37:831][  0]LogConfig: Setting CVar [[r.Shadow.MaxResolution:2048]]
[2025.09.01-20.03.37:831][  0]LogConfig: Setting CVar [[r.Shadow.MaxCSMResolution:2048]]
[2025.09.01-20.03.37:831][  0]LogConfig: Setting CVar [[r.Shadow.RadiusThreshold:0.01]]
[2025.09.01-20.03.37:831][  0]LogConfig: Setting CVar [[r.Shadow.DistanceScale:1.0]]
[2025.09.01-20.03.37:831][  0]LogConfig: Setting CVar [[r.Shadow.CSM.TransitionScale:1.0]]
[2025.09.01-20.03.37:831][  0]LogConfig: Setting CVar [[r.Shadow.PreShadowResolutionFactor:1.0]]
[2025.09.01-20.03.37:831][  0]LogConfig: Setting CVar [[r.DistanceFieldShadowing:1]]
[2025.09.01-20.03.37:831][  0]LogConfig: Setting CVar [[r.DistanceFieldAO:1]]
[2025.09.01-20.03.37:831][  0]LogConfig: Setting CVar [[r.AOQuality:2]]
[2025.09.01-20.03.37:831][  0]LogConfig: Setting CVar [[r.VolumetricFog:1]]
[2025.09.01-20.03.37:831][  0]LogConfig: Setting CVar [[r.VolumetricFog.GridPixelSize:8]]
[2025.09.01-20.03.37:831][  0]LogConfig: Setting CVar [[r.VolumetricFog.GridSizeZ:128]]
[2025.09.01-20.03.37:831][  0]LogConfig: Setting CVar [[r.VolumetricFog.HistoryMissSupersampleCount:4]]
[2025.09.01-20.03.37:831][  0]LogConfig: Setting CVar [[r.LightMaxDrawDistanceScale:1]]
[2025.09.01-20.03.37:831][  0]LogConfig: Setting CVar [[r.CapsuleShadows:1]]
[2025.09.01-20.03.37:831][  0]LogConfig: Applying CVar settings from Section [PostProcessQuality@3] File [C:/Users/leonardo.medeiros/Documents/TCC/Sorry/Saved/Config/Windows/Scalability.ini]
[2025.09.01-20.03.37:831][  0]LogConfig: Setting CVar [[r.MotionBlurQuality:4]]
[2025.09.01-20.03.37:831][  0]LogConfig: Setting CVar [[r.AmbientOcclusionMipLevelFactor:0.4]]
[2025.09.01-20.03.37:831][  0]LogConfig: Setting CVar [[r.AmbientOcclusionMaxQuality:100]]
[2025.09.01-20.03.37:831][  0]LogConfig: Setting CVar [[r.AmbientOcclusionLevels:-1]]
[2025.09.01-20.03.37:831][  0]LogConfig: Setting CVar [[r.AmbientOcclusionRadiusScale:1.0]]
[2025.09.01-20.03.37:831][  0]LogConfig: Setting CVar [[r.DepthOfFieldQuality:2]]
[2025.09.01-20.03.37:831][  0]LogConfig: Setting CVar [[r.RenderTargetPoolMin:400]]
[2025.09.01-20.03.37:831][  0]LogConfig: Setting CVar [[r.LensFlareQuality:2]]
[2025.09.01-20.03.37:831][  0]LogConfig: Setting CVar [[r.SceneColorFringeQuality:1]]
[2025.09.01-20.03.37:831][  0]LogConfig: Setting CVar [[r.EyeAdaptationQuality:2]]
[2025.09.01-20.03.37:831][  0]LogConfig: Setting CVar [[r.BloomQuality:5]]
[2025.09.01-20.03.37:831][  0]LogConfig: Setting CVar [[r.FastBlurThreshold:100]]
[2025.09.01-20.03.37:831][  0]LogConfig: Setting CVar [[r.Upscale.Quality:3]]
[2025.09.01-20.03.37:831][  0]LogConfig: Setting CVar [[r.Tonemapper.GrainQuantization:1]]
[2025.09.01-20.03.37:831][  0]LogConfig: Setting CVar [[r.LightShaftQuality:1]]
[2025.09.01-20.03.37:831][  0]LogConfig: Setting CVar [[r.Filter.SizeScale:1]]
[2025.09.01-20.03.37:831][  0]LogConfig: Setting CVar [[r.Tonemapper.Quality:5]]
[2025.09.01-20.03.37:831][  0]LogConfig: Setting CVar [[r.DOF.Gather.AccumulatorQuality:1        ; higher gathering accumulator quality]]
[2025.09.01-20.03.37:831][  0]LogConfig: Setting CVar [[r.DOF.Gather.PostfilterMethod:1          ; Median3x3 postfilering method]]
[2025.09.01-20.03.37:831][  0]LogConfig: Setting CVar [[r.DOF.Gather.EnableBokehSettings:0       ; no bokeh simulation when gathering]]
[2025.09.01-20.03.37:831][  0]LogConfig: Setting CVar [[r.DOF.Gather.RingCount:4                 ; medium number of samples when gathering]]
[2025.09.01-20.03.37:831][  0]LogConfig: Setting CVar [[r.DOF.Scatter.ForegroundCompositing:1    ; additive foreground scattering]]
[2025.09.01-20.03.37:831][  0]LogConfig: Setting CVar [[r.DOF.Scatter.BackgroundCompositing:2    ; additive background scattering]]
[2025.09.01-20.03.37:831][  0]LogConfig: Setting CVar [[r.DOF.Scatter.EnableBokehSettings:1      ; bokeh simulation when scattering]]
[2025.09.01-20.03.37:831][  0]LogConfig: Setting CVar [[r.DOF.Scatter.MaxSpriteRatio:0.1         ; only a maximum of 10% of scattered bokeh]]
[2025.09.01-20.03.37:831][  0]LogConfig: Setting CVar [[r.DOF.Recombine.Quality:1                ; cheap slight out of focus]]
[2025.09.01-20.03.37:831][  0]LogConfig: Setting CVar [[r.DOF.Recombine.EnableBokehSettings:0    ; no bokeh simulation on slight out of focus]]
[2025.09.01-20.03.37:831][  0]LogConfig: Setting CVar [[r.DOF.TemporalAAQuality:1                ; more stable temporal accumulation]]
[2025.09.01-20.03.37:831][  0]LogConfig: Setting CVar [[r.DOF.Kernel.MaxForegroundRadius:0.025]]
[2025.09.01-20.03.37:831][  0]LogConfig: Setting CVar [[r.DOF.Kernel.MaxBackgroundRadius:0.025]]
[2025.09.01-20.03.37:831][  0]LogConfig: Applying CVar settings from Section [TextureQuality@3] File [C:/Users/leonardo.medeiros/Documents/TCC/Sorry/Saved/Config/Windows/Scalability.ini]
[2025.09.01-20.03.37:831][  0]LogConfig: Setting CVar [[r.Streaming.MipBias:0]]
[2025.09.01-20.03.37:831][  0]LogConfig: Setting CVar [[r.Streaming.AmortizeCPUToGPUCopy:0]]
[2025.09.01-20.03.37:831][  0]LogConfig: Setting CVar [[r.Streaming.MaxNumTexturesToStreamPerFrame:0]]
[2025.09.01-20.03.37:831][  0]LogConfig: Setting CVar [[r.Streaming.Boost:1]]
[2025.09.01-20.03.37:831][  0]LogConfig: Setting CVar [[r.MaxAnisotropy:8]]
[2025.09.01-20.03.37:831][  0]LogConfig: Setting CVar [[r.VT.MaxAnisotropy:8]]
[2025.09.01-20.03.37:831][  0]LogConfig: Setting CVar [[r.Streaming.LimitPoolSizeToVRAM:0]]
[2025.09.01-20.03.37:831][  0]LogConfig: Setting CVar [[r.Streaming.PoolSize:1000]]
[2025.09.01-20.03.37:831][  0]LogConfig: Setting CVar [[r.Streaming.MaxEffectiveScreenSize:0]]
[2025.09.01-20.03.37:831][  0]LogConfig: Applying CVar settings from Section [EffectsQuality@3] File [C:/Users/leonardo.medeiros/Documents/TCC/Sorry/Saved/Config/Windows/Scalability.ini]
[2025.09.01-20.03.37:831][  0]LogConfig: Setting CVar [[r.TranslucencyLightingVolumeDim:64]]
[2025.09.01-20.03.37:831][  0]LogConfig: Setting CVar [[r.RefractionQuality:2]]
[2025.09.01-20.03.37:831][  0]LogConfig: Setting CVar [[r.SSR.Quality:3]]
[2025.09.01-20.03.37:831][  0]LogConfig: Setting CVar [[r.SSR.HalfResSceneColor:0]]
[2025.09.01-20.03.37:832][  0]LogConfig: Setting CVar [[r.SceneColorFormat:4]]
[2025.09.01-20.03.37:832][  0]LogConfig: Setting CVar [[r.DetailMode:2]]
[2025.09.01-20.03.37:832][  0]LogConfig: Setting CVar [[r.TranslucencyVolumeBlur:1]]
[2025.09.01-20.03.37:832][  0]LogConfig: Setting CVar [[r.MaterialQualityLevel:1 ; High quality]]
[2025.09.01-20.03.37:832][  0]LogConfig: Setting CVar [[r.AnisotropicMaterials:1]]
[2025.09.01-20.03.37:832][  0]LogConfig: Setting CVar [[r.SSS.Scale:1]]
[2025.09.01-20.03.37:832][  0]LogConfig: Setting CVar [[r.SSS.SampleSet:2]]
[2025.09.01-20.03.37:832][  0]LogConfig: Setting CVar [[r.SSS.Quality:1]]
[2025.09.01-20.03.37:832][  0]LogConfig: Setting CVar [[r.SSS.HalfRes:0]]
[2025.09.01-20.03.37:832][  0]LogConfig: Setting CVar [[r.SSGI.Quality:3]]
[2025.09.01-20.03.37:832][  0]LogConfig: Setting CVar [[r.EmitterSpawnRateScale:1.0]]
[2025.09.01-20.03.37:832][  0]LogConfig: Setting CVar [[r.ParticleLightQuality:2]]
[2025.09.01-20.03.37:832][  0]LogConfig: Setting CVar [[r.SkyAtmosphere.AerialPerspectiveLUT.FastApplyOnOpaque:1 ; Always have FastSkyLUT 1 in this case to avoid wrong sky]]
[2025.09.01-20.03.37:832][  0]LogConfig: Setting CVar [[r.SkyAtmosphere.AerialPerspectiveLUT.SampleCountMaxPerSlice:4]]
[2025.09.01-20.03.37:832][  0]LogConfig: Setting CVar [[r.SkyAtmosphere.AerialPerspectiveLUT.DepthResolution:16.0]]
[2025.09.01-20.03.37:832][  0]LogConfig: Setting CVar [[r.SkyAtmosphere.FastSkyLUT:1]]
[2025.09.01-20.03.37:832][  0]LogConfig: Setting CVar [[r.SkyAtmosphere.FastSkyLUT.SampleCountMin:4.0]]
[2025.09.01-20.03.37:832][  0]LogConfig: Setting CVar [[r.SkyAtmosphere.FastSkyLUT.SampleCountMax:128.0]]
[2025.09.01-20.03.37:832][  0]LogConfig: Setting CVar [[r.SkyAtmosphere.SampleCountMin:4.0]]
[2025.09.01-20.03.37:832][  0]LogConfig: Setting CVar [[r.SkyAtmosphere.SampleCountMax:128.0]]
[2025.09.01-20.03.37:832][  0]LogConfig: Setting CVar [[r.SkyAtmosphere.TransmittanceLUT.UseSmallFormat:0]]
[2025.09.01-20.03.37:832][  0]LogConfig: Setting CVar [[r.SkyAtmosphere.TransmittanceLUT.SampleCount:10.0]]
[2025.09.01-20.03.37:832][  0]LogConfig: Setting CVar [[r.SkyAtmosphere.MultiScatteringLUT.SampleCount:15.0]]
[2025.09.01-20.03.37:832][  0]LogConfig: Setting CVar [[r.SkyLight.RealTimeReflectionCapture:1]]
[2025.09.01-20.03.37:832][  0]LogConfig: Applying CVar settings from Section [FoliageQuality@3] File [C:/Users/leonardo.medeiros/Documents/TCC/Sorry/Saved/Config/Windows/Scalability.ini]
[2025.09.01-20.03.37:832][  0]LogConfig: Setting CVar [[foliage.DensityScale:1.0]]
[2025.09.01-20.03.37:832][  0]LogConfig: Setting CVar [[grass.DensityScale:1.0]]
[2025.09.01-20.03.37:832][  0]LogConfig: Applying CVar settings from Section [ShadingQuality@3] File [C:/Users/leonardo.medeiros/Documents/TCC/Sorry/Saved/Config/Windows/Scalability.ini]
[2025.09.01-20.03.37:832][  0]LogConfig: Setting CVar [[r.HairStrands.SkyLighting.IntegrationType:2]]
[2025.09.01-20.03.37:832][  0]LogConfig: Setting CVar [[r.HairStrands.SkyAO.SampleCount:4]]
[2025.09.01-20.03.37:832][  0]LogConfig: Setting CVar [[r.HairStrands.Visibility.MSAA.SamplePerPixel:4]]
[2025.09.01-20.03.37:832][  0]LogInit: Selected Device Profile: [Windows]
[2025.09.01-20.03.37:832][  0]LogInit: Applying CVar settings loaded from the selected device profile: [Windows]
[2025.09.01-20.03.37:832][  0]LogHAL: Display: Platform has ~ 16 GB [17025171456 / 17179869184 / 16], which maps to Larger [LargestMinGB=32, LargerMinGB=12, DefaultMinGB=8, SmallerMinGB=6, SmallestMinGB=0)
[2025.09.01-20.03.37:832][  0]LogInit: Going up to parent DeviceProfile []
[2025.09.01-20.03.37:832][  0]LogConfig: Applying CVar settings from Section [ViewDistanceQuality@1] File [C:/Users/leonardo.medeiros/Documents/TCC/Sorry/Saved/Config/Windows/Scalability.ini]
[2025.09.01-20.03.37:832][  0]LogConfig: Setting CVar [[r.SkeletalMeshLODBias:1]]
[2025.09.01-20.03.37:832][  0]LogConfig: Setting CVar [[r.ViewDistanceScale:0.6]]
[2025.09.01-20.03.37:832][  0]LogConfig: Applying CVar settings from Section [AntiAliasingQuality@1] File [C:/Users/leonardo.medeiros/Documents/TCC/Sorry/Saved/Config/Windows/Scalability.ini]
[2025.09.01-20.03.37:832][  0]LogConfig: Setting CVar [[r.PostProcessAAQuality:2]]
[2025.09.01-20.03.37:832][  0]LogConfig: Applying CVar settings from Section [ShadowQuality@1] File [C:/Users/leonardo.medeiros/Documents/TCC/Sorry/Saved/Config/Windows/Scalability.ini]
[2025.09.01-20.03.37:832][  0]LogConfig: Setting CVar [[r.LightFunctionQuality:1]]
[2025.09.01-20.03.37:832][  0]LogConfig: Setting CVar [[r.ShadowQuality:3]]
[2025.09.01-20.03.37:832][  0]LogConfig: Setting CVar [[r.Shadow.CSM.MaxCascades:1]]
[2025.09.01-20.03.37:832][  0]LogConfig: Setting CVar [[r.Shadow.MaxResolution:1024]]
[2025.09.01-20.03.37:832][  0]LogConfig: Setting CVar [[r.Shadow.MaxCSMResolution:1024]]
[2025.09.01-20.03.37:832][  0]LogConfig: Setting CVar [[r.Shadow.RadiusThreshold:0.05]]
[2025.09.01-20.03.37:832][  0]LogConfig: Setting CVar [[r.Shadow.DistanceScale:0.7]]
[2025.09.01-20.03.37:832][  0]LogConfig: Setting CVar [[r.Shadow.CSM.TransitionScale:0.25]]
[2025.09.01-20.03.37:832][  0]LogConfig: Setting CVar [[r.Shadow.PreShadowResolutionFactor:0.5]]
[2025.09.01-20.03.37:832][  0]LogConfig: Setting CVar [[r.DistanceFieldShadowing:0]]
[2025.09.01-20.03.37:832][  0]LogConfig: Setting CVar [[r.DistanceFieldAO:0]]
[2025.09.01-20.03.37:832][  0]LogConfig: Setting CVar [[r.VolumetricFog:0]]
[2025.09.01-20.03.37:832][  0]LogConfig: Setting CVar [[r.LightMaxDrawDistanceScale:.5]]
[2025.09.01-20.03.37:832][  0]LogConfig: Setting CVar [[r.CapsuleShadows:1]]
[2025.09.01-20.03.37:832][  0]LogConfig: Applying CVar settings from Section [PostProcessQuality@1] File [C:/Users/leonardo.medeiros/Documents/TCC/Sorry/Saved/Config/Windows/Scalability.ini]
[2025.09.01-20.03.37:832][  0]LogConfig: Setting CVar [[r.MotionBlurQuality:3]]
[2025.09.01-20.03.37:832][  0]LogConfig: Setting CVar [[r.AmbientOcclusionMipLevelFactor:1.0]]
[2025.09.01-20.03.37:832][  0]LogConfig: Setting CVar [[r.AmbientOcclusionMaxQuality:60]]
[2025.09.01-20.03.37:832][  0]LogConfig: Setting CVar [[r.AmbientOcclusionLevels:-1]]
[2025.09.01-20.03.37:832][  0]LogConfig: Setting CVar [[r.AmbientOcclusionRadiusScale:1.5]]
[2025.09.01-20.03.37:832][  0]LogConfig: Setting CVar [[r.DepthOfFieldQuality:1]]
[2025.09.01-20.03.37:832][  0]LogConfig: Setting CVar [[r.RenderTargetPoolMin:350]]
[2025.09.01-20.03.37:832][  0]LogConfig: Setting CVar [[r.LensFlareQuality:0]]
[2025.09.01-20.03.37:832][  0]LogConfig: Setting CVar [[r.SceneColorFringeQuality:0]]
[2025.09.01-20.03.37:832][  0]LogConfig: Setting CVar [[r.EyeAdaptationQuality:2]]
[2025.09.01-20.03.37:832][  0]LogConfig: Setting CVar [[r.BloomQuality:4]]
[2025.09.01-20.03.37:832][  0]LogConfig: Setting CVar [[r.FastBlurThreshold:2]]
[2025.09.01-20.03.37:832][  0]LogConfig: Setting CVar [[r.Upscale.Quality:2]]
[2025.09.01-20.03.37:832][  0]LogConfig: Setting CVar [[r.Tonemapper.GrainQuantization:0]]
[2025.09.01-20.03.37:832][  0]LogConfig: Setting CVar [[r.LightShaftQuality:0]]
[2025.09.01-20.03.37:832][  0]LogConfig: Setting CVar [[r.Filter.SizeScale:0.7]]
[2025.09.01-20.03.37:832][  0]LogConfig: Setting CVar [[r.Tonemapper.Quality:2]]
[2025.09.01-20.03.37:832][  0]LogConfig: Setting CVar [[r.DOF.Gather.AccumulatorQuality:0        ; lower gathering accumulator quality]]
[2025.09.01-20.03.37:832][  0]LogConfig: Setting CVar [[r.DOF.Gather.PostfilterMethod:2          ; Max3x3 postfilering method]]
[2025.09.01-20.03.37:832][  0]LogConfig: Setting CVar [[r.DOF.Gather.EnableBokehSettings:0       ; no bokeh simulation when gathering]]
[2025.09.01-20.03.37:832][  0]LogConfig: Setting CVar [[r.DOF.Gather.RingCount:3                 ; low number of samples when gathering]]
[2025.09.01-20.03.37:832][  0]LogConfig: Setting CVar [[r.DOF.Scatter.ForegroundCompositing:0    ; no foreground scattering]]
[2025.09.01-20.03.37:832][  0]LogConfig: Setting CVar [[r.DOF.Scatter.BackgroundCompositing:0    ; no foreground scattering]]
[2025.09.01-20.03.37:832][  0]LogConfig: Setting CVar [[r.DOF.Recombine.Quality:0                ; no slight out of focus]]
[2025.09.01-20.03.37:832][  0]LogConfig: Setting CVar [[r.DOF.TemporalAAQuality:0                ; faster temporal accumulation]]
[2025.09.01-20.03.37:832][  0]LogConfig: Setting CVar [[r.DOF.Kernel.MaxForegroundRadius:0.006   ; required because low gathering and no scattering and not looking great at 1080p]]
[2025.09.01-20.03.37:832][  0]LogConfig: Setting CVar [[r.DOF.Kernel.MaxBackgroundRadius:0.006   ; required because low gathering and no scattering and not looking great at 1080p]]
[2025.09.01-20.03.37:832][  0]LogConfig: Applying CVar settings from Section [TextureQuality@1] File [C:/Users/leonardo.medeiros/Documents/TCC/Sorry/Saved/Config/Windows/Scalability.ini]
[2025.09.01-20.03.37:832][  0]LogConfig: Setting CVar [[r.Streaming.MipBias:1]]
[2025.09.01-20.03.37:832][  0]LogConfig: Setting CVar [[r.Streaming.AmortizeCPUToGPUCopy:0]]
[2025.09.01-20.03.37:832][  0]LogConfig: Setting CVar [[r.Streaming.MaxNumTexturesToStreamPerFrame:0]]
[2025.09.01-20.03.37:832][  0]LogConfig: Setting CVar [[r.Streaming.Boost:1]]
[2025.09.01-20.03.37:832][  0]LogConfig: Setting CVar [[r.MaxAnisotropy:2]]
[2025.09.01-20.03.37:832][  0]LogConfig: Setting CVar [[r.VT.MaxAnisotropy:4]]
[2025.09.01-20.03.37:832][  0]LogConfig: Setting CVar [[r.Streaming.LimitPoolSizeToVRAM:1]]
[2025.09.01-20.03.37:832][  0]LogConfig: Setting CVar [[r.Streaming.PoolSize:600]]
[2025.09.01-20.03.37:832][  0]LogConfig: Setting CVar [[r.Streaming.MaxEffectiveScreenSize:0]]
[2025.09.01-20.03.37:832][  0]LogConfig: Applying CVar settings from Section [EffectsQuality@1] File [C:/Users/leonardo.medeiros/Documents/TCC/Sorry/Saved/Config/Windows/Scalability.ini]
[2025.09.01-20.03.37:832][  0]LogConfig: Setting CVar [[r.TranslucencyLightingVolumeDim:32]]
[2025.09.01-20.03.37:832][  0]LogConfig: Setting CVar [[r.RefractionQuality:0]]
[2025.09.01-20.03.37:832][  0]LogConfig: Setting CVar [[r.SSR.Quality:0]]
[2025.09.01-20.03.37:833][  0]LogConfig: Setting CVar [[r.SSR.HalfResSceneColor:1]]
[2025.09.01-20.03.37:833][  0]LogConfig: Setting CVar [[r.SceneColorFormat:3]]
[2025.09.01-20.03.37:833][  0]LogConfig: Setting CVar [[r.DetailMode:1]]
[2025.09.01-20.03.37:833][  0]LogConfig: Setting CVar [[r.TranslucencyVolumeBlur:0]]
[2025.09.01-20.03.37:833][  0]LogConfig: Setting CVar [[r.MaterialQualityLevel:2 ; Medium quality]]
[2025.09.01-20.03.37:833][  0]LogConfig: Setting CVar [[r.AnisotropicMaterials:0]]
[2025.09.01-20.03.37:833][  0]LogConfig: Setting CVar [[r.SSS.Scale:0.75]]
[2025.09.01-20.03.37:833][  0]LogConfig: Setting CVar [[r.SSS.SampleSet:0]]
[2025.09.01-20.03.37:833][  0]LogConfig: Setting CVar [[r.SSS.Quality:0]]
[2025.09.01-20.03.37:833][  0]LogConfig: Setting CVar [[r.SSS.HalfRes:1]]
[2025.09.01-20.03.37:833][  0]LogConfig: Setting CVar [[r.SSGI.Quality:1]]
[2025.09.01-20.03.37:833][  0]LogConfig: Setting CVar [[r.EmitterSpawnRateScale:0.25]]
[2025.09.01-20.03.37:833][  0]LogConfig: Setting CVar [[r.ParticleLightQuality:0]]
[2025.09.01-20.03.37:833][  0]LogConfig: Setting CVar [[r.SkyAtmosphere.AerialPerspectiveLUT.FastApplyOnOpaque:1 ; Always have FastSkyLUT 1 in this case to avoid wrong sky]]
[2025.09.01-20.03.37:833][  0]LogConfig: Setting CVar [[r.SkyAtmosphere.AerialPerspectiveLUT.SampleCountMaxPerSlice:1]]
[2025.09.01-20.03.37:833][  0]LogConfig: Setting CVar [[r.SkyAtmosphere.AerialPerspectiveLUT.DepthResolution:16.0]]
[2025.09.01-20.03.37:833][  0]LogConfig: Setting CVar [[r.SkyAtmosphere.FastSkyLUT:1]]
[2025.09.01-20.03.37:833][  0]LogConfig: Setting CVar [[r.SkyAtmosphere.FastSkyLUT.SampleCountMin:4.0]]
[2025.09.01-20.03.37:833][  0]LogConfig: Setting CVar [[r.SkyAtmosphere.FastSkyLUT.SampleCountMax:32.0]]
[2025.09.01-20.03.37:833][  0]LogConfig: Setting CVar [[r.SkyAtmosphere.SampleCountMin:4.0]]
[2025.09.01-20.03.37:833][  0]LogConfig: Setting CVar [[r.SkyAtmosphere.SampleCountMax:32.0]]
[2025.09.01-20.03.37:833][  0]LogConfig: Setting CVar [[r.SkyAtmosphere.TransmittanceLUT.UseSmallFormat:0]]
[2025.09.01-20.03.37:833][  0]LogConfig: Setting CVar [[r.SkyAtmosphere.TransmittanceLUT.SampleCount:10.0]]
[2025.09.01-20.03.37:833][  0]LogConfig: Setting CVar [[r.SkyAtmosphere.MultiScatteringLUT.SampleCount:15.0]]
[2025.09.01-20.03.37:833][  0]LogConfig: Setting CVar [[r.SkyLight.RealTimeReflectionCapture:0]]
[2025.09.01-20.03.37:833][  0]LogConfig: Applying CVar settings from Section [FoliageQuality@1] File [C:/Users/leonardo.medeiros/Documents/TCC/Sorry/Saved/Config/Windows/Scalability.ini]
[2025.09.01-20.03.37:833][  0]LogConfig: Setting CVar [[foliage.DensityScale:0.4]]
[2025.09.01-20.03.37:833][  0]LogConfig: Setting CVar [[grass.DensityScale:0.4]]
[2025.09.01-20.03.37:833][  0]LogConfig: Applying CVar settings from Section [ShadingQuality@1] File [C:/Users/leonardo.medeiros/Documents/TCC/Sorry/Saved/Config/Windows/Scalability.ini]
[2025.09.01-20.03.37:833][  0]LogConfig: Setting CVar [[r.HairStrands.SkyLighting.IntegrationType:2]]
[2025.09.01-20.03.37:833][  0]LogConfig: Setting CVar [[r.HairStrands.SkyAO.SampleCount:4]]
[2025.09.01-20.03.37:833][  0]LogConfig: Setting CVar [[r.HairStrands.Visibility.MSAA.SamplePerPixel:1]]
[2025.09.01-20.03.37:833][  0]LogConfig: Applying CVar settings from Section [Startup] File [../../../Engine/Config/ConsoleVariables.ini]
[2025.09.01-20.03.37:833][  0]LogConfig: Setting CVar [[net.UseAdaptiveNetUpdateFrequency:0]]
[2025.09.01-20.03.37:833][  0]LogConfig: Setting CVar [[p.chaos.AllowCreatePhysxBodies:1]]
[2025.09.01-20.03.37:833][  0]LogConfig: Setting CVar [[fx.SkipVectorVMBackendOptimizations:1]]
[2025.09.01-20.03.37:833][  0]LogConfig: Applying CVar settings from Section [ConsoleVariables] File [C:/Users/leonardo.medeiros/Documents/TCC/Sorry/Saved/Config/Windows/Engine.ini]
[2025.09.01-20.03.37:833][  0]LogConfig: Applying CVar settings from Section [ConsoleVariables] File [C:/Users/leonardo.medeiros/Documents/TCC/Sorry/Saved/Config/Windows/Editor.ini]
[2025.09.01-20.03.37:833][  0]LogInit: Computer: SGS1-D08
[2025.09.01-20.03.37:833][  0]LogInit: User: leonardomedeiros
[2025.09.01-20.03.37:833][  0]LogInit: CPU Page size=4096, Cores=6
[2025.09.01-20.03.37:833][  0]LogInit: High frequency timer resolution =10.000000 MHz
[2025.09.01-20.03.37:833][  0]LogMemory: Memory total: Physical=15.9GB (16GB approx)
[2025.09.01-20.03.37:833][  0]LogMemory: Platform Memory Stats for Windows
[2025.09.01-20.03.37:833][  0]LogMemory: Process Physical Memory: 145.69 MB used, 145.70 MB peak
[2025.09.01-20.03.37:833][  0]LogMemory: Process Virtual Memory: 129.69 MB used, 129.69 MB peak
[2025.09.01-20.03.37:833][  0]LogMemory: Physical Memory: 5646.24 MB used,  10590.23 MB free, 16236.47 MB total
[2025.09.01-20.03.37:833][  0]LogMemory: Virtual Memory: 134204096.00 MB used,  13628.18 MB free, 134217728.00 MB total
[2025.09.01-20.03.37:837][  0]LogWindows: WindowsPlatformFeatures enabled
[2025.09.01-20.03.37:869][  0]LogInit: Physics initialised using underlying interface: PhysX
[2025.09.01-20.03.37:869][  0]LogInit: Using OS detected language (pt-BR).
[2025.09.01-20.03.37:869][  0]LogInit: Using OS detected locale (pt-BR).
[2025.09.01-20.03.37:892][  0]LogTextLocalizationResource: LocRes '../../../Engine/Content/Localization/Editor/pt/Editor.locres' could not be opened for reading!
[2025.09.01-20.03.37:893][  0]LogTextLocalizationResource: LocRes '../../../Engine/Content/Localization/EditorTutorials/pt/EditorTutorials.locres' could not be opened for reading!
[2025.09.01-20.03.37:893][  0]LogTextLocalizationResource: LocRes '../../../Engine/Content/Localization/Keywords/pt/Keywords.locres' could not be opened for reading!
[2025.09.01-20.03.37:893][  0]LogTextLocalizationResource: LocRes '../../../Engine/Content/Localization/Category/pt/Category.locres' could not be opened for reading!
[2025.09.01-20.03.37:893][  0]LogTextLocalizationResource: LocRes '../../../Engine/Content/Localization/ToolTips/pt/ToolTips.locres' could not be opened for reading!
[2025.09.01-20.03.37:893][  0]LogTextLocalizationResource: LocRes '../../../Engine/Content/Localization/PropertyNames/pt/PropertyNames.locres' could not be opened for reading!
[2025.09.01-20.03.37:893][  0]LogTextLocalizationResource: LocRes '../../../Engine/Content/Localization/Engine/pt/Engine.locres' could not be opened for reading!
[2025.09.01-20.03.37:893][  0]LogTextLocalizationResource: LocRes '../../../Engine/Plugins/Online/OnlineSubsystem/Content/Localization/OnlineSubsystem/pt/OnlineSubsystem.locres' could not be opened for reading!
[2025.09.01-20.03.37:893][  0]LogTextLocalizationResource: LocRes '../../../Engine/Plugins/Online/OnlineSubsystemUtils/Content/Localization/OnlineSubsystemUtils/pt/OnlineSubsystemUtils.locres' could not be opened for reading!
[2025.09.01-20.03.37:893][  0]LogTextLocalizationResource: LocRes '../../../Engine/Plugins/Online/Android/OnlineSubsystemGooglePlay/Content/Localization/OnlineSubsystemGooglePlay/pt/OnlineSubsystemGooglePlay.locres' could not be opened for reading!
[2025.09.01-20.03.37:893][  0]LogTextLocalizationResource: LocRes '../../../Engine/Plugins/Online/IOS/OnlineSubsystemIOS/Content/Localization/OnlineSubsystemIOS/pt/OnlineSubsystemIOS.locres' could not be opened for reading!
[2025.09.01-20.03.37:901][  0]LogInit: Setting process to per monitor DPI aware
[2025.09.01-20.03.37:910][  0]LogWindowsTextInputMethodSystem: Display: IME system deactivated.
[2025.09.01-20.03.37:919][  0]LogSlate: New Slate User Created.  User Index 0, Is Virtual User: 0
[2025.09.01-20.03.37:919][  0]LogSlate: Slate User Registered.  User Index 0, Is Virtual User: 0
[2025.09.01-20.03.38:034][  0]LogD3D11RHI: Loaded GFSDK_Aftermath_Lib.x64.dll
[2025.09.01-20.03.38:035][  0]LogHMD: Failed to initialize OpenVR with code 110
[2025.09.01-20.03.38:035][  0]LogD3D11RHI: D3D11 min allowed feature level: 11_0
[2025.09.01-20.03.38:035][  0]LogD3D11RHI: D3D11 max allowed feature level: 11_0
[2025.09.01-20.03.38:035][  0]LogD3D11RHI: D3D11 adapters:
[2025.09.01-20.03.38:198][  0]LogD3D11RHI:    0. 'NVIDIA GeForce RTX 3050' (Feature Level 11_0)
[2025.09.01-20.03.38:198][  0]LogD3D11RHI:       6002/0/8118 MB DedicatedVideo/DedicatedSystem/SharedSystem, Outputs:1, VendorId:0x10de
[2025.09.01-20.03.38:200][  0]LogD3D11RHI:    1. 'Microsoft Basic Render Driver' (Feature Level 11_0)
[2025.09.01-20.03.38:200][  0]LogD3D11RHI:       0/0/8118 MB DedicatedVideo/DedicatedSystem/SharedSystem, Outputs:0, VendorId:0x1414
[2025.09.01-20.03.38:200][  0]LogD3D11RHI: Chosen D3D11 Adapter:
[2025.09.01-20.03.38:200][  0]LogD3D11RHI:     Description : NVIDIA GeForce RTX 3050
[2025.09.01-20.03.38:200][  0]LogD3D11RHI:     VendorId    : 10de
[2025.09.01-20.03.38:200][  0]LogD3D11RHI:     DeviceId    : 2584
[2025.09.01-20.03.38:200][  0]LogD3D11RHI:     SubSysId    : 41691458
[2025.09.01-20.03.38:200][  0]LogD3D11RHI:     Revision    : 00a1
[2025.09.01-20.03.38:200][  0]LogD3D11RHI:     DedicatedVideoMemory : 6293553152 bytes
[2025.09.01-20.03.38:200][  0]LogD3D11RHI:     DedicatedSystemMemory : 0 bytes
[2025.09.01-20.03.38:200][  0]LogD3D11RHI:     SharedSystemMemory : 8512585728 bytes
[2025.09.01-20.03.38:200][  0]LogD3D11RHI:     AdapterLuid : 0 50531
[2025.09.01-20.03.38:204][  0]LogD3D11RHI: Creating new Direct3DDevice
[2025.09.01-20.03.38:204][  0]LogD3D11RHI:     GPU DeviceId: 0x2584 (for the marketing name, search the web for "GPU Device Id")
[2025.09.01-20.03.38:204][  0]LogWindows: EnumDisplayDevices:
[2025.09.01-20.03.38:204][  0]LogWindows:    0. 'NVIDIA GeForce RTX 3050' (P:1 D:1)
[2025.09.01-20.03.38:204][  0]LogWindows:    1. 'NVIDIA GeForce RTX 3050' (P:0 D:0)
[2025.09.01-20.03.38:204][  0]LogWindows:    2. 'NVIDIA GeForce RTX 3050' (P:0 D:0)
[2025.09.01-20.03.38:204][  0]LogWindows:    3. 'NVIDIA GeForce RTX 3050' (P:0 D:0)
[2025.09.01-20.03.38:205][  0]LogWindows: DebugString: FoundDriverCount:4 
[2025.09.01-20.03.38:205][  0]LogD3D11RHI:     Adapter Name: NVIDIA GeForce RTX 3050
[2025.09.01-20.03.38:205][  0]LogD3D11RHI:   Driver Version: 577.00 (internal:32.0.15.7700, unified:577.00)
[2025.09.01-20.03.38:205][  0]LogD3D11RHI:      Driver Date: 7-14-2025
[2025.09.01-20.03.38:205][  0]LogRHI: Texture pool is 4201 MB (70% of 6002 MB)
[2025.09.01-20.03.38:205][  0]LogD3D11RHI: Creating D3DDevice using adapter:
[2025.09.01-20.03.38:205][  0]LogD3D11RHI:     Description : NVIDIA GeForce RTX 3050
[2025.09.01-20.03.38:205][  0]LogD3D11RHI:     VendorId    : 10de
[2025.09.01-20.03.38:205][  0]LogD3D11RHI:     DeviceId    : 2584
[2025.09.01-20.03.38:205][  0]LogD3D11RHI:     SubSysId    : 41691458
[2025.09.01-20.03.38:205][  0]LogD3D11RHI:     Revision    : 00a1
[2025.09.01-20.03.38:205][  0]LogD3D11RHI:     DedicatedVideoMemory : 6293553152 bytes
[2025.09.01-20.03.38:205][  0]LogD3D11RHI:     DedicatedSystemMemory : 0 bytes
[2025.09.01-20.03.38:205][  0]LogD3D11RHI:     SharedSystemMemory : 8512585728 bytes
[2025.09.01-20.03.38:205][  0]LogD3D11RHI:     AdapterLuid : 0 50531
[2025.09.01-20.03.38:328][  0]LogD3D11RHI: RHI has support for 64 bit atomics
[2025.09.01-20.03.38:328][  0]LogD3D11RHI: Async texture creation enabled
[2025.09.01-20.03.38:328][  0]LogD3D11RHI: Array index from any shader is supported
[2025.09.01-20.03.38:340][  0]LogD3D11RHI: GPU Timing Frequency: 1000.000000 (Debug: 2 1)
[2025.09.01-20.03.38:372][  0]LogRHI: GeForceNow SDK initialized: 1
[2025.09.01-20.03.38:603][  0]LogTargetPlatformManager: Display: Loaded TargetPlatform 'AllDesktop'
[2025.09.01-20.03.38:621][  0]LogTargetPlatformManager: Display: Loaded TargetPlatform 'Android'
[2025.09.01-20.03.38:621][  0]LogTargetPlatformManager: Display: Loaded TargetPlatform 'Android_ASTC'
[2025.09.01-20.03.38:621][  0]LogTargetPlatformManager: Display: Loaded TargetPlatform 'Android_DXT'
[2025.09.01-20.03.38:621][  0]LogTargetPlatformManager: Display: Loaded TargetPlatform 'Android_ETC2'
[2025.09.01-20.03.38:621][  0]LogTargetPlatformManager: Display: Loaded TargetPlatform 'AndroidClient'
[2025.09.01-20.03.38:621][  0]LogTargetPlatformManager: Display: Loaded TargetPlatform 'Android_ASTCClient'
[2025.09.01-20.03.38:621][  0]LogTargetPlatformManager: Display: Loaded TargetPlatform 'Android_DXTClient'
[2025.09.01-20.03.38:621][  0]LogTargetPlatformManager: Display: Loaded TargetPlatform 'Android_ETC2Client'
[2025.09.01-20.03.38:621][  0]LogTargetPlatformManager: Display: Loaded TargetPlatform 'Android_Multi'
[2025.09.01-20.03.38:621][  0]LogTargetPlatformManager: Display: Loaded TargetPlatform 'Android_MultiClient'
[2025.09.01-20.03.38:636][  0]LogTargetPlatformManager: Display: Loaded TargetPlatform 'IOSClient'
[2025.09.01-20.03.38:636][  0]LogTargetPlatformManager: Display: Loaded TargetPlatform 'IOS'
[2025.09.01-20.03.38:644][  0]LogTargetPlatformManager: Display: Loaded TargetPlatform 'Linux'
[2025.09.01-20.03.38:647][  0]LogTargetPlatformManager: Display: Loaded TargetPlatform 'LinuxNoEditor'
[2025.09.01-20.03.38:651][  0]LogTargetPlatformManager: Display: Loaded TargetPlatform 'LinuxClient'
[2025.09.01-20.03.38:654][  0]LogTargetPlatformManager: Display: Loaded TargetPlatform 'LinuxServer'
[2025.09.01-20.03.38:662][  0]LogTargetPlatformManager: Display: Loaded TargetPlatform 'LinuxAArch64NoEditor'
[2025.09.01-20.03.38:666][  0]LogTargetPlatformManager: Display: Loaded TargetPlatform 'LinuxAArch64Client'
[2025.09.01-20.03.38:669][  0]LogTargetPlatformManager: Display: Loaded TargetPlatform 'LinuxAArch64Server'
[2025.09.01-20.03.38:690][  0]LogTargetPlatformManager: Display: Loaded TargetPlatform 'Lumin'
[2025.09.01-20.03.38:690][  0]LogTargetPlatformManager: Display: Loaded TargetPlatform 'LuminClient'
[2025.09.01-20.03.38:696][  0]LogTargetPlatformManager: Display: Loaded TargetPlatform 'MacNoEditor'
[2025.09.01-20.03.38:699][  0]LogTargetPlatformManager: Display: Loaded TargetPlatform 'Mac'
[2025.09.01-20.03.38:702][  0]LogTargetPlatformManager: Display: Loaded TargetPlatform 'MacClient'
[2025.09.01-20.03.38:705][  0]LogTargetPlatformManager: Display: Loaded TargetPlatform 'MacServer'
[2025.09.01-20.03.38:713][  0]LogTargetPlatformManager: Display: Loaded TargetPlatform 'TVOSClient'
[2025.09.01-20.03.38:713][  0]LogTargetPlatformManager: Display: Loaded TargetPlatform 'TVOS'
[2025.09.01-20.03.38:721][  0]LogTargetPlatformManager: Display: Loaded TargetPlatform 'WindowsNoEditor'
[2025.09.01-20.03.38:724][  0]LogTargetPlatformManager: Display: Loaded TargetPlatform 'Windows'
[2025.09.01-20.03.38:728][  0]LogTargetPlatformManager: Display: Loaded TargetPlatform 'WindowsClient'
[2025.09.01-20.03.38:731][  0]LogTargetPlatformManager: Display: Loaded TargetPlatform 'WindowsServer'
[2025.09.01-20.03.38:731][  0]LogTargetPlatformManager: Display: Building Assets For Windows
[2025.09.01-20.03.38:736][  0]LogAudioDebug: Display: Lib vorbis DLL was dynamically loaded.
[2025.09.01-20.03.38:762][  0]LogTextureFormatOodle: Display: Oodle Texture 2.9.0 init RDO Off
[2025.09.01-20.03.38:785][  0]LogRendererCore: Ray tracing is disabled. Reason: r.RayTracing=0.
[2025.09.01-20.03.38:785][  0]LogShaderCompilers: Guid format shader working directory is -4 characters bigger than the processId version (../../../../../../Users/leonardo.medeiros/Documents/TCC/Sorry/Intermediate/Shaders/WorkingDirectory/21396/).
[2025.09.01-20.03.38:785][  0]LogShaderCompilers: Cleaned the shader compiler working directory 'C:/Users/leonardo.medeiros/AppData/Local/Temp/UnrealShaderWorkingDir/8293B8E1450281DABAE8FDB8EF5F3444/'.
[2025.09.01-20.03.38:785][  0]LogXGEController: Cannot use XGE Controller as Incredibuild is not installed on this machine.
[2025.09.01-20.03.38:785][  0]LogShaderCompilers: Cannot use XGE Shader Compiler as Incredibuild is not installed on this machine.
[2025.09.01-20.03.38:785][  0]LogShaderCompilers: Display: Using Local Shader Compiler.
[2025.09.01-20.03.39:460][  0]LogDerivedDataCache: Display: Max Cache Size: 512 MB
[2025.09.01-20.03.39:508][  0]LogDerivedDataCache: Loaded boot cache 0.05s 94MB C:/Users/leonardo.medeiros/AppData/Local/UnrealEngine/4.27/DerivedDataCache/Boot.ddc.
[2025.09.01-20.03.39:508][  0]LogDerivedDataCache: Display: Loaded Boot cache: C:/Users/leonardo.medeiros/AppData/Local/UnrealEngine/4.27/DerivedDataCache/Boot.ddc
[2025.09.01-20.03.39:508][  0]LogDerivedDataCache: FDerivedDataBackendGraph:  Pak pak cache file ../../../../../../Users/leonardo.medeiros/Documents/TCC/Sorry/DerivedDataCache/DDC.ddp not found, will not use a pak cache.
[2025.09.01-20.03.39:509][  0]LogDerivedDataCache: Unable to find inner node Pak for hierarchical cache Hierarchy.
[2025.09.01-20.03.39:509][  0]LogDerivedDataCache: FDerivedDataBackendGraph:  CompressedPak pak cache file ../../../../../../Users/leonardo.medeiros/Documents/TCC/Sorry/DerivedDataCache/Compressed.ddp not found, will not use a pak cache.
[2025.09.01-20.03.39:509][  0]LogDerivedDataCache: Unable to find inner node CompressedPak for hierarchical cache Hierarchy.
[2025.09.01-20.03.39:523][  0]LogDerivedDataCache: Display: Pak cache opened for reading ../../../Engine/DerivedDataCache/Compressed.ddp.
[2025.09.01-20.03.39:523][  0]LogDerivedDataCache: FDerivedDataBackendGraph:  EnterprisePak pak cache file ../../../Enterprise/DerivedDataCache/Compressed.ddp not found, will not use a pak cache.
[2025.09.01-20.03.39:523][  0]LogDerivedDataCache: Unable to find inner node EnterprisePak for hierarchical cache Hierarchy.
[2025.09.01-20.03.39:528][  0]LogDerivedDataCache: Speed tests for C:/Users/leonardo.medeiros/AppData/Local/UnrealEngine/Common/DerivedDataCache took 0.01 seconds
[2025.09.01-20.03.39:528][  0]LogDerivedDataCache: Display: Performance to C:/Users/leonardo.medeiros/AppData/Local/UnrealEngine/Common/DerivedDataCache: Latency=0.03ms. RandomReadSpeed=1380.79MBs, RandomWriteSpeed=225.10MBs. Assigned SpeedClass 'Local'
[2025.09.01-20.03.39:529][  0]LogDerivedDataCache: Using Local data cache path C:/Users/leonardo.medeiros/AppData/Local/UnrealEngine/Common/DerivedDataCache: Writable
[2025.09.01-20.03.39:529][  0]LogDerivedDataCache: Shared data cache path not found in *engine.ini, will not use an Shared cache.
[2025.09.01-20.03.39:529][  0]LogDerivedDataCache: Unable to find inner node Shared for hierarchical cache Hierarchy.
[2025.09.01-20.03.39:572][  0]LogSlate: Using FreeType 2.10.0
[2025.09.01-20.03.39:573][  0]LogSlate: SlateFontServices - WITH_FREETYPE: 1, WITH_HARFBUZZ: 1
[2025.09.01-20.03.39:592][  0]LogAssetRegistry: FAssetRegistry took 0.0024 seconds to start up
[2025.09.01-20.03.39:791][  0]LogInit: Selected Device Profile: [Windows]
[2025.09.01-20.03.39:791][  0]LogInit: Active device profile: [000001EE24BE0900][000001EE1DCF00C0 49] Windows
[2025.09.01-20.03.39:791][  0]LogInit: Profiles: [000001EE24BE0900][000001EE1DCF00C0 49] Windows, [000001EE24B97800][000001EE25904240 49] WindowsNoEditor, [000001EE24BE3500][000001EE259083C0 49] WindowsServer, [000001EE24B94E00][000001EE2590C540 49] WindowsClient, [000001EE24BE3800][000001EE19C2A6C0 49] IOS, [000001EE24B96800][000001EE258D6800 49] iPadAir, [000001EE24BE2000][000001EE19C2E940 49] iPadAir2, [000001EE24B20A00][000001EE19746B80 49] IPadPro, [000001EE24B20B00][000001EE19C32BC0 49] iPadAir3, [000001EE24B95800][000001EE0ADAAD40 49] iPadAir4, [000001EE24B23400][000001EE0ADAEEC0 49] iPadMini2, [000001EE24B96A00][000001EE0ADB3040 49] iPadMini3, [000001EE24B21700][000001EE0ADC51C0 49] iPadMini4, [000001EE24BE1000][000001EE25D1D340 49] iPadMini5, [000001EE24B40300][000001EE256EF600 49] iPhone6, [000001EE24B40400][000001EE256BB640 49] iPodTouch6, [000001EE24B23600][000001EE2571B900 49] iPhone7, [000001EE24B21800][000001EE256FF940 49] iPodTouch7, [000001EE24B43F00][000001EE25839AC0 49] iPhone5S, [000001EE24B96300][000001EE258460C0 49] iPhone6Plus, [000001EE24B20200][000001EE2584A240 49] iPhone6S, [000001EE24B96200][000001EE2584E3C0 49] iPhone6SPlus, [000001EE24B23C00][000001EE25852540 49] iPhone7Plus, [000001EE24B94100][000001EE258566C0 49] iPhoneSE, [000001EE24B23500][000001EE2585A840 49] iPhone8, [000001EE24B95E00][000001EE1974A980 49] iPhone8Plus, [000001EE24B21000][000001EE19BBAAC0 49] iPhoneX, [000001EE24B94A00][000001EE19BBEC00 49] iPhoneXS, [000001EE24B21200][000001EE19BC2D40 49] iPhoneXSMax, [000001EE24B95500][000001EE19C06EC0 49] iPhoneXR, [000001EE24B23700][000001EE25FFD040 49] iPhone11, [000001EE24B94D00][000001EE260011C0 49] iPhone11Pro, [000001EE24B23800][000001EE255ED340 49] iPhone11ProMax, [000001EE24B94F00][000001EE255F14C0 49] iPhoneSE2, [000001EE24B22E00][000001EE25625640 49] iPhone12Mini, [000001EE24B97100][000001EE256297C0 49] iPhone12, [000001EE24B22B00][000001EE2562D940 49] iPhone12Pro, [000001EE24B94800][000001EE19C0BAC0 49] iPhone12ProMax, [000001EE24B22300][000001EE19C0E0C0 49] iPadPro105, [000001EE24B96F00][000001EE19C12240 49] iPadPro129, [000001EE24B22000][000001EE260043C0 49] iPadPro97, [000001EE24B95300][000001EE25620540 49] iPadPro2_129, [000001EE24B21A00][000001EE256B26C0 49] iPad5, [000001EE24B95A00][000001EE256B6840 49] iPad6, [000001EE24B22800][000001EE19C229C0 49] iPad7, [000001EE24B94C00][000001EE25D18B40 49] iPad8, [000001EE24B23200][000001EE19C02C80 49] iPadPro11, [000001EE24B95600][000001EE1FAC0DC0 49] iPadPro2_11, [000001EE24B21C00][000001EE1FAC4F00 49] iPadPro3_129, [000001EE24B97900][000001EE25647080 49] iPadPro4_129, [000001EE24B21500][000001EE2564B200 49] AppleTV, [000001EE24B94300][000001EE2564F380 49] AppleTV4K, [000001EE24B20100][000001EE25653500 49] TVOS, [000001EE24B96400][000001EE25657680 49] Mac, [000001EE24B22100][000001EE2565B800 49] MacClient, [000001EE24B97400][000001EE2565F980 49] MacNoEditor, [000001EE24B21F00][000001EE25663B00 49] MacServer, [000001EE24B94600][000001EE25666100 49] Linux, [000001EE24B22200][000001EE2566A280 49] LinuxAArch64, [000001EE24B97600][000001EE2566E400 49] LinuxNoEditor, [000001EE24B21D00][000001EE25672580 49] LinuxAArch64NoEditor, [000001EE24B95400][000001EE25676700 49] LinuxClient, [000001EE24B23100][000001EE2567A880 49] LinuxAArch64Client, [000001EE24B95900][000001EE2567EA00 49] LinuxServer, [000001EE24B23000][000001EE25682B80 49] LinuxAArch64Server, [000001EE24B96600][000001EE25686D00 49] Android, [000001EE24B20700][000001EE19C26E40 49] Android_Low, [000001EE24B95B00][000001EE2568AF80 49] Android_Mid, [000001EE24BE3A00][000001EE2568F0C0 49] Android_High, [000001EE24B41C00][000001EE25697240 49] Android_Default, [000001EE24BE2100][000001EE2569B3C0 49] Android_Adreno4xx, [000001EE24B42700][000001EE2569F540 49] Android_Adreno5xx_Low, [000001EE24BE0B00][000001EE256A36C0 49] Android_Adreno5xx, [000001EE24B42D00][000001EE256A7840 49] Android_Adreno6xx, [000001EE24BE1200][000001EE256AB9C0 49] Android_Adreno6xx_Vulkan, [000001EE24B42800][000001EE256AFB40 49] Android_Mali_T6xx, [000001EE24BE3200][000001EE2585E140 49] Android_Mali_T7xx, [000001EE24B42E00][000001EE258622C0 49] Android_Mali_T8xx, [000001EE24BE2500][000001EE25866440 49] Android_Mali_G71, [000001EE24B43E00][000001EE2586A5C0 49] Android_Mali_G72, [000001EE24BE2A00][000001EE2586E740 49] Android_Mali_G72_Vulkan, [000001EE24B41B00][000001EE258728C0 49] Android_Mali_G76, [000001EE24BE1B00][000001EE25876A40 49] Android_Mali_G76_Vulkan, [000001EE24B43D00][000001EE2587ABC0 49] Android_Mali_G77, [000001EE24BE2D00][000001EE2587ED40 49] Android_Mali_G77_Vulkan, [000001EE24B43900][000001EE25882EC0 49] Android_Mali_G78, [000001EE24BE0D00][000001EE25693000 49] Android_Mali_G78_Vulkan, [000001EE24B40500][000001EE25887140 49] Android_Mali_G710, [000001EE24BE2B00][000001EE2588B280 49] Android_Mali_G710_Vulkan, [000001EE24B43500][000001EE2588F3C0 49] Android_Vulkan_SM5, [000001EE24BE3400][000001EE25897540 49] Android_PowerVR_G6xxx, [000001EE24B42400][000001EE2589B6C0 49] Android_PowerVR_GT7xxx, [000001EE24BE3C00][000001EE2589F840 49] Android_PowerVR_GE8xxx, [000001EE24B42200][000001EE258A39C0 49] Android_PowerVR_GM9xxx, [000001EE24BE3000][000001EE258A7B40 49] Android_PowerVR_GM9xxx_Vulkan, [000001EE24B41500][000001EE258AA140 49] Android_TegraK1, [000001EE24BE1100][000001EE258AE2C0 49] Android_Unknown_Vulkan, [000001EE24B97D00][000001EE258B2440 49] Lumin, [000001EE24BE2900][000001EE258B65C0 49] Lumin_Desktop, [000001EE24B97E00][000001EE258BA740 49] HoloLens, 
[2025.09.01-20.03.39:900][  0]LogMeshReduction: Using QuadricMeshReduction for automatic static mesh reduction
[2025.09.01-20.03.39:900][  0]LogMeshReduction: Using SimplygonMeshReduction for automatic skeletal mesh reduction
[2025.09.01-20.03.39:900][  0]LogMeshReduction: Using ProxyLODMeshReduction for automatic mesh merging
[2025.09.01-20.03.39:900][  0]LogMeshReduction: No distributed automatic mesh merging module available
[2025.09.01-20.03.39:900][  0]LogMeshMerging: No distributed automatic mesh merging module available
[2025.09.01-20.03.39:911][  0]LogNetVersion: Sorry 1.0.0, NetCL: 17155196, EngineNetVer: 17, GameNetVer: 0 (Checksum: 3363201869)
[2025.09.01-20.03.40:218][  0]LogTexture: Default maximum texture size for cubemaps generated from long-lat sources has been changed from 512 to unlimited. In order to preserve old behaiour for '/Engine/MapTemplates/Sky/DaylightAmbientCubemap.DaylightAmbientCubemap', its maximum texture size has been explicitly set to 512.
[2025.09.01-20.03.40:262][  0]LogHMD: PokeAHoleMaterial loaded successfully
[2025.09.01-20.03.40:267][  0]LogUObjectArray: 17178 objects as part of root set at end of initial load.
[2025.09.01-20.03.40:267][  0]LogUObjectAllocator: 4302048 out of 0 bytes used by permanent object pool.
[2025.09.01-20.03.40:267][  0]LogUObjectArray: CloseDisregardForGC: 0/0 objects in disregard for GC pool
[2025.09.01-20.03.40:481][  0]LogPython: Using Python 3.7.7
[2025.09.01-20.03.40:991][  0]LogNiagaraDebuggerClient: Niagara Debugger Client Initialized | Session: 6ECB331A499133F2061012B2ABF7F3B2 | Instance: FAA343C446C237428453B9B11BF9925A (SGS1-D08-21396).
[2025.09.01-20.03.41:034][  0]LogTcpMessaging: Initializing TcpMessaging bridge
[2025.09.01-20.03.41:038][  0]LogUdpMessaging: Initializing bridge on interface 0.0.0.0:0 to multicast group 230.0.0.1:6666.
[2025.09.01-20.03.41:205][  0]SourceControl: Controle de origem desativado
[2025.09.01-20.03.41:205][  0]SourceControl: Controle de origem desativado
[2025.09.01-20.03.41:208][  0]SourceControl: Controle de origem desativado
[2025.09.01-20.03.41:210][  0]SourceControl: Controle de origem desativado
[2025.09.01-20.03.41:215][  0]SourceControl: Controle de origem desativado
[2025.09.01-20.03.41:217][  0]LogUProjectInfo: Found projects:
[2025.09.01-20.03.41:336][  0]LogOpenImageDenoise: OIDN starting up
[2025.09.01-20.03.41:374][  0]LogAndroidPermission: UAndroidPermissionCallbackProxy::GetInstance
[2025.09.01-20.03.41:393][  0]LogAudioCaptureCore: Display: No Audio Capture implementations found. Audio input will be silent.
[2025.09.01-20.03.41:393][  0]LogAudioCaptureCore: Display: No Audio Capture implementations found. Audio input will be silent.
[2025.09.01-20.03.41:489][  0]LogCollectionManager: Loaded 0 collections in 0.001810 seconds
[2025.09.01-20.03.41:510][  0]LogFileCache: Scanning file cache for directory 'C:/Users/leonardo.medeiros/Documents/TCC/Sorry/Saved/Collections/' took 0.00s
[2025.09.01-20.03.41:510][  0]LogFileCache: Scanning file cache for directory 'C:/Users/leonardo.medeiros/Documents/TCC/Sorry/Content/Developers/leonardomedeiros/Collections/' took 0.00s
[2025.09.01-20.03.41:510][  0]LogFileCache: Scanning file cache for directory 'C:/Users/leonardo.medeiros/Documents/TCC/Sorry/Content/Collections/' took 0.00s
[2025.09.01-20.03.41:510][  0]LogOcInput: OculusInput pre-init called
[2025.09.01-20.03.41:698][  0]LogEngine: Initializing Engine...
[2025.09.01-20.03.41:700][  0]LogHMD: Failed to enumerate extensions. Please check that you have a valid OpenXR runtime installed.
[2025.09.01-20.03.41:700][  0]LogHMD: Failed to initialize OpenVR with code 110
[2025.09.01-20.03.41:700][  0]LogMagicLeap: Warning: VR disabled because ZI is not enabled.  To enable, in the editor, Edit -> Project Settings -> Plugins -> Magic Leap Plugin -> Enable Zero Iteration
[2025.09.01-20.03.41:701][  0]LogStats: UGameplayTagsManager::InitializeManager -  0.000 s
[2025.09.01-20.03.41:798][  0]LogInit: Initializing FReadOnlyCVARCache
[2025.09.01-20.03.41:804][  0]LogAIModule: Creating AISystem for world Untitled
[2025.09.01-20.03.41:811][  0]LogAudio: Display: Initializing Audio Device Manager...
[2025.09.01-20.03.41:813][  0]LogAudio: Display: Loading Default Audio Settings Objects...
[2025.09.01-20.03.41:814][  0]LogAudio: Display: No default SoundConcurrencyObject specified (or failed to load).
[2025.09.01-20.03.41:814][  0]LogAudio: Display: Audio Device Manager Initialized
[2025.09.01-20.03.41:814][  0]LogAudio: Display: Creating Audio Device:                 Id: 1, Scope: Shared, Realtime: True
[2025.09.01-20.03.41:814][  0]LogAudioMixer: Display: Audio Mixer Platform Settings:
[2025.09.01-20.03.41:814][  0]LogAudioMixer: Display: 	Sample Rate:						  48000
[2025.09.01-20.03.41:814][  0]LogAudioMixer: Display: 	Callback Buffer Frame Size Requested: 1024
[2025.09.01-20.03.41:814][  0]LogAudioMixer: Display: 	Callback Buffer Frame Size To Use:	  1024
[2025.09.01-20.03.41:814][  0]LogAudioMixer: Display: 	Number of buffers to queue:			  2
[2025.09.01-20.03.41:814][  0]LogAudioMixer: Display: 	Max Channels (voices):				  32
[2025.09.01-20.03.41:814][  0]LogAudioMixer: Display: 	Number of Async Source Workers:		  0
[2025.09.01-20.03.41:814][  0]LogAudio: Display: AudioDevice MaxSources: 32
[2025.09.01-20.03.41:815][  0]LogAudio: Display: Audio Spatialization Plugin: None (built-in).
[2025.09.01-20.03.41:815][  0]LogAudio: Display: Audio Reverb Plugin: None (built-in).
[2025.09.01-20.03.41:815][  0]LogAudio: Display: Audio Occlusion Plugin: None (built-in).
[2025.09.01-20.03.41:815][  0]LogAudioMixer: Display: Initializing audio mixer.
[2025.09.01-20.03.41:827][  0]LogAudioMixer: Display: 0: FrontLeft
[2025.09.01-20.03.41:827][  0]LogAudioMixer: Display: 1: FrontRight
[2025.09.01-20.03.41:858][  0]LogAudioMixer: Display: Using Audio Device 22B1WG5 (NVIDIA High Definition Audio)
[2025.09.01-20.03.41:859][  0]LogAudioMixer: Display: Initializing Sound Submixes...
[2025.09.01-20.03.41:861][  0]LogAudioMixer: Display: Creating Master Submix 'MasterSubmixDefault'
[2025.09.01-20.03.41:861][  0]LogAudioMixer: Display: Creating Master Submix 'MasterReverbSubmixDefault'
[2025.09.01-20.03.41:862][  0]LogAudioMixer: Display: Creating Master Submix 'MasterEQSubmixDefault'
[2025.09.01-20.03.41:862][  0]LogAudioMixer: FMixerPlatformXAudio2::StartAudioStream() called
[2025.09.01-20.03.41:862][  0]LogAudioMixer: Display: Output buffers initialized: Frames=1024, Channels=2, Samples=2048
[2025.09.01-20.03.41:863][  0]LogAudioMixer: Display: Starting AudioMixerPlatformInterface::RunInternal()
[2025.09.01-20.03.41:863][  0]LogAudioMixer: Display: FMixerPlatformXAudio2::SubmitBuffer() called for the first time
[2025.09.01-20.03.41:863][  0]LogInit: FAudioDevice initialized.
[2025.09.01-20.03.41:863][  0]LogAudio: Display: Audio Device (ID: 1) registered with world 'Untitled'.
[2025.09.01-20.03.41:863][  0]LogNetVersion: Set ProjectVersion to 1.0.0.0. Version Checksum will be recalculated on next use.
[2025.09.01-20.03.41:905][  0]LogDerivedDataCache: Saved boot cache 0.04s 94MB C:/Users/leonardo.medeiros/AppData/Local/UnrealEngine/4.27/DerivedDataCache/Boot.ddc.
[2025.09.01-20.03.41:905][  0]LogInit: Texture streaming: Enabled
[2025.09.01-20.03.41:914][  0]LogAnalytics: Display: [UEEditor.Rocket.Release] APIServer = https://datarouter.ol.epicgames.com/. AppVersion = 4.27.2-18319896+++UE4+Release-4.27
[2025.09.01-20.03.41:917][  0]LogEngineSessionManager: EngineSessionManager initialized
[2025.09.01-20.03.41:917][  0]LogEditorSessionSummary: Verbose: Initializing EditorSessionSummaryWriter for editor session tracking
[2025.09.01-20.03.41:918][  0]LogEditorSessionSummary: EditorSessionSummaryWriter initialized
[2025.09.01-20.03.41:938][  0]LogInit: Transaction tracking system initialized
[2025.09.01-20.03.41:954][  0]BlueprintLog: New page: Carregar Editor
[2025.09.01-20.03.42:001][  0]LocalizationService: Localization service is disabled
[2025.09.01-20.03.42:019][  0]TimingProfiler: Initialize
[2025.09.01-20.03.42:019][  0]TimingProfiler: OnSessionChanged
[2025.09.01-20.03.42:019][  0]LoadingProfiler: Initialize
[2025.09.01-20.03.42:020][  0]LoadingProfiler: OnSessionChanged
[2025.09.01-20.03.42:020][  0]NetworkingProfiler: Initialize
[2025.09.01-20.03.42:020][  0]NetworkingProfiler: OnSessionChanged
[2025.09.01-20.03.42:020][  0]MemoryProfiler: Initialize
[2025.09.01-20.03.42:020][  0]MemoryProfiler: OnSessionChanged
[2025.09.01-20.03.42:137][  0]LogCook: Display: CookSettings for Memory: MemoryMaxUsedVirtual 0MiB, MemoryMaxUsedPhysical 16384MiB, MemoryMinFreeVirtual 0MiB, MemoryMinFreePhysical 1024MiB
[2025.09.01-20.03.42:137][  0]LogCook: Display: Mobile HDR setting 1
[2025.09.01-20.03.42:284][  0]LogFileCache: Scanning file cache for directory 'C:/Users/leonardo.medeiros/Documents/TCC/Sorry/Content/' took 0.00s
[2025.09.01-20.03.42:433][  0]LogInit: Display: Engine is initialized. Leaving FEngineLoop::Init()
[2025.09.01-20.03.42:436][  0]SourceControl: Controle de origem desativado
[2025.09.01-20.03.42:436][  0]LogUnrealEdMisc: Loading editor; pre map load, took 5.576
[2025.09.01-20.03.42:436][  0]Cmd: MAP LOAD FILE="../../../../../../Users/leonardo.medeiros/Documents/TCC/Sorry/Content/StarterContent/Maps/Minimal_Default.umap" TEMPLATE=0 SHOWPROGRESS=1 FEATURELEVEL=3
[2025.09.01-20.03.42:436][  0]LightingResults: New page: Compilação de Iluminação
[2025.09.01-20.03.42:437][  0]LogWorld: UWorld::CleanupWorld for Untitled, bSessionEnded=true, bCleanupResources=true
[2025.09.01-20.03.42:437][  0]LogSlate: InvalidateAllWidgets triggered.  All widgets were invalidated
[2025.09.01-20.03.42:437][  0]MapCheck: New page: Verificação de Mapa
[2025.09.01-20.03.42:437][  0]LightingResults: New page: Compilação de Iluminação
[2025.09.01-20.03.42:441][  0]LogAudio: Display: Audio Device unregistered from world 'None'.
[2025.09.01-20.03.42:443][  0]LogUObjectHash: Compacting FUObjectHashTables data took   0.73ms
[2025.09.01-20.03.42:550][  0]LogAudio: Display: Audio Device (ID: 1) registered with world 'Minimal_Default'.
[2025.09.01-20.03.42:550][  0]LogAIModule: Creating AISystem for world Minimal_Default
[2025.09.01-20.03.42:555][  0]LogEditorServer: Finished looking for orphan Actors (0.000 secs)
[2025.09.01-20.03.42:561][  0]LogUObjectHash: Compacting FUObjectHashTables data took   0.87ms
[2025.09.01-20.03.42:561][  0]Cmd: MAP CHECKDEP NOCLEARLOG
[2025.09.01-20.03.42:562][  0]MapCheck: Map check complete: 0 Error(s), 0 Warning(s), took 0,165ms to complete.
[2025.09.01-20.03.42:562][  0]LogFileHelpers: Loading map 'Minimal_Default' took 0.127
[2025.09.01-20.03.42:563][  0]LogUnrealEdMisc: Total Editor Startup Time, took 5.705
[2025.09.01-20.03.42:672][  0]LogSlate: Updating window title bar state: overlay mode, drag disabled, window buttons hidden, title bar hidden
[2025.09.01-20.03.42:678][  0]LogSlate: Updating window title bar state: overlay mode, drag disabled, window buttons hidden, title bar hidden
[2025.09.01-20.03.42:683][  0]LogSlate: Updating window title bar state: overlay mode, drag disabled, window buttons hidden, title bar hidden
[2025.09.01-20.03.42:688][  0]LogSlate: Updating window title bar state: overlay mode, drag disabled, window buttons hidden, title bar hidden
[2025.09.01-20.03.42:699][  0]LogNativeClassHierarchy: Verbose: Native class hierarchy populated in 0.0082 seconds. Added 3822 classes and 928 folders.
[2025.09.01-20.03.42:701][  0]LogNativeClassHierarchy: Verbose: Native class hierarchy updated for 'WidgetCarousel' in 0.0002 seconds. Added 0 classes and 0 folders.
[2025.09.01-20.03.42:702][  0]LogPakFile: PakFile PrimaryIndexSize=187
[2025.09.01-20.03.42:702][  0]LogPakFile: PakFile PathHashIndexSize=101
[2025.09.01-20.03.42:702][  0]LogPakFile: PakFile FullDirectoryIndexSize=148
[2025.09.01-20.03.42:702][  0]LogShaderLibrary: Display: ShaderCodeLibraryPakFileMountedCallback: PakFile 'C:/Program Files/Epic Games/UE_4.27/FeaturePacks/FP_FirstPerson.upack' (chunk index -1, root 'root:/') mounted
[2025.09.01-20.03.42:702][  0]LogShaderLibrary: Display: ShaderCodeLibraryPakFileMountedCallback: pending pak file info (ChunkID:-1 Root:root:/ File:C:/Program Files/Epic Games/UE_4.27/FeaturePacks/FP_FirstPerson.upack)
[2025.09.01-20.03.42:702][  0]LogPakFile: OnPakFileMounted2Time == 0.000046
[2025.09.01-20.03.42:703][  0]LogPakFile: PakFile PrimaryIndexSize=189
[2025.09.01-20.03.42:703][  0]LogPakFile: PakFile PathHashIndexSize=101
[2025.09.01-20.03.42:703][  0]LogPakFile: PakFile FullDirectoryIndexSize=152
[2025.09.01-20.03.42:703][  0]LogShaderLibrary: Display: ShaderCodeLibraryPakFileMountedCallback: PakFile 'C:/Program Files/Epic Games/UE_4.27/FeaturePacks/FP_FirstPersonBP.upack' (chunk index -1, root 'root:/') mounted
[2025.09.01-20.03.42:703][  0]LogShaderLibrary: Display: ShaderCodeLibraryPakFileMountedCallback: pending pak file info (ChunkID:-1 Root:root:/ File:C:/Program Files/Epic Games/UE_4.27/FeaturePacks/FP_FirstPersonBP.upack)
[2025.09.01-20.03.42:703][  0]LogPakFile: OnPakFileMounted2Time == 0.000035
[2025.09.01-20.03.42:703][  0]LogPakFile: PakFile PrimaryIndexSize=191
[2025.09.01-20.03.42:703][  0]LogPakFile: PakFile PathHashIndexSize=101
[2025.09.01-20.03.42:703][  0]LogPakFile: PakFile FullDirectoryIndexSize=160
[2025.09.01-20.03.42:703][  0]LogShaderLibrary: Display: ShaderCodeLibraryPakFileMountedCallback: PakFile 'C:/Program Files/Epic Games/UE_4.27/FeaturePacks/MobileStarterContent.upack' (chunk index -1, root 'root:/') mounted
[2025.09.01-20.03.42:703][  0]LogShaderLibrary: Display: ShaderCodeLibraryPakFileMountedCallback: pending pak file info (ChunkID:-1 Root:root:/ File:C:/Program Files/Epic Games/UE_4.27/FeaturePacks/MobileStarterContent.upack)
[2025.09.01-20.03.42:703][  0]LogPakFile: OnPakFileMounted2Time == 0.000037
[2025.09.01-20.03.42:704][  0]LogPakFile: PakFile PrimaryIndexSize=185
[2025.09.01-20.03.42:704][  0]LogPakFile: PakFile PathHashIndexSize=101
[2025.09.01-20.03.42:704][  0]LogPakFile: PakFile FullDirectoryIndexSize=148
[2025.09.01-20.03.42:704][  0]LogShaderLibrary: Display: ShaderCodeLibraryPakFileMountedCallback: PakFile 'C:/Program Files/Epic Games/UE_4.27/FeaturePacks/StarterContent.upack' (chunk index -1, root 'root:/') mounted
[2025.09.01-20.03.42:704][  0]LogShaderLibrary: Display: ShaderCodeLibraryPakFileMountedCallback: pending pak file info (ChunkID:-1 Root:root:/ File:C:/Program Files/Epic Games/UE_4.27/FeaturePacks/StarterContent.upack)
[2025.09.01-20.03.42:704][  0]LogPakFile: OnPakFileMounted2Time == 0.000030
[2025.09.01-20.03.42:704][  0]LogPakFile: PakFile PrimaryIndexSize=190
[2025.09.01-20.03.42:704][  0]LogPakFile: PakFile PathHashIndexSize=101
[2025.09.01-20.03.42:704][  0]LogPakFile: PakFile FullDirectoryIndexSize=154
[2025.09.01-20.03.42:704][  0]LogShaderLibrary: Display: ShaderCodeLibraryPakFileMountedCallback: PakFile 'C:/Program Files/Epic Games/UE_4.27/FeaturePacks/TP_2DSideScroller.upack' (chunk index -1, root 'root:/') mounted
[2025.09.01-20.03.42:704][  0]LogShaderLibrary: Display: ShaderCodeLibraryPakFileMountedCallback: pending pak file info (ChunkID:-1 Root:root:/ File:C:/Program Files/Epic Games/UE_4.27/FeaturePacks/TP_2DSideScroller.upack)
[2025.09.01-20.03.42:704][  0]LogPakFile: OnPakFileMounted2Time == 0.000031
[2025.09.01-20.03.42:705][  0]LogPakFile: PakFile PrimaryIndexSize=192
[2025.09.01-20.03.42:705][  0]LogPakFile: PakFile PathHashIndexSize=101
[2025.09.01-20.03.42:705][  0]LogPakFile: PakFile FullDirectoryIndexSize=158
[2025.09.01-20.03.42:705][  0]LogShaderLibrary: Display: ShaderCodeLibraryPakFileMountedCallback: PakFile 'C:/Program Files/Epic Games/UE_4.27/FeaturePacks/TP_2DSideScrollerBP.upack' (chunk index -1, root 'root:/') mounted
[2025.09.01-20.03.42:705][  0]LogShaderLibrary: Display: ShaderCodeLibraryPakFileMountedCallback: pending pak file info (ChunkID:-1 Root:root:/ File:C:/Program Files/Epic Games/UE_4.27/FeaturePacks/TP_2DSideScrollerBP.upack)
[2025.09.01-20.03.42:705][  0]LogPakFile: OnPakFileMounted2Time == 0.000029
[2025.09.01-20.03.42:705][  0]LogPakFile: PakFile PrimaryIndexSize=182
[2025.09.01-20.03.42:705][  0]LogPakFile: PakFile PathHashIndexSize=101
[2025.09.01-20.03.42:705][  0]LogPakFile: PakFile FullDirectoryIndexSize=138
[2025.09.01-20.03.42:705][  0]LogShaderLibrary: Display: ShaderCodeLibraryPakFileMountedCallback: PakFile 'C:/Program Files/Epic Games/UE_4.27/FeaturePacks/TP_Flying.upack' (chunk index -1, root 'root:/') mounted
[2025.09.01-20.03.42:705][  0]LogShaderLibrary: Display: ShaderCodeLibraryPakFileMountedCallback: pending pak file info (ChunkID:-1 Root:root:/ File:C:/Program Files/Epic Games/UE_4.27/FeaturePacks/TP_Flying.upack)
[2025.09.01-20.03.42:705][  0]LogPakFile: OnPakFileMounted2Time == 0.000029
[2025.09.01-20.03.42:706][  0]LogPakFile: PakFile PrimaryIndexSize=184
[2025.09.01-20.03.42:706][  0]LogPakFile: PakFile PathHashIndexSize=101
[2025.09.01-20.03.42:706][  0]LogPakFile: PakFile FullDirectoryIndexSize=142
[2025.09.01-20.03.42:706][  0]LogShaderLibrary: Display: ShaderCodeLibraryPakFileMountedCallback: PakFile 'C:/Program Files/Epic Games/UE_4.27/FeaturePacks/TP_FlyingBP.upack' (chunk index -1, root 'root:/') mounted
[2025.09.01-20.03.42:706][  0]LogShaderLibrary: Display: ShaderCodeLibraryPakFileMountedCallback: pending pak file info (ChunkID:-1 Root:root:/ File:C:/Program Files/Epic Games/UE_4.27/FeaturePacks/TP_FlyingBP.upack)
[2025.09.01-20.03.42:706][  0]LogPakFile: OnPakFileMounted2Time == 0.000029
[2025.09.01-20.03.42:706][  0]LogPakFile: PakFile PrimaryIndexSize=188
[2025.09.01-20.03.42:706][  0]LogPakFile: PakFile PathHashIndexSize=101
[2025.09.01-20.03.42:706][  0]LogPakFile: PakFile FullDirectoryIndexSize=150
[2025.09.01-20.03.42:706][  0]LogShaderLibrary: Display: ShaderCodeLibraryPakFileMountedCallback: PakFile 'C:/Program Files/Epic Games/UE_4.27/FeaturePacks/TP_HandheldARBP.upack' (chunk index -1, root 'root:/') mounted
[2025.09.01-20.03.42:706][  0]LogShaderLibrary: Display: ShaderCodeLibraryPakFileMountedCallback: pending pak file info (ChunkID:-1 Root:root:/ File:C:/Program Files/Epic Games/UE_4.27/FeaturePacks/TP_HandheldARBP.upack)
[2025.09.01-20.03.42:707][  0]LogPakFile: OnPakFileMounted2Time == 0.000029
[2025.09.01-20.03.42:707][  0]LogPakFile: PakFile PrimaryIndexSize=182
[2025.09.01-20.03.42:707][  0]LogPakFile: PakFile PathHashIndexSize=101
[2025.09.01-20.03.42:707][  0]LogPakFile: PakFile FullDirectoryIndexSize=138
[2025.09.01-20.03.42:707][  0]LogShaderLibrary: Display: ShaderCodeLibraryPakFileMountedCallback: PakFile 'C:/Program Files/Epic Games/UE_4.27/FeaturePacks/TP_Puzzle.upack' (chunk index -1, root 'root:/') mounted
[2025.09.01-20.03.42:707][  0]LogShaderLibrary: Display: ShaderCodeLibraryPakFileMountedCallback: pending pak file info (ChunkID:-1 Root:root:/ File:C:/Program Files/Epic Games/UE_4.27/FeaturePacks/TP_Puzzle.upack)
[2025.09.01-20.03.42:707][  0]LogPakFile: OnPakFileMounted2Time == 0.000028
[2025.09.01-20.03.42:708][  0]LogPakFile: PakFile PrimaryIndexSize=184
[2025.09.01-20.03.42:708][  0]LogPakFile: PakFile PathHashIndexSize=101
[2025.09.01-20.03.42:708][  0]LogPakFile: PakFile FullDirectoryIndexSize=142
[2025.09.01-20.03.42:708][  0]LogShaderLibrary: Display: ShaderCodeLibraryPakFileMountedCallback: PakFile 'C:/Program Files/Epic Games/UE_4.27/FeaturePacks/TP_PuzzleBP.upack' (chunk index -1, root 'root:/') mounted
[2025.09.01-20.03.42:708][  0]LogShaderLibrary: Display: ShaderCodeLibraryPakFileMountedCallback: pending pak file info (ChunkID:-1 Root:root:/ File:C:/Program Files/Epic Games/UE_4.27/FeaturePacks/TP_PuzzleBP.upack)
[2025.09.01-20.03.42:708][  0]LogPakFile: OnPakFileMounted2Time == 0.000029
[2025.09.01-20.03.42:708][  0]LogPakFile: PakFile PrimaryIndexSize=183
[2025.09.01-20.03.42:708][  0]LogPakFile: PakFile PathHashIndexSize=101
[2025.09.01-20.03.42:708][  0]LogPakFile: PakFile FullDirectoryIndexSize=140
[2025.09.01-20.03.42:708][  0]LogShaderLibrary: Display: ShaderCodeLibraryPakFileMountedCallback: PakFile 'C:/Program Files/Epic Games/UE_4.27/FeaturePacks/TP_Rolling.upack' (chunk index -1, root 'root:/') mounted
[2025.09.01-20.03.42:708][  0]LogShaderLibrary: Display: ShaderCodeLibraryPakFileMountedCallback: pending pak file info (ChunkID:-1 Root:root:/ File:C:/Program Files/Epic Games/UE_4.27/FeaturePacks/TP_Rolling.upack)
[2025.09.01-20.03.42:708][  0]LogPakFile: OnPakFileMounted2Time == 0.000029
[2025.09.01-20.03.42:709][  0]LogPakFile: PakFile PrimaryIndexSize=185
[2025.09.01-20.03.42:709][  0]LogPakFile: PakFile PathHashIndexSize=101
[2025.09.01-20.03.42:709][  0]LogPakFile: PakFile FullDirectoryIndexSize=144
[2025.09.01-20.03.42:709][  0]LogShaderLibrary: Display: ShaderCodeLibraryPakFileMountedCallback: PakFile 'C:/Program Files/Epic Games/UE_4.27/FeaturePacks/TP_RollingBP.upack' (chunk index -1, root 'root:/') mounted
[2025.09.01-20.03.42:709][  0]LogShaderLibrary: Display: ShaderCodeLibraryPakFileMountedCallback: pending pak file info (ChunkID:-1 Root:root:/ File:C:/Program Files/Epic Games/UE_4.27/FeaturePacks/TP_RollingBP.upack)
[2025.09.01-20.03.42:709][  0]LogPakFile: OnPakFileMounted2Time == 0.000034
[2025.09.01-20.03.42:709][  0]LogPakFile: PakFile PrimaryIndexSize=188
[2025.09.01-20.03.42:709][  0]LogPakFile: PakFile PathHashIndexSize=101
[2025.09.01-20.03.42:709][  0]LogPakFile: PakFile FullDirectoryIndexSize=150
[2025.09.01-20.03.42:709][  0]LogShaderLibrary: Display: ShaderCodeLibraryPakFileMountedCallback: PakFile 'C:/Program Files/Epic Games/UE_4.27/FeaturePacks/TP_SideScroller.upack' (chunk index -1, root 'root:/') mounted
[2025.09.01-20.03.42:709][  0]LogShaderLibrary: Display: ShaderCodeLibraryPakFileMountedCallback: pending pak file info (ChunkID:-1 Root:root:/ File:C:/Program Files/Epic Games/UE_4.27/FeaturePacks/TP_SideScroller.upack)
[2025.09.01-20.03.42:709][  0]LogPakFile: OnPakFileMounted2Time == 0.000030
[2025.09.01-20.03.42:710][  0]LogPakFile: PakFile PrimaryIndexSize=190
[2025.09.01-20.03.42:710][  0]LogPakFile: PakFile PathHashIndexSize=101
[2025.09.01-20.03.42:710][  0]LogPakFile: PakFile FullDirectoryIndexSize=154
[2025.09.01-20.03.42:710][  0]LogShaderLibrary: Display: ShaderCodeLibraryPakFileMountedCallback: PakFile 'C:/Program Files/Epic Games/UE_4.27/FeaturePacks/TP_SideScrollerBP.upack' (chunk index -1, root 'root:/') mounted
[2025.09.01-20.03.42:710][  0]LogShaderLibrary: Display: ShaderCodeLibraryPakFileMountedCallback: pending pak file info (ChunkID:-1 Root:root:/ File:C:/Program Files/Epic Games/UE_4.27/FeaturePacks/TP_SideScrollerBP.upack)
[2025.09.01-20.03.42:710][  0]LogPakFile: OnPakFileMounted2Time == 0.000029
[2025.09.01-20.03.42:710][  0]LogPakFile: PakFile PrimaryIndexSize=187
[2025.09.01-20.03.42:710][  0]LogPakFile: PakFile PathHashIndexSize=101
[2025.09.01-20.03.42:710][  0]LogPakFile: PakFile FullDirectoryIndexSize=148
[2025.09.01-20.03.42:710][  0]LogShaderLibrary: Display: ShaderCodeLibraryPakFileMountedCallback: PakFile 'C:/Program Files/Epic Games/UE_4.27/FeaturePacks/TP_ThirdPerson.upack' (chunk index -1, root 'root:/') mounted
[2025.09.01-20.03.42:710][  0]LogShaderLibrary: Display: ShaderCodeLibraryPakFileMountedCallback: pending pak file info (ChunkID:-1 Root:root:/ File:C:/Program Files/Epic Games/UE_4.27/FeaturePacks/TP_ThirdPerson.upack)
[2025.09.01-20.03.42:710][  0]LogPakFile: OnPakFileMounted2Time == 0.000032
[2025.09.01-20.03.42:711][  0]LogPakFile: PakFile PrimaryIndexSize=189
[2025.09.01-20.03.42:711][  0]LogPakFile: PakFile PathHashIndexSize=101
[2025.09.01-20.03.42:711][  0]LogPakFile: PakFile FullDirectoryIndexSize=152
[2025.09.01-20.03.42:711][  0]LogShaderLibrary: Display: ShaderCodeLibraryPakFileMountedCallback: PakFile 'C:/Program Files/Epic Games/UE_4.27/FeaturePacks/TP_ThirdPersonBP.upack' (chunk index -1, root 'root:/') mounted
[2025.09.01-20.03.42:711][  0]LogShaderLibrary: Display: ShaderCodeLibraryPakFileMountedCallback: pending pak file info (ChunkID:-1 Root:root:/ File:C:/Program Files/Epic Games/UE_4.27/FeaturePacks/TP_ThirdPersonBP.upack)
[2025.09.01-20.03.42:711][  0]LogPakFile: OnPakFileMounted2Time == 0.000028
[2025.09.01-20.03.42:711][  0]LogPakFile: PakFile PrimaryIndexSize=183
[2025.09.01-20.03.42:711][  0]LogPakFile: PakFile PathHashIndexSize=101
[2025.09.01-20.03.42:711][  0]LogPakFile: PakFile FullDirectoryIndexSize=140
[2025.09.01-20.03.42:711][  0]LogShaderLibrary: Display: ShaderCodeLibraryPakFileMountedCallback: PakFile 'C:/Program Files/Epic Games/UE_4.27/FeaturePacks/TP_TopDown.upack' (chunk index -1, root 'root:/') mounted
[2025.09.01-20.03.42:711][  0]LogShaderLibrary: Display: ShaderCodeLibraryPakFileMountedCallback: pending pak file info (ChunkID:-1 Root:root:/ File:C:/Program Files/Epic Games/UE_4.27/FeaturePacks/TP_TopDown.upack)
[2025.09.01-20.03.42:711][  0]LogPakFile: OnPakFileMounted2Time == 0.000034
[2025.09.01-20.03.42:712][  0]LogPakFile: PakFile PrimaryIndexSize=185
[2025.09.01-20.03.42:712][  0]LogPakFile: PakFile PathHashIndexSize=101
[2025.09.01-20.03.42:712][  0]LogPakFile: PakFile FullDirectoryIndexSize=144
[2025.09.01-20.03.42:712][  0]LogShaderLibrary: Display: ShaderCodeLibraryPakFileMountedCallback: PakFile 'C:/Program Files/Epic Games/UE_4.27/FeaturePacks/TP_TopDownBP.upack' (chunk index -1, root 'root:/') mounted
[2025.09.01-20.03.42:712][  0]LogShaderLibrary: Display: ShaderCodeLibraryPakFileMountedCallback: pending pak file info (ChunkID:-1 Root:root:/ File:C:/Program Files/Epic Games/UE_4.27/FeaturePacks/TP_TopDownBP.upack)
[2025.09.01-20.03.42:712][  0]LogPakFile: OnPakFileMounted2Time == 0.000029
[2025.09.01-20.03.42:712][  0]LogPakFile: PakFile PrimaryIndexSize=185
[2025.09.01-20.03.42:712][  0]LogPakFile: PakFile PathHashIndexSize=101
[2025.09.01-20.03.42:712][  0]LogPakFile: PakFile FullDirectoryIndexSize=144
[2025.09.01-20.03.42:712][  0]LogShaderLibrary: Display: ShaderCodeLibraryPakFileMountedCallback: PakFile 'C:/Program Files/Epic Games/UE_4.27/FeaturePacks/TP_TwinStick.upack' (chunk index -1, root 'root:/') mounted
[2025.09.01-20.03.42:712][  0]LogShaderLibrary: Display: ShaderCodeLibraryPakFileMountedCallback: pending pak file info (ChunkID:-1 Root:root:/ File:C:/Program Files/Epic Games/UE_4.27/FeaturePacks/TP_TwinStick.upack)
[2025.09.01-20.03.42:712][  0]LogPakFile: OnPakFileMounted2Time == 0.000029
[2025.09.01-20.03.42:713][  0]LogPakFile: PakFile PrimaryIndexSize=187
[2025.09.01-20.03.42:713][  0]LogPakFile: PakFile PathHashIndexSize=101
[2025.09.01-20.03.42:713][  0]LogPakFile: PakFile FullDirectoryIndexSize=148
[2025.09.01-20.03.42:713][  0]LogShaderLibrary: Display: ShaderCodeLibraryPakFileMountedCallback: PakFile 'C:/Program Files/Epic Games/UE_4.27/FeaturePacks/TP_TwinStickBP.upack' (chunk index -1, root 'root:/') mounted
[2025.09.01-20.03.42:713][  0]LogShaderLibrary: Display: ShaderCodeLibraryPakFileMountedCallback: pending pak file info (ChunkID:-1 Root:root:/ File:C:/Program Files/Epic Games/UE_4.27/FeaturePacks/TP_TwinStickBP.upack)
[2025.09.01-20.03.42:713][  0]LogPakFile: OnPakFileMounted2Time == 0.000034
[2025.09.01-20.03.42:713][  0]LogPakFile: PakFile PrimaryIndexSize=183
[2025.09.01-20.03.42:713][  0]LogPakFile: PakFile PathHashIndexSize=101
[2025.09.01-20.03.42:713][  0]LogPakFile: PakFile FullDirectoryIndexSize=140
[2025.09.01-20.03.42:713][  0]LogShaderLibrary: Display: ShaderCodeLibraryPakFileMountedCallback: PakFile 'C:/Program Files/Epic Games/UE_4.27/FeaturePacks/TP_Vehicle.upack' (chunk index -1, root 'root:/') mounted
[2025.09.01-20.03.42:713][  0]LogShaderLibrary: Display: ShaderCodeLibraryPakFileMountedCallback: pending pak file info (ChunkID:-1 Root:root:/ File:C:/Program Files/Epic Games/UE_4.27/FeaturePacks/TP_Vehicle.upack)
[2025.09.01-20.03.42:713][  0]LogPakFile: OnPakFileMounted2Time == 0.000029
[2025.09.01-20.03.42:714][  0]LogPakFile: PakFile PrimaryIndexSize=186
[2025.09.01-20.03.42:714][  0]LogPakFile: PakFile PathHashIndexSize=101
[2025.09.01-20.03.42:714][  0]LogPakFile: PakFile FullDirectoryIndexSize=146
[2025.09.01-20.03.42:714][  0]LogShaderLibrary: Display: ShaderCodeLibraryPakFileMountedCallback: PakFile 'C:/Program Files/Epic Games/UE_4.27/FeaturePacks/TP_VehicleAdv.upack' (chunk index -1, root 'root:/') mounted
[2025.09.01-20.03.42:714][  0]LogShaderLibrary: Display: ShaderCodeLibraryPakFileMountedCallback: pending pak file info (ChunkID:-1 Root:root:/ File:C:/Program Files/Epic Games/UE_4.27/FeaturePacks/TP_VehicleAdv.upack)
[2025.09.01-20.03.42:714][  0]LogPakFile: OnPakFileMounted2Time == 0.000029
[2025.09.01-20.03.42:714][  0]LogPakFile: PakFile PrimaryIndexSize=188
[2025.09.01-20.03.42:714][  0]LogPakFile: PakFile PathHashIndexSize=101
[2025.09.01-20.03.42:715][  0]LogPakFile: PakFile FullDirectoryIndexSize=150
[2025.09.01-20.03.42:715][  0]LogShaderLibrary: Display: ShaderCodeLibraryPakFileMountedCallback: PakFile 'C:/Program Files/Epic Games/UE_4.27/FeaturePacks/TP_VehicleAdvBP.upack' (chunk index -1, root 'root:/') mounted
[2025.09.01-20.03.42:715][  0]LogShaderLibrary: Display: ShaderCodeLibraryPakFileMountedCallback: pending pak file info (ChunkID:-1 Root:root:/ File:C:/Program Files/Epic Games/UE_4.27/FeaturePacks/TP_VehicleAdvBP.upack)
[2025.09.01-20.03.42:715][  0]LogPakFile: OnPakFileMounted2Time == 0.000036
[2025.09.01-20.03.42:715][  0]LogPakFile: PakFile PrimaryIndexSize=185
[2025.09.01-20.03.42:715][  0]LogPakFile: PakFile PathHashIndexSize=101
[2025.09.01-20.03.42:715][  0]LogPakFile: PakFile FullDirectoryIndexSize=144
[2025.09.01-20.03.42:715][  0]LogShaderLibrary: Display: ShaderCodeLibraryPakFileMountedCallback: PakFile 'C:/Program Files/Epic Games/UE_4.27/FeaturePacks/TP_VehicleBP.upack' (chunk index -1, root 'root:/') mounted
[2025.09.01-20.03.42:715][  0]LogShaderLibrary: Display: ShaderCodeLibraryPakFileMountedCallback: pending pak file info (ChunkID:-1 Root:root:/ File:C:/Program Files/Epic Games/UE_4.27/FeaturePacks/TP_VehicleBP.upack)
[2025.09.01-20.03.42:715][  0]LogPakFile: OnPakFileMounted2Time == 0.000032
[2025.09.01-20.03.42:716][  0]LogPakFile: PakFile PrimaryIndexSize=192
[2025.09.01-20.03.42:716][  0]LogPakFile: PakFile PathHashIndexSize=101
[2025.09.01-20.03.42:716][  0]LogPakFile: PakFile FullDirectoryIndexSize=158
[2025.09.01-20.03.42:716][  0]LogShaderLibrary: Display: ShaderCodeLibraryPakFileMountedCallback: PakFile 'C:/Program Files/Epic Games/UE_4.27/FeaturePacks/TP_VirtualRealityBP.upack' (chunk index -1, root 'root:/') mounted
[2025.09.01-20.03.42:716][  0]LogShaderLibrary: Display: ShaderCodeLibraryPakFileMountedCallback: pending pak file info (ChunkID:-1 Root:root:/ File:C:/Program Files/Epic Games/UE_4.27/FeaturePacks/TP_VirtualRealityBP.upack)
[2025.09.01-20.03.42:716][  0]LogPakFile: OnPakFileMounted2Time == 0.000029
[2025.09.01-20.03.42:758][  0]LogNativeClassHierarchy: Verbose: Native class hierarchy updated for 'AddContentDialog' in 0.0002 seconds. Added 0 classes and 0 folders.
[2025.09.01-20.03.42:759][  0]LogNativeClassHierarchy: Verbose: Native class hierarchy updated for 'SceneOutliner' in 0.0002 seconds. Added 2 classes and 0 folders.
[2025.09.01-20.03.42:784][  0]LogSlate: Took 0.000115 seconds to synchronously load lazily loaded font '../../../Engine/Content/Slate/Fonts/Roboto-Regular.ttf' (155K)
[2025.09.01-20.03.42:785][  0]LogSlate: Took 0.000113 seconds to synchronously load lazily loaded font '../../../Engine/Content/Editor/Slate/Fonts/FontAwesome.ttf' (139K)
[2025.09.01-20.03.42:785][  0]LogSlate: Took 0.000091 seconds to synchronously load lazily loaded font '../../../Engine/Content/Slate/Fonts/Roboto-Bold.ttf' (160K)
[2025.09.01-20.03.42:859][  0]LogRenderer: Reallocating scene render targets to support 1036x572 Format 9 NumSamples 1 (Frame:1).
[2025.09.01-20.03.43:032][  0]LogNativeClassHierarchy: Verbose: Native class hierarchy updated for 'HierarchicalLODOutliner' in 0.0003 seconds. Added 0 classes and 0 folders.
[2025.09.01-20.03.43:032][  0]LogLoad: (Engine Initialization) Total time: 6.17 seconds
[2025.09.01-20.03.43:032][  0]LogLoad: (Engine Initialization) Total Blueprint compile time: 0.00 seconds
[2025.09.01-20.03.43:072][  0]LogAssetRegistry: Asset discovery search completed in 3.4807 seconds
[2025.09.01-20.03.43:077][  0]LogCollectionManager: Fixed up redirectors for 0 collections in 0.000003 seconds (updated 0 objects)
[2025.09.01-20.03.43:079][  0]LogContentStreaming: Texture pool size now 600 MB
[2025.09.01-20.03.43:240][  3]LogSlate: Took 0.000098 seconds to synchronously load lazily loaded font '../../../Engine/Content/Slate/Fonts/Roboto-Light.ttf' (167K)
[2025.09.01-20.03.47:440][448]LogUObjectHash: Compacting FUObjectHashTables data took   0.57ms
[2025.09.01-20.03.47:444][448]LogSlate: Took 0.000105 seconds to synchronously load lazily loaded font '../../../Engine/Content/Slate/Fonts/Roboto-Light.ttf' (167K)
[2025.09.01-20.03.47:492][448]LogAssetEditorSubsystem: Opening Asset editor for World /Game/Cenas/Leonardo.Leonardo
[2025.09.01-20.03.47:492][448]Cmd: MAP LOAD FILE="../../../../../../Users/leonardo.medeiros/Documents/TCC/Sorry/Content/Cenas/Leonardo.umap" TEMPLATE=0 SHOWPROGRESS=1 FEATURELEVEL=3
[2025.09.01-20.03.47:492][448]LightingResults: New page: Compilação de Iluminação
[2025.09.01-20.03.47:493][448]LoadErrors: New page: Carregando mapa: Leonardo.umap
[2025.09.01-20.03.47:525][448]LogWorld: UWorld::CleanupWorld for Minimal_Default, bSessionEnded=true, bCleanupResources=true
[2025.09.01-20.03.47:525][448]LogSlate: InvalidateAllWidgets triggered.  All widgets were invalidated
[2025.09.01-20.03.47:525][448]MapCheck: New page: Verificação de Mapa
[2025.09.01-20.03.47:525][448]LightingResults: New page: Compilação de Iluminação
[2025.09.01-20.03.47:529][448]LogAudio: Display: Audio Device unregistered from world 'None'.
[2025.09.01-20.03.47:532][448]LogUObjectHash: Compacting FUObjectHashTables data took   0.85ms
[2025.09.01-20.03.47:532][448]LogAudio: Display: Audio Device (ID: 1) registered with world 'Leonardo'.
[2025.09.01-20.03.47:536][448]LogEditorServer: Finished looking for orphan Actors (0.000 secs)
[2025.09.01-20.03.47:536][448]LogAIModule: Creating AISystem for world Leonardo
[2025.09.01-20.03.47:544][448]LogUObjectHash: Compacting FUObjectHashTables data took   0.64ms
[2025.09.01-20.03.47:547][448]Cmd: MAP CHECKDEP NOCLEARLOG
[2025.09.01-20.03.47:547][448]MapCheck: Map check complete: 0 Error(s), 0 Warning(s), took 0,121ms to complete.
[2025.09.01-20.03.47:547][448]LogFileHelpers: Loading map 'Leonardo' took 0.054
[2025.09.01-20.03.58:393][724]LogEditorViewport: Clicking on Actor (LMB): StaticMeshActor (Floor17)
[2025.09.01-20.04.04:860][491]LogEditorViewport: Clicking on Actor (LMB): BP_Sky_Sphere_C (BP_Sky_Sphere)
[2025.09.01-20.04.05:282][539]LogEditorViewport: Clicking on Actor (LMB): StaticMeshActor (Floor20)
[2025.09.01-20.04.11:953][331]Cmd: DELETE
[2025.09.01-20.04.11:953][331]Cmd: ACTOR DELETE
[2025.09.01-20.04.11:955][331]LogEditorActor: Deleted Actor: StaticMeshActor
[2025.09.01-20.04.11:960][331]LogUObjectHash: Compacting FUObjectHashTables data took   0.23ms
[2025.09.01-20.04.11:960][331]LogEditorActor: Deleted 1 Actors (0.007 secs)
[2025.09.01-20.04.25:763][987]LogEditorViewport: Clicking on Actor (LMB): BP_Sky_Sphere_C (BP_Sky_Sphere)
[2025.09.01-20.04.26:985][131]LogEditorViewport: Clicking on Actor (LMB): BP_Sky_Sphere_C (BP_Sky_Sphere)
[2025.09.01-20.04.40:570][740]LogEditorViewport: Clicking on Actor (LMB): StaticMeshActor (Floor17)
[2025.09.01-20.04.49:972][824]LogTemp: Repeating last play command: Selected Viewport
[2025.09.01-20.04.49:976][824]LogPlayLevel: PlayLevel: No blueprints needed recompiling
[2025.09.01-20.04.49:976][824]PIE: New page: Sessão de PIE : Leonardo (1 de set de 2025 14:04:49)
[2025.09.01-20.04.49:977][824]LogOnline: OSS: Creating online subsystem instance for: NULL
[2025.09.01-20.04.49:978][824]LogOnline: OSS: TryLoadSubsystemAndSetDefault: Loaded subsystem for module [NULL]
[2025.09.01-20.04.49:978][824]LogPlayLevel: Creating play world package: /Game/Cenas/UEDPIE_0_Leonardo
[2025.09.01-20.04.49:985][824]LogPlayLevel: PIE: StaticDuplicateObject took: (0.006481s)
[2025.09.01-20.04.49:986][824]LogAIModule: Creating AISystem for world Leonardo
[2025.09.01-20.04.49:986][824]LogPlayLevel: PIE: World Init took: (0.001029s)
[2025.09.01-20.04.49:986][824]LogPlayLevel: PIE: Created PIE world by copying editor world from /Game/Cenas/Leonardo.Leonardo to /Game/Cenas/UEDPIE_0_Leonardo.Leonardo (0.007624s)
[2025.09.01-20.04.49:991][824]LogUObjectHash: Compacting FUObjectHashTables data took   0.61ms
[2025.09.01-20.04.49:991][824]LogAudio: Display: Creating Audio Device:                 Id: 2, Scope: Unique, Realtime: True
[2025.09.01-20.04.49:991][824]LogAudioMixer: Display: Audio Mixer Platform Settings:
[2025.09.01-20.04.49:991][824]LogAudioMixer: Display: 	Sample Rate:						  48000
[2025.09.01-20.04.49:991][824]LogAudioMixer: Display: 	Callback Buffer Frame Size Requested: 1024
[2025.09.01-20.04.49:991][824]LogAudioMixer: Display: 	Callback Buffer Frame Size To Use:	  1024
[2025.09.01-20.04.49:991][824]LogAudioMixer: Display: 	Number of buffers to queue:			  2
[2025.09.01-20.04.49:991][824]LogAudioMixer: Display: 	Max Channels (voices):				  32
[2025.09.01-20.04.49:991][824]LogAudioMixer: Display: 	Number of Async Source Workers:		  0
[2025.09.01-20.04.49:991][824]LogAudio: Display: AudioDevice MaxSources: 32
[2025.09.01-20.04.49:992][824]LogAudio: Display: Audio Spatialization Plugin: None (built-in).
[2025.09.01-20.04.49:992][824]LogAudio: Display: Audio Reverb Plugin: None (built-in).
[2025.09.01-20.04.49:992][824]LogAudio: Display: Audio Occlusion Plugin: None (built-in).
[2025.09.01-20.04.49:992][824]LogAudioMixer: Display: Initializing audio mixer.
[2025.09.01-20.04.49:994][824]LogAudioMixer: Display: 0: FrontLeft
[2025.09.01-20.04.49:994][824]LogAudioMixer: Display: 1: FrontRight
[2025.09.01-20.04.50:001][824]LogAudioMixer: Display: Using Audio Device 22B1WG5 (NVIDIA High Definition Audio)
[2025.09.01-20.04.50:001][824]LogAudioMixer: Display: Initializing Sound Submixes...
[2025.09.01-20.04.50:001][824]LogAudioMixer: Display: Creating Master Submix 'MasterSubmixDefault'
[2025.09.01-20.04.50:001][824]LogAudioMixer: Display: Creating Master Submix 'MasterReverbSubmixDefault'
[2025.09.01-20.04.50:001][824]LogAudioMixer: Display: Creating Master Submix 'MasterEQSubmixDefault'
[2025.09.01-20.04.50:001][824]LogAudioMixer: FMixerPlatformXAudio2::StartAudioStream() called
[2025.09.01-20.04.50:001][824]LogAudioMixer: Display: Output buffers initialized: Frames=1024, Channels=2, Samples=2048
[2025.09.01-20.04.50:002][824]LogAudioMixer: Display: Starting AudioMixerPlatformInterface::RunInternal()
[2025.09.01-20.04.50:002][824]LogAudioMixer: Display: FMixerPlatformXAudio2::SubmitBuffer() called for the first time
[2025.09.01-20.04.50:002][824]LogInit: FAudioDevice initialized.
[2025.09.01-20.04.50:002][824]LogAudio: Display: Audio Device (ID: 2) registered with world 'Leonardo'.
[2025.09.01-20.04.50:012][824]LogLoad: Game class is 'Game_C'
[2025.09.01-20.04.50:014][824]LogWorld: Bringing World /Game/Cenas/UEDPIE_0_Leonardo.Leonardo up for play (max tick rate 0) at 2025.09.01-17.04.50
[2025.09.01-20.04.50:015][824]LogWorld: Bringing up level for play took: 0.001108
[2025.09.01-20.04.50:015][824]LogOnline: OSS: Creating online subsystem instance for: :Context_3
[2025.09.01-20.04.50:017][824]LogNativeClassHierarchy: Verbose: Native class hierarchy updated for 'MovieSceneCapture' in 0.0003 seconds. Added 20 classes and 0 folders.
[2025.09.01-20.04.50:018][824]PIE: Servidor conectado
[2025.09.01-20.04.50:019][824]PIE: Play in editor total start time 0,044 seconds.
[2025.09.01-20.04.51:667][996]LogEditorViewport: Clicking on Actor (LMB): StaticMeshActor (Floor7)
[2025.09.01-20.04.55:952][499]LogEditorViewport: Clicking on Actor (LMB): StaticMeshActor (Floor16)
[2025.09.01-20.05.09:645][135]LogEditorViewport: Clicking on Actor (context menu): StaticMeshActor (Floor16)
[2025.09.01-20.05.10:375][197]LogSlate: Updating window title bar state: overlay mode, drag disabled, window buttons hidden, title bar hidden
[2025.09.01-20.05.10:375][197]LogWorld: BeginTearingDown for /Game/Cenas/UEDPIE_0_Leonardo
[2025.09.01-20.05.10:375][197]LogWorld: UWorld::CleanupWorld for Leonardo, bSessionEnded=true, bCleanupResources=true
[2025.09.01-20.05.10:375][197]LogSlate: InvalidateAllWidgets triggered.  All widgets were invalidated
[2025.09.01-20.05.10:380][197]LogPlayLevel: Display: Shutting down PIE online subsystems
[2025.09.01-20.05.10:393][197]LogSlate: InvalidateAllWidgets triggered.  All widgets were invalidated
[2025.09.01-20.05.10:396][197]LogAudio: Display: Audio Device unregistered from world 'None'.
[2025.09.01-20.05.10:396][197]LogAudioMixer: FMixerPlatformXAudio2::StopAudioStream() called
[2025.09.01-20.05.10:397][197]LogAudioMixer: FMixerPlatformXAudio2::StopAudioStream() called
[2025.09.01-20.05.10:398][197]LogSlate: Updating window title bar state: overlay mode, drag disabled, window buttons hidden, title bar hidden
[2025.09.01-20.05.10:400][197]LogUObjectHash: Compacting FUObjectHashTables data took   0.74ms
[2025.09.01-20.05.10:438][200]LogPlayLevel: Display: Destroying online subsystem :Context_3
[2025.09.01-20.05.21:574][524]LogEditorViewport: Clicking on Actor (context menu): BP_Sky_Sphere_C (BP_Sky_Sphere)
[2025.09.01-20.05.38:145][478]LogEditorViewport: Clicking on Actor (LMB): StaticMeshActor (Floor)
[2025.09.01-20.05.38:805][554]LogEditorViewport: Clicking on Actor (LMB): StaticMeshActor (Floor)
[2025.09.01-20.05.43:755][107]Cmd: EDIT COPY
[2025.09.01-20.05.44:454][191]Cmd: EDIT PASTE
[2025.09.01-20.06.31:262][775]LogEditorViewport: Clicking on Actor (LMB): StaticMeshActor (Floor16)
[2025.09.01-20.08.36:722][804]LogEditorViewport: Clicking on Actor (LMB): StaticMeshActor (Floor)
[2025.09.01-20.13.29:582][910]LogSlate: Took 0.000168 seconds to synchronously load lazily loaded font '../../../Engine/Content/Slate/Fonts/Roboto-Italic.ttf' (157K)
[2025.09.01-20.15.08:864][ 50]LogSlate: Window 'Seletor de Cor' being destroyed
[2025.09.01-20.15.27:587][213]LogSlate: Window 'Seletor de Cor' being destroyed
[2025.09.01-20.16.21:872][550]LogTemp: Repeating last play command: Selected Viewport
[2025.09.01-20.16.21:876][550]LogPlayLevel: PlayLevel: No blueprints needed recompiling
[2025.09.01-20.16.21:876][550]PIE: New page: Sessão de PIE : Leonardo (1 de set de 2025 14:16:21)
[2025.09.01-20.16.21:876][550]LogPlayLevel: Creating play world package: /Game/Cenas/UEDPIE_0_Leonardo
[2025.09.01-20.16.21:883][550]LogPlayLevel: PIE: StaticDuplicateObject took: (0.006397s)
[2025.09.01-20.16.21:884][550]LogAIModule: Creating AISystem for world Leonardo
[2025.09.01-20.16.21:884][550]LogPlayLevel: PIE: World Init took: (0.001222s)
[2025.09.01-20.16.21:884][550]LogPlayLevel: PIE: Created PIE world by copying editor world from /Game/Cenas/Leonardo.Leonardo to /Game/Cenas/UEDPIE_0_Leonardo.Leonardo (0.007733s)
[2025.09.01-20.16.21:889][550]LogUObjectHash: Compacting FUObjectHashTables data took   0.71ms
[2025.09.01-20.16.21:891][550]LogAudio: Display: Creating Audio Device:                 Id: 3, Scope: Unique, Realtime: True
[2025.09.01-20.16.21:891][550]LogAudioMixer: Display: Audio Mixer Platform Settings:
[2025.09.01-20.16.21:891][550]LogAudioMixer: Display: 	Sample Rate:						  48000
[2025.09.01-20.16.21:891][550]LogAudioMixer: Display: 	Callback Buffer Frame Size Requested: 1024
[2025.09.01-20.16.21:891][550]LogAudioMixer: Display: 	Callback Buffer Frame Size To Use:	  1024
[2025.09.01-20.16.21:891][550]LogAudioMixer: Display: 	Number of buffers to queue:			  2
[2025.09.01-20.16.21:891][550]LogAudioMixer: Display: 	Max Channels (voices):				  32
[2025.09.01-20.16.21:891][550]LogAudioMixer: Display: 	Number of Async Source Workers:		  0
[2025.09.01-20.16.21:891][550]LogAudio: Display: AudioDevice MaxSources: 32
[2025.09.01-20.16.21:891][550]LogAudio: Display: Audio Spatialization Plugin: None (built-in).
[2025.09.01-20.16.21:891][550]LogAudio: Display: Audio Reverb Plugin: None (built-in).
[2025.09.01-20.16.21:891][550]LogAudio: Display: Audio Occlusion Plugin: None (built-in).
[2025.09.01-20.16.21:891][550]LogAudioMixer: Display: Initializing audio mixer.
[2025.09.01-20.16.21:894][550]LogAudioMixer: Display: 0: FrontLeft
[2025.09.01-20.16.21:894][550]LogAudioMixer: Display: 1: FrontRight
[2025.09.01-20.16.21:901][550]LogAudioMixer: Display: Using Audio Device 22B1WG5 (NVIDIA High Definition Audio)
[2025.09.01-20.16.21:901][550]LogAudioMixer: Display: Initializing Sound Submixes...
[2025.09.01-20.16.21:901][550]LogAudioMixer: Display: Creating Master Submix 'MasterSubmixDefault'
[2025.09.01-20.16.21:901][550]LogAudioMixer: Display: Creating Master Submix 'MasterReverbSubmixDefault'
[2025.09.01-20.16.21:902][550]LogAudioMixer: Display: Creating Master Submix 'MasterEQSubmixDefault'
[2025.09.01-20.16.21:902][550]LogAudioMixer: FMixerPlatformXAudio2::StartAudioStream() called
[2025.09.01-20.16.21:902][550]LogAudioMixer: Display: Output buffers initialized: Frames=1024, Channels=2, Samples=2048
[2025.09.01-20.16.21:903][550]LogAudioMixer: Display: Starting AudioMixerPlatformInterface::RunInternal()
[2025.09.01-20.16.21:903][550]LogAudioMixer: Display: FMixerPlatformXAudio2::SubmitBuffer() called for the first time
[2025.09.01-20.16.21:903][550]LogInit: FAudioDevice initialized.
[2025.09.01-20.16.21:903][550]LogAudio: Display: Audio Device (ID: 3) registered with world 'Leonardo'.
[2025.09.01-20.16.21:909][550]LogLoad: Game class is 'Game_C'
[2025.09.01-20.16.21:910][550]LogWorld: Bringing World /Game/Cenas/UEDPIE_0_Leonardo.Leonardo up for play (max tick rate 0) at 2025.09.01-17.16.21
[2025.09.01-20.16.21:911][550]LogWorld: Bringing up level for play took: 0.001196
[2025.09.01-20.16.21:911][550]LogOnline: OSS: Creating online subsystem instance for: :Context_4
[2025.09.01-20.16.21:913][550]PIE: Servidor conectado
[2025.09.01-20.16.21:913][550]PIE: Play in editor total start time 0,038 seconds.
[2025.09.01-20.16.54:587][380]LogSlate: Updating window title bar state: overlay mode, drag disabled, window buttons hidden, title bar hidden
[2025.09.01-20.16.54:588][380]LogWorld: BeginTearingDown for /Game/Cenas/UEDPIE_0_Leonardo
[2025.09.01-20.16.54:588][380]LogWorld: UWorld::CleanupWorld for Leonardo, bSessionEnded=true, bCleanupResources=true
[2025.09.01-20.16.54:588][380]LogSlate: InvalidateAllWidgets triggered.  All widgets were invalidated
[2025.09.01-20.16.54:592][380]LogPlayLevel: Display: Shutting down PIE online subsystems
[2025.09.01-20.16.54:601][380]LogSlate: InvalidateAllWidgets triggered.  All widgets were invalidated
[2025.09.01-20.16.54:606][380]LogAudio: Display: Audio Device unregistered from world 'None'.
[2025.09.01-20.16.54:606][380]LogAudioMixer: FMixerPlatformXAudio2::StopAudioStream() called
[2025.09.01-20.16.54:607][380]LogAudioMixer: FMixerPlatformXAudio2::StopAudioStream() called
[2025.09.01-20.16.54:609][380]LogSlate: Updating window title bar state: overlay mode, drag disabled, window buttons hidden, title bar hidden
[2025.09.01-20.16.54:611][380]LogUObjectHash: Compacting FUObjectHashTables data took   0.72ms
[2025.09.01-20.16.54:655][384]LogPlayLevel: Display: Destroying online subsystem :Context_4
[2025.09.01-20.17.23:337][810]Cmd: EDIT COPY
[2025.09.01-20.17.24:545][955]Cmd: EDIT PASTE
[2025.09.01-20.17.31:309][760]Cmd: EDIT COPY
[2025.09.01-20.17.31:785][817]Cmd: EDIT PASTE
[2025.09.01-20.17.38:026][563]Cmd: TRANSACTION UNDO
[2025.09.01-20.17.38:026][563]LogEditorTransaction: Undo Move Actors
[2025.09.01-20.17.39:965][740]Cmd: TRANSACTION UNDO
[2025.09.01-20.17.39:965][740]LogEditorTransaction: Undo Colar
[2025.09.01-20.17.43:093][101]LogEditorViewport: Clicking on Actor (LMB): StaticMeshActor (Floor16)
[2025.09.01-20.17.44:616][280]LogEditorViewport: Clicking on Actor (LMB): PointLight (PointLight2)
[2025.09.01-20.17.45:907][432]Cmd: EDIT COPY
[2025.09.01-20.17.46:400][491]Cmd: EDIT PASTE
[2025.09.01-20.17.57:539][815]Cmd: EDIT COPY
[2025.09.01-20.17.58:092][881]Cmd: EDIT PASTE
[2025.09.01-20.18.12:171][545]Cmd: EDIT COPY
[2025.09.01-20.18.12:647][602]Cmd: EDIT PASTE
[2025.09.01-20.18.22:396][767]Cmd: EDIT COPY
[2025.09.01-20.18.22:913][829]Cmd: EDIT PASTE
[2025.09.01-20.18.37:385][540]Cmd: EDIT COPY
[2025.09.01-20.18.37:786][588]Cmd: EDIT PASTE
[2025.09.01-20.18.43:878][315]LogEditorViewport: Clicking on Actor (LMB): StaticMeshActor (Floor29)
[2025.09.01-20.18.54:407][550]LogEditorViewport: Clicking on Actor (LMB): PointLight (PointLight7)
[2025.09.01-20.19.47:575][809]LogActorFactory: Actor Factory created Cylinder
[2025.09.01-20.19.48:132][869]LogActorFactory: Actor Factory created Cylinder
[2025.09.01-20.20.29:541][647]LogEditorClassViewer: Warning: Class /Engine/Tutorial/InWorldBlueprintEditing/TutorialAssets/IWBE_Blutility.IWBE_Blutility_C has parent /Script/Blutility.PlacedEditorUtilityBase, but this parent is not found. The Class will not be shown in ClassViewer.
[2025.09.01-20.20.39:535][647]LogSlate: Window 'Create Blueprint From Selection' being destroyed
[2025.09.01-20.20.39:542][647]LogActorComponent: UnregisterComponent: (/Game/Cylinder_Blueprint.Default__Cylinder_Blueprint_C:StaticMeshComponent0) Not registered. Aborting.
[2025.09.01-20.20.39:549][647]LogUObjectHash: Compacting FUObjectHashTables data took   0.94ms
[2025.09.01-20.20.39:581][647]LogAssetEditorSubsystem: Opening Asset editor for Blueprint /Game/Cylinder_Blueprint.Cylinder_Blueprint
[2025.09.01-20.20.40:336][647]LogNativeClassHierarchy: Verbose: Native class hierarchy updated for 'BlueprintGraph' in 0.0006 seconds. Added 126 classes and 0 folders.
[2025.09.01-20.20.47:287][291]LogUObjectHash: Compacting FUObjectHashTables data took   1.98ms
[2025.09.01-20.20.47:310][291]LogSavePackage: Moving '../../../../../../Users/leonardo.medeiros/Documents/TCC/Sorry/Saved/Leonardo_Auto105DFE960442CBC0EAD7D87A95EA2A3C4.tmp' to '../../../../../../Users/leonardo.medeiros/Documents/TCC/Sorry/Saved/Autosaves/Game/Cenas/Leonardo_Auto1.umap'
[2025.09.01-20.20.47:311][291]LogFileHelpers: Editor autosave (incl. external actors) for '/Game/Cenas/Leonardo' took 0.044
[2025.09.01-20.20.47:311][291]LogFileHelpers: Editor autosave (incl. sublevels & external actors) for all levels took 0.044
[2025.09.01-20.21.10:643][961]BlueprintLog: New page: Compilar Cylinder_Blueprint
[2025.09.01-20.21.10:696][961]LogUObjectHash: Compacting FUObjectHashTables data took   1.92ms
[2025.09.01-20.21.12:505][159]LogSlate: Window 'Cylinder_Blueprint' being destroyed
[2025.09.01-20.21.12:510][159]LogSlate: Window 'Cylinder_Blueprint' being destroyed
[2025.09.01-20.21.12:512][159]LogWorld: UWorld::CleanupWorld for World_2, bSessionEnded=true, bCleanupResources=true
[2025.09.01-20.21.12:512][159]LogSlate: InvalidateAllWidgets triggered.  All widgets were invalidated
[2025.09.01-20.21.25:291][653]LogAssetEditorSubsystem: Opening Asset editor for Blueprint /Game/Cylinder_Blueprint.Cylinder_Blueprint
[2025.09.01-20.21.25:591][653]LogSlate: Took 0.000160 seconds to synchronously load lazily loaded font '../../../Engine/Content/Slate/Fonts/Roboto-BoldCondensed.ttf' (158K)
[2025.09.01-20.22.09:443][516]LogPhysics: Warning: Scale for /Engine/Transient.World_4:PersistentLevel.Cylinder_Blueprint_C_0.Cube has a component set to zero, which will result in a bad body instance. Scale:X=0.500 Y=0.500 Z=0.000
[2025.09.01-20.22.09:443][516]LogPhysics: Warning: Scale for /Game/Cenas/Leonardo.Leonardo:PersistentLevel.Cylinder_Blueprint.Cube has a component set to zero, which will result in a bad body instance. Scale:X=0.500 Y=0.500 Z=0.000
[2025.09.01-20.22.09:443][516]LogPhysics: Warning: Scale for /Engine/Transient.World_4:PersistentLevel.Cylinder_Blueprint_C_0.Cube has a component set to zero, which will result in a bad body instance. Scale:X=0.500 Y=0.500 Z=0.000
[2025.09.01-20.22.09:452][517]LogPhysics: Warning: Scale for /Engine/Transient.World_4:PersistentLevel.Cylinder_Blueprint_C_0.Cube has a component set to zero, which will result in a bad body instance. Scale:X=0.500 Y=0.500 Z=0.000
[2025.09.01-20.22.09:452][517]LogPhysics: Warning: Scale for /Engine/Transient.World_4:PersistentLevel.Cylinder_Blueprint_C_0.Cube has a component set to zero, which will result in a bad body instance. Scale:X=0.500 Y=0.500 Z=0.000
[2025.09.01-20.22.09:452][517]LogPhysics: Warning: Scale for /Engine/Transient.World_4:PersistentLevel.Cylinder_Blueprint_C_0.Cube has a component set to zero, which will result in a bad body instance. Scale:X=0.500 Y=0.500 Z=0.000
[2025.09.01-20.22.09:460][518]LogPhysics: Warning: Scale for /Engine/Transient.World_4:PersistentLevel.Cylinder_Blueprint_C_0.Cube has a component set to zero, which will result in a bad body instance. Scale:X=0.500 Y=0.500 Z=0.000
[2025.09.01-20.22.09:461][518]LogPhysics: Warning: Scale for /Engine/Transient.World_4:PersistentLevel.Cylinder_Blueprint_C_0.Cube has a component set to zero, which will result in a bad body instance. Scale:X=0.500 Y=0.500 Z=0.000
[2025.09.01-20.22.09:461][518]LogPhysics: Warning: Scale for /Engine/Transient.World_4:PersistentLevel.Cylinder_Blueprint_C_0.Cube has a component set to zero, which will result in a bad body instance. Scale:X=0.500 Y=0.500 Z=0.000
[2025.09.01-20.22.09:469][519]LogPhysics: Warning: Scale for /Engine/Transient.World_4:PersistentLevel.Cylinder_Blueprint_C_0.Cube has a component set to zero, which will result in a bad body instance. Scale:X=0.500 Y=0.500 Z=0.000
[2025.09.01-20.22.09:469][519]LogPhysics: Warning: Scale for /Engine/Transient.World_4:PersistentLevel.Cylinder_Blueprint_C_0.Cube has a component set to zero, which will result in a bad body instance. Scale:X=0.500 Y=0.500 Z=0.000
[2025.09.01-20.22.09:469][519]LogPhysics: Warning: Scale for /Engine/Transient.World_4:PersistentLevel.Cylinder_Blueprint_C_0.Cube has a component set to zero, which will result in a bad body instance. Scale:X=0.500 Y=0.500 Z=0.000
[2025.09.01-20.22.09:477][520]LogPhysics: Warning: Scale for /Engine/Transient.World_4:PersistentLevel.Cylinder_Blueprint_C_0.Cube has a component set to zero, which will result in a bad body instance. Scale:X=0.500 Y=0.500 Z=0.000
[2025.09.01-20.22.09:478][520]LogPhysics: Warning: Scale for /Engine/Transient.World_4:PersistentLevel.Cylinder_Blueprint_C_0.Cube has a component set to zero, which will result in a bad body instance. Scale:X=0.500 Y=0.500 Z=0.000
[2025.09.01-20.22.09:478][520]LogPhysics: Warning: Scale for /Engine/Transient.World_4:PersistentLevel.Cylinder_Blueprint_C_0.Cube has a component set to zero, which will result in a bad body instance. Scale:X=0.500 Y=0.500 Z=0.000
[2025.09.01-20.22.09:486][521]LogPhysics: Warning: Scale for /Engine/Transient.World_4:PersistentLevel.Cylinder_Blueprint_C_0.Cube has a component set to zero, which will result in a bad body instance. Scale:X=0.500 Y=0.500 Z=0.000
[2025.09.01-20.22.09:486][521]LogPhysics: Warning: Scale for /Engine/Transient.World_4:PersistentLevel.Cylinder_Blueprint_C_0.Cube has a component set to zero, which will result in a bad body instance. Scale:X=0.500 Y=0.500 Z=0.000
[2025.09.01-20.22.09:486][521]LogPhysics: Warning: Scale for /Engine/Transient.World_4:PersistentLevel.Cylinder_Blueprint_C_0.Cube has a component set to zero, which will result in a bad body instance. Scale:X=0.500 Y=0.500 Z=0.000
[2025.09.01-20.22.09:495][522]LogPhysics: Warning: Scale for /Engine/Transient.World_4:PersistentLevel.Cylinder_Blueprint_C_0.Cube has a component set to zero, which will result in a bad body instance. Scale:X=0.500 Y=0.500 Z=0.000
[2025.09.01-20.22.09:495][522]LogPhysics: Warning: Scale for /Engine/Transient.World_4:PersistentLevel.Cylinder_Blueprint_C_0.Cube has a component set to zero, which will result in a bad body instance. Scale:X=0.500 Y=0.500 Z=0.000
[2025.09.01-20.22.09:495][522]LogPhysics: Warning: Scale for /Engine/Transient.World_4:PersistentLevel.Cylinder_Blueprint_C_0.Cube has a component set to zero, which will result in a bad body instance. Scale:X=0.500 Y=0.500 Z=0.000
[2025.09.01-20.22.09:503][523]LogPhysics: Warning: Scale for /Engine/Transient.World_4:PersistentLevel.Cylinder_Blueprint_C_0.Cube has a component set to zero, which will result in a bad body instance. Scale:X=0.500 Y=0.500 Z=0.000
[2025.09.01-20.22.09:504][523]LogPhysics: Warning: Scale for /Engine/Transient.World_4:PersistentLevel.Cylinder_Blueprint_C_0.Cube has a component set to zero, which will result in a bad body instance. Scale:X=0.500 Y=0.500 Z=0.000
[2025.09.01-20.22.09:504][523]LogPhysics: Warning: Scale for /Engine/Transient.World_4:PersistentLevel.Cylinder_Blueprint_C_0.Cube has a component set to zero, which will result in a bad body instance. Scale:X=0.500 Y=0.500 Z=0.000
[2025.09.01-20.22.09:512][524]LogPhysics: Warning: Scale for /Engine/Transient.World_4:PersistentLevel.Cylinder_Blueprint_C_0.Cube has a component set to zero, which will result in a bad body instance. Scale:X=0.500 Y=0.500 Z=0.000
[2025.09.01-20.22.09:512][524]LogPhysics: Warning: Scale for /Engine/Transient.World_4:PersistentLevel.Cylinder_Blueprint_C_0.Cube has a component set to zero, which will result in a bad body instance. Scale:X=0.500 Y=0.500 Z=0.000
[2025.09.01-20.22.09:512][524]LogPhysics: Warning: Scale for /Engine/Transient.World_4:PersistentLevel.Cylinder_Blueprint_C_0.Cube has a component set to zero, which will result in a bad body instance. Scale:X=0.500 Y=0.500 Z=0.000
[2025.09.01-20.22.09:521][525]LogPhysics: Warning: Scale for /Engine/Transient.World_4:PersistentLevel.Cylinder_Blueprint_C_0.Cube has a component set to zero, which will result in a bad body instance. Scale:X=0.500 Y=0.500 Z=0.000
[2025.09.01-20.22.09:521][525]LogPhysics: Warning: Scale for /Engine/Transient.World_4:PersistentLevel.Cylinder_Blueprint_C_0.Cube has a component set to zero, which will result in a bad body instance. Scale:X=0.500 Y=0.500 Z=0.000
[2025.09.01-20.22.09:521][525]LogPhysics: Warning: Scale for /Engine/Transient.World_4:PersistentLevel.Cylinder_Blueprint_C_0.Cube has a component set to zero, which will result in a bad body instance. Scale:X=0.500 Y=0.500 Z=0.000
[2025.09.01-20.22.09:529][526]LogPhysics: Warning: Scale for /Engine/Transient.World_4:PersistentLevel.Cylinder_Blueprint_C_0.Cube has a component set to zero, which will result in a bad body instance. Scale:X=0.500 Y=0.500 Z=0.000
[2025.09.01-20.22.09:530][526]LogPhysics: Warning: Scale for /Engine/Transient.World_4:PersistentLevel.Cylinder_Blueprint_C_0.Cube has a component set to zero, which will result in a bad body instance. Scale:X=0.500 Y=0.500 Z=0.000
[2025.09.01-20.22.09:530][526]LogPhysics: Warning: Scale for /Engine/Transient.World_4:PersistentLevel.Cylinder_Blueprint_C_0.Cube has a component set to zero, which will result in a bad body instance. Scale:X=0.500 Y=0.500 Z=0.000
[2025.09.01-20.22.09:538][527]LogPhysics: Warning: Scale for /Engine/Transient.World_4:PersistentLevel.Cylinder_Blueprint_C_0.Cube has a component set to zero, which will result in a bad body instance. Scale:X=0.500 Y=0.500 Z=0.000
[2025.09.01-20.22.09:538][527]LogPhysics: Warning: Scale for /Engine/Transient.World_4:PersistentLevel.Cylinder_Blueprint_C_0.Cube has a component set to zero, which will result in a bad body instance. Scale:X=0.500 Y=0.500 Z=0.000
[2025.09.01-20.22.09:538][527]LogPhysics: Warning: Scale for /Engine/Transient.World_4:PersistentLevel.Cylinder_Blueprint_C_0.Cube has a component set to zero, which will result in a bad body instance. Scale:X=0.500 Y=0.500 Z=0.000
[2025.09.01-20.22.09:547][528]LogPhysics: Warning: Scale for /Engine/Transient.World_4:PersistentLevel.Cylinder_Blueprint_C_0.Cube has a component set to zero, which will result in a bad body instance. Scale:X=0.500 Y=0.500 Z=0.000
[2025.09.01-20.22.09:547][528]LogPhysics: Warning: Scale for /Engine/Transient.World_4:PersistentLevel.Cylinder_Blueprint_C_0.Cube has a component set to zero, which will result in a bad body instance. Scale:X=0.500 Y=0.500 Z=0.000
[2025.09.01-20.22.09:739][551]LogPhysics: Warning: Scale for /Engine/Transient.World_4:PersistentLevel.Cylinder_Blueprint_C_0.Cube has a component set to zero, which will result in a bad body instance. Scale:X=0.500 Y=0.500 Z=0.000
[2025.09.01-20.22.09:740][551]LogPhysics: Warning: Scale for /Game/Cenas/Leonardo.Leonardo:PersistentLevel.Cylinder_Blueprint.Cube has a component set to zero, which will result in a bad body instance. Scale:X=0.500 Y=0.500 Z=0.000
[2025.09.01-20.22.09:740][551]LogPhysics: Warning: Scale for /Engine/Transient.World_4:PersistentLevel.Cylinder_Blueprint_C_0.Cube has a component set to zero, which will result in a bad body instance. Scale:X=0.500 Y=0.500 Z=0.000
[2025.09.01-20.22.09:748][552]LogPhysics: Warning: Scale for /Engine/Transient.World_4:PersistentLevel.Cylinder_Blueprint_C_0.Cube has a component set to zero, which will result in a bad body instance. Scale:X=0.500 Y=0.500 Z=0.000
[2025.09.01-20.22.09:748][552]LogPhysics: Warning: Scale for /Engine/Transient.World_4:PersistentLevel.Cylinder_Blueprint_C_0.Cube has a component set to zero, which will result in a bad body instance. Scale:X=0.500 Y=0.500 Z=0.000
[2025.09.01-20.22.09:748][552]LogPhysics: Warning: Scale for /Engine/Transient.World_4:PersistentLevel.Cylinder_Blueprint_C_0.Cube has a component set to zero, which will result in a bad body instance. Scale:X=0.500 Y=0.500 Z=0.000
[2025.09.01-20.22.09:757][553]LogPhysics: Warning: Scale for /Engine/Transient.World_4:PersistentLevel.Cylinder_Blueprint_C_0.Cube has a component set to zero, which will result in a bad body instance. Scale:X=0.500 Y=0.500 Z=0.000
[2025.09.01-20.22.09:757][553]LogPhysics: Warning: Scale for /Engine/Transient.World_4:PersistentLevel.Cylinder_Blueprint_C_0.Cube has a component set to zero, which will result in a bad body instance. Scale:X=0.500 Y=0.500 Z=0.000
[2025.09.01-20.22.09:757][553]LogPhysics: Warning: Scale for /Engine/Transient.World_4:PersistentLevel.Cylinder_Blueprint_C_0.Cube has a component set to zero, which will result in a bad body instance. Scale:X=0.500 Y=0.500 Z=0.000
[2025.09.01-20.22.09:765][554]LogPhysics: Warning: Scale for /Engine/Transient.World_4:PersistentLevel.Cylinder_Blueprint_C_0.Cube has a component set to zero, which will result in a bad body instance. Scale:X=0.500 Y=0.500 Z=0.000
[2025.09.01-20.22.09:765][554]LogPhysics: Warning: Scale for /Engine/Transient.World_4:PersistentLevel.Cylinder_Blueprint_C_0.Cube has a component set to zero, which will result in a bad body instance. Scale:X=0.500 Y=0.500 Z=0.000
[2025.09.01-20.22.09:765][554]LogPhysics: Warning: Scale for /Engine/Transient.World_4:PersistentLevel.Cylinder_Blueprint_C_0.Cube has a component set to zero, which will result in a bad body instance. Scale:X=0.500 Y=0.500 Z=0.000
[2025.09.01-20.22.09:774][555]LogPhysics: Warning: Scale for /Engine/Transient.World_4:PersistentLevel.Cylinder_Blueprint_C_0.Cube has a component set to zero, which will result in a bad body instance. Scale:X=0.500 Y=0.500 Z=0.000
[2025.09.01-20.22.09:774][555]LogPhysics: Warning: Scale for /Engine/Transient.World_4:PersistentLevel.Cylinder_Blueprint_C_0.Cube has a component set to zero, which will result in a bad body instance. Scale:X=0.500 Y=0.500 Z=0.000
[2025.09.01-20.22.09:774][555]LogPhysics: Warning: Scale for /Engine/Transient.World_4:PersistentLevel.Cylinder_Blueprint_C_0.Cube has a component set to zero, which will result in a bad body instance. Scale:X=0.500 Y=0.500 Z=0.000
[2025.09.01-20.22.09:782][556]LogPhysics: Warning: Scale for /Engine/Transient.World_4:PersistentLevel.Cylinder_Blueprint_C_0.Cube has a component set to zero, which will result in a bad body instance. Scale:X=0.500 Y=0.500 Z=0.000
[2025.09.01-20.22.09:782][556]LogPhysics: Warning: Scale for /Engine/Transient.World_4:PersistentLevel.Cylinder_Blueprint_C_0.Cube has a component set to zero, which will result in a bad body instance. Scale:X=0.500 Y=0.500 Z=0.000
[2025.09.01-20.22.09:782][556]LogPhysics: Warning: Scale for /Engine/Transient.World_4:PersistentLevel.Cylinder_Blueprint_C_0.Cube has a component set to zero, which will result in a bad body instance. Scale:X=0.500 Y=0.500 Z=0.000
[2025.09.01-20.22.09:790][557]LogPhysics: Warning: Scale for /Engine/Transient.World_4:PersistentLevel.Cylinder_Blueprint_C_0.Cube has a component set to zero, which will result in a bad body instance. Scale:X=0.500 Y=0.500 Z=0.000
[2025.09.01-20.22.09:791][557]LogPhysics: Warning: Scale for /Engine/Transient.World_4:PersistentLevel.Cylinder_Blueprint_C_0.Cube has a component set to zero, which will result in a bad body instance. Scale:X=0.500 Y=0.500 Z=0.000
[2025.09.01-20.22.09:791][557]LogPhysics: Warning: Scale for /Engine/Transient.World_4:PersistentLevel.Cylinder_Blueprint_C_0.Cube has a component set to zero, which will result in a bad body instance. Scale:X=0.500 Y=0.500 Z=0.000
[2025.09.01-20.22.09:799][558]LogPhysics: Warning: Scale for /Engine/Transient.World_4:PersistentLevel.Cylinder_Blueprint_C_0.Cube has a component set to zero, which will result in a bad body instance. Scale:X=0.500 Y=0.500 Z=0.000
[2025.09.01-20.22.09:799][558]LogPhysics: Warning: Scale for /Engine/Transient.World_4:PersistentLevel.Cylinder_Blueprint_C_0.Cube has a component set to zero, which will result in a bad body instance. Scale:X=0.500 Y=0.500 Z=0.000
[2025.09.01-20.22.09:799][558]LogPhysics: Warning: Scale for /Engine/Transient.World_4:PersistentLevel.Cylinder_Blueprint_C_0.Cube has a component set to zero, which will result in a bad body instance. Scale:X=0.500 Y=0.500 Z=0.000
[2025.09.01-20.22.09:807][559]LogPhysics: Warning: Scale for /Engine/Transient.World_4:PersistentLevel.Cylinder_Blueprint_C_0.Cube has a component set to zero, which will result in a bad body instance. Scale:X=0.500 Y=0.500 Z=0.000
[2025.09.01-20.22.09:808][559]LogPhysics: Warning: Scale for /Engine/Transient.World_4:PersistentLevel.Cylinder_Blueprint_C_0.Cube has a component set to zero, which will result in a bad body instance. Scale:X=0.500 Y=0.500 Z=0.000
[2025.09.01-20.22.09:808][559]LogPhysics: Warning: Scale for /Engine/Transient.World_4:PersistentLevel.Cylinder_Blueprint_C_0.Cube has a component set to zero, which will result in a bad body instance. Scale:X=0.500 Y=0.500 Z=0.000
[2025.09.01-20.22.09:817][560]LogPhysics: Warning: Scale for /Engine/Transient.World_4:PersistentLevel.Cylinder_Blueprint_C_0.Cube has a component set to zero, which will result in a bad body instance. Scale:X=0.500 Y=0.500 Z=0.000
[2025.09.01-20.22.09:817][560]LogPhysics: Warning: Scale for /Engine/Transient.World_4:PersistentLevel.Cylinder_Blueprint_C_0.Cube has a component set to zero, which will result in a bad body instance. Scale:X=0.500 Y=0.500 Z=0.000
[2025.09.01-20.22.09:817][560]LogPhysics: Warning: Scale for /Engine/Transient.World_4:PersistentLevel.Cylinder_Blueprint_C_0.Cube has a component set to zero, which will result in a bad body instance. Scale:X=0.500 Y=0.500 Z=0.000
[2025.09.01-20.22.09:825][561]LogPhysics: Warning: Scale for /Engine/Transient.World_4:PersistentLevel.Cylinder_Blueprint_C_0.Cube has a component set to zero, which will result in a bad body instance. Scale:X=0.500 Y=0.500 Z=0.000
[2025.09.01-20.22.09:825][561]LogPhysics: Warning: Scale for /Engine/Transient.World_4:PersistentLevel.Cylinder_Blueprint_C_0.Cube has a component set to zero, which will result in a bad body instance. Scale:X=0.500 Y=0.500 Z=0.000
[2025.09.01-20.22.09:825][561]LogPhysics: Warning: Scale for /Engine/Transient.World_4:PersistentLevel.Cylinder_Blueprint_C_0.Cube has a component set to zero, which will result in a bad body instance. Scale:X=0.500 Y=0.500 Z=0.000
[2025.09.01-20.22.09:833][562]LogPhysics: Warning: Scale for /Engine/Transient.World_4:PersistentLevel.Cylinder_Blueprint_C_0.Cube has a component set to zero, which will result in a bad body instance. Scale:X=0.500 Y=0.500 Z=0.000
[2025.09.01-20.22.09:834][562]LogPhysics: Warning: Scale for /Engine/Transient.World_4:PersistentLevel.Cylinder_Blueprint_C_0.Cube has a component set to zero, which will result in a bad body instance. Scale:X=0.500 Y=0.500 Z=0.000
[2025.09.01-20.22.09:834][562]LogPhysics: Warning: Scale for /Engine/Transient.World_4:PersistentLevel.Cylinder_Blueprint_C_0.Cube has a component set to zero, which will result in a bad body instance. Scale:X=0.500 Y=0.500 Z=0.000
[2025.09.01-20.22.09:842][563]LogPhysics: Warning: Scale for /Engine/Transient.World_4:PersistentLevel.Cylinder_Blueprint_C_0.Cube has a component set to zero, which will result in a bad body instance. Scale:X=0.500 Y=0.500 Z=0.000
[2025.09.01-20.22.09:842][563]LogPhysics: Warning: Scale for /Engine/Transient.World_4:PersistentLevel.Cylinder_Blueprint_C_0.Cube has a component set to zero, which will result in a bad body instance. Scale:X=0.500 Y=0.500 Z=0.000
[2025.09.01-20.22.09:842][563]LogPhysics: Warning: Scale for /Engine/Transient.World_4:PersistentLevel.Cylinder_Blueprint_C_0.Cube has a component set to zero, which will result in a bad body instance. Scale:X=0.500 Y=0.500 Z=0.000
[2025.09.01-20.22.09:850][564]LogPhysics: Warning: Scale for /Engine/Transient.World_4:PersistentLevel.Cylinder_Blueprint_C_0.Cube has a component set to zero, which will result in a bad body instance. Scale:X=0.500 Y=0.500 Z=0.000
[2025.09.01-20.22.09:851][564]LogPhysics: Warning: Scale for /Engine/Transient.World_4:PersistentLevel.Cylinder_Blueprint_C_0.Cube has a component set to zero, which will result in a bad body instance. Scale:X=0.500 Y=0.500 Z=0.000
[2025.09.01-20.22.09:851][564]LogPhysics: Warning: Scale for /Engine/Transient.World_4:PersistentLevel.Cylinder_Blueprint_C_0.Cube has a component set to zero, which will result in a bad body instance. Scale:X=0.500 Y=0.500 Z=0.000
[2025.09.01-20.22.09:859][565]LogPhysics: Warning: Scale for /Engine/Transient.World_4:PersistentLevel.Cylinder_Blueprint_C_0.Cube has a component set to zero, which will result in a bad body instance. Scale:X=0.500 Y=0.500 Z=0.000
[2025.09.01-20.22.09:859][565]LogPhysics: Warning: Scale for /Engine/Transient.World_4:PersistentLevel.Cylinder_Blueprint_C_0.Cube has a component set to zero, which will result in a bad body instance. Scale:X=0.500 Y=0.500 Z=0.000
[2025.09.01-20.22.09:859][565]LogPhysics: Warning: Scale for /Engine/Transient.World_4:PersistentLevel.Cylinder_Blueprint_C_0.Cube has a component set to zero, which will result in a bad body instance. Scale:X=0.500 Y=0.500 Z=0.000
[2025.09.01-20.22.09:867][566]LogPhysics: Warning: Scale for /Engine/Transient.World_4:PersistentLevel.Cylinder_Blueprint_C_0.Cube has a component set to zero, which will result in a bad body instance. Scale:X=0.500 Y=0.500 Z=0.000
[2025.09.01-20.22.09:867][566]LogPhysics: Warning: Scale for /Engine/Transient.World_4:PersistentLevel.Cylinder_Blueprint_C_0.Cube has a component set to zero, which will result in a bad body instance. Scale:X=0.500 Y=0.500 Z=0.000
[2025.09.01-20.22.09:868][566]LogPhysics: Warning: Scale for /Engine/Transient.World_4:PersistentLevel.Cylinder_Blueprint_C_0.Cube has a component set to zero, which will result in a bad body instance. Scale:X=0.500 Y=0.500 Z=0.000
[2025.09.01-20.22.09:875][567]LogPhysics: Warning: Scale for /Engine/Transient.World_4:PersistentLevel.Cylinder_Blueprint_C_0.Cube has a component set to zero, which will result in a bad body instance. Scale:X=0.500 Y=0.500 Z=0.000
[2025.09.01-20.22.09:875][567]LogPhysics: Warning: Scale for /Engine/Transient.World_4:PersistentLevel.Cylinder_Blueprint_C_0.Cube has a component set to zero, which will result in a bad body instance. Scale:X=0.500 Y=0.500 Z=0.000
[2025.09.01-20.22.09:875][567]LogPhysics: Warning: Scale for /Engine/Transient.World_4:PersistentLevel.Cylinder_Blueprint_C_0.Cube has a component set to zero, which will result in a bad body instance. Scale:X=0.500 Y=0.500 Z=0.000
[2025.09.01-20.22.09:883][568]LogPhysics: Warning: Scale for /Engine/Transient.World_4:PersistentLevel.Cylinder_Blueprint_C_0.Cube has a component set to zero, which will result in a bad body instance. Scale:X=0.500 Y=0.500 Z=0.000
[2025.09.01-20.22.09:883][568]LogPhysics: Warning: Scale for /Engine/Transient.World_4:PersistentLevel.Cylinder_Blueprint_C_0.Cube has a component set to zero, which will result in a bad body instance. Scale:X=0.500 Y=0.500 Z=0.000
[2025.09.01-20.22.09:883][568]LogPhysics: Warning: Scale for /Engine/Transient.World_4:PersistentLevel.Cylinder_Blueprint_C_0.Cube has a component set to zero, which will result in a bad body instance. Scale:X=0.500 Y=0.500 Z=0.000
[2025.09.01-20.22.09:892][569]LogPhysics: Warning: Scale for /Engine/Transient.World_4:PersistentLevel.Cylinder_Blueprint_C_0.Cube has a component set to zero, which will result in a bad body instance. Scale:X=0.500 Y=0.500 Z=0.000
[2025.09.01-20.22.09:892][569]LogPhysics: Warning: Scale for /Engine/Transient.World_4:PersistentLevel.Cylinder_Blueprint_C_0.Cube has a component set to zero, which will result in a bad body instance. Scale:X=0.500 Y=0.500 Z=0.000
[2025.09.01-20.22.09:892][569]LogPhysics: Warning: Scale for /Engine/Transient.World_4:PersistentLevel.Cylinder_Blueprint_C_0.Cube has a component set to zero, which will result in a bad body instance. Scale:X=0.500 Y=0.500 Z=0.000
[2025.09.01-20.22.09:900][570]LogPhysics: Warning: Scale for /Engine/Transient.World_4:PersistentLevel.Cylinder_Blueprint_C_0.Cube has a component set to zero, which will result in a bad body instance. Scale:X=0.500 Y=0.500 Z=0.000
[2025.09.01-20.22.09:900][570]LogPhysics: Warning: Scale for /Engine/Transient.World_4:PersistentLevel.Cylinder_Blueprint_C_0.Cube has a component set to zero, which will result in a bad body instance. Scale:X=0.500 Y=0.500 Z=0.000
[2025.09.01-20.22.09:900][570]LogPhysics: Warning: Scale for /Engine/Transient.World_4:PersistentLevel.Cylinder_Blueprint_C_0.Cube has a component set to zero, which will result in a bad body instance. Scale:X=0.500 Y=0.500 Z=0.000
[2025.09.01-20.22.09:909][571]LogPhysics: Warning: Scale for /Engine/Transient.World_4:PersistentLevel.Cylinder_Blueprint_C_0.Cube has a component set to zero, which will result in a bad body instance. Scale:X=0.500 Y=0.500 Z=0.000
[2025.09.01-20.22.09:909][571]LogPhysics: Warning: Scale for /Engine/Transient.World_4:PersistentLevel.Cylinder_Blueprint_C_0.Cube has a component set to zero, which will result in a bad body instance. Scale:X=0.500 Y=0.500 Z=0.000
[2025.09.01-20.22.09:909][571]LogPhysics: Warning: Scale for /Engine/Transient.World_4:PersistentLevel.Cylinder_Blueprint_C_0.Cube has a component set to zero, which will result in a bad body instance. Scale:X=0.500 Y=0.500 Z=0.000
[2025.09.01-20.22.09:917][572]LogPhysics: Warning: Scale for /Engine/Transient.World_4:PersistentLevel.Cylinder_Blueprint_C_0.Cube has a component set to zero, which will result in a bad body instance. Scale:X=0.500 Y=0.500 Z=0.000
[2025.09.01-20.22.09:917][572]LogPhysics: Warning: Scale for /Engine/Transient.World_4:PersistentLevel.Cylinder_Blueprint_C_0.Cube has a component set to zero, which will result in a bad body instance. Scale:X=0.500 Y=0.500 Z=0.000
[2025.09.01-20.22.09:917][572]LogPhysics: Warning: Scale for /Engine/Transient.World_4:PersistentLevel.Cylinder_Blueprint_C_0.Cube has a component set to zero, which will result in a bad body instance. Scale:X=0.500 Y=0.500 Z=0.000
[2025.09.01-20.22.09:925][573]LogPhysics: Warning: Scale for /Engine/Transient.World_4:PersistentLevel.Cylinder_Blueprint_C_0.Cube has a component set to zero, which will result in a bad body instance. Scale:X=0.500 Y=0.500 Z=0.000
[2025.09.01-20.22.09:925][573]LogPhysics: Warning: Scale for /Engine/Transient.World_4:PersistentLevel.Cylinder_Blueprint_C_0.Cube has a component set to zero, which will result in a bad body instance. Scale:X=0.500 Y=0.500 Z=0.000
[2025.09.01-20.22.09:925][573]LogPhysics: Warning: Scale for /Engine/Transient.World_4:PersistentLevel.Cylinder_Blueprint_C_0.Cube has a component set to zero, which will result in a bad body instance. Scale:X=0.500 Y=0.500 Z=0.000
[2025.09.01-20.22.09:934][574]LogPhysics: Warning: Scale for /Engine/Transient.World_4:PersistentLevel.Cylinder_Blueprint_C_0.Cube has a component set to zero, which will result in a bad body instance. Scale:X=0.500 Y=0.500 Z=0.000
[2025.09.01-20.22.09:934][574]LogPhysics: Warning: Scale for /Engine/Transient.World_4:PersistentLevel.Cylinder_Blueprint_C_0.Cube has a component set to zero, which will result in a bad body instance. Scale:X=0.500 Y=0.500 Z=0.000
[2025.09.01-20.22.09:934][574]LogPhysics: Warning: Scale for /Engine/Transient.World_4:PersistentLevel.Cylinder_Blueprint_C_0.Cube has a component set to zero, which will result in a bad body instance. Scale:X=0.500 Y=0.500 Z=0.000
[2025.09.01-20.22.09:942][575]LogPhysics: Warning: Scale for /Engine/Transient.World_4:PersistentLevel.Cylinder_Blueprint_C_0.Cube has a component set to zero, which will result in a bad body instance. Scale:X=0.500 Y=0.500 Z=0.000
[2025.09.01-20.22.09:942][575]LogPhysics: Warning: Scale for /Engine/Transient.World_4:PersistentLevel.Cylinder_Blueprint_C_0.Cube has a component set to zero, which will result in a bad body instance. Scale:X=0.500 Y=0.500 Z=0.000
[2025.09.01-20.22.09:942][575]LogPhysics: Warning: Scale for /Engine/Transient.World_4:PersistentLevel.Cylinder_Blueprint_C_0.Cube has a component set to zero, which will result in a bad body instance. Scale:X=0.500 Y=0.500 Z=0.000
[2025.09.01-20.22.09:953][576]LogPhysics: Warning: Scale for /Engine/Transient.World_4:PersistentLevel.Cylinder_Blueprint_C_0.Cube has a component set to zero, which will result in a bad body instance. Scale:X=0.500 Y=0.500 Z=0.000
[2025.09.01-20.22.09:953][576]LogPhysics: Warning: Scale for /Engine/Transient.World_4:PersistentLevel.Cylinder_Blueprint_C_0.Cube has a component set to zero, which will result in a bad body instance. Scale:X=0.500 Y=0.500 Z=0.000
[2025.09.01-20.22.09:953][576]LogPhysics: Warning: Scale for /Engine/Transient.World_4:PersistentLevel.Cylinder_Blueprint_C_0.Cube has a component set to zero, which will result in a bad body instance. Scale:X=0.500 Y=0.500 Z=0.000
[2025.09.01-20.22.09:961][577]LogPhysics: Warning: Scale for /Engine/Transient.World_4:PersistentLevel.Cylinder_Blueprint_C_0.Cube has a component set to zero, which will result in a bad body instance. Scale:X=0.500 Y=0.500 Z=0.000
[2025.09.01-20.22.09:962][577]LogPhysics: Warning: Scale for /Engine/Transient.World_4:PersistentLevel.Cylinder_Blueprint_C_0.Cube has a component set to zero, which will result in a bad body instance. Scale:X=0.500 Y=0.500 Z=0.000
[2025.09.01-20.22.09:962][577]LogPhysics: Warning: Scale for /Engine/Transient.World_4:PersistentLevel.Cylinder_Blueprint_C_0.Cube has a component set to zero, which will result in a bad body instance. Scale:X=0.500 Y=0.500 Z=0.000
[2025.09.01-20.22.09:970][578]LogPhysics: Warning: Scale for /Engine/Transient.World_4:PersistentLevel.Cylinder_Blueprint_C_0.Cube has a component set to zero, which will result in a bad body instance. Scale:X=0.500 Y=0.500 Z=0.000
[2025.09.01-20.22.09:970][578]LogPhysics: Warning: Scale for /Engine/Transient.World_4:PersistentLevel.Cylinder_Blueprint_C_0.Cube has a component set to zero, which will result in a bad body instance. Scale:X=0.500 Y=0.500 Z=0.000
[2025.09.01-20.22.09:970][578]LogPhysics: Warning: Scale for /Engine/Transient.World_4:PersistentLevel.Cylinder_Blueprint_C_0.Cube has a component set to zero, which will result in a bad body instance. Scale:X=0.500 Y=0.500 Z=0.000
[2025.09.01-20.22.09:979][579]LogPhysics: Warning: Scale for /Engine/Transient.World_4:PersistentLevel.Cylinder_Blueprint_C_0.Cube has a component set to zero, which will result in a bad body instance. Scale:X=0.500 Y=0.500 Z=0.000
[2025.09.01-20.22.09:979][579]LogPhysics: Warning: Scale for /Engine/Transient.World_4:PersistentLevel.Cylinder_Blueprint_C_0.Cube has a component set to zero, which will result in a bad body instance. Scale:X=0.500 Y=0.500 Z=0.000
[2025.09.01-20.22.09:979][579]LogPhysics: Warning: Scale for /Engine/Transient.World_4:PersistentLevel.Cylinder_Blueprint_C_0.Cube has a component set to zero, which will result in a bad body instance. Scale:X=0.500 Y=0.500 Z=0.000
[2025.09.01-20.22.09:987][580]LogPhysics: Warning: Scale for /Engine/Transient.World_4:PersistentLevel.Cylinder_Blueprint_C_0.Cube has a component set to zero, which will result in a bad body instance. Scale:X=0.500 Y=0.500 Z=0.000
[2025.09.01-20.22.09:987][580]LogPhysics: Warning: Scale for /Engine/Transient.World_4:PersistentLevel.Cylinder_Blueprint_C_0.Cube has a component set to zero, which will result in a bad body instance. Scale:X=0.500 Y=0.500 Z=0.000
[2025.09.01-20.22.09:987][580]LogPhysics: Warning: Scale for /Engine/Transient.World_4:PersistentLevel.Cylinder_Blueprint_C_0.Cube has a component set to zero, which will result in a bad body instance. Scale:X=0.500 Y=0.500 Z=0.000
[2025.09.01-20.22.09:996][581]LogPhysics: Warning: Scale for /Engine/Transient.World_4:PersistentLevel.Cylinder_Blueprint_C_0.Cube has a component set to zero, which will result in a bad body instance. Scale:X=0.500 Y=0.500 Z=0.000
[2025.09.01-20.22.09:996][581]LogPhysics: Warning: Scale for /Engine/Transient.World_4:PersistentLevel.Cylinder_Blueprint_C_0.Cube has a component set to zero, which will result in a bad body instance. Scale:X=0.500 Y=0.500 Z=0.000
[2025.09.01-20.22.09:996][581]LogPhysics: Warning: Scale for /Engine/Transient.World_4:PersistentLevel.Cylinder_Blueprint_C_0.Cube has a component set to zero, which will result in a bad body instance. Scale:X=0.500 Y=0.500 Z=0.000
[2025.09.01-20.22.10:004][582]LogPhysics: Warning: Scale for /Engine/Transient.World_4:PersistentLevel.Cylinder_Blueprint_C_0.Cube has a component set to zero, which will result in a bad body instance. Scale:X=0.500 Y=0.500 Z=0.000
[2025.09.01-20.22.10:004][582]LogPhysics: Warning: Scale for /Engine/Transient.World_4:PersistentLevel.Cylinder_Blueprint_C_0.Cube has a component set to zero, which will result in a bad body instance. Scale:X=0.500 Y=0.500 Z=0.000
[2025.09.01-20.22.10:005][582]LogPhysics: Warning: Scale for /Engine/Transient.World_4:PersistentLevel.Cylinder_Blueprint_C_0.Cube has a component set to zero, which will result in a bad body instance. Scale:X=0.500 Y=0.500 Z=0.000
[2025.09.01-20.22.10:013][583]LogPhysics: Warning: Scale for /Engine/Transient.World_4:PersistentLevel.Cylinder_Blueprint_C_0.Cube has a component set to zero, which will result in a bad body instance. Scale:X=0.500 Y=0.500 Z=0.000
[2025.09.01-20.22.10:013][583]LogPhysics: Warning: Scale for /Engine/Transient.World_4:PersistentLevel.Cylinder_Blueprint_C_0.Cube has a component set to zero, which will result in a bad body instance. Scale:X=0.500 Y=0.500 Z=0.000
[2025.09.01-20.22.10:013][583]LogPhysics: Warning: Scale for /Engine/Transient.World_4:PersistentLevel.Cylinder_Blueprint_C_0.Cube has a component set to zero, which will result in a bad body instance. Scale:X=0.500 Y=0.500 Z=0.000
[2025.09.01-20.22.10:022][584]LogPhysics: Warning: Scale for /Engine/Transient.World_4:PersistentLevel.Cylinder_Blueprint_C_0.Cube has a component set to zero, which will result in a bad body instance. Scale:X=0.500 Y=0.500 Z=0.000
[2025.09.01-20.22.10:022][584]LogPhysics: Warning: Scale for /Engine/Transient.World_4:PersistentLevel.Cylinder_Blueprint_C_0.Cube has a component set to zero, which will result in a bad body instance. Scale:X=0.500 Y=0.500 Z=0.000
[2025.09.01-20.22.10:022][584]LogPhysics: Warning: Scale for /Engine/Transient.World_4:PersistentLevel.Cylinder_Blueprint_C_0.Cube has a component set to zero, which will result in a bad body instance. Scale:X=0.500 Y=0.500 Z=0.000
[2025.09.01-20.22.10:031][585]LogPhysics: Warning: Scale for /Engine/Transient.World_4:PersistentLevel.Cylinder_Blueprint_C_0.Cube has a component set to zero, which will result in a bad body instance. Scale:X=0.500 Y=0.500 Z=0.000
[2025.09.01-20.22.10:032][585]LogPhysics: Warning: Scale for /Engine/Transient.World_4:PersistentLevel.Cylinder_Blueprint_C_0.Cube has a component set to zero, which will result in a bad body instance. Scale:X=0.500 Y=0.500 Z=0.000
[2025.09.01-20.22.10:032][585]LogPhysics: Warning: Scale for /Engine/Transient.World_4:PersistentLevel.Cylinder_Blueprint_C_0.Cube has a component set to zero, which will result in a bad body instance. Scale:X=0.500 Y=0.500 Z=0.000
[2025.09.01-20.22.10:040][586]LogPhysics: Warning: Scale for /Engine/Transient.World_4:PersistentLevel.Cylinder_Blueprint_C_0.Cube has a component set to zero, which will result in a bad body instance. Scale:X=0.500 Y=0.500 Z=0.000
[2025.09.01-20.22.10:041][586]LogPhysics: Warning: Scale for /Engine/Transient.World_4:PersistentLevel.Cylinder_Blueprint_C_0.Cube has a component set to zero, which will result in a bad body instance. Scale:X=0.500 Y=0.500 Z=0.000
[2025.09.01-20.22.10:041][586]LogPhysics: Warning: Scale for /Engine/Transient.World_4:PersistentLevel.Cylinder_Blueprint_C_0.Cube has a component set to zero, which will result in a bad body instance. Scale:X=0.500 Y=0.500 Z=0.000
[2025.09.01-20.22.10:049][587]LogPhysics: Warning: Scale for /Engine/Transient.World_4:PersistentLevel.Cylinder_Blueprint_C_0.Cube has a component set to zero, which will result in a bad body instance. Scale:X=0.500 Y=0.500 Z=0.000
[2025.09.01-20.22.10:049][587]LogPhysics: Warning: Scale for /Engine/Transient.World_4:PersistentLevel.Cylinder_Blueprint_C_0.Cube has a component set to zero, which will result in a bad body instance. Scale:X=0.500 Y=0.500 Z=0.000
[2025.09.01-20.22.10:049][587]LogPhysics: Warning: Scale for /Engine/Transient.World_4:PersistentLevel.Cylinder_Blueprint_C_0.Cube has a component set to zero, which will result in a bad body instance. Scale:X=0.500 Y=0.500 Z=0.000
[2025.09.01-20.22.10:058][588]LogPhysics: Warning: Scale for /Engine/Transient.World_4:PersistentLevel.Cylinder_Blueprint_C_0.Cube has a component set to zero, which will result in a bad body instance. Scale:X=0.500 Y=0.500 Z=0.000
[2025.09.01-20.22.10:058][588]LogPhysics: Warning: Scale for /Engine/Transient.World_4:PersistentLevel.Cylinder_Blueprint_C_0.Cube has a component set to zero, which will result in a bad body instance. Scale:X=0.500 Y=0.500 Z=0.000
[2025.09.01-20.22.10:059][588]LogPhysics: Warning: Scale for /Engine/Transient.World_4:PersistentLevel.Cylinder_Blueprint_C_0.Cube has a component set to zero, which will result in a bad body instance. Scale:X=0.500 Y=0.500 Z=0.000
[2025.09.01-20.22.10:067][589]LogPhysics: Warning: Scale for /Engine/Transient.World_4:PersistentLevel.Cylinder_Blueprint_C_0.Cube has a component set to zero, which will result in a bad body instance. Scale:X=0.500 Y=0.500 Z=0.000
[2025.09.01-20.22.10:068][589]LogPhysics: Warning: Scale for /Engine/Transient.World_4:PersistentLevel.Cylinder_Blueprint_C_0.Cube has a component set to zero, which will result in a bad body instance. Scale:X=0.500 Y=0.500 Z=0.000
[2025.09.01-20.22.10:068][589]LogPhysics: Warning: Scale for /Engine/Transient.World_4:PersistentLevel.Cylinder_Blueprint_C_0.Cube has a component set to zero, which will result in a bad body instance. Scale:X=0.500 Y=0.500 Z=0.000
[2025.09.01-20.22.10:076][590]LogPhysics: Warning: Scale for /Engine/Transient.World_4:PersistentLevel.Cylinder_Blueprint_C_0.Cube has a component set to zero, which will result in a bad body instance. Scale:X=0.500 Y=0.500 Z=0.000
[2025.09.01-20.22.10:077][590]LogPhysics: Warning: Scale for /Engine/Transient.World_4:PersistentLevel.Cylinder_Blueprint_C_0.Cube has a component set to zero, which will result in a bad body instance. Scale:X=0.500 Y=0.500 Z=0.000
[2025.09.01-20.22.10:077][590]LogPhysics: Warning: Scale for /Engine/Transient.World_4:PersistentLevel.Cylinder_Blueprint_C_0.Cube has a component set to zero, which will result in a bad body instance. Scale:X=0.500 Y=0.500 Z=0.000
[2025.09.01-20.22.10:086][591]LogPhysics: Warning: Scale for /Engine/Transient.World_4:PersistentLevel.Cylinder_Blueprint_C_0.Cube has a component set to zero, which will result in a bad body instance. Scale:X=0.500 Y=0.500 Z=0.000
[2025.09.01-20.22.10:086][591]LogPhysics: Warning: Scale for /Engine/Transient.World_4:PersistentLevel.Cylinder_Blueprint_C_0.Cube has a component set to zero, which will result in a bad body instance. Scale:X=0.500 Y=0.500 Z=0.000
[2025.09.01-20.22.10:086][591]LogPhysics: Warning: Scale for /Engine/Transient.World_4:PersistentLevel.Cylinder_Blueprint_C_0.Cube has a component set to zero, which will result in a bad body instance. Scale:X=0.500 Y=0.500 Z=0.000
[2025.09.01-20.22.10:095][592]LogPhysics: Warning: Scale for /Engine/Transient.World_4:PersistentLevel.Cylinder_Blueprint_C_0.Cube has a component set to zero, which will result in a bad body instance. Scale:X=0.500 Y=0.500 Z=0.000
[2025.09.01-20.22.10:095][592]LogPhysics: Warning: Scale for /Engine/Transient.World_4:PersistentLevel.Cylinder_Blueprint_C_0.Cube has a component set to zero, which will result in a bad body instance. Scale:X=0.500 Y=0.500 Z=0.000
[2025.09.01-20.22.10:095][592]LogPhysics: Warning: Scale for /Engine/Transient.World_4:PersistentLevel.Cylinder_Blueprint_C_0.Cube has a component set to zero, which will result in a bad body instance. Scale:X=0.500 Y=0.500 Z=0.000
[2025.09.01-20.22.10:104][593]LogPhysics: Warning: Scale for /Engine/Transient.World_4:PersistentLevel.Cylinder_Blueprint_C_0.Cube has a component set to zero, which will result in a bad body instance. Scale:X=0.500 Y=0.500 Z=0.000
[2025.09.01-20.22.10:104][593]LogPhysics: Warning: Scale for /Engine/Transient.World_4:PersistentLevel.Cylinder_Blueprint_C_0.Cube has a component set to zero, which will result in a bad body instance. Scale:X=0.500 Y=0.500 Z=0.000
[2025.09.01-20.22.10:104][593]LogPhysics: Warning: Scale for /Engine/Transient.World_4:PersistentLevel.Cylinder_Blueprint_C_0.Cube has a component set to zero, which will result in a bad body instance. Scale:X=0.500 Y=0.500 Z=0.000
[2025.09.01-20.22.10:113][594]LogPhysics: Warning: Scale for /Engine/Transient.World_4:PersistentLevel.Cylinder_Blueprint_C_0.Cube has a component set to zero, which will result in a bad body instance. Scale:X=0.500 Y=0.500 Z=0.000
[2025.09.01-20.22.10:113][594]LogPhysics: Warning: Scale for /Engine/Transient.World_4:PersistentLevel.Cylinder_Blueprint_C_0.Cube has a component set to zero, which will result in a bad body instance. Scale:X=0.500 Y=0.500 Z=0.000
[2025.09.01-20.22.13:588][  3]LogPhysics: Warning: Scale for /Engine/Transient.World_4:PersistentLevel.Cylinder_Blueprint_C_0.Cube has a component set to zero, which will result in a bad body instance. Scale:X=1.375 Y=0.500 Z=0.000
[2025.09.01-20.22.13:588][  3]LogPhysics: Warning: Scale for /Game/Cenas/Leonardo.Leonardo:PersistentLevel.Cylinder_Blueprint.Cube has a component set to zero, which will result in a bad body instance. Scale:X=1.375 Y=0.500 Z=0.000
[2025.09.01-20.22.13:589][  3]LogPhysics: Warning: Scale for /Engine/Transient.World_4:PersistentLevel.Cylinder_Blueprint_C_0.Cube has a component set to zero, which will result in a bad body instance. Scale:X=1.375 Y=0.500 Z=0.000
[2025.09.01-20.22.13:597][  4]LogPhysics: Warning: Scale for /Engine/Transient.World_4:PersistentLevel.Cylinder_Blueprint_C_0.Cube has a component set to zero, which will result in a bad body instance. Scale:X=1.375 Y=0.500 Z=0.000
[2025.09.01-20.22.13:597][  4]LogPhysics: Warning: Scale for /Engine/Transient.World_4:PersistentLevel.Cylinder_Blueprint_C_0.Cube has a component set to zero, which will result in a bad body instance. Scale:X=1.375 Y=0.500 Z=0.000
[2025.09.01-20.22.13:597][  4]LogPhysics: Warning: Scale for /Engine/Transient.World_4:PersistentLevel.Cylinder_Blueprint_C_0.Cube has a component set to zero, which will result in a bad body instance. Scale:X=1.375 Y=0.500 Z=0.000
[2025.09.01-20.22.13:605][  5]LogPhysics: Warning: Scale for /Engine/Transient.World_4:PersistentLevel.Cylinder_Blueprint_C_0.Cube has a component set to zero, which will result in a bad body instance. Scale:X=1.375 Y=0.500 Z=0.000
[2025.09.01-20.22.13:605][  5]LogPhysics: Warning: Scale for /Engine/Transient.World_4:PersistentLevel.Cylinder_Blueprint_C_0.Cube has a component set to zero, which will result in a bad body instance. Scale:X=1.375 Y=0.500 Z=0.000
[2025.09.01-20.22.13:606][  5]LogPhysics: Warning: Scale for /Engine/Transient.World_4:PersistentLevel.Cylinder_Blueprint_C_0.Cube has a component set to zero, which will result in a bad body instance. Scale:X=1.375 Y=0.500 Z=0.000
[2025.09.01-20.22.13:614][  6]LogPhysics: Warning: Scale for /Engine/Transient.World_4:PersistentLevel.Cylinder_Blueprint_C_0.Cube has a component set to zero, which will result in a bad body instance. Scale:X=1.375 Y=0.500 Z=0.000
[2025.09.01-20.22.13:614][  6]LogPhysics: Warning: Scale for /Engine/Transient.World_4:PersistentLevel.Cylinder_Blueprint_C_0.Cube has a component set to zero, which will result in a bad body instance. Scale:X=1.375 Y=0.500 Z=0.000
[2025.09.01-20.22.13:614][  6]LogPhysics: Warning: Scale for /Engine/Transient.World_4:PersistentLevel.Cylinder_Blueprint_C_0.Cube has a component set to zero, which will result in a bad body instance. Scale:X=1.375 Y=0.500 Z=0.000
[2025.09.01-20.22.13:622][  7]LogPhysics: Warning: Scale for /Engine/Transient.World_4:PersistentLevel.Cylinder_Blueprint_C_0.Cube has a component set to zero, which will result in a bad body instance. Scale:X=1.375 Y=0.500 Z=0.000
[2025.09.01-20.22.13:622][  7]LogPhysics: Warning: Scale for /Engine/Transient.World_4:PersistentLevel.Cylinder_Blueprint_C_0.Cube has a component set to zero, which will result in a bad body instance. Scale:X=1.375 Y=0.500 Z=0.000
[2025.09.01-20.22.13:623][  7]LogPhysics: Warning: Scale for /Engine/Transient.World_4:PersistentLevel.Cylinder_Blueprint_C_0.Cube has a component set to zero, which will result in a bad body instance. Scale:X=1.375 Y=0.500 Z=0.000
[2025.09.01-20.22.13:631][  8]LogPhysics: Warning: Scale for /Engine/Transient.World_4:PersistentLevel.Cylinder_Blueprint_C_0.Cube has a component set to zero, which will result in a bad body instance. Scale:X=1.375 Y=0.500 Z=0.000
[2025.09.01-20.22.13:631][  8]LogPhysics: Warning: Scale for /Engine/Transient.World_4:PersistentLevel.Cylinder_Blueprint_C_0.Cube has a component set to zero, which will result in a bad body instance. Scale:X=1.375 Y=0.500 Z=0.000
[2025.09.01-20.22.13:631][  8]LogPhysics: Warning: Scale for /Engine/Transient.World_4:PersistentLevel.Cylinder_Blueprint_C_0.Cube has a component set to zero, which will result in a bad body instance. Scale:X=1.375 Y=0.500 Z=0.000
[2025.09.01-20.22.13:639][  9]LogPhysics: Warning: Scale for /Engine/Transient.World_4:PersistentLevel.Cylinder_Blueprint_C_0.Cube has a component set to zero, which will result in a bad body instance. Scale:X=1.375 Y=0.500 Z=0.000
[2025.09.01-20.22.13:639][  9]LogPhysics: Warning: Scale for /Engine/Transient.World_4:PersistentLevel.Cylinder_Blueprint_C_0.Cube has a component set to zero, which will result in a bad body instance. Scale:X=1.375 Y=0.500 Z=0.000
[2025.09.01-20.22.13:639][  9]LogPhysics: Warning: Scale for /Engine/Transient.World_4:PersistentLevel.Cylinder_Blueprint_C_0.Cube has a component set to zero, which will result in a bad body instance. Scale:X=1.375 Y=0.500 Z=0.000
[2025.09.01-20.22.13:648][ 10]LogPhysics: Warning: Scale for /Engine/Transient.World_4:PersistentLevel.Cylinder_Blueprint_C_0.Cube has a component set to zero, which will result in a bad body instance. Scale:X=1.375 Y=0.500 Z=0.000
[2025.09.01-20.22.13:648][ 10]LogPhysics: Warning: Scale for /Engine/Transient.World_4:PersistentLevel.Cylinder_Blueprint_C_0.Cube has a component set to zero, which will result in a bad body instance. Scale:X=1.375 Y=0.500 Z=0.000
[2025.09.01-20.22.13:648][ 10]LogPhysics: Warning: Scale for /Engine/Transient.World_4:PersistentLevel.Cylinder_Blueprint_C_0.Cube has a component set to zero, which will result in a bad body instance. Scale:X=1.375 Y=0.500 Z=0.000
[2025.09.01-20.22.13:655][ 11]LogPhysics: Warning: Scale for /Engine/Transient.World_4:PersistentLevel.Cylinder_Blueprint_C_0.Cube has a component set to zero, which will result in a bad body instance. Scale:X=1.375 Y=0.500 Z=0.000
[2025.09.01-20.22.13:655][ 11]LogPhysics: Warning: Scale for /Engine/Transient.World_4:PersistentLevel.Cylinder_Blueprint_C_0.Cube has a component set to zero, which will result in a bad body instance. Scale:X=1.375 Y=0.500 Z=0.000
[2025.09.01-20.22.13:655][ 11]LogPhysics: Warning: Scale for /Engine/Transient.World_4:PersistentLevel.Cylinder_Blueprint_C_0.Cube has a component set to zero, which will result in a bad body instance. Scale:X=1.375 Y=0.500 Z=0.000
[2025.09.01-20.22.13:663][ 12]LogPhysics: Warning: Scale for /Engine/Transient.World_4:PersistentLevel.Cylinder_Blueprint_C_0.Cube has a component set to zero, which will result in a bad body instance. Scale:X=1.375 Y=0.500 Z=0.000
[2025.09.01-20.22.13:664][ 12]LogPhysics: Warning: Scale for /Engine/Transient.World_4:PersistentLevel.Cylinder_Blueprint_C_0.Cube has a component set to zero, which will result in a bad body instance. Scale:X=1.375 Y=0.500 Z=0.000
[2025.09.01-20.22.13:664][ 12]LogPhysics: Warning: Scale for /Engine/Transient.World_4:PersistentLevel.Cylinder_Blueprint_C_0.Cube has a component set to zero, which will result in a bad body instance. Scale:X=1.375 Y=0.500 Z=0.000
[2025.09.01-20.22.13:672][ 13]LogPhysics: Warning: Scale for /Engine/Transient.World_4:PersistentLevel.Cylinder_Blueprint_C_0.Cube has a component set to zero, which will result in a bad body instance. Scale:X=1.375 Y=0.500 Z=0.000
[2025.09.01-20.22.13:672][ 13]LogPhysics: Warning: Scale for /Engine/Transient.World_4:PersistentLevel.Cylinder_Blueprint_C_0.Cube has a component set to zero, which will result in a bad body instance. Scale:X=1.375 Y=0.500 Z=0.000
[2025.09.01-20.22.13:672][ 13]LogPhysics: Warning: Scale for /Engine/Transient.World_4:PersistentLevel.Cylinder_Blueprint_C_0.Cube has a component set to zero, which will result in a bad body instance. Scale:X=1.375 Y=0.500 Z=0.000
[2025.09.01-20.22.13:680][ 14]LogPhysics: Warning: Scale for /Engine/Transient.World_4:PersistentLevel.Cylinder_Blueprint_C_0.Cube has a component set to zero, which will result in a bad body instance. Scale:X=1.375 Y=0.500 Z=0.000
[2025.09.01-20.22.13:681][ 14]LogPhysics: Warning: Scale for /Engine/Transient.World_4:PersistentLevel.Cylinder_Blueprint_C_0.Cube has a component set to zero, which will result in a bad body instance. Scale:X=1.375 Y=0.500 Z=0.000
[2025.09.01-20.22.13:681][ 14]LogPhysics: Warning: Scale for /Engine/Transient.World_4:PersistentLevel.Cylinder_Blueprint_C_0.Cube has a component set to zero, which will result in a bad body instance. Scale:X=1.375 Y=0.500 Z=0.000
[2025.09.01-20.22.13:689][ 15]LogPhysics: Warning: Scale for /Engine/Transient.World_4:PersistentLevel.Cylinder_Blueprint_C_0.Cube has a component set to zero, which will result in a bad body instance. Scale:X=1.375 Y=0.500 Z=0.000
[2025.09.01-20.22.13:689][ 15]LogPhysics: Warning: Scale for /Engine/Transient.World_4:PersistentLevel.Cylinder_Blueprint_C_0.Cube has a component set to zero, which will result in a bad body instance. Scale:X=1.375 Y=0.500 Z=0.000
[2025.09.01-20.22.13:689][ 15]LogPhysics: Warning: Scale for /Engine/Transient.World_4:PersistentLevel.Cylinder_Blueprint_C_0.Cube has a component set to zero, which will result in a bad body instance. Scale:X=1.375 Y=0.500 Z=0.000
[2025.09.01-20.22.13:697][ 16]LogPhysics: Warning: Scale for /Engine/Transient.World_4:PersistentLevel.Cylinder_Blueprint_C_0.Cube has a component set to zero, which will result in a bad body instance. Scale:X=1.375 Y=0.500 Z=0.000
[2025.09.01-20.22.13:698][ 16]LogPhysics: Warning: Scale for /Engine/Transient.World_4:PersistentLevel.Cylinder_Blueprint_C_0.Cube has a component set to zero, which will result in a bad body instance. Scale:X=1.375 Y=0.500 Z=0.000
[2025.09.01-20.22.13:698][ 16]LogPhysics: Warning: Scale for /Engine/Transient.World_4:PersistentLevel.Cylinder_Blueprint_C_0.Cube has a component set to zero, which will result in a bad body instance. Scale:X=1.375 Y=0.500 Z=0.000
[2025.09.01-20.22.13:706][ 17]LogPhysics: Warning: Scale for /Engine/Transient.World_4:PersistentLevel.Cylinder_Blueprint_C_0.Cube has a component set to zero, which will result in a bad body instance. Scale:X=1.375 Y=0.500 Z=0.000
[2025.09.01-20.22.13:706][ 17]LogPhysics: Warning: Scale for /Engine/Transient.World_4:PersistentLevel.Cylinder_Blueprint_C_0.Cube has a component set to zero, which will result in a bad body instance. Scale:X=1.375 Y=0.500 Z=0.000
[2025.09.01-20.22.13:706][ 17]LogPhysics: Warning: Scale for /Engine/Transient.World_4:PersistentLevel.Cylinder_Blueprint_C_0.Cube has a component set to zero, which will result in a bad body instance. Scale:X=1.375 Y=0.500 Z=0.000
[2025.09.01-20.22.13:714][ 18]LogPhysics: Warning: Scale for /Engine/Transient.World_4:PersistentLevel.Cylinder_Blueprint_C_0.Cube has a component set to zero, which will result in a bad body instance. Scale:X=1.375 Y=0.500 Z=0.000
[2025.09.01-20.22.13:714][ 18]LogPhysics: Warning: Scale for /Engine/Transient.World_4:PersistentLevel.Cylinder_Blueprint_C_0.Cube has a component set to zero, which will result in a bad body instance. Scale:X=1.375 Y=0.500 Z=0.000
[2025.09.01-20.22.13:715][ 18]LogPhysics: Warning: Scale for /Engine/Transient.World_4:PersistentLevel.Cylinder_Blueprint_C_0.Cube has a component set to zero, which will result in a bad body instance. Scale:X=1.375 Y=0.500 Z=0.000
[2025.09.01-20.22.13:723][ 19]LogPhysics: Warning: Scale for /Engine/Transient.World_4:PersistentLevel.Cylinder_Blueprint_C_0.Cube has a component set to zero, which will result in a bad body instance. Scale:X=1.375 Y=0.500 Z=0.000
[2025.09.01-20.22.13:723][ 19]LogPhysics: Warning: Scale for /Engine/Transient.World_4:PersistentLevel.Cylinder_Blueprint_C_0.Cube has a component set to zero, which will result in a bad body instance. Scale:X=1.375 Y=0.500 Z=0.000
[2025.09.01-20.22.13:723][ 19]LogPhysics: Warning: Scale for /Engine/Transient.World_4:PersistentLevel.Cylinder_Blueprint_C_0.Cube has a component set to zero, which will result in a bad body instance. Scale:X=1.375 Y=0.500 Z=0.000
[2025.09.01-20.22.13:731][ 20]LogPhysics: Warning: Scale for /Engine/Transient.World_4:PersistentLevel.Cylinder_Blueprint_C_0.Cube has a component set to zero, which will result in a bad body instance. Scale:X=1.375 Y=0.500 Z=0.000
[2025.09.01-20.22.13:731][ 20]LogPhysics: Warning: Scale for /Engine/Transient.World_4:PersistentLevel.Cylinder_Blueprint_C_0.Cube has a component set to zero, which will result in a bad body instance. Scale:X=1.375 Y=0.500 Z=0.000
[2025.09.01-20.22.13:731][ 20]LogPhysics: Warning: Scale for /Engine/Transient.World_4:PersistentLevel.Cylinder_Blueprint_C_0.Cube has a component set to zero, which will result in a bad body instance. Scale:X=1.375 Y=0.500 Z=0.000
[2025.09.01-20.22.13:739][ 21]LogPhysics: Warning: Scale for /Engine/Transient.World_4:PersistentLevel.Cylinder_Blueprint_C_0.Cube has a component set to zero, which will result in a bad body instance. Scale:X=1.375 Y=0.500 Z=0.000
[2025.09.01-20.22.13:740][ 21]LogPhysics: Warning: Scale for /Engine/Transient.World_4:PersistentLevel.Cylinder_Blueprint_C_0.Cube has a component set to zero, which will result in a bad body instance. Scale:X=1.375 Y=0.500 Z=0.000
[2025.09.01-20.22.13:740][ 21]LogPhysics: Warning: Scale for /Engine/Transient.World_4:PersistentLevel.Cylinder_Blueprint_C_0.Cube has a component set to zero, which will result in a bad body instance. Scale:X=1.375 Y=0.500 Z=0.000
[2025.09.01-20.22.13:748][ 22]LogPhysics: Warning: Scale for /Engine/Transient.World_4:PersistentLevel.Cylinder_Blueprint_C_0.Cube has a component set to zero, which will result in a bad body instance. Scale:X=1.375 Y=0.500 Z=0.000
[2025.09.01-20.22.13:748][ 22]LogPhysics: Warning: Scale for /Engine/Transient.World_4:PersistentLevel.Cylinder_Blueprint_C_0.Cube has a component set to zero, which will result in a bad body instance. Scale:X=1.375 Y=0.500 Z=0.000
[2025.09.01-20.22.13:748][ 22]LogPhysics: Warning: Scale for /Engine/Transient.World_4:PersistentLevel.Cylinder_Blueprint_C_0.Cube has a component set to zero, which will result in a bad body instance. Scale:X=1.375 Y=0.500 Z=0.000
[2025.09.01-20.22.13:756][ 23]LogPhysics: Warning: Scale for /Engine/Transient.World_4:PersistentLevel.Cylinder_Blueprint_C_0.Cube has a component set to zero, which will result in a bad body instance. Scale:X=1.375 Y=0.500 Z=0.000
[2025.09.01-20.22.13:756][ 23]LogPhysics: Warning: Scale for /Engine/Transient.World_4:PersistentLevel.Cylinder_Blueprint_C_0.Cube has a component set to zero, which will result in a bad body instance. Scale:X=1.375 Y=0.500 Z=0.000
[2025.09.01-20.22.13:756][ 23]LogPhysics: Warning: Scale for /Engine/Transient.World_4:PersistentLevel.Cylinder_Blueprint_C_0.Cube has a component set to zero, which will result in a bad body instance. Scale:X=1.375 Y=0.500 Z=0.000
[2025.09.01-20.22.13:765][ 24]LogPhysics: Warning: Scale for /Engine/Transient.World_4:PersistentLevel.Cylinder_Blueprint_C_0.Cube has a component set to zero, which will result in a bad body instance. Scale:X=1.375 Y=0.500 Z=0.000
[2025.09.01-20.22.13:765][ 24]LogPhysics: Warning: Scale for /Engine/Transient.World_4:PersistentLevel.Cylinder_Blueprint_C_0.Cube has a component set to zero, which will result in a bad body instance. Scale:X=1.375 Y=0.500 Z=0.000
[2025.09.01-20.22.13:765][ 24]LogPhysics: Warning: Scale for /Engine/Transient.World_4:PersistentLevel.Cylinder_Blueprint_C_0.Cube has a component set to zero, which will result in a bad body instance. Scale:X=1.375 Y=0.500 Z=0.000
[2025.09.01-20.22.13:773][ 25]LogPhysics: Warning: Scale for /Engine/Transient.World_4:PersistentLevel.Cylinder_Blueprint_C_0.Cube has a component set to zero, which will result in a bad body instance. Scale:X=1.375 Y=0.500 Z=0.000
[2025.09.01-20.22.13:773][ 25]LogPhysics: Warning: Scale for /Engine/Transient.World_4:PersistentLevel.Cylinder_Blueprint_C_0.Cube has a component set to zero, which will result in a bad body instance. Scale:X=1.375 Y=0.500 Z=0.000
[2025.09.01-20.22.13:773][ 25]LogPhysics: Warning: Scale for /Engine/Transient.World_4:PersistentLevel.Cylinder_Blueprint_C_0.Cube has a component set to zero, which will result in a bad body instance. Scale:X=1.375 Y=0.500 Z=0.000
[2025.09.01-20.22.13:781][ 26]LogPhysics: Warning: Scale for /Engine/Transient.World_4:PersistentLevel.Cylinder_Blueprint_C_0.Cube has a component set to zero, which will result in a bad body instance. Scale:X=1.375 Y=0.500 Z=0.000
[2025.09.01-20.22.13:782][ 26]LogPhysics: Warning: Scale for /Engine/Transient.World_4:PersistentLevel.Cylinder_Blueprint_C_0.Cube has a component set to zero, which will result in a bad body instance. Scale:X=1.375 Y=0.500 Z=0.000
[2025.09.01-20.22.13:782][ 26]LogPhysics: Warning: Scale for /Engine/Transient.World_4:PersistentLevel.Cylinder_Blueprint_C_0.Cube has a component set to zero, which will result in a bad body instance. Scale:X=1.375 Y=0.500 Z=0.000
[2025.09.01-20.22.13:790][ 27]LogPhysics: Warning: Scale for /Engine/Transient.World_4:PersistentLevel.Cylinder_Blueprint_C_0.Cube has a component set to zero, which will result in a bad body instance. Scale:X=1.375 Y=0.500 Z=0.000
[2025.09.01-20.22.13:790][ 27]LogPhysics: Warning: Scale for /Engine/Transient.World_4:PersistentLevel.Cylinder_Blueprint_C_0.Cube has a component set to zero, which will result in a bad body instance. Scale:X=1.375 Y=0.500 Z=0.000
[2025.09.01-20.22.13:790][ 27]LogPhysics: Warning: Scale for /Engine/Transient.World_4:PersistentLevel.Cylinder_Blueprint_C_0.Cube has a component set to zero, which will result in a bad body instance. Scale:X=1.375 Y=0.500 Z=0.000
[2025.09.01-20.22.13:799][ 28]LogPhysics: Warning: Scale for /Engine/Transient.World_4:PersistentLevel.Cylinder_Blueprint_C_0.Cube has a component set to zero, which will result in a bad body instance. Scale:X=1.375 Y=0.500 Z=0.000
[2025.09.01-20.22.13:799][ 28]LogPhysics: Warning: Scale for /Engine/Transient.World_4:PersistentLevel.Cylinder_Blueprint_C_0.Cube has a component set to zero, which will result in a bad body instance. Scale:X=1.375 Y=0.500 Z=0.000
[2025.09.01-20.22.13:799][ 28]LogPhysics: Warning: Scale for /Engine/Transient.World_4:PersistentLevel.Cylinder_Blueprint_C_0.Cube has a component set to zero, which will result in a bad body instance. Scale:X=1.375 Y=0.500 Z=0.000
[2025.09.01-20.22.13:807][ 29]LogPhysics: Warning: Scale for /Engine/Transient.World_4:PersistentLevel.Cylinder_Blueprint_C_0.Cube has a component set to zero, which will result in a bad body instance. Scale:X=1.375 Y=0.500 Z=0.000
[2025.09.01-20.22.13:807][ 29]LogPhysics: Warning: Scale for /Engine/Transient.World_4:PersistentLevel.Cylinder_Blueprint_C_0.Cube has a component set to zero, which will result in a bad body instance. Scale:X=1.375 Y=0.500 Z=0.000
[2025.09.01-20.22.13:807][ 29]LogPhysics: Warning: Scale for /Engine/Transient.World_4:PersistentLevel.Cylinder_Blueprint_C_0.Cube has a component set to zero, which will result in a bad body instance. Scale:X=1.375 Y=0.500 Z=0.000
[2025.09.01-20.22.13:815][ 30]LogPhysics: Warning: Scale for /Engine/Transient.World_4:PersistentLevel.Cylinder_Blueprint_C_0.Cube has a component set to zero, which will result in a bad body instance. Scale:X=1.375 Y=0.500 Z=0.000
[2025.09.01-20.22.13:816][ 30]LogPhysics: Warning: Scale for /Engine/Transient.World_4:PersistentLevel.Cylinder_Blueprint_C_0.Cube has a component set to zero, which will result in a bad body instance. Scale:X=1.375 Y=0.500 Z=0.000
[2025.09.01-20.22.13:816][ 30]LogPhysics: Warning: Scale for /Engine/Transient.World_4:PersistentLevel.Cylinder_Blueprint_C_0.Cube has a component set to zero, which will result in a bad body instance. Scale:X=1.375 Y=0.500 Z=0.000
[2025.09.01-20.22.13:824][ 31]LogPhysics: Warning: Scale for /Engine/Transient.World_4:PersistentLevel.Cylinder_Blueprint_C_0.Cube has a component set to zero, which will result in a bad body instance. Scale:X=1.375 Y=0.500 Z=0.000
[2025.09.01-20.22.13:824][ 31]LogPhysics: Warning: Scale for /Engine/Transient.World_4:PersistentLevel.Cylinder_Blueprint_C_0.Cube has a component set to zero, which will result in a bad body instance. Scale:X=1.375 Y=0.500 Z=0.000
[2025.09.01-20.22.13:824][ 31]LogPhysics: Warning: Scale for /Engine/Transient.World_4:PersistentLevel.Cylinder_Blueprint_C_0.Cube has a component set to zero, which will result in a bad body instance. Scale:X=1.375 Y=0.500 Z=0.000
[2025.09.01-20.22.13:832][ 32]LogPhysics: Warning: Scale for /Engine/Transient.World_4:PersistentLevel.Cylinder_Blueprint_C_0.Cube has a component set to zero, which will result in a bad body instance. Scale:X=1.375 Y=0.500 Z=0.000
[2025.09.01-20.22.13:833][ 32]LogPhysics: Warning: Scale for /Engine/Transient.World_4:PersistentLevel.Cylinder_Blueprint_C_0.Cube has a component set to zero, which will result in a bad body instance. Scale:X=1.375 Y=0.500 Z=0.000
[2025.09.01-20.22.13:833][ 32]LogPhysics: Warning: Scale for /Engine/Transient.World_4:PersistentLevel.Cylinder_Blueprint_C_0.Cube has a component set to zero, which will result in a bad body instance. Scale:X=1.375 Y=0.500 Z=0.000
[2025.09.01-20.22.13:841][ 33]LogPhysics: Warning: Scale for /Engine/Transient.World_4:PersistentLevel.Cylinder_Blueprint_C_0.Cube has a component set to zero, which will result in a bad body instance. Scale:X=1.375 Y=0.500 Z=0.000
[2025.09.01-20.22.13:841][ 33]LogPhysics: Warning: Scale for /Engine/Transient.World_4:PersistentLevel.Cylinder_Blueprint_C_0.Cube has a component set to zero, which will result in a bad body instance. Scale:X=1.375 Y=0.500 Z=0.000
[2025.09.01-20.22.13:841][ 33]LogPhysics: Warning: Scale for /Engine/Transient.World_4:PersistentLevel.Cylinder_Blueprint_C_0.Cube has a component set to zero, which will result in a bad body instance. Scale:X=1.375 Y=0.500 Z=0.000
[2025.09.01-20.22.13:849][ 34]LogPhysics: Warning: Scale for /Engine/Transient.World_4:PersistentLevel.Cylinder_Blueprint_C_0.Cube has a component set to zero, which will result in a bad body instance. Scale:X=1.375 Y=0.500 Z=0.000
[2025.09.01-20.22.13:849][ 34]LogPhysics: Warning: Scale for /Engine/Transient.World_4:PersistentLevel.Cylinder_Blueprint_C_0.Cube has a component set to zero, which will result in a bad body instance. Scale:X=1.375 Y=0.500 Z=0.000
[2025.09.01-20.22.13:850][ 34]LogPhysics: Warning: Scale for /Engine/Transient.World_4:PersistentLevel.Cylinder_Blueprint_C_0.Cube has a component set to zero, which will result in a bad body instance. Scale:X=1.375 Y=0.500 Z=0.000
[2025.09.01-20.22.13:858][ 35]LogPhysics: Warning: Scale for /Engine/Transient.World_4:PersistentLevel.Cylinder_Blueprint_C_0.Cube has a component set to zero, which will result in a bad body instance. Scale:X=1.375 Y=0.500 Z=0.000
[2025.09.01-20.22.13:858][ 35]LogPhysics: Warning: Scale for /Engine/Transient.World_4:PersistentLevel.Cylinder_Blueprint_C_0.Cube has a component set to zero, which will result in a bad body instance. Scale:X=1.375 Y=0.500 Z=0.000
[2025.09.01-20.22.13:858][ 35]LogPhysics: Warning: Scale for /Engine/Transient.World_4:PersistentLevel.Cylinder_Blueprint_C_0.Cube has a component set to zero, which will result in a bad body instance. Scale:X=1.375 Y=0.500 Z=0.000
[2025.09.01-20.22.13:866][ 36]LogPhysics: Warning: Scale for /Engine/Transient.World_4:PersistentLevel.Cylinder_Blueprint_C_0.Cube has a component set to zero, which will result in a bad body instance. Scale:X=1.375 Y=0.500 Z=0.000
[2025.09.01-20.22.13:866][ 36]LogPhysics: Warning: Scale for /Engine/Transient.World_4:PersistentLevel.Cylinder_Blueprint_C_0.Cube has a component set to zero, which will result in a bad body instance. Scale:X=1.375 Y=0.500 Z=0.000
[2025.09.01-20.22.13:866][ 36]LogPhysics: Warning: Scale for /Engine/Transient.World_4:PersistentLevel.Cylinder_Blueprint_C_0.Cube has a component set to zero, which will result in a bad body instance. Scale:X=1.375 Y=0.500 Z=0.000
[2025.09.01-20.22.13:874][ 37]LogPhysics: Warning: Scale for /Engine/Transient.World_4:PersistentLevel.Cylinder_Blueprint_C_0.Cube has a component set to zero, which will result in a bad body instance. Scale:X=1.375 Y=0.500 Z=0.000
[2025.09.01-20.22.13:875][ 37]LogPhysics: Warning: Scale for /Engine/Transient.World_4:PersistentLevel.Cylinder_Blueprint_C_0.Cube has a component set to zero, which will result in a bad body instance. Scale:X=1.375 Y=0.500 Z=0.000
[2025.09.01-20.22.13:875][ 37]LogPhysics: Warning: Scale for /Engine/Transient.World_4:PersistentLevel.Cylinder_Blueprint_C_0.Cube has a component set to zero, which will result in a bad body instance. Scale:X=1.375 Y=0.500 Z=0.000
[2025.09.01-20.22.13:883][ 38]LogPhysics: Warning: Scale for /Engine/Transient.World_4:PersistentLevel.Cylinder_Blueprint_C_0.Cube has a component set to zero, which will result in a bad body instance. Scale:X=1.375 Y=0.500 Z=0.000
[2025.09.01-20.22.13:883][ 38]LogPhysics: Warning: Scale for /Engine/Transient.World_4:PersistentLevel.Cylinder_Blueprint_C_0.Cube has a component set to zero, which will result in a bad body instance. Scale:X=1.375 Y=0.500 Z=0.000
[2025.09.01-20.22.13:883][ 38]LogPhysics: Warning: Scale for /Engine/Transient.World_4:PersistentLevel.Cylinder_Blueprint_C_0.Cube has a component set to zero, which will result in a bad body instance. Scale:X=1.375 Y=0.500 Z=0.000
[2025.09.01-20.22.13:891][ 39]LogPhysics: Warning: Scale for /Engine/Transient.World_4:PersistentLevel.Cylinder_Blueprint_C_0.Cube has a component set to zero, which will result in a bad body instance. Scale:X=1.375 Y=0.500 Z=0.000
[2025.09.01-20.22.13:891][ 39]LogPhysics: Warning: Scale for /Engine/Transient.World_4:PersistentLevel.Cylinder_Blueprint_C_0.Cube has a component set to zero, which will result in a bad body instance. Scale:X=1.375 Y=0.500 Z=0.000
[2025.09.01-20.22.13:892][ 39]LogPhysics: Warning: Scale for /Engine/Transient.World_4:PersistentLevel.Cylinder_Blueprint_C_0.Cube has a component set to zero, which will result in a bad body instance. Scale:X=1.375 Y=0.500 Z=0.000
[2025.09.01-20.22.13:900][ 40]LogPhysics: Warning: Scale for /Engine/Transient.World_4:PersistentLevel.Cylinder_Blueprint_C_0.Cube has a component set to zero, which will result in a bad body instance. Scale:X=1.375 Y=0.500 Z=0.000
[2025.09.01-20.22.13:900][ 40]LogPhysics: Warning: Scale for /Engine/Transient.World_4:PersistentLevel.Cylinder_Blueprint_C_0.Cube has a component set to zero, which will result in a bad body instance. Scale:X=1.375 Y=0.500 Z=0.000
[2025.09.01-20.22.13:900][ 40]LogPhysics: Warning: Scale for /Engine/Transient.World_4:PersistentLevel.Cylinder_Blueprint_C_0.Cube has a component set to zero, which will result in a bad body instance. Scale:X=1.375 Y=0.500 Z=0.000
[2025.09.01-20.22.13:908][ 41]LogPhysics: Warning: Scale for /Engine/Transient.World_4:PersistentLevel.Cylinder_Blueprint_C_0.Cube has a component set to zero, which will result in a bad body instance. Scale:X=1.375 Y=0.500 Z=0.000
[2025.09.01-20.22.13:908][ 41]LogPhysics: Warning: Scale for /Engine/Transient.World_4:PersistentLevel.Cylinder_Blueprint_C_0.Cube has a component set to zero, which will result in a bad body instance. Scale:X=1.375 Y=0.500 Z=0.000
[2025.09.01-20.22.13:908][ 41]LogPhysics: Warning: Scale for /Engine/Transient.World_4:PersistentLevel.Cylinder_Blueprint_C_0.Cube has a component set to zero, which will result in a bad body instance. Scale:X=1.375 Y=0.500 Z=0.000
[2025.09.01-20.22.13:916][ 42]LogPhysics: Warning: Scale for /Engine/Transient.World_4:PersistentLevel.Cylinder_Blueprint_C_0.Cube has a component set to zero, which will result in a bad body instance. Scale:X=1.375 Y=0.500 Z=0.000
[2025.09.01-20.22.13:917][ 42]LogPhysics: Warning: Scale for /Engine/Transient.World_4:PersistentLevel.Cylinder_Blueprint_C_0.Cube has a component set to zero, which will result in a bad body instance. Scale:X=1.375 Y=0.500 Z=0.000
[2025.09.01-20.22.13:917][ 42]LogPhysics: Warning: Scale for /Engine/Transient.World_4:PersistentLevel.Cylinder_Blueprint_C_0.Cube has a component set to zero, which will result in a bad body instance. Scale:X=1.375 Y=0.500 Z=0.000
[2025.09.01-20.22.13:925][ 43]LogPhysics: Warning: Scale for /Engine/Transient.World_4:PersistentLevel.Cylinder_Blueprint_C_0.Cube has a component set to zero, which will result in a bad body instance. Scale:X=1.375 Y=0.500 Z=0.000
[2025.09.01-20.22.13:925][ 43]LogPhysics: Warning: Scale for /Engine/Transient.World_4:PersistentLevel.Cylinder_Blueprint_C_0.Cube has a component set to zero, which will result in a bad body instance. Scale:X=1.375 Y=0.500 Z=0.000
[2025.09.01-20.22.13:925][ 43]LogPhysics: Warning: Scale for /Engine/Transient.World_4:PersistentLevel.Cylinder_Blueprint_C_0.Cube has a component set to zero, which will result in a bad body instance. Scale:X=1.375 Y=0.500 Z=0.000
[2025.09.01-20.22.13:933][ 44]LogPhysics: Warning: Scale for /Engine/Transient.World_4:PersistentLevel.Cylinder_Blueprint_C_0.Cube has a component set to zero, which will result in a bad body instance. Scale:X=1.375 Y=0.500 Z=0.000
[2025.09.01-20.22.13:933][ 44]LogPhysics: Warning: Scale for /Engine/Transient.World_4:PersistentLevel.Cylinder_Blueprint_C_0.Cube has a component set to zero, which will result in a bad body instance. Scale:X=1.375 Y=0.500 Z=0.000
[2025.09.01-20.22.13:933][ 44]LogPhysics: Warning: Scale for /Engine/Transient.World_4:PersistentLevel.Cylinder_Blueprint_C_0.Cube has a component set to zero, which will result in a bad body instance. Scale:X=1.375 Y=0.500 Z=0.000
[2025.09.01-20.22.13:942][ 45]LogPhysics: Warning: Scale for /Engine/Transient.World_4:PersistentLevel.Cylinder_Blueprint_C_0.Cube has a component set to zero, which will result in a bad body instance. Scale:X=1.375 Y=0.500 Z=0.000
[2025.09.01-20.22.13:942][ 45]LogPhysics: Warning: Scale for /Engine/Transient.World_4:PersistentLevel.Cylinder_Blueprint_C_0.Cube has a component set to zero, which will result in a bad body instance. Scale:X=1.375 Y=0.500 Z=0.000
[2025.09.01-20.22.13:942][ 45]LogPhysics: Warning: Scale for /Engine/Transient.World_4:PersistentLevel.Cylinder_Blueprint_C_0.Cube has a component set to zero, which will result in a bad body instance. Scale:X=1.375 Y=0.500 Z=0.000
[2025.09.01-20.22.13:950][ 46]LogPhysics: Warning: Scale for /Engine/Transient.World_4:PersistentLevel.Cylinder_Blueprint_C_0.Cube has a component set to zero, which will result in a bad body instance. Scale:X=1.375 Y=0.500 Z=0.000
[2025.09.01-20.22.13:950][ 46]LogPhysics: Warning: Scale for /Engine/Transient.World_4:PersistentLevel.Cylinder_Blueprint_C_0.Cube has a component set to zero, which will result in a bad body instance. Scale:X=1.375 Y=0.500 Z=0.000
[2025.09.01-20.22.13:950][ 46]LogPhysics: Warning: Scale for /Engine/Transient.World_4:PersistentLevel.Cylinder_Blueprint_C_0.Cube has a component set to zero, which will result in a bad body instance. Scale:X=1.375 Y=0.500 Z=0.000
[2025.09.01-20.22.13:959][ 47]LogPhysics: Warning: Scale for /Engine/Transient.World_4:PersistentLevel.Cylinder_Blueprint_C_0.Cube has a component set to zero, which will result in a bad body instance. Scale:X=1.375 Y=0.500 Z=0.000
[2025.09.01-20.22.13:959][ 47]LogPhysics: Warning: Scale for /Engine/Transient.World_4:PersistentLevel.Cylinder_Blueprint_C_0.Cube has a component set to zero, which will result in a bad body instance. Scale:X=1.375 Y=0.500 Z=0.000
[2025.09.01-20.22.13:959][ 47]LogPhysics: Warning: Scale for /Engine/Transient.World_4:PersistentLevel.Cylinder_Blueprint_C_0.Cube has a component set to zero, which will result in a bad body instance. Scale:X=1.375 Y=0.500 Z=0.000
[2025.09.01-20.22.13:967][ 48]LogPhysics: Warning: Scale for /Engine/Transient.World_4:PersistentLevel.Cylinder_Blueprint_C_0.Cube has a component set to zero, which will result in a bad body instance. Scale:X=1.375 Y=0.500 Z=0.000
[2025.09.01-20.22.13:967][ 48]LogPhysics: Warning: Scale for /Engine/Transient.World_4:PersistentLevel.Cylinder_Blueprint_C_0.Cube has a component set to zero, which will result in a bad body instance. Scale:X=1.375 Y=0.500 Z=0.000
[2025.09.01-20.22.13:967][ 48]LogPhysics: Warning: Scale for /Engine/Transient.World_4:PersistentLevel.Cylinder_Blueprint_C_0.Cube has a component set to zero, which will result in a bad body instance. Scale:X=1.375 Y=0.500 Z=0.000
[2025.09.01-20.22.13:975][ 49]LogPhysics: Warning: Scale for /Engine/Transient.World_4:PersistentLevel.Cylinder_Blueprint_C_0.Cube has a component set to zero, which will result in a bad body instance. Scale:X=1.375 Y=0.500 Z=0.000
[2025.09.01-20.22.13:975][ 49]LogPhysics: Warning: Scale for /Engine/Transient.World_4:PersistentLevel.Cylinder_Blueprint_C_0.Cube has a component set to zero, which will result in a bad body instance. Scale:X=1.375 Y=0.500 Z=0.000
[2025.09.01-20.22.13:975][ 49]LogPhysics: Warning: Scale for /Engine/Transient.World_4:PersistentLevel.Cylinder_Blueprint_C_0.Cube has a component set to zero, which will result in a bad body instance. Scale:X=1.375 Y=0.500 Z=0.000
[2025.09.01-20.22.13:984][ 50]LogPhysics: Warning: Scale for /Engine/Transient.World_4:PersistentLevel.Cylinder_Blueprint_C_0.Cube has a component set to zero, which will result in a bad body instance. Scale:X=1.375 Y=0.500 Z=0.000
[2025.09.01-20.22.13:984][ 50]LogPhysics: Warning: Scale for /Engine/Transient.World_4:PersistentLevel.Cylinder_Blueprint_C_0.Cube has a component set to zero, which will result in a bad body instance. Scale:X=1.375 Y=0.500 Z=0.000
[2025.09.01-20.22.13:984][ 50]LogPhysics: Warning: Scale for /Engine/Transient.World_4:PersistentLevel.Cylinder_Blueprint_C_0.Cube has a component set to zero, which will result in a bad body instance. Scale:X=1.375 Y=0.500 Z=0.000
[2025.09.01-20.22.13:992][ 51]LogPhysics: Warning: Scale for /Engine/Transient.World_4:PersistentLevel.Cylinder_Blueprint_C_0.Cube has a component set to zero, which will result in a bad body instance. Scale:X=1.375 Y=0.500 Z=0.000
[2025.09.01-20.22.13:992][ 51]LogPhysics: Warning: Scale for /Engine/Transient.World_4:PersistentLevel.Cylinder_Blueprint_C_0.Cube has a component set to zero, which will result in a bad body instance. Scale:X=1.375 Y=0.500 Z=0.000
[2025.09.01-20.22.13:992][ 51]LogPhysics: Warning: Scale for /Engine/Transient.World_4:PersistentLevel.Cylinder_Blueprint_C_0.Cube has a component set to zero, which will result in a bad body instance. Scale:X=1.375 Y=0.500 Z=0.000
[2025.09.01-20.22.14:001][ 52]LogPhysics: Warning: Scale for /Engine/Transient.World_4:PersistentLevel.Cylinder_Blueprint_C_0.Cube has a component set to zero, which will result in a bad body instance. Scale:X=1.375 Y=0.500 Z=0.000
[2025.09.01-20.22.14:001][ 52]LogPhysics: Warning: Scale for /Engine/Transient.World_4:PersistentLevel.Cylinder_Blueprint_C_0.Cube has a component set to zero, which will result in a bad body instance. Scale:X=1.375 Y=0.500 Z=0.000
[2025.09.01-20.22.14:001][ 52]LogPhysics: Warning: Scale for /Engine/Transient.World_4:PersistentLevel.Cylinder_Blueprint_C_0.Cube has a component set to zero, which will result in a bad body instance. Scale:X=1.375 Y=0.500 Z=0.000
[2025.09.01-20.22.14:009][ 53]LogPhysics: Warning: Scale for /Engine/Transient.World_4:PersistentLevel.Cylinder_Blueprint_C_0.Cube has a component set to zero, which will result in a bad body instance. Scale:X=1.375 Y=0.500 Z=0.000
[2025.09.01-20.22.14:009][ 53]LogPhysics: Warning: Scale for /Engine/Transient.World_4:PersistentLevel.Cylinder_Blueprint_C_0.Cube has a component set to zero, which will result in a bad body instance. Scale:X=1.375 Y=0.500 Z=0.000
[2025.09.01-20.22.14:009][ 53]LogPhysics: Warning: Scale for /Engine/Transient.World_4:PersistentLevel.Cylinder_Blueprint_C_0.Cube has a component set to zero, which will result in a bad body instance. Scale:X=1.375 Y=0.500 Z=0.000
[2025.09.01-20.22.14:018][ 54]LogPhysics: Warning: Scale for /Engine/Transient.World_4:PersistentLevel.Cylinder_Blueprint_C_0.Cube has a component set to zero, which will result in a bad body instance. Scale:X=1.375 Y=0.500 Z=0.000
[2025.09.01-20.22.14:018][ 54]LogPhysics: Warning: Scale for /Engine/Transient.World_4:PersistentLevel.Cylinder_Blueprint_C_0.Cube has a component set to zero, which will result in a bad body instance. Scale:X=1.375 Y=0.500 Z=0.000
[2025.09.01-20.22.14:018][ 54]LogPhysics: Warning: Scale for /Engine/Transient.World_4:PersistentLevel.Cylinder_Blueprint_C_0.Cube has a component set to zero, which will result in a bad body instance. Scale:X=1.375 Y=0.500 Z=0.000
[2025.09.01-20.22.14:026][ 55]LogPhysics: Warning: Scale for /Engine/Transient.World_4:PersistentLevel.Cylinder_Blueprint_C_0.Cube has a component set to zero, which will result in a bad body instance. Scale:X=1.375 Y=0.500 Z=0.000
[2025.09.01-20.22.14:026][ 55]LogPhysics: Warning: Scale for /Engine/Transient.World_4:PersistentLevel.Cylinder_Blueprint_C_0.Cube has a component set to zero, which will result in a bad body instance. Scale:X=1.375 Y=0.500 Z=0.000
[2025.09.01-20.22.14:027][ 55]LogPhysics: Warning: Scale for /Engine/Transient.World_4:PersistentLevel.Cylinder_Blueprint_C_0.Cube has a component set to zero, which will result in a bad body instance. Scale:X=1.375 Y=0.500 Z=0.000
[2025.09.01-20.22.14:035][ 56]LogPhysics: Warning: Scale for /Engine/Transient.World_4:PersistentLevel.Cylinder_Blueprint_C_0.Cube has a component set to zero, which will result in a bad body instance. Scale:X=1.375 Y=0.500 Z=0.000
[2025.09.01-20.22.14:035][ 56]LogPhysics: Warning: Scale for /Engine/Transient.World_4:PersistentLevel.Cylinder_Blueprint_C_0.Cube has a component set to zero, which will result in a bad body instance. Scale:X=1.375 Y=0.500 Z=0.000
[2025.09.01-20.22.14:035][ 56]LogPhysics: Warning: Scale for /Engine/Transient.World_4:PersistentLevel.Cylinder_Blueprint_C_0.Cube has a component set to zero, which will result in a bad body instance. Scale:X=1.375 Y=0.500 Z=0.000
[2025.09.01-20.22.14:043][ 57]LogPhysics: Warning: Scale for /Engine/Transient.World_4:PersistentLevel.Cylinder_Blueprint_C_0.Cube has a component set to zero, which will result in a bad body instance. Scale:X=1.375 Y=0.500 Z=0.000
[2025.09.01-20.22.14:044][ 57]LogPhysics: Warning: Scale for /Engine/Transient.World_4:PersistentLevel.Cylinder_Blueprint_C_0.Cube has a component set to zero, which will result in a bad body instance. Scale:X=1.375 Y=0.500 Z=0.000
[2025.09.01-20.22.14:044][ 57]LogPhysics: Warning: Scale for /Engine/Transient.World_4:PersistentLevel.Cylinder_Blueprint_C_0.Cube has a component set to zero, which will result in a bad body instance. Scale:X=1.375 Y=0.500 Z=0.000
[2025.09.01-20.22.14:052][ 58]LogPhysics: Warning: Scale for /Engine/Transient.World_4:PersistentLevel.Cylinder_Blueprint_C_0.Cube has a component set to zero, which will result in a bad body instance. Scale:X=1.375 Y=0.500 Z=0.000
[2025.09.01-20.22.14:052][ 58]LogPhysics: Warning: Scale for /Engine/Transient.World_4:PersistentLevel.Cylinder_Blueprint_C_0.Cube has a component set to zero, which will result in a bad body instance. Scale:X=1.375 Y=0.500 Z=0.000
[2025.09.01-20.22.14:052][ 58]LogPhysics: Warning: Scale for /Engine/Transient.World_4:PersistentLevel.Cylinder_Blueprint_C_0.Cube has a component set to zero, which will result in a bad body instance. Scale:X=1.375 Y=0.500 Z=0.000
[2025.09.01-20.22.14:061][ 59]LogPhysics: Warning: Scale for /Engine/Transient.World_4:PersistentLevel.Cylinder_Blueprint_C_0.Cube has a component set to zero, which will result in a bad body instance. Scale:X=1.375 Y=0.500 Z=0.000
[2025.09.01-20.22.14:061][ 59]LogPhysics: Warning: Scale for /Engine/Transient.World_4:PersistentLevel.Cylinder_Blueprint_C_0.Cube has a component set to zero, which will result in a bad body instance. Scale:X=1.375 Y=0.500 Z=0.000
[2025.09.01-20.22.14:061][ 59]LogPhysics: Warning: Scale for /Engine/Transient.World_4:PersistentLevel.Cylinder_Blueprint_C_0.Cube has a component set to zero, which will result in a bad body instance. Scale:X=1.375 Y=0.500 Z=0.000
[2025.09.01-20.22.14:069][ 60]LogPhysics: Warning: Scale for /Engine/Transient.World_4:PersistentLevel.Cylinder_Blueprint_C_0.Cube has a component set to zero, which will result in a bad body instance. Scale:X=1.375 Y=0.500 Z=0.000
[2025.09.01-20.22.14:069][ 60]LogPhysics: Warning: Scale for /Engine/Transient.World_4:PersistentLevel.Cylinder_Blueprint_C_0.Cube has a component set to zero, which will result in a bad body instance. Scale:X=1.375 Y=0.500 Z=0.000
[2025.09.01-20.22.14:069][ 60]LogPhysics: Warning: Scale for /Engine/Transient.World_4:PersistentLevel.Cylinder_Blueprint_C_0.Cube has a component set to zero, which will result in a bad body instance. Scale:X=1.375 Y=0.500 Z=0.000
[2025.09.01-20.22.14:078][ 61]LogPhysics: Warning: Scale for /Engine/Transient.World_4:PersistentLevel.Cylinder_Blueprint_C_0.Cube has a component set to zero, which will result in a bad body instance. Scale:X=1.375 Y=0.500 Z=0.000
[2025.09.01-20.22.14:078][ 61]LogPhysics: Warning: Scale for /Engine/Transient.World_4:PersistentLevel.Cylinder_Blueprint_C_0.Cube has a component set to zero, which will result in a bad body instance. Scale:X=1.375 Y=0.500 Z=0.000
[2025.09.01-20.22.14:078][ 61]LogPhysics: Warning: Scale for /Engine/Transient.World_4:PersistentLevel.Cylinder_Blueprint_C_0.Cube has a component set to zero, which will result in a bad body instance. Scale:X=1.375 Y=0.500 Z=0.000
[2025.09.01-20.22.14:086][ 62]LogPhysics: Warning: Scale for /Engine/Transient.World_4:PersistentLevel.Cylinder_Blueprint_C_0.Cube has a component set to zero, which will result in a bad body instance. Scale:X=1.375 Y=0.500 Z=0.000
[2025.09.01-20.22.14:086][ 62]LogPhysics: Warning: Scale for /Engine/Transient.World_4:PersistentLevel.Cylinder_Blueprint_C_0.Cube has a component set to zero, which will result in a bad body instance. Scale:X=1.375 Y=0.500 Z=0.000
[2025.09.01-20.22.14:086][ 62]LogPhysics: Warning: Scale for /Engine/Transient.World_4:PersistentLevel.Cylinder_Blueprint_C_0.Cube has a component set to zero, which will result in a bad body instance. Scale:X=1.375 Y=0.500 Z=0.000
[2025.09.01-20.22.14:095][ 63]LogPhysics: Warning: Scale for /Engine/Transient.World_4:PersistentLevel.Cylinder_Blueprint_C_0.Cube has a component set to zero, which will result in a bad body instance. Scale:X=1.375 Y=0.500 Z=0.000
[2025.09.01-20.22.14:095][ 63]LogPhysics: Warning: Scale for /Engine/Transient.World_4:PersistentLevel.Cylinder_Blueprint_C_0.Cube has a component set to zero, which will result in a bad body instance. Scale:X=1.375 Y=0.500 Z=0.000
[2025.09.01-20.22.14:095][ 63]LogPhysics: Warning: Scale for /Engine/Transient.World_4:PersistentLevel.Cylinder_Blueprint_C_0.Cube has a component set to zero, which will result in a bad body instance. Scale:X=1.375 Y=0.500 Z=0.000
[2025.09.01-20.22.14:103][ 64]LogPhysics: Warning: Scale for /Engine/Transient.World_4:PersistentLevel.Cylinder_Blueprint_C_0.Cube has a component set to zero, which will result in a bad body instance. Scale:X=1.375 Y=0.500 Z=0.000
[2025.09.01-20.22.14:103][ 64]LogPhysics: Warning: Scale for /Engine/Transient.World_4:PersistentLevel.Cylinder_Blueprint_C_0.Cube has a component set to zero, which will result in a bad body instance. Scale:X=1.375 Y=0.500 Z=0.000
[2025.09.01-20.22.14:104][ 64]LogPhysics: Warning: Scale for /Engine/Transient.World_4:PersistentLevel.Cylinder_Blueprint_C_0.Cube has a component set to zero, which will result in a bad body instance. Scale:X=1.375 Y=0.500 Z=0.000
[2025.09.01-20.22.14:112][ 65]LogPhysics: Warning: Scale for /Engine/Transient.World_4:PersistentLevel.Cylinder_Blueprint_C_0.Cube has a component set to zero, which will result in a bad body instance. Scale:X=1.375 Y=0.500 Z=0.000
[2025.09.01-20.22.14:112][ 65]LogPhysics: Warning: Scale for /Engine/Transient.World_4:PersistentLevel.Cylinder_Blueprint_C_0.Cube has a component set to zero, which will result in a bad body instance. Scale:X=1.375 Y=0.500 Z=0.000
[2025.09.01-20.22.14:112][ 65]LogPhysics: Warning: Scale for /Engine/Transient.World_4:PersistentLevel.Cylinder_Blueprint_C_0.Cube has a component set to zero, which will result in a bad body instance. Scale:X=1.375 Y=0.500 Z=0.000
[2025.09.01-20.22.14:120][ 66]LogPhysics: Warning: Scale for /Engine/Transient.World_4:PersistentLevel.Cylinder_Blueprint_C_0.Cube has a component set to zero, which will result in a bad body instance. Scale:X=1.375 Y=0.500 Z=0.000
[2025.09.01-20.22.14:121][ 66]LogPhysics: Warning: Scale for /Engine/Transient.World_4:PersistentLevel.Cylinder_Blueprint_C_0.Cube has a component set to zero, which will result in a bad body instance. Scale:X=1.375 Y=0.500 Z=0.000
[2025.09.01-20.22.14:121][ 66]LogPhysics: Warning: Scale for /Engine/Transient.World_4:PersistentLevel.Cylinder_Blueprint_C_0.Cube has a component set to zero, which will result in a bad body instance. Scale:X=1.375 Y=0.500 Z=0.000
[2025.09.01-20.22.14:129][ 67]LogPhysics: Warning: Scale for /Engine/Transient.World_4:PersistentLevel.Cylinder_Blueprint_C_0.Cube has a component set to zero, which will result in a bad body instance. Scale:X=1.375 Y=0.500 Z=0.000
[2025.09.01-20.22.14:129][ 67]LogPhysics: Warning: Scale for /Engine/Transient.World_4:PersistentLevel.Cylinder_Blueprint_C_0.Cube has a component set to zero, which will result in a bad body instance. Scale:X=1.375 Y=0.500 Z=0.000
[2025.09.01-20.22.14:129][ 67]LogPhysics: Warning: Scale for /Engine/Transient.World_4:PersistentLevel.Cylinder_Blueprint_C_0.Cube has a component set to zero, which will result in a bad body instance. Scale:X=1.375 Y=0.500 Z=0.000
[2025.09.01-20.22.14:138][ 68]LogPhysics: Warning: Scale for /Engine/Transient.World_4:PersistentLevel.Cylinder_Blueprint_C_0.Cube has a component set to zero, which will result in a bad body instance. Scale:X=1.375 Y=0.500 Z=0.000
[2025.09.01-20.22.14:138][ 68]LogPhysics: Warning: Scale for /Engine/Transient.World_4:PersistentLevel.Cylinder_Blueprint_C_0.Cube has a component set to zero, which will result in a bad body instance. Scale:X=1.375 Y=0.500 Z=0.000
[2025.09.01-20.22.14:138][ 68]LogPhysics: Warning: Scale for /Engine/Transient.World_4:PersistentLevel.Cylinder_Blueprint_C_0.Cube has a component set to zero, which will result in a bad body instance. Scale:X=1.375 Y=0.500 Z=0.000
[2025.09.01-20.22.14:146][ 69]LogPhysics: Warning: Scale for /Engine/Transient.World_4:PersistentLevel.Cylinder_Blueprint_C_0.Cube has a component set to zero, which will result in a bad body instance. Scale:X=1.375 Y=0.500 Z=0.000
[2025.09.01-20.22.14:146][ 69]LogPhysics: Warning: Scale for /Engine/Transient.World_4:PersistentLevel.Cylinder_Blueprint_C_0.Cube has a component set to zero, which will result in a bad body instance. Scale:X=1.375 Y=0.500 Z=0.000
[2025.09.01-20.22.14:146][ 69]LogPhysics: Warning: Scale for /Engine/Transient.World_4:PersistentLevel.Cylinder_Blueprint_C_0.Cube has a component set to zero, which will result in a bad body instance. Scale:X=1.375 Y=0.500 Z=0.000
[2025.09.01-20.22.14:155][ 70]LogPhysics: Warning: Scale for /Engine/Transient.World_4:PersistentLevel.Cylinder_Blueprint_C_0.Cube has a component set to zero, which will result in a bad body instance. Scale:X=1.375 Y=0.500 Z=0.000
[2025.09.01-20.22.14:155][ 70]LogPhysics: Warning: Scale for /Engine/Transient.World_4:PersistentLevel.Cylinder_Blueprint_C_0.Cube has a component set to zero, which will result in a bad body instance. Scale:X=1.375 Y=0.500 Z=0.000
[2025.09.01-20.22.14:155][ 70]LogPhysics: Warning: Scale for /Engine/Transient.World_4:PersistentLevel.Cylinder_Blueprint_C_0.Cube has a component set to zero, which will result in a bad body instance. Scale:X=1.375 Y=0.500 Z=0.000
[2025.09.01-20.22.14:163][ 71]LogPhysics: Warning: Scale for /Engine/Transient.World_4:PersistentLevel.Cylinder_Blueprint_C_0.Cube has a component set to zero, which will result in a bad body instance. Scale:X=1.375 Y=0.500 Z=0.000
[2025.09.01-20.22.14:164][ 71]LogPhysics: Warning: Scale for /Engine/Transient.World_4:PersistentLevel.Cylinder_Blueprint_C_0.Cube has a component set to zero, which will result in a bad body instance. Scale:X=1.375 Y=0.500 Z=0.000
[2025.09.01-20.22.14:164][ 71]LogPhysics: Warning: Scale for /Engine/Transient.World_4:PersistentLevel.Cylinder_Blueprint_C_0.Cube has a component set to zero, which will result in a bad body instance. Scale:X=1.375 Y=0.500 Z=0.000
[2025.09.01-20.22.14:172][ 72]LogPhysics: Warning: Scale for /Engine/Transient.World_4:PersistentLevel.Cylinder_Blueprint_C_0.Cube has a component set to zero, which will result in a bad body instance. Scale:X=1.375 Y=0.500 Z=0.000
[2025.09.01-20.22.14:172][ 72]LogPhysics: Warning: Scale for /Engine/Transient.World_4:PersistentLevel.Cylinder_Blueprint_C_0.Cube has a component set to zero, which will result in a bad body instance. Scale:X=1.375 Y=0.500 Z=0.000
[2025.09.01-20.22.14:172][ 72]LogPhysics: Warning: Scale for /Engine/Transient.World_4:PersistentLevel.Cylinder_Blueprint_C_0.Cube has a component set to zero, which will result in a bad body instance. Scale:X=1.375 Y=0.500 Z=0.000
[2025.09.01-20.22.14:180][ 73]LogPhysics: Warning: Scale for /Engine/Transient.World_4:PersistentLevel.Cylinder_Blueprint_C_0.Cube has a component set to zero, which will result in a bad body instance. Scale:X=1.375 Y=0.500 Z=0.000
[2025.09.01-20.22.14:180][ 73]LogPhysics: Warning: Scale for /Engine/Transient.World_4:PersistentLevel.Cylinder_Blueprint_C_0.Cube has a component set to zero, which will result in a bad body instance. Scale:X=1.375 Y=0.500 Z=0.000
[2025.09.01-20.22.14:181][ 73]LogPhysics: Warning: Scale for /Engine/Transient.World_4:PersistentLevel.Cylinder_Blueprint_C_0.Cube has a component set to zero, which will result in a bad body instance. Scale:X=1.375 Y=0.500 Z=0.000
[2025.09.01-20.22.14:189][ 74]LogPhysics: Warning: Scale for /Engine/Transient.World_4:PersistentLevel.Cylinder_Blueprint_C_0.Cube has a component set to zero, which will result in a bad body instance. Scale:X=1.375 Y=0.500 Z=0.000
[2025.09.01-20.22.14:189][ 74]LogPhysics: Warning: Scale for /Engine/Transient.World_4:PersistentLevel.Cylinder_Blueprint_C_0.Cube has a component set to zero, which will result in a bad body instance. Scale:X=1.375 Y=0.500 Z=0.000
[2025.09.01-20.22.14:189][ 74]LogPhysics: Warning: Scale for /Engine/Transient.World_4:PersistentLevel.Cylinder_Blueprint_C_0.Cube has a component set to zero, which will result in a bad body instance. Scale:X=1.375 Y=0.500 Z=0.000
[2025.09.01-20.22.14:196][ 75]LogPhysics: Warning: Scale for /Engine/Transient.World_4:PersistentLevel.Cylinder_Blueprint_C_0.Cube has a component set to zero, which will result in a bad body instance. Scale:X=1.375 Y=0.500 Z=0.000
[2025.09.01-20.22.14:197][ 75]LogPhysics: Warning: Scale for /Engine/Transient.World_4:PersistentLevel.Cylinder_Blueprint_C_0.Cube has a component set to zero, which will result in a bad body instance. Scale:X=1.375 Y=0.500 Z=0.000
[2025.09.01-20.22.14:197][ 75]LogPhysics: Warning: Scale for /Engine/Transient.World_4:PersistentLevel.Cylinder_Blueprint_C_0.Cube has a component set to zero, which will result in a bad body instance. Scale:X=1.375 Y=0.500 Z=0.000
[2025.09.01-20.22.14:205][ 76]LogPhysics: Warning: Scale for /Engine/Transient.World_4:PersistentLevel.Cylinder_Blueprint_C_0.Cube has a component set to zero, which will result in a bad body instance. Scale:X=1.375 Y=0.500 Z=0.000
[2025.09.01-20.22.14:205][ 76]LogPhysics: Warning: Scale for /Engine/Transient.World_4:PersistentLevel.Cylinder_Blueprint_C_0.Cube has a component set to zero, which will result in a bad body instance. Scale:X=1.375 Y=0.500 Z=0.000
[2025.09.01-20.22.14:205][ 76]LogPhysics: Warning: Scale for /Engine/Transient.World_4:PersistentLevel.Cylinder_Blueprint_C_0.Cube has a component set to zero, which will result in a bad body instance. Scale:X=1.375 Y=0.500 Z=0.000
[2025.09.01-20.22.18:575][578]LogPhysics: Warning: Scale for /Engine/Transient.World_4:PersistentLevel.Cylinder_Blueprint_C_0.Cube has a component set to zero, which will result in a bad body instance. Scale:X=1.375 Y=0.500 Z=0.000
[2025.09.01-20.22.18:576][578]LogPhysics: Warning: Scale for /Engine/Transient.World_4:PersistentLevel.Cylinder_Blueprint_C_0.Cube has a component set to zero, which will result in a bad body instance. Scale:X=1.375 Y=0.500 Z=0.000
[2025.09.01-20.22.18:576][578]LogPhysics: Warning: Scale for /Engine/Transient.World_4:PersistentLevel.Cylinder_Blueprint_C_0.Cube has a component set to zero, which will result in a bad body instance. Scale:X=1.375 Y=0.500 Z=0.000
[2025.09.01-20.22.18:584][579]LogPhysics: Warning: Scale for /Engine/Transient.World_4:PersistentLevel.Cylinder_Blueprint_C_0.Cube has a component set to zero, which will result in a bad body instance. Scale:X=1.375 Y=0.500 Z=0.000
[2025.09.01-20.22.18:584][579]LogPhysics: Warning: Scale for /Engine/Transient.World_4:PersistentLevel.Cylinder_Blueprint_C_0.Cube has a component set to zero, which will result in a bad body instance. Scale:X=1.375 Y=0.500 Z=0.000
[2025.09.01-20.22.18:584][579]LogPhysics: Warning: Scale for /Engine/Transient.World_4:PersistentLevel.Cylinder_Blueprint_C_0.Cube has a component set to zero, which will result in a bad body instance. Scale:X=1.375 Y=0.500 Z=0.000
[2025.09.01-20.22.18:593][580]LogPhysics: Warning: Scale for /Engine/Transient.World_4:PersistentLevel.Cylinder_Blueprint_C_0.Cube has a component set to zero, which will result in a bad body instance. Scale:X=1.375 Y=0.500 Z=0.000
[2025.09.01-20.22.18:593][580]LogPhysics: Warning: Scale for /Engine/Transient.World_4:PersistentLevel.Cylinder_Blueprint_C_0.Cube has a component set to zero, which will result in a bad body instance. Scale:X=1.375 Y=0.500 Z=0.000
[2025.09.01-20.22.18:593][580]LogPhysics: Warning: Scale for /Engine/Transient.World_4:PersistentLevel.Cylinder_Blueprint_C_0.Cube has a component set to zero, which will result in a bad body instance. Scale:X=1.375 Y=0.500 Z=0.000
[2025.09.01-20.22.18:601][581]LogPhysics: Warning: Scale for /Engine/Transient.World_4:PersistentLevel.Cylinder_Blueprint_C_0.Cube has a component set to zero, which will result in a bad body instance. Scale:X=1.375 Y=0.500 Z=0.000
[2025.09.01-20.22.18:601][581]LogPhysics: Warning: Scale for /Engine/Transient.World_4:PersistentLevel.Cylinder_Blueprint_C_0.Cube has a component set to zero, which will result in a bad body instance. Scale:X=1.375 Y=0.500 Z=0.000
[2025.09.01-20.22.18:602][581]LogPhysics: Warning: Scale for /Engine/Transient.World_4:PersistentLevel.Cylinder_Blueprint_C_0.Cube has a component set to zero, which will result in a bad body instance. Scale:X=1.375 Y=0.500 Z=0.000
[2025.09.01-20.22.18:610][582]LogPhysics: Warning: Scale for /Engine/Transient.World_4:PersistentLevel.Cylinder_Blueprint_C_0.Cube has a component set to zero, which will result in a bad body instance. Scale:X=1.375 Y=0.500 Z=0.000
[2025.09.01-20.22.18:610][582]LogPhysics: Warning: Scale for /Engine/Transient.World_4:PersistentLevel.Cylinder_Blueprint_C_0.Cube has a component set to zero, which will result in a bad body instance. Scale:X=1.375 Y=0.500 Z=0.000
[2025.09.01-20.22.18:610][582]LogPhysics: Warning: Scale for /Engine/Transient.World_4:PersistentLevel.Cylinder_Blueprint_C_0.Cube has a component set to zero, which will result in a bad body instance. Scale:X=1.375 Y=0.500 Z=0.000
[2025.09.01-20.22.18:619][583]LogPhysics: Warning: Scale for /Engine/Transient.World_4:PersistentLevel.Cylinder_Blueprint_C_0.Cube has a component set to zero, which will result in a bad body instance. Scale:X=1.375 Y=0.500 Z=0.000
[2025.09.01-20.22.18:620][583]LogPhysics: Warning: Scale for /Engine/Transient.World_4:PersistentLevel.Cylinder_Blueprint_C_0.Cube has a component set to zero, which will result in a bad body instance. Scale:X=1.375 Y=0.500 Z=0.000
[2025.09.01-20.22.18:620][583]LogPhysics: Warning: Scale for /Engine/Transient.World_4:PersistentLevel.Cylinder_Blueprint_C_0.Cube has a component set to zero, which will result in a bad body instance. Scale:X=1.375 Y=0.500 Z=0.000
[2025.09.01-20.22.18:628][584]LogPhysics: Warning: Scale for /Engine/Transient.World_4:PersistentLevel.Cylinder_Blueprint_C_0.Cube has a component set to zero, which will result in a bad body instance. Scale:X=1.375 Y=0.500 Z=0.000
[2025.09.01-20.22.18:628][584]LogPhysics: Warning: Scale for /Engine/Transient.World_4:PersistentLevel.Cylinder_Blueprint_C_0.Cube has a component set to zero, which will result in a bad body instance. Scale:X=1.375 Y=0.500 Z=0.000
[2025.09.01-20.22.18:628][584]LogPhysics: Warning: Scale for /Engine/Transient.World_4:PersistentLevel.Cylinder_Blueprint_C_0.Cube has a component set to zero, which will result in a bad body instance. Scale:X=1.375 Y=0.500 Z=0.000
[2025.09.01-20.22.18:637][585]LogPhysics: Warning: Scale for /Engine/Transient.World_4:PersistentLevel.Cylinder_Blueprint_C_0.Cube has a component set to zero, which will result in a bad body instance. Scale:X=1.500 Y=0.500 Z=0.000
[2025.09.01-20.22.18:637][585]LogPhysics: Warning: Scale for /Engine/Transient.World_4:PersistentLevel.Cylinder_Blueprint_C_0.Cube has a component set to zero, which will result in a bad body instance. Scale:X=1.375 Y=0.500 Z=0.000
[2025.09.01-20.22.18:637][585]LogPhysics: Warning: Scale for /Engine/Transient.World_4:PersistentLevel.Cylinder_Blueprint_C_0.Cube has a component set to zero, which will result in a bad body instance. Scale:X=1.375 Y=0.500 Z=0.000
[2025.09.01-20.22.18:637][585]LogPhysics: Warning: Scale for /Game/Cenas/Leonardo.Leonardo:PersistentLevel.Cylinder_Blueprint.Cube has a component set to zero, which will result in a bad body instance. Scale:X=1.500 Y=0.500 Z=0.000
[2025.09.01-20.22.18:638][585]LogPhysics: Warning: Scale for /Engine/Transient.World_4:PersistentLevel.Cylinder_Blueprint_C_0.Cube has a component set to zero, which will result in a bad body instance. Scale:X=1.500 Y=0.500 Z=0.000
[2025.09.01-20.22.18:646][586]LogPhysics: Warning: Scale for /Engine/Transient.World_4:PersistentLevel.Cylinder_Blueprint_C_0.Cube has a component set to zero, which will result in a bad body instance. Scale:X=1.500 Y=0.500 Z=0.000
[2025.09.01-20.22.18:646][586]LogPhysics: Warning: Scale for /Engine/Transient.World_4:PersistentLevel.Cylinder_Blueprint_C_0.Cube has a component set to zero, which will result in a bad body instance. Scale:X=1.500 Y=0.500 Z=0.000
[2025.09.01-20.22.18:646][586]LogPhysics: Warning: Scale for /Engine/Transient.World_4:PersistentLevel.Cylinder_Blueprint_C_0.Cube has a component set to zero, which will result in a bad body instance. Scale:X=1.500 Y=0.500 Z=0.000
[2025.09.01-20.22.18:655][587]LogPhysics: Warning: Scale for /Engine/Transient.World_4:PersistentLevel.Cylinder_Blueprint_C_0.Cube has a component set to zero, which will result in a bad body instance. Scale:X=1.500 Y=0.500 Z=0.000
[2025.09.01-20.22.18:655][587]LogPhysics: Warning: Scale for /Engine/Transient.World_4:PersistentLevel.Cylinder_Blueprint_C_0.Cube has a component set to zero, which will result in a bad body instance. Scale:X=1.500 Y=0.500 Z=0.000
[2025.09.01-20.22.18:655][587]LogPhysics: Warning: Scale for /Engine/Transient.World_4:PersistentLevel.Cylinder_Blueprint_C_0.Cube has a component set to zero, which will result in a bad body instance. Scale:X=1.500 Y=0.500 Z=0.000
[2025.09.01-20.22.18:663][588]LogPhysics: Warning: Scale for /Engine/Transient.World_4:PersistentLevel.Cylinder_Blueprint_C_0.Cube has a component set to zero, which will result in a bad body instance. Scale:X=1.500 Y=0.500 Z=0.000
[2025.09.01-20.22.18:663][588]LogPhysics: Warning: Scale for /Engine/Transient.World_4:PersistentLevel.Cylinder_Blueprint_C_0.Cube has a component set to zero, which will result in a bad body instance. Scale:X=1.500 Y=0.500 Z=0.000
[2025.09.01-20.22.18:663][588]LogPhysics: Warning: Scale for /Engine/Transient.World_4:PersistentLevel.Cylinder_Blueprint_C_0.Cube has a component set to zero, which will result in a bad body instance. Scale:X=1.500 Y=0.500 Z=0.000
[2025.09.01-20.22.18:672][589]LogPhysics: Warning: Scale for /Engine/Transient.World_4:PersistentLevel.Cylinder_Blueprint_C_0.Cube has a component set to zero, which will result in a bad body instance. Scale:X=1.500 Y=0.500 Z=0.000
[2025.09.01-20.22.18:672][589]LogPhysics: Warning: Scale for /Engine/Transient.World_4:PersistentLevel.Cylinder_Blueprint_C_0.Cube has a component set to zero, which will result in a bad body instance. Scale:X=1.500 Y=0.500 Z=0.000
[2025.09.01-20.22.18:672][589]LogPhysics: Warning: Scale for /Engine/Transient.World_4:PersistentLevel.Cylinder_Blueprint_C_0.Cube has a component set to zero, which will result in a bad body instance. Scale:X=1.500 Y=0.500 Z=0.000
[2025.09.01-20.22.18:680][590]LogPhysics: Warning: Scale for /Engine/Transient.World_4:PersistentLevel.Cylinder_Blueprint_C_0.Cube has a component set to zero, which will result in a bad body instance. Scale:X=1.500 Y=0.500 Z=0.000
[2025.09.01-20.22.18:681][590]LogPhysics: Warning: Scale for /Engine/Transient.World_4:PersistentLevel.Cylinder_Blueprint_C_0.Cube has a component set to zero, which will result in a bad body instance. Scale:X=1.500 Y=0.500 Z=0.000
[2025.09.01-20.22.18:681][590]LogPhysics: Warning: Scale for /Engine/Transient.World_4:PersistentLevel.Cylinder_Blueprint_C_0.Cube has a component set to zero, which will result in a bad body instance. Scale:X=1.500 Y=0.500 Z=0.000
[2025.09.01-20.22.18:689][591]LogPhysics: Warning: Scale for /Engine/Transient.World_4:PersistentLevel.Cylinder_Blueprint_C_0.Cube has a component set to zero, which will result in a bad body instance. Scale:X=1.500 Y=0.500 Z=0.000
[2025.09.01-20.22.18:689][591]LogPhysics: Warning: Scale for /Engine/Transient.World_4:PersistentLevel.Cylinder_Blueprint_C_0.Cube has a component set to zero, which will result in a bad body instance. Scale:X=1.500 Y=0.500 Z=0.000
[2025.09.01-20.22.18:689][591]LogPhysics: Warning: Scale for /Engine/Transient.World_4:PersistentLevel.Cylinder_Blueprint_C_0.Cube has a component set to zero, which will result in a bad body instance. Scale:X=1.500 Y=0.500 Z=0.000
[2025.09.01-20.22.18:698][592]LogPhysics: Warning: Scale for /Engine/Transient.World_4:PersistentLevel.Cylinder_Blueprint_C_0.Cube has a component set to zero, which will result in a bad body instance. Scale:X=1.500 Y=0.500 Z=0.000
[2025.09.01-20.22.18:698][592]LogPhysics: Warning: Scale for /Engine/Transient.World_4:PersistentLevel.Cylinder_Blueprint_C_0.Cube has a component set to zero, which will result in a bad body instance. Scale:X=1.500 Y=0.500 Z=0.000
[2025.09.01-20.22.18:698][592]LogPhysics: Warning: Scale for /Engine/Transient.World_4:PersistentLevel.Cylinder_Blueprint_C_0.Cube has a component set to zero, which will result in a bad body instance. Scale:X=1.500 Y=0.500 Z=0.000
[2025.09.01-20.22.18:706][593]LogPhysics: Warning: Scale for /Engine/Transient.World_4:PersistentLevel.Cylinder_Blueprint_C_0.Cube has a component set to zero, which will result in a bad body instance. Scale:X=1.500 Y=0.500 Z=0.000
[2025.09.01-20.22.18:707][593]LogPhysics: Warning: Scale for /Engine/Transient.World_4:PersistentLevel.Cylinder_Blueprint_C_0.Cube has a component set to zero, which will result in a bad body instance. Scale:X=1.500 Y=0.500 Z=0.000
[2025.09.01-20.22.18:707][593]LogPhysics: Warning: Scale for /Engine/Transient.World_4:PersistentLevel.Cylinder_Blueprint_C_0.Cube has a component set to zero, which will result in a bad body instance. Scale:X=1.500 Y=0.500 Z=0.000
[2025.09.01-20.22.18:715][594]LogPhysics: Warning: Scale for /Engine/Transient.World_4:PersistentLevel.Cylinder_Blueprint_C_0.Cube has a component set to zero, which will result in a bad body instance. Scale:X=1.500 Y=0.500 Z=0.000
[2025.09.01-20.22.18:715][594]LogPhysics: Warning: Scale for /Engine/Transient.World_4:PersistentLevel.Cylinder_Blueprint_C_0.Cube has a component set to zero, which will result in a bad body instance. Scale:X=1.500 Y=0.500 Z=0.000
[2025.09.01-20.22.18:715][594]LogPhysics: Warning: Scale for /Engine/Transient.World_4:PersistentLevel.Cylinder_Blueprint_C_0.Cube has a component set to zero, which will result in a bad body instance. Scale:X=1.500 Y=0.500 Z=0.000
[2025.09.01-20.22.18:724][595]LogPhysics: Warning: Scale for /Engine/Transient.World_4:PersistentLevel.Cylinder_Blueprint_C_0.Cube has a component set to zero, which will result in a bad body instance. Scale:X=1.625 Y=0.500 Z=0.000
[2025.09.01-20.22.18:724][595]LogPhysics: Warning: Scale for /Engine/Transient.World_4:PersistentLevel.Cylinder_Blueprint_C_0.Cube has a component set to zero, which will result in a bad body instance. Scale:X=1.500 Y=0.500 Z=0.000
[2025.09.01-20.22.18:724][595]LogPhysics: Warning: Scale for /Engine/Transient.World_4:PersistentLevel.Cylinder_Blueprint_C_0.Cube has a component set to zero, which will result in a bad body instance. Scale:X=1.500 Y=0.500 Z=0.000
[2025.09.01-20.22.18:724][595]LogPhysics: Warning: Scale for /Game/Cenas/Leonardo.Leonardo:PersistentLevel.Cylinder_Blueprint.Cube has a component set to zero, which will result in a bad body instance. Scale:X=1.625 Y=0.500 Z=0.000
[2025.09.01-20.22.18:724][595]LogPhysics: Warning: Scale for /Engine/Transient.World_4:PersistentLevel.Cylinder_Blueprint_C_0.Cube has a component set to zero, which will result in a bad body instance. Scale:X=1.625 Y=0.500 Z=0.000
[2025.09.01-20.22.18:732][596]LogPhysics: Warning: Scale for /Engine/Transient.World_4:PersistentLevel.Cylinder_Blueprint_C_0.Cube has a component set to zero, which will result in a bad body instance. Scale:X=1.625 Y=0.500 Z=0.000
[2025.09.01-20.22.18:733][596]LogPhysics: Warning: Scale for /Engine/Transient.World_4:PersistentLevel.Cylinder_Blueprint_C_0.Cube has a component set to zero, which will result in a bad body instance. Scale:X=1.625 Y=0.500 Z=0.000
[2025.09.01-20.22.18:733][596]LogPhysics: Warning: Scale for /Engine/Transient.World_4:PersistentLevel.Cylinder_Blueprint_C_0.Cube has a component set to zero, which will result in a bad body instance. Scale:X=1.625 Y=0.500 Z=0.000
[2025.09.01-20.22.18:741][597]LogPhysics: Warning: Scale for /Engine/Transient.World_4:PersistentLevel.Cylinder_Blueprint_C_0.Cube has a component set to zero, which will result in a bad body instance. Scale:X=1.625 Y=0.500 Z=0.000
[2025.09.01-20.22.18:741][597]LogPhysics: Warning: Scale for /Engine/Transient.World_4:PersistentLevel.Cylinder_Blueprint_C_0.Cube has a component set to zero, which will result in a bad body instance. Scale:X=1.625 Y=0.500 Z=0.000
[2025.09.01-20.22.18:741][597]LogPhysics: Warning: Scale for /Engine/Transient.World_4:PersistentLevel.Cylinder_Blueprint_C_0.Cube has a component set to zero, which will result in a bad body instance. Scale:X=1.625 Y=0.500 Z=0.000
[2025.09.01-20.22.18:750][598]LogPhysics: Warning: Scale for /Engine/Transient.World_4:PersistentLevel.Cylinder_Blueprint_C_0.Cube has a component set to zero, which will result in a bad body instance. Scale:X=1.625 Y=0.500 Z=0.000
[2025.09.01-20.22.18:750][598]LogPhysics: Warning: Scale for /Engine/Transient.World_4:PersistentLevel.Cylinder_Blueprint_C_0.Cube has a component set to zero, which will result in a bad body instance. Scale:X=1.625 Y=0.500 Z=0.000
[2025.09.01-20.22.18:750][598]LogPhysics: Warning: Scale for /Engine/Transient.World_4:PersistentLevel.Cylinder_Blueprint_C_0.Cube has a component set to zero, which will result in a bad body instance. Scale:X=1.625 Y=0.500 Z=0.000
[2025.09.01-20.22.18:758][599]LogPhysics: Warning: Scale for /Engine/Transient.World_4:PersistentLevel.Cylinder_Blueprint_C_0.Cube has a component set to zero, which will result in a bad body instance. Scale:X=1.625 Y=0.500 Z=0.000
[2025.09.01-20.22.18:758][599]LogPhysics: Warning: Scale for /Engine/Transient.World_4:PersistentLevel.Cylinder_Blueprint_C_0.Cube has a component set to zero, which will result in a bad body instance. Scale:X=1.625 Y=0.500 Z=0.000
[2025.09.01-20.22.18:758][599]LogPhysics: Warning: Scale for /Engine/Transient.World_4:PersistentLevel.Cylinder_Blueprint_C_0.Cube has a component set to zero, which will result in a bad body instance. Scale:X=1.625 Y=0.500 Z=0.000
[2025.09.01-20.22.18:767][600]LogPhysics: Warning: Scale for /Engine/Transient.World_4:PersistentLevel.Cylinder_Blueprint_C_0.Cube has a component set to zero, which will result in a bad body instance. Scale:X=1.625 Y=0.500 Z=0.000
[2025.09.01-20.22.18:767][600]LogPhysics: Warning: Scale for /Engine/Transient.World_4:PersistentLevel.Cylinder_Blueprint_C_0.Cube has a component set to zero, which will result in a bad body instance. Scale:X=1.625 Y=0.500 Z=0.000
[2025.09.01-20.22.18:767][600]LogPhysics: Warning: Scale for /Engine/Transient.World_4:PersistentLevel.Cylinder_Blueprint_C_0.Cube has a component set to zero, which will result in a bad body instance. Scale:X=1.625 Y=0.500 Z=0.000
[2025.09.01-20.22.18:775][601]LogPhysics: Warning: Scale for /Engine/Transient.World_4:PersistentLevel.Cylinder_Blueprint_C_0.Cube has a component set to zero, which will result in a bad body instance. Scale:X=1.625 Y=0.500 Z=0.000
[2025.09.01-20.22.18:776][601]LogPhysics: Warning: Scale for /Engine/Transient.World_4:PersistentLevel.Cylinder_Blueprint_C_0.Cube has a component set to zero, which will result in a bad body instance. Scale:X=1.625 Y=0.500 Z=0.000
[2025.09.01-20.22.18:776][601]LogPhysics: Warning: Scale for /Engine/Transient.World_4:PersistentLevel.Cylinder_Blueprint_C_0.Cube has a component set to zero, which will result in a bad body instance. Scale:X=1.625 Y=0.500 Z=0.000
[2025.09.01-20.22.18:784][602]LogPhysics: Warning: Scale for /Engine/Transient.World_4:PersistentLevel.Cylinder_Blueprint_C_0.Cube has a component set to zero, which will result in a bad body instance. Scale:X=1.625 Y=0.500 Z=0.000
[2025.09.01-20.22.18:784][602]LogPhysics: Warning: Scale for /Engine/Transient.World_4:PersistentLevel.Cylinder_Blueprint_C_0.Cube has a component set to zero, which will result in a bad body instance. Scale:X=1.625 Y=0.500 Z=0.000
[2025.09.01-20.22.18:784][602]LogPhysics: Warning: Scale for /Engine/Transient.World_4:PersistentLevel.Cylinder_Blueprint_C_0.Cube has a component set to zero, which will result in a bad body instance. Scale:X=1.625 Y=0.500 Z=0.000
[2025.09.01-20.22.18:793][603]LogPhysics: Warning: Scale for /Engine/Transient.World_4:PersistentLevel.Cylinder_Blueprint_C_0.Cube has a component set to zero, which will result in a bad body instance. Scale:X=1.625 Y=0.500 Z=0.000
[2025.09.01-20.22.18:793][603]LogPhysics: Warning: Scale for /Engine/Transient.World_4:PersistentLevel.Cylinder_Blueprint_C_0.Cube has a component set to zero, which will result in a bad body instance. Scale:X=1.625 Y=0.500 Z=0.000
[2025.09.01-20.22.18:793][603]LogPhysics: Warning: Scale for /Engine/Transient.World_4:PersistentLevel.Cylinder_Blueprint_C_0.Cube has a component set to zero, which will result in a bad body instance. Scale:X=1.625 Y=0.500 Z=0.000
[2025.09.01-20.22.18:801][604]LogPhysics: Warning: Scale for /Engine/Transient.World_4:PersistentLevel.Cylinder_Blueprint_C_0.Cube has a component set to zero, which will result in a bad body instance. Scale:X=1.625 Y=0.500 Z=0.000
[2025.09.01-20.22.18:801][604]LogPhysics: Warning: Scale for /Engine/Transient.World_4:PersistentLevel.Cylinder_Blueprint_C_0.Cube has a component set to zero, which will result in a bad body instance. Scale:X=1.625 Y=0.500 Z=0.000
[2025.09.01-20.22.18:801][604]LogPhysics: Warning: Scale for /Engine/Transient.World_4:PersistentLevel.Cylinder_Blueprint_C_0.Cube has a component set to zero, which will result in a bad body instance. Scale:X=1.625 Y=0.500 Z=0.000
[2025.09.01-20.22.18:810][605]LogPhysics: Warning: Scale for /Engine/Transient.World_4:PersistentLevel.Cylinder_Blueprint_C_0.Cube has a component set to zero, which will result in a bad body instance. Scale:X=1.625 Y=0.500 Z=0.000
[2025.09.01-20.22.18:810][605]LogPhysics: Warning: Scale for /Engine/Transient.World_4:PersistentLevel.Cylinder_Blueprint_C_0.Cube has a component set to zero, which will result in a bad body instance. Scale:X=1.625 Y=0.500 Z=0.000
[2025.09.01-20.22.18:810][605]LogPhysics: Warning: Scale for /Engine/Transient.World_4:PersistentLevel.Cylinder_Blueprint_C_0.Cube has a component set to zero, which will result in a bad body instance. Scale:X=1.625 Y=0.500 Z=0.000
[2025.09.01-20.22.18:818][606]LogPhysics: Warning: Scale for /Engine/Transient.World_4:PersistentLevel.Cylinder_Blueprint_C_0.Cube has a component set to zero, which will result in a bad body instance. Scale:X=1.750 Y=0.500 Z=0.000
[2025.09.01-20.22.18:818][606]LogPhysics: Warning: Scale for /Engine/Transient.World_4:PersistentLevel.Cylinder_Blueprint_C_0.Cube has a component set to zero, which will result in a bad body instance. Scale:X=1.625 Y=0.500 Z=0.000
[2025.09.01-20.22.18:819][606]LogPhysics: Warning: Scale for /Engine/Transient.World_4:PersistentLevel.Cylinder_Blueprint_C_0.Cube has a component set to zero, which will result in a bad body instance. Scale:X=1.625 Y=0.500 Z=0.000
[2025.09.01-20.22.18:819][606]LogPhysics: Warning: Scale for /Game/Cenas/Leonardo.Leonardo:PersistentLevel.Cylinder_Blueprint.Cube has a component set to zero, which will result in a bad body instance. Scale:X=1.750 Y=0.500 Z=0.000
[2025.09.01-20.22.18:819][606]LogPhysics: Warning: Scale for /Engine/Transient.World_4:PersistentLevel.Cylinder_Blueprint_C_0.Cube has a component set to zero, which will result in a bad body instance. Scale:X=1.750 Y=0.500 Z=0.000
[2025.09.01-20.22.18:827][607]LogPhysics: Warning: Scale for /Engine/Transient.World_4:PersistentLevel.Cylinder_Blueprint_C_0.Cube has a component set to zero, which will result in a bad body instance. Scale:X=1.750 Y=0.500 Z=0.000
[2025.09.01-20.22.18:827][607]LogPhysics: Warning: Scale for /Engine/Transient.World_4:PersistentLevel.Cylinder_Blueprint_C_0.Cube has a component set to zero, which will result in a bad body instance. Scale:X=1.750 Y=0.500 Z=0.000
[2025.09.01-20.22.18:827][607]LogPhysics: Warning: Scale for /Engine/Transient.World_4:PersistentLevel.Cylinder_Blueprint_C_0.Cube has a component set to zero, which will result in a bad body instance. Scale:X=1.750 Y=0.500 Z=0.000
[2025.09.01-20.22.18:836][608]LogPhysics: Warning: Scale for /Engine/Transient.World_4:PersistentLevel.Cylinder_Blueprint_C_0.Cube has a component set to zero, which will result in a bad body instance. Scale:X=1.750 Y=0.500 Z=0.000
[2025.09.01-20.22.18:836][608]LogPhysics: Warning: Scale for /Engine/Transient.World_4:PersistentLevel.Cylinder_Blueprint_C_0.Cube has a component set to zero, which will result in a bad body instance. Scale:X=1.750 Y=0.500 Z=0.000
[2025.09.01-20.22.18:836][608]LogPhysics: Warning: Scale for /Engine/Transient.World_4:PersistentLevel.Cylinder_Blueprint_C_0.Cube has a component set to zero, which will result in a bad body instance. Scale:X=1.750 Y=0.500 Z=0.000
[2025.09.01-20.22.18:844][609]LogPhysics: Warning: Scale for /Engine/Transient.World_4:PersistentLevel.Cylinder_Blueprint_C_0.Cube has a component set to zero, which will result in a bad body instance. Scale:X=1.750 Y=0.500 Z=0.000
[2025.09.01-20.22.18:844][609]LogPhysics: Warning: Scale for /Engine/Transient.World_4:PersistentLevel.Cylinder_Blueprint_C_0.Cube has a component set to zero, which will result in a bad body instance. Scale:X=1.750 Y=0.500 Z=0.000
[2025.09.01-20.22.18:845][609]LogPhysics: Warning: Scale for /Engine/Transient.World_4:PersistentLevel.Cylinder_Blueprint_C_0.Cube has a component set to zero, which will result in a bad body instance. Scale:X=1.750 Y=0.500 Z=0.000
[2025.09.01-20.22.18:852][610]LogPhysics: Warning: Scale for /Engine/Transient.World_4:PersistentLevel.Cylinder_Blueprint_C_0.Cube has a component set to zero, which will result in a bad body instance. Scale:X=1.750 Y=0.500 Z=0.000
[2025.09.01-20.22.18:852][610]LogPhysics: Warning: Scale for /Engine/Transient.World_4:PersistentLevel.Cylinder_Blueprint_C_0.Cube has a component set to zero, which will result in a bad body instance. Scale:X=1.750 Y=0.500 Z=0.000
[2025.09.01-20.22.18:852][610]LogPhysics: Warning: Scale for /Engine/Transient.World_4:PersistentLevel.Cylinder_Blueprint_C_0.Cube has a component set to zero, which will result in a bad body instance. Scale:X=1.750 Y=0.500 Z=0.000
[2025.09.01-20.22.18:860][611]LogPhysics: Warning: Scale for /Engine/Transient.World_4:PersistentLevel.Cylinder_Blueprint_C_0.Cube has a component set to zero, which will result in a bad body instance. Scale:X=1.750 Y=0.500 Z=0.000
[2025.09.01-20.22.18:861][611]LogPhysics: Warning: Scale for /Engine/Transient.World_4:PersistentLevel.Cylinder_Blueprint_C_0.Cube has a component set to zero, which will result in a bad body instance. Scale:X=1.750 Y=0.500 Z=0.000
[2025.09.01-20.22.18:861][611]LogPhysics: Warning: Scale for /Engine/Transient.World_4:PersistentLevel.Cylinder_Blueprint_C_0.Cube has a component set to zero, which will result in a bad body instance. Scale:X=1.750 Y=0.500 Z=0.000
[2025.09.01-20.22.18:869][612]LogPhysics: Warning: Scale for /Engine/Transient.World_4:PersistentLevel.Cylinder_Blueprint_C_0.Cube has a component set to zero, which will result in a bad body instance. Scale:X=1.750 Y=0.500 Z=0.000
[2025.09.01-20.22.18:869][612]LogPhysics: Warning: Scale for /Engine/Transient.World_4:PersistentLevel.Cylinder_Blueprint_C_0.Cube has a component set to zero, which will result in a bad body instance. Scale:X=1.750 Y=0.500 Z=0.000
[2025.09.01-20.22.18:869][612]LogPhysics: Warning: Scale for /Engine/Transient.World_4:PersistentLevel.Cylinder_Blueprint_C_0.Cube has a component set to zero, which will result in a bad body instance. Scale:X=1.750 Y=0.500 Z=0.000
[2025.09.01-20.22.18:877][613]LogPhysics: Warning: Scale for /Engine/Transient.World_4:PersistentLevel.Cylinder_Blueprint_C_0.Cube has a component set to zero, which will result in a bad body instance. Scale:X=1.750 Y=0.500 Z=0.000
[2025.09.01-20.22.18:878][613]LogPhysics: Warning: Scale for /Engine/Transient.World_4:PersistentLevel.Cylinder_Blueprint_C_0.Cube has a component set to zero, which will result in a bad body instance. Scale:X=1.750 Y=0.500 Z=0.000
[2025.09.01-20.22.18:878][613]LogPhysics: Warning: Scale for /Engine/Transient.World_4:PersistentLevel.Cylinder_Blueprint_C_0.Cube has a component set to zero, which will result in a bad body instance. Scale:X=1.750 Y=0.500 Z=0.000
[2025.09.01-20.22.18:886][614]LogPhysics: Warning: Scale for /Engine/Transient.World_4:PersistentLevel.Cylinder_Blueprint_C_0.Cube has a component set to zero, which will result in a bad body instance. Scale:X=1.750 Y=0.500 Z=0.000
[2025.09.01-20.22.18:886][614]LogPhysics: Warning: Scale for /Engine/Transient.World_4:PersistentLevel.Cylinder_Blueprint_C_0.Cube has a component set to zero, which will result in a bad body instance. Scale:X=1.750 Y=0.500 Z=0.000
[2025.09.01-20.22.18:887][614]LogPhysics: Warning: Scale for /Engine/Transient.World_4:PersistentLevel.Cylinder_Blueprint_C_0.Cube has a component set to zero, which will result in a bad body instance. Scale:X=1.750 Y=0.500 Z=0.000
[2025.09.01-20.22.18:895][615]LogPhysics: Warning: Scale for /Engine/Transient.World_4:PersistentLevel.Cylinder_Blueprint_C_0.Cube has a component set to zero, which will result in a bad body instance. Scale:X=1.750 Y=0.500 Z=0.000
[2025.09.01-20.22.18:895][615]LogPhysics: Warning: Scale for /Engine/Transient.World_4:PersistentLevel.Cylinder_Blueprint_C_0.Cube has a component set to zero, which will result in a bad body instance. Scale:X=1.750 Y=0.500 Z=0.000
[2025.09.01-20.22.18:895][615]LogPhysics: Warning: Scale for /Engine/Transient.World_4:PersistentLevel.Cylinder_Blueprint_C_0.Cube has a component set to zero, which will result in a bad body instance. Scale:X=1.750 Y=0.500 Z=0.000
[2025.09.01-20.22.18:903][616]LogPhysics: Warning: Scale for /Engine/Transient.World_4:PersistentLevel.Cylinder_Blueprint_C_0.Cube has a component set to zero, which will result in a bad body instance. Scale:X=1.875 Y=0.500 Z=0.000
[2025.09.01-20.22.18:904][616]LogPhysics: Warning: Scale for /Engine/Transient.World_4:PersistentLevel.Cylinder_Blueprint_C_0.Cube has a component set to zero, which will result in a bad body instance. Scale:X=1.750 Y=0.500 Z=0.000
[2025.09.01-20.22.18:904][616]LogPhysics: Warning: Scale for /Engine/Transient.World_4:PersistentLevel.Cylinder_Blueprint_C_0.Cube has a component set to zero, which will result in a bad body instance. Scale:X=1.750 Y=0.500 Z=0.000
[2025.09.01-20.22.18:904][616]LogPhysics: Warning: Scale for /Game/Cenas/Leonardo.Leonardo:PersistentLevel.Cylinder_Blueprint.Cube has a component set to zero, which will result in a bad body instance. Scale:X=1.875 Y=0.500 Z=0.000
[2025.09.01-20.22.18:904][616]LogPhysics: Warning: Scale for /Engine/Transient.World_4:PersistentLevel.Cylinder_Blueprint_C_0.Cube has a component set to zero, which will result in a bad body instance. Scale:X=1.875 Y=0.500 Z=0.000
[2025.09.01-20.22.18:912][617]LogPhysics: Warning: Scale for /Engine/Transient.World_4:PersistentLevel.Cylinder_Blueprint_C_0.Cube has a component set to zero, which will result in a bad body instance. Scale:X=1.875 Y=0.500 Z=0.000
[2025.09.01-20.22.18:913][617]LogPhysics: Warning: Scale for /Engine/Transient.World_4:PersistentLevel.Cylinder_Blueprint_C_0.Cube has a component set to zero, which will result in a bad body instance. Scale:X=1.875 Y=0.500 Z=0.000
[2025.09.01-20.22.18:913][617]LogPhysics: Warning: Scale for /Engine/Transient.World_4:PersistentLevel.Cylinder_Blueprint_C_0.Cube has a component set to zero, which will result in a bad body instance. Scale:X=1.875 Y=0.500 Z=0.000
[2025.09.01-20.22.18:921][618]LogPhysics: Warning: Scale for /Engine/Transient.World_4:PersistentLevel.Cylinder_Blueprint_C_0.Cube has a component set to zero, which will result in a bad body instance. Scale:X=1.875 Y=0.500 Z=0.000
[2025.09.01-20.22.18:922][618]LogPhysics: Warning: Scale for /Engine/Transient.World_4:PersistentLevel.Cylinder_Blueprint_C_0.Cube has a component set to zero, which will result in a bad body instance. Scale:X=1.875 Y=0.500 Z=0.000
[2025.09.01-20.22.18:922][618]LogPhysics: Warning: Scale for /Engine/Transient.World_4:PersistentLevel.Cylinder_Blueprint_C_0.Cube has a component set to zero, which will result in a bad body instance. Scale:X=1.875 Y=0.500 Z=0.000
[2025.09.01-20.22.18:930][619]LogPhysics: Warning: Scale for /Engine/Transient.World_4:PersistentLevel.Cylinder_Blueprint_C_0.Cube has a component set to zero, which will result in a bad body instance. Scale:X=1.875 Y=0.500 Z=0.000
[2025.09.01-20.22.18:930][619]LogPhysics: Warning: Scale for /Engine/Transient.World_4:PersistentLevel.Cylinder_Blueprint_C_0.Cube has a component set to zero, which will result in a bad body instance. Scale:X=1.875 Y=0.500 Z=0.000
[2025.09.01-20.22.18:930][619]LogPhysics: Warning: Scale for /Engine/Transient.World_4:PersistentLevel.Cylinder_Blueprint_C_0.Cube has a component set to zero, which will result in a bad body instance. Scale:X=1.875 Y=0.500 Z=0.000
[2025.09.01-20.22.18:939][620]LogPhysics: Warning: Scale for /Engine/Transient.World_4:PersistentLevel.Cylinder_Blueprint_C_0.Cube has a component set to zero, which will result in a bad body instance. Scale:X=1.875 Y=0.500 Z=0.000
[2025.09.01-20.22.18:939][620]LogPhysics: Warning: Scale for /Engine/Transient.World_4:PersistentLevel.Cylinder_Blueprint_C_0.Cube has a component set to zero, which will result in a bad body instance. Scale:X=1.875 Y=0.500 Z=0.000
[2025.09.01-20.22.18:939][620]LogPhysics: Warning: Scale for /Engine/Transient.World_4:PersistentLevel.Cylinder_Blueprint_C_0.Cube has a component set to zero, which will result in a bad body instance. Scale:X=1.875 Y=0.500 Z=0.000
[2025.09.01-20.22.18:947][621]LogPhysics: Warning: Scale for /Engine/Transient.World_4:PersistentLevel.Cylinder_Blueprint_C_0.Cube has a component set to zero, which will result in a bad body instance. Scale:X=1.875 Y=0.500 Z=0.000
[2025.09.01-20.22.18:947][621]LogPhysics: Warning: Scale for /Engine/Transient.World_4:PersistentLevel.Cylinder_Blueprint_C_0.Cube has a component set to zero, which will result in a bad body instance. Scale:X=1.875 Y=0.500 Z=0.000
[2025.09.01-20.22.18:947][621]LogPhysics: Warning: Scale for /Engine/Transient.World_4:PersistentLevel.Cylinder_Blueprint_C_0.Cube has a component set to zero, which will result in a bad body instance. Scale:X=1.875 Y=0.500 Z=0.000
[2025.09.01-20.22.18:956][622]LogPhysics: Warning: Scale for /Engine/Transient.World_4:PersistentLevel.Cylinder_Blueprint_C_0.Cube has a component set to zero, which will result in a bad body instance. Scale:X=1.875 Y=0.500 Z=0.000
[2025.09.01-20.22.18:956][622]LogPhysics: Warning: Scale for /Engine/Transient.World_4:PersistentLevel.Cylinder_Blueprint_C_0.Cube has a component set to zero, which will result in a bad body instance. Scale:X=1.875 Y=0.500 Z=0.000
[2025.09.01-20.22.18:956][622]LogPhysics: Warning: Scale for /Engine/Transient.World_4:PersistentLevel.Cylinder_Blueprint_C_0.Cube has a component set to zero, which will result in a bad body instance. Scale:X=1.875 Y=0.500 Z=0.000
[2025.09.01-20.22.18:964][623]LogPhysics: Warning: Scale for /Engine/Transient.World_4:PersistentLevel.Cylinder_Blueprint_C_0.Cube has a component set to zero, which will result in a bad body instance. Scale:X=1.875 Y=0.500 Z=0.000
[2025.09.01-20.22.18:965][623]LogPhysics: Warning: Scale for /Engine/Transient.World_4:PersistentLevel.Cylinder_Blueprint_C_0.Cube has a component set to zero, which will result in a bad body instance. Scale:X=1.875 Y=0.500 Z=0.000
[2025.09.01-20.22.18:965][623]LogPhysics: Warning: Scale for /Engine/Transient.World_4:PersistentLevel.Cylinder_Blueprint_C_0.Cube has a component set to zero, which will result in a bad body instance. Scale:X=1.875 Y=0.500 Z=0.000
[2025.09.01-20.22.18:973][624]LogPhysics: Warning: Scale for /Engine/Transient.World_4:PersistentLevel.Cylinder_Blueprint_C_0.Cube has a component set to zero, which will result in a bad body instance. Scale:X=1.875 Y=0.500 Z=0.000
[2025.09.01-20.22.18:973][624]LogPhysics: Warning: Scale for /Engine/Transient.World_4:PersistentLevel.Cylinder_Blueprint_C_0.Cube has a component set to zero, which will result in a bad body instance. Scale:X=1.875 Y=0.500 Z=0.000
[2025.09.01-20.22.18:973][624]LogPhysics: Warning: Scale for /Engine/Transient.World_4:PersistentLevel.Cylinder_Blueprint_C_0.Cube has a component set to zero, which will result in a bad body instance. Scale:X=1.875 Y=0.500 Z=0.000
[2025.09.01-20.22.18:982][625]LogPhysics: Warning: Scale for /Engine/Transient.World_4:PersistentLevel.Cylinder_Blueprint_C_0.Cube has a component set to zero, which will result in a bad body instance. Scale:X=1.875 Y=0.500 Z=0.000
[2025.09.01-20.22.18:982][625]LogPhysics: Warning: Scale for /Engine/Transient.World_4:PersistentLevel.Cylinder_Blueprint_C_0.Cube has a component set to zero, which will result in a bad body instance. Scale:X=1.875 Y=0.500 Z=0.000
[2025.09.01-20.22.18:982][625]LogPhysics: Warning: Scale for /Engine/Transient.World_4:PersistentLevel.Cylinder_Blueprint_C_0.Cube has a component set to zero, which will result in a bad body instance. Scale:X=1.875 Y=0.500 Z=0.000
[2025.09.01-20.22.18:990][626]LogPhysics: Warning: Scale for /Engine/Transient.World_4:PersistentLevel.Cylinder_Blueprint_C_0.Cube has a component set to zero, which will result in a bad body instance. Scale:X=2.000 Y=0.500 Z=0.000
[2025.09.01-20.22.18:990][626]LogPhysics: Warning: Scale for /Engine/Transient.World_4:PersistentLevel.Cylinder_Blueprint_C_0.Cube has a component set to zero, which will result in a bad body instance. Scale:X=1.875 Y=0.500 Z=0.000
[2025.09.01-20.22.18:991][626]LogPhysics: Warning: Scale for /Engine/Transient.World_4:PersistentLevel.Cylinder_Blueprint_C_0.Cube has a component set to zero, which will result in a bad body instance. Scale:X=1.875 Y=0.500 Z=0.000
[2025.09.01-20.22.18:991][626]LogPhysics: Warning: Scale for /Game/Cenas/Leonardo.Leonardo:PersistentLevel.Cylinder_Blueprint.Cube has a component set to zero, which will result in a bad body instance. Scale:X=2.000 Y=0.500 Z=0.000
[2025.09.01-20.22.18:991][626]LogPhysics: Warning: Scale for /Engine/Transient.World_4:PersistentLevel.Cylinder_Blueprint_C_0.Cube has a component set to zero, which will result in a bad body instance. Scale:X=2.000 Y=0.500 Z=0.000
[2025.09.01-20.22.18:999][627]LogPhysics: Warning: Scale for /Engine/Transient.World_4:PersistentLevel.Cylinder_Blueprint_C_0.Cube has a component set to zero, which will result in a bad body instance. Scale:X=2.000 Y=0.500 Z=0.000
[2025.09.01-20.22.18:999][627]LogPhysics: Warning: Scale for /Engine/Transient.World_4:PersistentLevel.Cylinder_Blueprint_C_0.Cube has a component set to zero, which will result in a bad body instance. Scale:X=2.000 Y=0.500 Z=0.000
[2025.09.01-20.22.18:999][627]LogPhysics: Warning: Scale for /Engine/Transient.World_4:PersistentLevel.Cylinder_Blueprint_C_0.Cube has a component set to zero, which will result in a bad body instance. Scale:X=2.000 Y=0.500 Z=0.000
[2025.09.01-20.22.19:008][628]LogPhysics: Warning: Scale for /Engine/Transient.World_4:PersistentLevel.Cylinder_Blueprint_C_0.Cube has a component set to zero, which will result in a bad body instance. Scale:X=2.000 Y=0.500 Z=0.000
[2025.09.01-20.22.19:008][628]LogPhysics: Warning: Scale for /Engine/Transient.World_4:PersistentLevel.Cylinder_Blueprint_C_0.Cube has a component set to zero, which will result in a bad body instance. Scale:X=2.000 Y=0.500 Z=0.000
[2025.09.01-20.22.19:008][628]LogPhysics: Warning: Scale for /Engine/Transient.World_4:PersistentLevel.Cylinder_Blueprint_C_0.Cube has a component set to zero, which will result in a bad body instance. Scale:X=2.000 Y=0.500 Z=0.000
[2025.09.01-20.22.19:016][629]LogPhysics: Warning: Scale for /Engine/Transient.World_4:PersistentLevel.Cylinder_Blueprint_C_0.Cube has a component set to zero, which will result in a bad body instance. Scale:X=2.000 Y=0.500 Z=0.000
[2025.09.01-20.22.19:017][629]LogPhysics: Warning: Scale for /Engine/Transient.World_4:PersistentLevel.Cylinder_Blueprint_C_0.Cube has a component set to zero, which will result in a bad body instance. Scale:X=2.000 Y=0.500 Z=0.000
[2025.09.01-20.22.19:017][629]LogPhysics: Warning: Scale for /Engine/Transient.World_4:PersistentLevel.Cylinder_Blueprint_C_0.Cube has a component set to zero, which will result in a bad body instance. Scale:X=2.000 Y=0.500 Z=0.000
[2025.09.01-20.22.19:025][630]LogPhysics: Warning: Scale for /Engine/Transient.World_4:PersistentLevel.Cylinder_Blueprint_C_0.Cube has a component set to zero, which will result in a bad body instance. Scale:X=2.000 Y=0.500 Z=0.000
[2025.09.01-20.22.19:025][630]LogPhysics: Warning: Scale for /Engine/Transient.World_4:PersistentLevel.Cylinder_Blueprint_C_0.Cube has a component set to zero, which will result in a bad body instance. Scale:X=2.000 Y=0.500 Z=0.000
[2025.09.01-20.22.19:025][630]LogPhysics: Warning: Scale for /Engine/Transient.World_4:PersistentLevel.Cylinder_Blueprint_C_0.Cube has a component set to zero, which will result in a bad body instance. Scale:X=2.000 Y=0.500 Z=0.000
[2025.09.01-20.22.19:033][631]LogPhysics: Warning: Scale for /Engine/Transient.World_4:PersistentLevel.Cylinder_Blueprint_C_0.Cube has a component set to zero, which will result in a bad body instance. Scale:X=2.000 Y=0.500 Z=0.000
[2025.09.01-20.22.19:033][631]LogPhysics: Warning: Scale for /Engine/Transient.World_4:PersistentLevel.Cylinder_Blueprint_C_0.Cube has a component set to zero, which will result in a bad body instance. Scale:X=2.000 Y=0.500 Z=0.000
[2025.09.01-20.22.19:034][631]LogPhysics: Warning: Scale for /Engine/Transient.World_4:PersistentLevel.Cylinder_Blueprint_C_0.Cube has a component set to zero, which will result in a bad body instance. Scale:X=2.000 Y=0.500 Z=0.000
[2025.09.01-20.22.19:042][632]LogPhysics: Warning: Scale for /Engine/Transient.World_4:PersistentLevel.Cylinder_Blueprint_C_0.Cube has a component set to zero, which will result in a bad body instance. Scale:X=2.000 Y=0.500 Z=0.000
[2025.09.01-20.22.19:042][632]LogPhysics: Warning: Scale for /Engine/Transient.World_4:PersistentLevel.Cylinder_Blueprint_C_0.Cube has a component set to zero, which will result in a bad body instance. Scale:X=2.000 Y=0.500 Z=0.000
[2025.09.01-20.22.19:042][632]LogPhysics: Warning: Scale for /Engine/Transient.World_4:PersistentLevel.Cylinder_Blueprint_C_0.Cube has a component set to zero, which will result in a bad body instance. Scale:X=2.000 Y=0.500 Z=0.000
[2025.09.01-20.22.19:050][633]LogPhysics: Warning: Scale for /Engine/Transient.World_4:PersistentLevel.Cylinder_Blueprint_C_0.Cube has a component set to zero, which will result in a bad body instance. Scale:X=2.000 Y=0.500 Z=0.000
[2025.09.01-20.22.19:050][633]LogPhysics: Warning: Scale for /Engine/Transient.World_4:PersistentLevel.Cylinder_Blueprint_C_0.Cube has a component set to zero, which will result in a bad body instance. Scale:X=2.000 Y=0.500 Z=0.000
[2025.09.01-20.22.19:050][633]LogPhysics: Warning: Scale for /Engine/Transient.World_4:PersistentLevel.Cylinder_Blueprint_C_0.Cube has a component set to zero, which will result in a bad body instance. Scale:X=2.000 Y=0.500 Z=0.000
[2025.09.01-20.22.19:059][634]LogPhysics: Warning: Scale for /Engine/Transient.World_4:PersistentLevel.Cylinder_Blueprint_C_0.Cube has a component set to zero, which will result in a bad body instance. Scale:X=2.000 Y=0.500 Z=0.000
[2025.09.01-20.22.19:059][634]LogPhysics: Warning: Scale for /Engine/Transient.World_4:PersistentLevel.Cylinder_Blueprint_C_0.Cube has a component set to zero, which will result in a bad body instance. Scale:X=2.000 Y=0.500 Z=0.000
[2025.09.01-20.22.19:059][634]LogPhysics: Warning: Scale for /Engine/Transient.World_4:PersistentLevel.Cylinder_Blueprint_C_0.Cube has a component set to zero, which will result in a bad body instance. Scale:X=2.000 Y=0.500 Z=0.000
[2025.09.01-20.22.19:067][635]LogPhysics: Warning: Scale for /Engine/Transient.World_4:PersistentLevel.Cylinder_Blueprint_C_0.Cube has a component set to zero, which will result in a bad body instance. Scale:X=2.000 Y=0.500 Z=0.000
[2025.09.01-20.22.19:067][635]LogPhysics: Warning: Scale for /Engine/Transient.World_4:PersistentLevel.Cylinder_Blueprint_C_0.Cube has a component set to zero, which will result in a bad body instance. Scale:X=2.000 Y=0.500 Z=0.000
[2025.09.01-20.22.19:067][635]LogPhysics: Warning: Scale for /Engine/Transient.World_4:PersistentLevel.Cylinder_Blueprint_C_0.Cube has a component set to zero, which will result in a bad body instance. Scale:X=2.000 Y=0.500 Z=0.000
[2025.09.01-20.22.19:075][636]LogPhysics: Warning: Scale for /Engine/Transient.World_4:PersistentLevel.Cylinder_Blueprint_C_0.Cube has a component set to zero, which will result in a bad body instance. Scale:X=2.000 Y=0.500 Z=0.000
[2025.09.01-20.22.19:076][636]LogPhysics: Warning: Scale for /Engine/Transient.World_4:PersistentLevel.Cylinder_Blueprint_C_0.Cube has a component set to zero, which will result in a bad body instance. Scale:X=2.000 Y=0.500 Z=0.000
[2025.09.01-20.22.19:076][636]LogPhysics: Warning: Scale for /Engine/Transient.World_4:PersistentLevel.Cylinder_Blueprint_C_0.Cube has a component set to zero, which will result in a bad body instance. Scale:X=2.000 Y=0.500 Z=0.000
[2025.09.01-20.22.19:084][637]LogPhysics: Warning: Scale for /Engine/Transient.World_4:PersistentLevel.Cylinder_Blueprint_C_0.Cube has a component set to zero, which will result in a bad body instance. Scale:X=2.000 Y=0.500 Z=0.000
[2025.09.01-20.22.19:084][637]LogPhysics: Warning: Scale for /Engine/Transient.World_4:PersistentLevel.Cylinder_Blueprint_C_0.Cube has a component set to zero, which will result in a bad body instance. Scale:X=2.000 Y=0.500 Z=0.000
[2025.09.01-20.22.19:084][637]LogPhysics: Warning: Scale for /Engine/Transient.World_4:PersistentLevel.Cylinder_Blueprint_C_0.Cube has a component set to zero, which will result in a bad body instance. Scale:X=2.000 Y=0.500 Z=0.000
[2025.09.01-20.22.19:092][638]LogPhysics: Warning: Scale for /Engine/Transient.World_4:PersistentLevel.Cylinder_Blueprint_C_0.Cube has a component set to zero, which will result in a bad body instance. Scale:X=2.000 Y=0.500 Z=0.000
[2025.09.01-20.22.19:092][638]LogPhysics: Warning: Scale for /Engine/Transient.World_4:PersistentLevel.Cylinder_Blueprint_C_0.Cube has a component set to zero, which will result in a bad body instance. Scale:X=2.000 Y=0.500 Z=0.000
[2025.09.01-20.22.19:093][638]LogPhysics: Warning: Scale for /Engine/Transient.World_4:PersistentLevel.Cylinder_Blueprint_C_0.Cube has a component set to zero, which will result in a bad body instance. Scale:X=2.000 Y=0.500 Z=0.000
[2025.09.01-20.22.19:101][639]LogPhysics: Warning: Scale for /Engine/Transient.World_4:PersistentLevel.Cylinder_Blueprint_C_0.Cube has a component set to zero, which will result in a bad body instance. Scale:X=2.000 Y=0.500 Z=0.000
[2025.09.01-20.22.19:101][639]LogPhysics: Warning: Scale for /Engine/Transient.World_4:PersistentLevel.Cylinder_Blueprint_C_0.Cube has a component set to zero, which will result in a bad body instance. Scale:X=2.000 Y=0.500 Z=0.000
[2025.09.01-20.22.19:101][639]LogPhysics: Warning: Scale for /Engine/Transient.World_4:PersistentLevel.Cylinder_Blueprint_C_0.Cube has a component set to zero, which will result in a bad body instance. Scale:X=2.000 Y=0.500 Z=0.000
[2025.09.01-20.22.19:110][640]LogPhysics: Warning: Scale for /Engine/Transient.World_4:PersistentLevel.Cylinder_Blueprint_C_0.Cube has a component set to zero, which will result in a bad body instance. Scale:X=2.000 Y=0.500 Z=0.000
[2025.09.01-20.22.19:110][640]LogPhysics: Warning: Scale for /Engine/Transient.World_4:PersistentLevel.Cylinder_Blueprint_C_0.Cube has a component set to zero, which will result in a bad body instance. Scale:X=2.000 Y=0.500 Z=0.000
[2025.09.01-20.22.19:110][640]LogPhysics: Warning: Scale for /Engine/Transient.World_4:PersistentLevel.Cylinder_Blueprint_C_0.Cube has a component set to zero, which will result in a bad body instance. Scale:X=2.000 Y=0.500 Z=0.000
[2025.09.01-20.22.19:118][641]LogPhysics: Warning: Scale for /Engine/Transient.World_4:PersistentLevel.Cylinder_Blueprint_C_0.Cube has a component set to zero, which will result in a bad body instance. Scale:X=2.000 Y=0.500 Z=0.000
[2025.09.01-20.22.19:118][641]LogPhysics: Warning: Scale for /Engine/Transient.World_4:PersistentLevel.Cylinder_Blueprint_C_0.Cube has a component set to zero, which will result in a bad body instance. Scale:X=2.000 Y=0.500 Z=0.000
[2025.09.01-20.22.19:118][641]LogPhysics: Warning: Scale for /Engine/Transient.World_4:PersistentLevel.Cylinder_Blueprint_C_0.Cube has a component set to zero, which will result in a bad body instance. Scale:X=2.000 Y=0.500 Z=0.000
[2025.09.01-20.22.19:127][642]LogPhysics: Warning: Scale for /Engine/Transient.World_4:PersistentLevel.Cylinder_Blueprint_C_0.Cube has a component set to zero, which will result in a bad body instance. Scale:X=2.000 Y=0.500 Z=0.000
[2025.09.01-20.22.19:127][642]LogPhysics: Warning: Scale for /Engine/Transient.World_4:PersistentLevel.Cylinder_Blueprint_C_0.Cube has a component set to zero, which will result in a bad body instance. Scale:X=2.000 Y=0.500 Z=0.000
[2025.09.01-20.22.19:127][642]LogPhysics: Warning: Scale for /Engine/Transient.World_4:PersistentLevel.Cylinder_Blueprint_C_0.Cube has a component set to zero, which will result in a bad body instance. Scale:X=2.000 Y=0.500 Z=0.000
[2025.09.01-20.22.19:135][643]LogPhysics: Warning: Scale for /Engine/Transient.World_4:PersistentLevel.Cylinder_Blueprint_C_0.Cube has a component set to zero, which will result in a bad body instance. Scale:X=2.000 Y=0.500 Z=0.000
[2025.09.01-20.22.19:135][643]LogPhysics: Warning: Scale for /Engine/Transient.World_4:PersistentLevel.Cylinder_Blueprint_C_0.Cube has a component set to zero, which will result in a bad body instance. Scale:X=2.000 Y=0.500 Z=0.000
[2025.09.01-20.22.19:135][643]LogPhysics: Warning: Scale for /Engine/Transient.World_4:PersistentLevel.Cylinder_Blueprint_C_0.Cube has a component set to zero, which will result in a bad body instance. Scale:X=2.000 Y=0.500 Z=0.000
[2025.09.01-20.22.19:143][644]LogPhysics: Warning: Scale for /Engine/Transient.World_4:PersistentLevel.Cylinder_Blueprint_C_0.Cube has a component set to zero, which will result in a bad body instance. Scale:X=2.000 Y=0.500 Z=0.000
[2025.09.01-20.22.19:144][644]LogPhysics: Warning: Scale for /Engine/Transient.World_4:PersistentLevel.Cylinder_Blueprint_C_0.Cube has a component set to zero, which will result in a bad body instance. Scale:X=2.000 Y=0.500 Z=0.000
[2025.09.01-20.22.19:144][644]LogPhysics: Warning: Scale for /Engine/Transient.World_4:PersistentLevel.Cylinder_Blueprint_C_0.Cube has a component set to zero, which will result in a bad body instance. Scale:X=2.000 Y=0.500 Z=0.000
[2025.09.01-20.22.19:152][645]LogPhysics: Warning: Scale for /Engine/Transient.World_4:PersistentLevel.Cylinder_Blueprint_C_0.Cube has a component set to zero, which will result in a bad body instance. Scale:X=2.000 Y=0.500 Z=0.000
[2025.09.01-20.22.19:152][645]LogPhysics: Warning: Scale for /Engine/Transient.World_4:PersistentLevel.Cylinder_Blueprint_C_0.Cube has a component set to zero, which will result in a bad body instance. Scale:X=2.000 Y=0.500 Z=0.000
[2025.09.01-20.22.19:152][645]LogPhysics: Warning: Scale for /Engine/Transient.World_4:PersistentLevel.Cylinder_Blueprint_C_0.Cube has a component set to zero, which will result in a bad body instance. Scale:X=2.000 Y=0.500 Z=0.000
[2025.09.01-20.22.19:160][646]LogPhysics: Warning: Scale for /Engine/Transient.World_4:PersistentLevel.Cylinder_Blueprint_C_0.Cube has a component set to zero, which will result in a bad body instance. Scale:X=2.000 Y=0.500 Z=0.000
[2025.09.01-20.22.19:161][646]LogPhysics: Warning: Scale for /Engine/Transient.World_4:PersistentLevel.Cylinder_Blueprint_C_0.Cube has a component set to zero, which will result in a bad body instance. Scale:X=2.000 Y=0.500 Z=0.000
[2025.09.01-20.22.19:161][646]LogPhysics: Warning: Scale for /Engine/Transient.World_4:PersistentLevel.Cylinder_Blueprint_C_0.Cube has a component set to zero, which will result in a bad body instance. Scale:X=2.000 Y=0.500 Z=0.000
[2025.09.01-20.22.22:060][969]LogPhysics: Warning: Scale for /Engine/Transient.World_4:PersistentLevel.Cylinder_Blueprint_C_0.Cube has a component set to zero, which will result in a bad body instance. Scale:X=2.000 Y=0.500 Z=0.000
[2025.09.01-20.22.22:060][969]LogPhysics: Warning: Scale for /Engine/Transient.World_4:PersistentLevel.Cylinder_Blueprint_C_0.Cube has a component set to zero, which will result in a bad body instance. Scale:X=2.000 Y=0.500 Z=0.000
[2025.09.01-20.22.22:060][969]LogPhysics: Warning: Scale for /Engine/Transient.World_4:PersistentLevel.Cylinder_Blueprint_C_0.Cube has a component set to zero, which will result in a bad body instance. Scale:X=2.000 Y=0.500 Z=0.000
[2025.09.01-20.22.22:068][970]LogPhysics: Warning: Scale for /Engine/Transient.World_4:PersistentLevel.Cylinder_Blueprint_C_0.Cube has a component set to zero, which will result in a bad body instance. Scale:X=2.000 Y=0.500 Z=0.000
[2025.09.01-20.22.22:069][970]LogPhysics: Warning: Scale for /Engine/Transient.World_4:PersistentLevel.Cylinder_Blueprint_C_0.Cube has a component set to zero, which will result in a bad body instance. Scale:X=2.000 Y=0.500 Z=0.000
[2025.09.01-20.22.22:069][970]LogPhysics: Warning: Scale for /Engine/Transient.World_4:PersistentLevel.Cylinder_Blueprint_C_0.Cube has a component set to zero, which will result in a bad body instance. Scale:X=2.000 Y=0.500 Z=0.000
[2025.09.01-20.22.22:077][971]LogPhysics: Warning: Scale for /Engine/Transient.World_4:PersistentLevel.Cylinder_Blueprint_C_0.Cube has a component set to zero, which will result in a bad body instance. Scale:X=2.000 Y=0.500 Z=0.000
[2025.09.01-20.22.22:077][971]LogPhysics: Warning: Scale for /Engine/Transient.World_4:PersistentLevel.Cylinder_Blueprint_C_0.Cube has a component set to zero, which will result in a bad body instance. Scale:X=2.000 Y=0.500 Z=0.000
[2025.09.01-20.22.22:077][971]LogPhysics: Warning: Scale for /Engine/Transient.World_4:PersistentLevel.Cylinder_Blueprint_C_0.Cube has a component set to zero, which will result in a bad body instance. Scale:X=2.000 Y=0.500 Z=0.000
[2025.09.01-20.22.22:086][972]LogPhysics: Warning: Scale for /Engine/Transient.World_4:PersistentLevel.Cylinder_Blueprint_C_0.Cube has a component set to zero, which will result in a bad body instance. Scale:X=2.000 Y=0.500 Z=0.000
[2025.09.01-20.22.22:086][972]LogPhysics: Warning: Scale for /Engine/Transient.World_4:PersistentLevel.Cylinder_Blueprint_C_0.Cube has a component set to zero, which will result in a bad body instance. Scale:X=2.000 Y=0.500 Z=0.000
[2025.09.01-20.22.22:086][972]LogPhysics: Warning: Scale for /Engine/Transient.World_4:PersistentLevel.Cylinder_Blueprint_C_0.Cube has a component set to zero, which will result in a bad body instance. Scale:X=2.000 Y=0.500 Z=0.000
[2025.09.01-20.22.22:095][973]LogPhysics: Warning: Scale for /Engine/Transient.World_4:PersistentLevel.Cylinder_Blueprint_C_0.Cube has a component set to zero, which will result in a bad body instance. Scale:X=2.000 Y=0.500 Z=0.000
[2025.09.01-20.22.22:095][973]LogPhysics: Warning: Scale for /Engine/Transient.World_4:PersistentLevel.Cylinder_Blueprint_C_0.Cube has a component set to zero, which will result in a bad body instance. Scale:X=2.000 Y=0.500 Z=0.000
[2025.09.01-20.22.22:095][973]LogPhysics: Warning: Scale for /Engine/Transient.World_4:PersistentLevel.Cylinder_Blueprint_C_0.Cube has a component set to zero, which will result in a bad body instance. Scale:X=2.000 Y=0.500 Z=0.000
[2025.09.01-20.22.22:103][974]LogPhysics: Warning: Scale for /Engine/Transient.World_4:PersistentLevel.Cylinder_Blueprint_C_0.Cube has a component set to zero, which will result in a bad body instance. Scale:X=2.000 Y=0.500 Z=0.000
[2025.09.01-20.22.22:103][974]LogPhysics: Warning: Scale for /Engine/Transient.World_4:PersistentLevel.Cylinder_Blueprint_C_0.Cube has a component set to zero, which will result in a bad body instance. Scale:X=2.000 Y=0.500 Z=0.000
[2025.09.01-20.22.22:103][974]LogPhysics: Warning: Scale for /Engine/Transient.World_4:PersistentLevel.Cylinder_Blueprint_C_0.Cube has a component set to zero, which will result in a bad body instance. Scale:X=2.000 Y=0.500 Z=0.000
[2025.09.01-20.22.22:112][975]LogPhysics: Warning: Scale for /Engine/Transient.World_4:PersistentLevel.Cylinder_Blueprint_C_0.Cube has a component set to zero, which will result in a bad body instance. Scale:X=2.000 Y=0.500 Z=0.000
[2025.09.01-20.22.22:112][975]LogPhysics: Warning: Scale for /Engine/Transient.World_4:PersistentLevel.Cylinder_Blueprint_C_0.Cube has a component set to zero, which will result in a bad body instance. Scale:X=2.000 Y=0.500 Z=0.000
[2025.09.01-20.22.22:112][975]LogPhysics: Warning: Scale for /Engine/Transient.World_4:PersistentLevel.Cylinder_Blueprint_C_0.Cube has a component set to zero, which will result in a bad body instance. Scale:X=2.000 Y=0.500 Z=0.000
[2025.09.01-20.22.22:120][976]LogPhysics: Warning: Scale for /Engine/Transient.World_4:PersistentLevel.Cylinder_Blueprint_C_0.Cube has a component set to zero, which will result in a bad body instance. Scale:X=2.000 Y=0.500 Z=0.000
[2025.09.01-20.22.22:121][976]LogPhysics: Warning: Scale for /Engine/Transient.World_4:PersistentLevel.Cylinder_Blueprint_C_0.Cube has a component set to zero, which will result in a bad body instance. Scale:X=2.000 Y=0.500 Z=0.000
[2025.09.01-20.22.22:121][976]LogPhysics: Warning: Scale for /Engine/Transient.World_4:PersistentLevel.Cylinder_Blueprint_C_0.Cube has a component set to zero, which will result in a bad body instance. Scale:X=2.000 Y=0.500 Z=0.000
[2025.09.01-20.22.22:130][977]LogPhysics: Warning: Scale for /Engine/Transient.World_4:PersistentLevel.Cylinder_Blueprint_C_0.Cube has a component set to zero, which will result in a bad body instance. Scale:X=2.000 Y=0.500 Z=0.000
[2025.09.01-20.22.22:130][977]LogPhysics: Warning: Scale for /Engine/Transient.World_4:PersistentLevel.Cylinder_Blueprint_C_0.Cube has a component set to zero, which will result in a bad body instance. Scale:X=2.000 Y=0.500 Z=0.000
[2025.09.01-20.22.22:130][977]LogPhysics: Warning: Scale for /Engine/Transient.World_4:PersistentLevel.Cylinder_Blueprint_C_0.Cube has a component set to zero, which will result in a bad body instance. Scale:X=2.000 Y=0.500 Z=0.000
[2025.09.01-20.22.22:138][978]LogPhysics: Warning: Scale for /Engine/Transient.World_4:PersistentLevel.Cylinder_Blueprint_C_0.Cube has a component set to zero, which will result in a bad body instance. Scale:X=2.000 Y=0.625 Z=0.000
[2025.09.01-20.22.22:139][978]LogPhysics: Warning: Scale for /Engine/Transient.World_4:PersistentLevel.Cylinder_Blueprint_C_0.Cube has a component set to zero, which will result in a bad body instance. Scale:X=2.000 Y=0.500 Z=0.000
[2025.09.01-20.22.22:139][978]LogPhysics: Warning: Scale for /Engine/Transient.World_4:PersistentLevel.Cylinder_Blueprint_C_0.Cube has a component set to zero, which will result in a bad body instance. Scale:X=2.000 Y=0.500 Z=0.000
[2025.09.01-20.22.22:139][978]LogPhysics: Warning: Scale for /Game/Cenas/Leonardo.Leonardo:PersistentLevel.Cylinder_Blueprint.Cube has a component set to zero, which will result in a bad body instance. Scale:X=2.000 Y=0.625 Z=0.000
[2025.09.01-20.22.22:140][978]LogPhysics: Warning: Scale for /Engine/Transient.World_4:PersistentLevel.Cylinder_Blueprint_C_0.Cube has a component set to zero, which will result in a bad body instance. Scale:X=2.000 Y=0.625 Z=0.000
[2025.09.01-20.22.22:148][979]LogPhysics: Warning: Scale for /Engine/Transient.World_4:PersistentLevel.Cylinder_Blueprint_C_0.Cube has a component set to zero, which will result in a bad body instance. Scale:X=2.000 Y=0.625 Z=0.000
[2025.09.01-20.22.22:148][979]LogPhysics: Warning: Scale for /Engine/Transient.World_4:PersistentLevel.Cylinder_Blueprint_C_0.Cube has a component set to zero, which will result in a bad body instance. Scale:X=2.000 Y=0.625 Z=0.000
[2025.09.01-20.22.22:148][979]LogPhysics: Warning: Scale for /Engine/Transient.World_4:PersistentLevel.Cylinder_Blueprint_C_0.Cube has a component set to zero, which will result in a bad body instance. Scale:X=2.000 Y=0.625 Z=0.000
[2025.09.01-20.22.22:156][980]LogPhysics: Warning: Scale for /Engine/Transient.World_4:PersistentLevel.Cylinder_Blueprint_C_0.Cube has a component set to zero, which will result in a bad body instance. Scale:X=2.000 Y=0.625 Z=0.000
[2025.09.01-20.22.22:157][980]LogPhysics: Warning: Scale for /Engine/Transient.World_4:PersistentLevel.Cylinder_Blueprint_C_0.Cube has a component set to zero, which will result in a bad body instance. Scale:X=2.000 Y=0.625 Z=0.000
[2025.09.01-20.22.22:157][980]LogPhysics: Warning: Scale for /Engine/Transient.World_4:PersistentLevel.Cylinder_Blueprint_C_0.Cube has a component set to zero, which will result in a bad body instance. Scale:X=2.000 Y=0.625 Z=0.000
[2025.09.01-20.22.22:165][981]LogPhysics: Warning: Scale for /Engine/Transient.World_4:PersistentLevel.Cylinder_Blueprint_C_0.Cube has a component set to zero, which will result in a bad body instance. Scale:X=2.000 Y=0.625 Z=0.000
[2025.09.01-20.22.22:165][981]LogPhysics: Warning: Scale for /Engine/Transient.World_4:PersistentLevel.Cylinder_Blueprint_C_0.Cube has a component set to zero, which will result in a bad body instance. Scale:X=2.000 Y=0.625 Z=0.000
[2025.09.01-20.22.22:165][981]LogPhysics: Warning: Scale for /Engine/Transient.World_4:PersistentLevel.Cylinder_Blueprint_C_0.Cube has a component set to zero, which will result in a bad body instance. Scale:X=2.000 Y=0.625 Z=0.000
[2025.09.01-20.22.22:174][982]LogPhysics: Warning: Scale for /Engine/Transient.World_4:PersistentLevel.Cylinder_Blueprint_C_0.Cube has a component set to zero, which will result in a bad body instance. Scale:X=2.000 Y=0.625 Z=0.000
[2025.09.01-20.22.22:174][982]LogPhysics: Warning: Scale for /Engine/Transient.World_4:PersistentLevel.Cylinder_Blueprint_C_0.Cube has a component set to zero, which will result in a bad body instance. Scale:X=2.000 Y=0.625 Z=0.000
[2025.09.01-20.22.22:174][982]LogPhysics: Warning: Scale for /Engine/Transient.World_4:PersistentLevel.Cylinder_Blueprint_C_0.Cube has a component set to zero, which will result in a bad body instance. Scale:X=2.000 Y=0.625 Z=0.000
[2025.09.01-20.22.22:182][983]LogPhysics: Warning: Scale for /Engine/Transient.World_4:PersistentLevel.Cylinder_Blueprint_C_0.Cube has a component set to zero, which will result in a bad body instance. Scale:X=2.000 Y=0.625 Z=0.000
[2025.09.01-20.22.22:182][983]LogPhysics: Warning: Scale for /Engine/Transient.World_4:PersistentLevel.Cylinder_Blueprint_C_0.Cube has a component set to zero, which will result in a bad body instance. Scale:X=2.000 Y=0.625 Z=0.000
[2025.09.01-20.22.22:182][983]LogPhysics: Warning: Scale for /Engine/Transient.World_4:PersistentLevel.Cylinder_Blueprint_C_0.Cube has a component set to zero, which will result in a bad body instance. Scale:X=2.000 Y=0.625 Z=0.000
[2025.09.01-20.22.22:191][984]LogPhysics: Warning: Scale for /Engine/Transient.World_4:PersistentLevel.Cylinder_Blueprint_C_0.Cube has a component set to zero, which will result in a bad body instance. Scale:X=2.000 Y=0.625 Z=0.000
[2025.09.01-20.22.22:191][984]LogPhysics: Warning: Scale for /Engine/Transient.World_4:PersistentLevel.Cylinder_Blueprint_C_0.Cube has a component set to zero, which will result in a bad body instance. Scale:X=2.000 Y=0.625 Z=0.000
[2025.09.01-20.22.22:191][984]LogPhysics: Warning: Scale for /Engine/Transient.World_4:PersistentLevel.Cylinder_Blueprint_C_0.Cube has a component set to zero, which will result in a bad body instance. Scale:X=2.000 Y=0.625 Z=0.000
[2025.09.01-20.22.22:199][985]LogPhysics: Warning: Scale for /Engine/Transient.World_4:PersistentLevel.Cylinder_Blueprint_C_0.Cube has a component set to zero, which will result in a bad body instance. Scale:X=2.000 Y=0.625 Z=0.000
[2025.09.01-20.22.22:200][985]LogPhysics: Warning: Scale for /Engine/Transient.World_4:PersistentLevel.Cylinder_Blueprint_C_0.Cube has a component set to zero, which will result in a bad body instance. Scale:X=2.000 Y=0.625 Z=0.000
[2025.09.01-20.22.22:200][985]LogPhysics: Warning: Scale for /Engine/Transient.World_4:PersistentLevel.Cylinder_Blueprint_C_0.Cube has a component set to zero, which will result in a bad body instance. Scale:X=2.000 Y=0.625 Z=0.000
[2025.09.01-20.22.22:208][986]LogPhysics: Warning: Scale for /Engine/Transient.World_4:PersistentLevel.Cylinder_Blueprint_C_0.Cube has a component set to zero, which will result in a bad body instance. Scale:X=2.000 Y=0.625 Z=0.000
[2025.09.01-20.22.22:208][986]LogPhysics: Warning: Scale for /Engine/Transient.World_4:PersistentLevel.Cylinder_Blueprint_C_0.Cube has a component set to zero, which will result in a bad body instance. Scale:X=2.000 Y=0.625 Z=0.000
[2025.09.01-20.22.22:208][986]LogPhysics: Warning: Scale for /Engine/Transient.World_4:PersistentLevel.Cylinder_Blueprint_C_0.Cube has a component set to zero, which will result in a bad body instance. Scale:X=2.000 Y=0.625 Z=0.000
[2025.09.01-20.22.22:217][987]LogPhysics: Warning: Scale for /Engine/Transient.World_4:PersistentLevel.Cylinder_Blueprint_C_0.Cube has a component set to zero, which will result in a bad body instance. Scale:X=2.000 Y=0.625 Z=0.000
[2025.09.01-20.22.22:217][987]LogPhysics: Warning: Scale for /Engine/Transient.World_4:PersistentLevel.Cylinder_Blueprint_C_0.Cube has a component set to zero, which will result in a bad body instance. Scale:X=2.000 Y=0.625 Z=0.000
[2025.09.01-20.22.22:217][987]LogPhysics: Warning: Scale for /Engine/Transient.World_4:PersistentLevel.Cylinder_Blueprint_C_0.Cube has a component set to zero, which will result in a bad body instance. Scale:X=2.000 Y=0.625 Z=0.000
[2025.09.01-20.22.22:225][988]LogPhysics: Warning: Scale for /Engine/Transient.World_4:PersistentLevel.Cylinder_Blueprint_C_0.Cube has a component set to zero, which will result in a bad body instance. Scale:X=2.000 Y=0.625 Z=0.000
[2025.09.01-20.22.22:225][988]LogPhysics: Warning: Scale for /Engine/Transient.World_4:PersistentLevel.Cylinder_Blueprint_C_0.Cube has a component set to zero, which will result in a bad body instance. Scale:X=2.000 Y=0.625 Z=0.000
[2025.09.01-20.22.22:225][988]LogPhysics: Warning: Scale for /Engine/Transient.World_4:PersistentLevel.Cylinder_Blueprint_C_0.Cube has a component set to zero, which will result in a bad body instance. Scale:X=2.000 Y=0.625 Z=0.000
[2025.09.01-20.22.22:234][989]LogPhysics: Warning: Scale for /Engine/Transient.World_4:PersistentLevel.Cylinder_Blueprint_C_0.Cube has a component set to zero, which will result in a bad body instance. Scale:X=2.000 Y=0.625 Z=0.000
[2025.09.01-20.22.22:234][989]LogPhysics: Warning: Scale for /Engine/Transient.World_4:PersistentLevel.Cylinder_Blueprint_C_0.Cube has a component set to zero, which will result in a bad body instance. Scale:X=2.000 Y=0.625 Z=0.000
[2025.09.01-20.22.22:234][989]LogPhysics: Warning: Scale for /Engine/Transient.World_4:PersistentLevel.Cylinder_Blueprint_C_0.Cube has a component set to zero, which will result in a bad body instance. Scale:X=2.000 Y=0.625 Z=0.000
[2025.09.01-20.22.22:242][990]LogPhysics: Warning: Scale for /Engine/Transient.World_4:PersistentLevel.Cylinder_Blueprint_C_0.Cube has a component set to zero, which will result in a bad body instance. Scale:X=2.000 Y=0.625 Z=0.000
[2025.09.01-20.22.22:243][990]LogPhysics: Warning: Scale for /Engine/Transient.World_4:PersistentLevel.Cylinder_Blueprint_C_0.Cube has a component set to zero, which will result in a bad body instance. Scale:X=2.000 Y=0.625 Z=0.000
[2025.09.01-20.22.22:243][990]LogPhysics: Warning: Scale for /Engine/Transient.World_4:PersistentLevel.Cylinder_Blueprint_C_0.Cube has a component set to zero, which will result in a bad body instance. Scale:X=2.000 Y=0.625 Z=0.000
[2025.09.01-20.22.22:251][991]LogPhysics: Warning: Scale for /Engine/Transient.World_4:PersistentLevel.Cylinder_Blueprint_C_0.Cube has a component set to zero, which will result in a bad body instance. Scale:X=2.000 Y=0.625 Z=0.000
[2025.09.01-20.22.22:251][991]LogPhysics: Warning: Scale for /Engine/Transient.World_4:PersistentLevel.Cylinder_Blueprint_C_0.Cube has a component set to zero, which will result in a bad body instance. Scale:X=2.000 Y=0.625 Z=0.000
[2025.09.01-20.22.22:251][991]LogPhysics: Warning: Scale for /Engine/Transient.World_4:PersistentLevel.Cylinder_Blueprint_C_0.Cube has a component set to zero, which will result in a bad body instance. Scale:X=2.000 Y=0.625 Z=0.000
[2025.09.01-20.22.22:259][992]LogPhysics: Warning: Scale for /Engine/Transient.World_4:PersistentLevel.Cylinder_Blueprint_C_0.Cube has a component set to zero, which will result in a bad body instance. Scale:X=2.000 Y=0.625 Z=0.000
[2025.09.01-20.22.22:260][992]LogPhysics: Warning: Scale for /Engine/Transient.World_4:PersistentLevel.Cylinder_Blueprint_C_0.Cube has a component set to zero, which will result in a bad body instance. Scale:X=2.000 Y=0.625 Z=0.000
[2025.09.01-20.22.22:260][992]LogPhysics: Warning: Scale for /Engine/Transient.World_4:PersistentLevel.Cylinder_Blueprint_C_0.Cube has a component set to zero, which will result in a bad body instance. Scale:X=2.000 Y=0.625 Z=0.000
[2025.09.01-20.22.22:268][993]LogPhysics: Warning: Scale for /Engine/Transient.World_4:PersistentLevel.Cylinder_Blueprint_C_0.Cube has a component set to zero, which will result in a bad body instance. Scale:X=2.000 Y=0.625 Z=0.000
[2025.09.01-20.22.22:268][993]LogPhysics: Warning: Scale for /Engine/Transient.World_4:PersistentLevel.Cylinder_Blueprint_C_0.Cube has a component set to zero, which will result in a bad body instance. Scale:X=2.000 Y=0.625 Z=0.000
[2025.09.01-20.22.22:268][993]LogPhysics: Warning: Scale for /Engine/Transient.World_4:PersistentLevel.Cylinder_Blueprint_C_0.Cube has a component set to zero, which will result in a bad body instance. Scale:X=2.000 Y=0.625 Z=0.000
[2025.09.01-20.22.22:276][994]LogPhysics: Warning: Scale for /Engine/Transient.World_4:PersistentLevel.Cylinder_Blueprint_C_0.Cube has a component set to zero, which will result in a bad body instance. Scale:X=2.000 Y=0.625 Z=0.000
[2025.09.01-20.22.22:276][994]LogPhysics: Warning: Scale for /Engine/Transient.World_4:PersistentLevel.Cylinder_Blueprint_C_0.Cube has a component set to zero, which will result in a bad body instance. Scale:X=2.000 Y=0.625 Z=0.000
[2025.09.01-20.22.22:277][994]LogPhysics: Warning: Scale for /Engine/Transient.World_4:PersistentLevel.Cylinder_Blueprint_C_0.Cube has a component set to zero, which will result in a bad body instance. Scale:X=2.000 Y=0.625 Z=0.000
[2025.09.01-20.22.22:285][995]LogPhysics: Warning: Scale for /Engine/Transient.World_4:PersistentLevel.Cylinder_Blueprint_C_0.Cube has a component set to zero, which will result in a bad body instance. Scale:X=2.000 Y=0.625 Z=0.000
[2025.09.01-20.22.22:285][995]LogPhysics: Warning: Scale for /Engine/Transient.World_4:PersistentLevel.Cylinder_Blueprint_C_0.Cube has a component set to zero, which will result in a bad body instance. Scale:X=2.000 Y=0.625 Z=0.000
[2025.09.01-20.22.22:285][995]LogPhysics: Warning: Scale for /Engine/Transient.World_4:PersistentLevel.Cylinder_Blueprint_C_0.Cube has a component set to zero, which will result in a bad body instance. Scale:X=2.000 Y=0.625 Z=0.000
[2025.09.01-20.22.22:293][996]LogPhysics: Warning: Scale for /Engine/Transient.World_4:PersistentLevel.Cylinder_Blueprint_C_0.Cube has a component set to zero, which will result in a bad body instance. Scale:X=2.000 Y=0.625 Z=0.000
[2025.09.01-20.22.22:294][996]LogPhysics: Warning: Scale for /Engine/Transient.World_4:PersistentLevel.Cylinder_Blueprint_C_0.Cube has a component set to zero, which will result in a bad body instance. Scale:X=2.000 Y=0.625 Z=0.000
[2025.09.01-20.22.22:294][996]LogPhysics: Warning: Scale for /Engine/Transient.World_4:PersistentLevel.Cylinder_Blueprint_C_0.Cube has a component set to zero, which will result in a bad body instance. Scale:X=2.000 Y=0.625 Z=0.000
[2025.09.01-20.22.22:302][997]LogPhysics: Warning: Scale for /Engine/Transient.World_4:PersistentLevel.Cylinder_Blueprint_C_0.Cube has a component set to zero, which will result in a bad body instance. Scale:X=2.000 Y=0.625 Z=0.000
[2025.09.01-20.22.22:302][997]LogPhysics: Warning: Scale for /Engine/Transient.World_4:PersistentLevel.Cylinder_Blueprint_C_0.Cube has a component set to zero, which will result in a bad body instance. Scale:X=2.000 Y=0.625 Z=0.000
[2025.09.01-20.22.22:302][997]LogPhysics: Warning: Scale for /Engine/Transient.World_4:PersistentLevel.Cylinder_Blueprint_C_0.Cube has a component set to zero, which will result in a bad body instance. Scale:X=2.000 Y=0.625 Z=0.000
[2025.09.01-20.22.22:310][998]LogPhysics: Warning: Scale for /Engine/Transient.World_4:PersistentLevel.Cylinder_Blueprint_C_0.Cube has a component set to zero, which will result in a bad body instance. Scale:X=2.000 Y=0.625 Z=0.000
[2025.09.01-20.22.22:310][998]LogPhysics: Warning: Scale for /Engine/Transient.World_4:PersistentLevel.Cylinder_Blueprint_C_0.Cube has a component set to zero, which will result in a bad body instance. Scale:X=2.000 Y=0.625 Z=0.000
[2025.09.01-20.22.22:310][998]LogPhysics: Warning: Scale for /Engine/Transient.World_4:PersistentLevel.Cylinder_Blueprint_C_0.Cube has a component set to zero, which will result in a bad body instance. Scale:X=2.000 Y=0.625 Z=0.000
[2025.09.01-20.22.22:319][999]LogPhysics: Warning: Scale for /Engine/Transient.World_4:PersistentLevel.Cylinder_Blueprint_C_0.Cube has a component set to zero, which will result in a bad body instance. Scale:X=2.000 Y=0.625 Z=0.000
[2025.09.01-20.22.22:319][999]LogPhysics: Warning: Scale for /Engine/Transient.World_4:PersistentLevel.Cylinder_Blueprint_C_0.Cube has a component set to zero, which will result in a bad body instance. Scale:X=2.000 Y=0.625 Z=0.000
[2025.09.01-20.22.22:319][999]LogPhysics: Warning: Scale for /Engine/Transient.World_4:PersistentLevel.Cylinder_Blueprint_C_0.Cube has a component set to zero, which will result in a bad body instance. Scale:X=2.000 Y=0.625 Z=0.000
[2025.09.01-20.22.22:327][  0]LogPhysics: Warning: Scale for /Engine/Transient.World_4:PersistentLevel.Cylinder_Blueprint_C_0.Cube has a component set to zero, which will result in a bad body instance. Scale:X=2.000 Y=0.625 Z=0.000
[2025.09.01-20.22.22:327][  0]LogPhysics: Warning: Scale for /Engine/Transient.World_4:PersistentLevel.Cylinder_Blueprint_C_0.Cube has a component set to zero, which will result in a bad body instance. Scale:X=2.000 Y=0.625 Z=0.000
[2025.09.01-20.22.22:327][  0]LogPhysics: Warning: Scale for /Engine/Transient.World_4:PersistentLevel.Cylinder_Blueprint_C_0.Cube has a component set to zero, which will result in a bad body instance. Scale:X=2.000 Y=0.625 Z=0.000
[2025.09.01-20.22.22:336][  1]LogPhysics: Warning: Scale for /Engine/Transient.World_4:PersistentLevel.Cylinder_Blueprint_C_0.Cube has a component set to zero, which will result in a bad body instance. Scale:X=2.000 Y=0.625 Z=0.000
[2025.09.01-20.22.22:336][  1]LogPhysics: Warning: Scale for /Engine/Transient.World_4:PersistentLevel.Cylinder_Blueprint_C_0.Cube has a component set to zero, which will result in a bad body instance. Scale:X=2.000 Y=0.625 Z=0.000
[2025.09.01-20.22.22:336][  1]LogPhysics: Warning: Scale for /Engine/Transient.World_4:PersistentLevel.Cylinder_Blueprint_C_0.Cube has a component set to zero, which will result in a bad body instance. Scale:X=2.000 Y=0.625 Z=0.000
[2025.09.01-20.22.22:344][  2]LogPhysics: Warning: Scale for /Engine/Transient.World_4:PersistentLevel.Cylinder_Blueprint_C_0.Cube has a component set to zero, which will result in a bad body instance. Scale:X=2.000 Y=0.625 Z=0.000
[2025.09.01-20.22.22:344][  2]LogPhysics: Warning: Scale for /Engine/Transient.World_4:PersistentLevel.Cylinder_Blueprint_C_0.Cube has a component set to zero, which will result in a bad body instance. Scale:X=2.000 Y=0.625 Z=0.000
[2025.09.01-20.22.22:344][  2]LogPhysics: Warning: Scale for /Engine/Transient.World_4:PersistentLevel.Cylinder_Blueprint_C_0.Cube has a component set to zero, which will result in a bad body instance. Scale:X=2.000 Y=0.625 Z=0.000
[2025.09.01-20.22.22:353][  3]LogPhysics: Warning: Scale for /Engine/Transient.World_4:PersistentLevel.Cylinder_Blueprint_C_0.Cube has a component set to zero, which will result in a bad body instance. Scale:X=2.000 Y=0.750 Z=0.000
[2025.09.01-20.22.22:353][  3]LogPhysics: Warning: Scale for /Engine/Transient.World_4:PersistentLevel.Cylinder_Blueprint_C_0.Cube has a component set to zero, which will result in a bad body instance. Scale:X=2.000 Y=0.625 Z=0.000
[2025.09.01-20.22.22:353][  3]LogPhysics: Warning: Scale for /Engine/Transient.World_4:PersistentLevel.Cylinder_Blueprint_C_0.Cube has a component set to zero, which will result in a bad body instance. Scale:X=2.000 Y=0.625 Z=0.000
[2025.09.01-20.22.22:353][  3]LogPhysics: Warning: Scale for /Game/Cenas/Leonardo.Leonardo:PersistentLevel.Cylinder_Blueprint.Cube has a component set to zero, which will result in a bad body instance. Scale:X=2.000 Y=0.750 Z=0.000
[2025.09.01-20.22.22:354][  3]LogPhysics: Warning: Scale for /Engine/Transient.World_4:PersistentLevel.Cylinder_Blueprint_C_0.Cube has a component set to zero, which will result in a bad body instance. Scale:X=2.000 Y=0.750 Z=0.000
[2025.09.01-20.22.22:362][  4]LogPhysics: Warning: Scale for /Engine/Transient.World_4:PersistentLevel.Cylinder_Blueprint_C_0.Cube has a component set to zero, which will result in a bad body instance. Scale:X=2.000 Y=0.750 Z=0.000
[2025.09.01-20.22.22:362][  4]LogPhysics: Warning: Scale for /Engine/Transient.World_4:PersistentLevel.Cylinder_Blueprint_C_0.Cube has a component set to zero, which will result in a bad body instance. Scale:X=2.000 Y=0.750 Z=0.000
[2025.09.01-20.22.22:362][  4]LogPhysics: Warning: Scale for /Engine/Transient.World_4:PersistentLevel.Cylinder_Blueprint_C_0.Cube has a component set to zero, which will result in a bad body instance. Scale:X=2.000 Y=0.750 Z=0.000
[2025.09.01-20.22.22:371][  5]LogPhysics: Warning: Scale for /Engine/Transient.World_4:PersistentLevel.Cylinder_Blueprint_C_0.Cube has a component set to zero, which will result in a bad body instance. Scale:X=2.000 Y=0.750 Z=0.000
[2025.09.01-20.22.22:371][  5]LogPhysics: Warning: Scale for /Engine/Transient.World_4:PersistentLevel.Cylinder_Blueprint_C_0.Cube has a component set to zero, which will result in a bad body instance. Scale:X=2.000 Y=0.750 Z=0.000
[2025.09.01-20.22.22:371][  5]LogPhysics: Warning: Scale for /Engine/Transient.World_4:PersistentLevel.Cylinder_Blueprint_C_0.Cube has a component set to zero, which will result in a bad body instance. Scale:X=2.000 Y=0.750 Z=0.000
[2025.09.01-20.22.22:379][  6]LogPhysics: Warning: Scale for /Engine/Transient.World_4:PersistentLevel.Cylinder_Blueprint_C_0.Cube has a component set to zero, which will result in a bad body instance. Scale:X=2.000 Y=0.750 Z=0.000
[2025.09.01-20.22.22:379][  6]LogPhysics: Warning: Scale for /Engine/Transient.World_4:PersistentLevel.Cylinder_Blueprint_C_0.Cube has a component set to zero, which will result in a bad body instance. Scale:X=2.000 Y=0.750 Z=0.000
[2025.09.01-20.22.22:380][  6]LogPhysics: Warning: Scale for /Engine/Transient.World_4:PersistentLevel.Cylinder_Blueprint_C_0.Cube has a component set to zero, which will result in a bad body instance. Scale:X=2.000 Y=0.750 Z=0.000
[2025.09.01-20.22.22:388][  7]LogPhysics: Warning: Scale for /Engine/Transient.World_4:PersistentLevel.Cylinder_Blueprint_C_0.Cube has a component set to zero, which will result in a bad body instance. Scale:X=2.000 Y=0.750 Z=0.000
[2025.09.01-20.22.22:388][  7]LogPhysics: Warning: Scale for /Engine/Transient.World_4:PersistentLevel.Cylinder_Blueprint_C_0.Cube has a component set to zero, which will result in a bad body instance. Scale:X=2.000 Y=0.750 Z=0.000
[2025.09.01-20.22.22:388][  7]LogPhysics: Warning: Scale for /Engine/Transient.World_4:PersistentLevel.Cylinder_Blueprint_C_0.Cube has a component set to zero, which will result in a bad body instance. Scale:X=2.000 Y=0.750 Z=0.000
[2025.09.01-20.22.22:396][  8]LogPhysics: Warning: Scale for /Engine/Transient.World_4:PersistentLevel.Cylinder_Blueprint_C_0.Cube has a component set to zero, which will result in a bad body instance. Scale:X=2.000 Y=0.750 Z=0.000
[2025.09.01-20.22.22:396][  8]LogPhysics: Warning: Scale for /Engine/Transient.World_4:PersistentLevel.Cylinder_Blueprint_C_0.Cube has a component set to zero, which will result in a bad body instance. Scale:X=2.000 Y=0.750 Z=0.000
[2025.09.01-20.22.22:397][  8]LogPhysics: Warning: Scale for /Engine/Transient.World_4:PersistentLevel.Cylinder_Blueprint_C_0.Cube has a component set to zero, which will result in a bad body instance. Scale:X=2.000 Y=0.750 Z=0.000
[2025.09.01-20.22.22:405][  9]LogPhysics: Warning: Scale for /Engine/Transient.World_4:PersistentLevel.Cylinder_Blueprint_C_0.Cube has a component set to zero, which will result in a bad body instance. Scale:X=2.000 Y=0.750 Z=0.000
[2025.09.01-20.22.22:405][  9]LogPhysics: Warning: Scale for /Engine/Transient.World_4:PersistentLevel.Cylinder_Blueprint_C_0.Cube has a component set to zero, which will result in a bad body instance. Scale:X=2.000 Y=0.750 Z=0.000
[2025.09.01-20.22.22:405][  9]LogPhysics: Warning: Scale for /Engine/Transient.World_4:PersistentLevel.Cylinder_Blueprint_C_0.Cube has a component set to zero, which will result in a bad body instance. Scale:X=2.000 Y=0.750 Z=0.000
[2025.09.01-20.22.22:413][ 10]LogPhysics: Warning: Scale for /Engine/Transient.World_4:PersistentLevel.Cylinder_Blueprint_C_0.Cube has a component set to zero, which will result in a bad body instance. Scale:X=2.000 Y=0.750 Z=0.000
[2025.09.01-20.22.22:414][ 10]LogPhysics: Warning: Scale for /Engine/Transient.World_4:PersistentLevel.Cylinder_Blueprint_C_0.Cube has a component set to zero, which will result in a bad body instance. Scale:X=2.000 Y=0.750 Z=0.000
[2025.09.01-20.22.22:414][ 10]LogPhysics: Warning: Scale for /Engine/Transient.World_4:PersistentLevel.Cylinder_Blueprint_C_0.Cube has a component set to zero, which will result in a bad body instance. Scale:X=2.000 Y=0.750 Z=0.000
[2025.09.01-20.22.22:421][ 11]LogPhysics: Warning: Scale for /Engine/Transient.World_4:PersistentLevel.Cylinder_Blueprint_C_0.Cube has a component set to zero, which will result in a bad body instance. Scale:X=2.000 Y=0.750 Z=0.000
[2025.09.01-20.22.22:421][ 11]LogPhysics: Warning: Scale for /Engine/Transient.World_4:PersistentLevel.Cylinder_Blueprint_C_0.Cube has a component set to zero, which will result in a bad body instance. Scale:X=2.000 Y=0.750 Z=0.000
[2025.09.01-20.22.22:421][ 11]LogPhysics: Warning: Scale for /Engine/Transient.World_4:PersistentLevel.Cylinder_Blueprint_C_0.Cube has a component set to zero, which will result in a bad body instance. Scale:X=2.000 Y=0.750 Z=0.000
[2025.09.01-20.22.22:430][ 12]LogPhysics: Warning: Scale for /Engine/Transient.World_4:PersistentLevel.Cylinder_Blueprint_C_0.Cube has a component set to zero, which will result in a bad body instance. Scale:X=2.000 Y=0.750 Z=0.000
[2025.09.01-20.22.22:430][ 12]LogPhysics: Warning: Scale for /Engine/Transient.World_4:PersistentLevel.Cylinder_Blueprint_C_0.Cube has a component set to zero, which will result in a bad body instance. Scale:X=2.000 Y=0.750 Z=0.000
[2025.09.01-20.22.22:430][ 12]LogPhysics: Warning: Scale for /Engine/Transient.World_4:PersistentLevel.Cylinder_Blueprint_C_0.Cube has a component set to zero, which will result in a bad body instance. Scale:X=2.000 Y=0.750 Z=0.000
[2025.09.01-20.22.22:439][ 13]LogPhysics: Warning: Scale for /Engine/Transient.World_4:PersistentLevel.Cylinder_Blueprint_C_0.Cube has a component set to zero, which will result in a bad body instance. Scale:X=2.000 Y=0.750 Z=0.000
[2025.09.01-20.22.22:439][ 13]LogPhysics: Warning: Scale for /Engine/Transient.World_4:PersistentLevel.Cylinder_Blueprint_C_0.Cube has a component set to zero, which will result in a bad body instance. Scale:X=2.000 Y=0.750 Z=0.000
[2025.09.01-20.22.22:439][ 13]LogPhysics: Warning: Scale for /Engine/Transient.World_4:PersistentLevel.Cylinder_Blueprint_C_0.Cube has a component set to zero, which will result in a bad body instance. Scale:X=2.000 Y=0.750 Z=0.000
[2025.09.01-20.22.22:447][ 14]LogPhysics: Warning: Scale for /Engine/Transient.World_4:PersistentLevel.Cylinder_Blueprint_C_0.Cube has a component set to zero, which will result in a bad body instance. Scale:X=2.000 Y=0.750 Z=0.000
[2025.09.01-20.22.22:448][ 14]LogPhysics: Warning: Scale for /Engine/Transient.World_4:PersistentLevel.Cylinder_Blueprint_C_0.Cube has a component set to zero, which will result in a bad body instance. Scale:X=2.000 Y=0.750 Z=0.000
[2025.09.01-20.22.22:448][ 14]LogPhysics: Warning: Scale for /Engine/Transient.World_4:PersistentLevel.Cylinder_Blueprint_C_0.Cube has a component set to zero, which will result in a bad body instance. Scale:X=2.000 Y=0.750 Z=0.000
[2025.09.01-20.22.22:456][ 15]LogPhysics: Warning: Scale for /Engine/Transient.World_4:PersistentLevel.Cylinder_Blueprint_C_0.Cube has a component set to zero, which will result in a bad body instance. Scale:X=2.000 Y=0.750 Z=0.000
[2025.09.01-20.22.22:456][ 15]LogPhysics: Warning: Scale for /Engine/Transient.World_4:PersistentLevel.Cylinder_Blueprint_C_0.Cube has a component set to zero, which will result in a bad body instance. Scale:X=2.000 Y=0.750 Z=0.000
[2025.09.01-20.22.22:457][ 15]LogPhysics: Warning: Scale for /Engine/Transient.World_4:PersistentLevel.Cylinder_Blueprint_C_0.Cube has a component set to zero, which will result in a bad body instance. Scale:X=2.000 Y=0.750 Z=0.000
[2025.09.01-20.22.22:465][ 16]LogPhysics: Warning: Scale for /Engine/Transient.World_4:PersistentLevel.Cylinder_Blueprint_C_0.Cube has a component set to zero, which will result in a bad body instance. Scale:X=2.000 Y=0.750 Z=0.000
[2025.09.01-20.22.22:465][ 16]LogPhysics: Warning: Scale for /Engine/Transient.World_4:PersistentLevel.Cylinder_Blueprint_C_0.Cube has a component set to zero, which will result in a bad body instance. Scale:X=2.000 Y=0.750 Z=0.000
[2025.09.01-20.22.22:465][ 16]LogPhysics: Warning: Scale for /Engine/Transient.World_4:PersistentLevel.Cylinder_Blueprint_C_0.Cube has a component set to zero, which will result in a bad body instance. Scale:X=2.000 Y=0.750 Z=0.000
[2025.09.01-20.22.22:473][ 17]LogPhysics: Warning: Scale for /Engine/Transient.World_4:PersistentLevel.Cylinder_Blueprint_C_0.Cube has a component set to zero, which will result in a bad body instance. Scale:X=2.000 Y=0.750 Z=0.000
[2025.09.01-20.22.22:474][ 17]LogPhysics: Warning: Scale for /Engine/Transient.World_4:PersistentLevel.Cylinder_Blueprint_C_0.Cube has a component set to zero, which will result in a bad body instance. Scale:X=2.000 Y=0.750 Z=0.000
[2025.09.01-20.22.22:474][ 17]LogPhysics: Warning: Scale for /Engine/Transient.World_4:PersistentLevel.Cylinder_Blueprint_C_0.Cube has a component set to zero, which will result in a bad body instance. Scale:X=2.000 Y=0.750 Z=0.000
[2025.09.01-20.22.22:482][ 18]LogPhysics: Warning: Scale for /Engine/Transient.World_4:PersistentLevel.Cylinder_Blueprint_C_0.Cube has a component set to zero, which will result in a bad body instance. Scale:X=2.000 Y=0.750 Z=0.000
[2025.09.01-20.22.22:482][ 18]LogPhysics: Warning: Scale for /Engine/Transient.World_4:PersistentLevel.Cylinder_Blueprint_C_0.Cube has a component set to zero, which will result in a bad body instance. Scale:X=2.000 Y=0.750 Z=0.000
[2025.09.01-20.22.22:482][ 18]LogPhysics: Warning: Scale for /Engine/Transient.World_4:PersistentLevel.Cylinder_Blueprint_C_0.Cube has a component set to zero, which will result in a bad body instance. Scale:X=2.000 Y=0.750 Z=0.000
[2025.09.01-20.22.22:491][ 19]LogPhysics: Warning: Scale for /Engine/Transient.World_4:PersistentLevel.Cylinder_Blueprint_C_0.Cube has a component set to zero, which will result in a bad body instance. Scale:X=2.000 Y=0.750 Z=0.000
[2025.09.01-20.22.22:491][ 19]LogPhysics: Warning: Scale for /Engine/Transient.World_4:PersistentLevel.Cylinder_Blueprint_C_0.Cube has a component set to zero, which will result in a bad body instance. Scale:X=2.000 Y=0.750 Z=0.000
[2025.09.01-20.22.22:491][ 19]LogPhysics: Warning: Scale for /Engine/Transient.World_4:PersistentLevel.Cylinder_Blueprint_C_0.Cube has a component set to zero, which will result in a bad body instance. Scale:X=2.000 Y=0.750 Z=0.000
[2025.09.01-20.22.22:499][ 20]LogPhysics: Warning: Scale for /Engine/Transient.World_4:PersistentLevel.Cylinder_Blueprint_C_0.Cube has a component set to zero, which will result in a bad body instance. Scale:X=2.000 Y=0.750 Z=0.000
[2025.09.01-20.22.22:500][ 20]LogPhysics: Warning: Scale for /Engine/Transient.World_4:PersistentLevel.Cylinder_Blueprint_C_0.Cube has a component set to zero, which will result in a bad body instance. Scale:X=2.000 Y=0.750 Z=0.000
[2025.09.01-20.22.22:500][ 20]LogPhysics: Warning: Scale for /Engine/Transient.World_4:PersistentLevel.Cylinder_Blueprint_C_0.Cube has a component set to zero, which will result in a bad body instance. Scale:X=2.000 Y=0.750 Z=0.000
[2025.09.01-20.22.22:508][ 21]LogPhysics: Warning: Scale for /Engine/Transient.World_4:PersistentLevel.Cylinder_Blueprint_C_0.Cube has a component set to zero, which will result in a bad body instance. Scale:X=2.000 Y=0.750 Z=0.000
[2025.09.01-20.22.22:508][ 21]LogPhysics: Warning: Scale for /Engine/Transient.World_4:PersistentLevel.Cylinder_Blueprint_C_0.Cube has a component set to zero, which will result in a bad body instance. Scale:X=2.000 Y=0.750 Z=0.000
[2025.09.01-20.22.22:508][ 21]LogPhysics: Warning: Scale for /Engine/Transient.World_4:PersistentLevel.Cylinder_Blueprint_C_0.Cube has a component set to zero, which will result in a bad body instance. Scale:X=2.000 Y=0.750 Z=0.000
[2025.09.01-20.22.22:517][ 22]LogPhysics: Warning: Scale for /Engine/Transient.World_4:PersistentLevel.Cylinder_Blueprint_C_0.Cube has a component set to zero, which will result in a bad body instance. Scale:X=2.000 Y=0.750 Z=0.000
[2025.09.01-20.22.22:517][ 22]LogPhysics: Warning: Scale for /Engine/Transient.World_4:PersistentLevel.Cylinder_Blueprint_C_0.Cube has a component set to zero, which will result in a bad body instance. Scale:X=2.000 Y=0.750 Z=0.000
[2025.09.01-20.22.22:517][ 22]LogPhysics: Warning: Scale for /Engine/Transient.World_4:PersistentLevel.Cylinder_Blueprint_C_0.Cube has a component set to zero, which will result in a bad body instance. Scale:X=2.000 Y=0.750 Z=0.000
[2025.09.01-20.22.22:525][ 23]LogPhysics: Warning: Scale for /Engine/Transient.World_4:PersistentLevel.Cylinder_Blueprint_C_0.Cube has a component set to zero, which will result in a bad body instance. Scale:X=2.000 Y=0.750 Z=0.000
[2025.09.01-20.22.22:526][ 23]LogPhysics: Warning: Scale for /Engine/Transient.World_4:PersistentLevel.Cylinder_Blueprint_C_0.Cube has a component set to zero, which will result in a bad body instance. Scale:X=2.000 Y=0.750 Z=0.000
[2025.09.01-20.22.22:526][ 23]LogPhysics: Warning: Scale for /Engine/Transient.World_4:PersistentLevel.Cylinder_Blueprint_C_0.Cube has a component set to zero, which will result in a bad body instance. Scale:X=2.000 Y=0.750 Z=0.000
[2025.09.01-20.22.22:534][ 24]LogPhysics: Warning: Scale for /Engine/Transient.World_4:PersistentLevel.Cylinder_Blueprint_C_0.Cube has a component set to zero, which will result in a bad body instance. Scale:X=2.000 Y=0.875 Z=0.000
[2025.09.01-20.22.22:534][ 24]LogPhysics: Warning: Scale for /Engine/Transient.World_4:PersistentLevel.Cylinder_Blueprint_C_0.Cube has a component set to zero, which will result in a bad body instance. Scale:X=2.000 Y=0.750 Z=0.000
[2025.09.01-20.22.22:534][ 24]LogPhysics: Warning: Scale for /Engine/Transient.World_4:PersistentLevel.Cylinder_Blueprint_C_0.Cube has a component set to zero, which will result in a bad body instance. Scale:X=2.000 Y=0.750 Z=0.000
[2025.09.01-20.22.22:535][ 24]LogPhysics: Warning: Scale for /Game/Cenas/Leonardo.Leonardo:PersistentLevel.Cylinder_Blueprint.Cube has a component set to zero, which will result in a bad body instance. Scale:X=2.000 Y=0.875 Z=0.000
[2025.09.01-20.22.22:535][ 24]LogPhysics: Warning: Scale for /Engine/Transient.World_4:PersistentLevel.Cylinder_Blueprint_C_0.Cube has a component set to zero, which will result in a bad body instance. Scale:X=2.000 Y=0.875 Z=0.000
[2025.09.01-20.22.22:544][ 25]LogPhysics: Warning: Scale for /Engine/Transient.World_4:PersistentLevel.Cylinder_Blueprint_C_0.Cube has a component set to zero, which will result in a bad body instance. Scale:X=2.000 Y=0.875 Z=0.000
[2025.09.01-20.22.22:544][ 25]LogPhysics: Warning: Scale for /Engine/Transient.World_4:PersistentLevel.Cylinder_Blueprint_C_0.Cube has a component set to zero, which will result in a bad body instance. Scale:X=2.000 Y=0.875 Z=0.000
[2025.09.01-20.22.22:544][ 25]LogPhysics: Warning: Scale for /Engine/Transient.World_4:PersistentLevel.Cylinder_Blueprint_C_0.Cube has a component set to zero, which will result in a bad body instance. Scale:X=2.000 Y=0.875 Z=0.000
[2025.09.01-20.22.22:553][ 26]LogPhysics: Warning: Scale for /Engine/Transient.World_4:PersistentLevel.Cylinder_Blueprint_C_0.Cube has a component set to zero, which will result in a bad body instance. Scale:X=2.000 Y=0.875 Z=0.000
[2025.09.01-20.22.22:553][ 26]LogPhysics: Warning: Scale for /Engine/Transient.World_4:PersistentLevel.Cylinder_Blueprint_C_0.Cube has a component set to zero, which will result in a bad body instance. Scale:X=2.000 Y=0.875 Z=0.000
[2025.09.01-20.22.22:553][ 26]LogPhysics: Warning: Scale for /Engine/Transient.World_4:PersistentLevel.Cylinder_Blueprint_C_0.Cube has a component set to zero, which will result in a bad body instance. Scale:X=2.000 Y=0.875 Z=0.000
[2025.09.01-20.22.22:561][ 27]LogPhysics: Warning: Scale for /Engine/Transient.World_4:PersistentLevel.Cylinder_Blueprint_C_0.Cube has a component set to zero, which will result in a bad body instance. Scale:X=2.000 Y=0.875 Z=0.000
[2025.09.01-20.22.22:562][ 27]LogPhysics: Warning: Scale for /Engine/Transient.World_4:PersistentLevel.Cylinder_Blueprint_C_0.Cube has a component set to zero, which will result in a bad body instance. Scale:X=2.000 Y=0.875 Z=0.000
[2025.09.01-20.22.22:562][ 27]LogPhysics: Warning: Scale for /Engine/Transient.World_4:PersistentLevel.Cylinder_Blueprint_C_0.Cube has a component set to zero, which will result in a bad body instance. Scale:X=2.000 Y=0.875 Z=0.000
[2025.09.01-20.22.22:570][ 28]LogPhysics: Warning: Scale for /Engine/Transient.World_4:PersistentLevel.Cylinder_Blueprint_C_0.Cube has a component set to zero, which will result in a bad body instance. Scale:X=2.000 Y=0.875 Z=0.000
[2025.09.01-20.22.22:570][ 28]LogPhysics: Warning: Scale for /Engine/Transient.World_4:PersistentLevel.Cylinder_Blueprint_C_0.Cube has a component set to zero, which will result in a bad body instance. Scale:X=2.000 Y=0.875 Z=0.000
[2025.09.01-20.22.22:570][ 28]LogPhysics: Warning: Scale for /Engine/Transient.World_4:PersistentLevel.Cylinder_Blueprint_C_0.Cube has a component set to zero, which will result in a bad body instance. Scale:X=2.000 Y=0.875 Z=0.000
[2025.09.01-20.22.22:579][ 29]LogPhysics: Warning: Scale for /Engine/Transient.World_4:PersistentLevel.Cylinder_Blueprint_C_0.Cube has a component set to zero, which will result in a bad body instance. Scale:X=2.000 Y=0.875 Z=0.000
[2025.09.01-20.22.22:579][ 29]LogPhysics: Warning: Scale for /Engine/Transient.World_4:PersistentLevel.Cylinder_Blueprint_C_0.Cube has a component set to zero, which will result in a bad body instance. Scale:X=2.000 Y=0.875 Z=0.000
[2025.09.01-20.22.22:579][ 29]LogPhysics: Warning: Scale for /Engine/Transient.World_4:PersistentLevel.Cylinder_Blueprint_C_0.Cube has a component set to zero, which will result in a bad body instance. Scale:X=2.000 Y=0.875 Z=0.000
[2025.09.01-20.22.22:587][ 30]LogPhysics: Warning: Scale for /Engine/Transient.World_4:PersistentLevel.Cylinder_Blueprint_C_0.Cube has a component set to zero, which will result in a bad body instance. Scale:X=2.000 Y=0.875 Z=0.000
[2025.09.01-20.22.22:587][ 30]LogPhysics: Warning: Scale for /Engine/Transient.World_4:PersistentLevel.Cylinder_Blueprint_C_0.Cube has a component set to zero, which will result in a bad body instance. Scale:X=2.000 Y=0.875 Z=0.000
[2025.09.01-20.22.22:588][ 30]LogPhysics: Warning: Scale for /Engine/Transient.World_4:PersistentLevel.Cylinder_Blueprint_C_0.Cube has a component set to zero, which will result in a bad body instance. Scale:X=2.000 Y=0.875 Z=0.000
[2025.09.01-20.22.22:596][ 31]LogPhysics: Warning: Scale for /Engine/Transient.World_4:PersistentLevel.Cylinder_Blueprint_C_0.Cube has a component set to zero, which will result in a bad body instance. Scale:X=2.000 Y=0.875 Z=0.000
[2025.09.01-20.22.22:596][ 31]LogPhysics: Warning: Scale for /Engine/Transient.World_4:PersistentLevel.Cylinder_Blueprint_C_0.Cube has a component set to zero, which will result in a bad body instance. Scale:X=2.000 Y=0.875 Z=0.000
[2025.09.01-20.22.22:596][ 31]LogPhysics: Warning: Scale for /Engine/Transient.World_4:PersistentLevel.Cylinder_Blueprint_C_0.Cube has a component set to zero, which will result in a bad body instance. Scale:X=2.000 Y=0.875 Z=0.000
[2025.09.01-20.22.22:604][ 32]LogPhysics: Warning: Scale for /Engine/Transient.World_4:PersistentLevel.Cylinder_Blueprint_C_0.Cube has a component set to zero, which will result in a bad body instance. Scale:X=2.000 Y=0.875 Z=0.000
[2025.09.01-20.22.22:604][ 32]LogPhysics: Warning: Scale for /Engine/Transient.World_4:PersistentLevel.Cylinder_Blueprint_C_0.Cube has a component set to zero, which will result in a bad body instance. Scale:X=2.000 Y=0.875 Z=0.000
[2025.09.01-20.22.22:605][ 32]LogPhysics: Warning: Scale for /Engine/Transient.World_4:PersistentLevel.Cylinder_Blueprint_C_0.Cube has a component set to zero, which will result in a bad body instance. Scale:X=2.000 Y=0.875 Z=0.000
[2025.09.01-20.22.22:613][ 33]LogPhysics: Warning: Scale for /Engine/Transient.World_4:PersistentLevel.Cylinder_Blueprint_C_0.Cube has a component set to zero, which will result in a bad body instance. Scale:X=2.000 Y=0.875 Z=0.000
[2025.09.01-20.22.22:613][ 33]LogPhysics: Warning: Scale for /Engine/Transient.World_4:PersistentLevel.Cylinder_Blueprint_C_0.Cube has a component set to zero, which will result in a bad body instance. Scale:X=2.000 Y=0.875 Z=0.000
[2025.09.01-20.22.22:613][ 33]LogPhysics: Warning: Scale for /Engine/Transient.World_4:PersistentLevel.Cylinder_Blueprint_C_0.Cube has a component set to zero, which will result in a bad body instance. Scale:X=2.000 Y=0.875 Z=0.000
[2025.09.01-20.22.22:621][ 34]LogPhysics: Warning: Scale for /Engine/Transient.World_4:PersistentLevel.Cylinder_Blueprint_C_0.Cube has a component set to zero, which will result in a bad body instance. Scale:X=2.000 Y=0.875 Z=0.000
[2025.09.01-20.22.22:621][ 34]LogPhysics: Warning: Scale for /Engine/Transient.World_4:PersistentLevel.Cylinder_Blueprint_C_0.Cube has a component set to zero, which will result in a bad body instance. Scale:X=2.000 Y=0.875 Z=0.000
[2025.09.01-20.22.22:621][ 34]LogPhysics: Warning: Scale for /Engine/Transient.World_4:PersistentLevel.Cylinder_Blueprint_C_0.Cube has a component set to zero, which will result in a bad body instance. Scale:X=2.000 Y=0.875 Z=0.000
[2025.09.01-20.22.22:630][ 35]LogPhysics: Warning: Scale for /Engine/Transient.World_4:PersistentLevel.Cylinder_Blueprint_C_0.Cube has a component set to zero, which will result in a bad body instance. Scale:X=2.000 Y=0.875 Z=0.000
[2025.09.01-20.22.22:630][ 35]LogPhysics: Warning: Scale for /Engine/Transient.World_4:PersistentLevel.Cylinder_Blueprint_C_0.Cube has a component set to zero, which will result in a bad body instance. Scale:X=2.000 Y=0.875 Z=0.000
[2025.09.01-20.22.22:630][ 35]LogPhysics: Warning: Scale for /Engine/Transient.World_4:PersistentLevel.Cylinder_Blueprint_C_0.Cube has a component set to zero, which will result in a bad body instance. Scale:X=2.000 Y=0.875 Z=0.000
[2025.09.01-20.22.22:638][ 36]LogPhysics: Warning: Scale for /Engine/Transient.World_4:PersistentLevel.Cylinder_Blueprint_C_0.Cube has a component set to zero, which will result in a bad body instance. Scale:X=2.000 Y=0.875 Z=0.000
[2025.09.01-20.22.22:638][ 36]LogPhysics: Warning: Scale for /Engine/Transient.World_4:PersistentLevel.Cylinder_Blueprint_C_0.Cube has a component set to zero, which will result in a bad body instance. Scale:X=2.000 Y=0.875 Z=0.000
[2025.09.01-20.22.22:638][ 36]LogPhysics: Warning: Scale for /Engine/Transient.World_4:PersistentLevel.Cylinder_Blueprint_C_0.Cube has a component set to zero, which will result in a bad body instance. Scale:X=2.000 Y=0.875 Z=0.000
[2025.09.01-20.22.22:647][ 37]LogPhysics: Warning: Scale for /Engine/Transient.World_4:PersistentLevel.Cylinder_Blueprint_C_0.Cube has a component set to zero, which will result in a bad body instance. Scale:X=2.000 Y=0.875 Z=0.000
[2025.09.01-20.22.22:647][ 37]LogPhysics: Warning: Scale for /Engine/Transient.World_4:PersistentLevel.Cylinder_Blueprint_C_0.Cube has a component set to zero, which will result in a bad body instance. Scale:X=2.000 Y=0.875 Z=0.000
[2025.09.01-20.22.22:647][ 37]LogPhysics: Warning: Scale for /Engine/Transient.World_4:PersistentLevel.Cylinder_Blueprint_C_0.Cube has a component set to zero, which will result in a bad body instance. Scale:X=2.000 Y=0.875 Z=0.000
[2025.09.01-20.22.22:655][ 38]LogPhysics: Warning: Scale for /Engine/Transient.World_4:PersistentLevel.Cylinder_Blueprint_C_0.Cube has a component set to zero, which will result in a bad body instance. Scale:X=2.000 Y=0.875 Z=0.000
[2025.09.01-20.22.22:655][ 38]LogPhysics: Warning: Scale for /Engine/Transient.World_4:PersistentLevel.Cylinder_Blueprint_C_0.Cube has a component set to zero, which will result in a bad body instance. Scale:X=2.000 Y=0.875 Z=0.000
[2025.09.01-20.22.22:655][ 38]LogPhysics: Warning: Scale for /Engine/Transient.World_4:PersistentLevel.Cylinder_Blueprint_C_0.Cube has a component set to zero, which will result in a bad body instance. Scale:X=2.000 Y=0.875 Z=0.000
[2025.09.01-20.22.22:663][ 39]LogPhysics: Warning: Scale for /Engine/Transient.World_4:PersistentLevel.Cylinder_Blueprint_C_0.Cube has a component set to zero, which will result in a bad body instance. Scale:X=2.000 Y=0.875 Z=0.000
[2025.09.01-20.22.22:664][ 39]LogPhysics: Warning: Scale for /Engine/Transient.World_4:PersistentLevel.Cylinder_Blueprint_C_0.Cube has a component set to zero, which will result in a bad body instance. Scale:X=2.000 Y=0.875 Z=0.000
[2025.09.01-20.22.22:664][ 39]LogPhysics: Warning: Scale for /Engine/Transient.World_4:PersistentLevel.Cylinder_Blueprint_C_0.Cube has a component set to zero, which will result in a bad body instance. Scale:X=2.000 Y=0.875 Z=0.000
[2025.09.01-20.22.22:672][ 40]LogPhysics: Warning: Scale for /Engine/Transient.World_4:PersistentLevel.Cylinder_Blueprint_C_0.Cube has a component set to zero, which will result in a bad body instance. Scale:X=2.000 Y=0.875 Z=0.000
[2025.09.01-20.22.22:672][ 40]LogPhysics: Warning: Scale for /Engine/Transient.World_4:PersistentLevel.Cylinder_Blueprint_C_0.Cube has a component set to zero, which will result in a bad body instance. Scale:X=2.000 Y=0.875 Z=0.000
[2025.09.01-20.22.22:672][ 40]LogPhysics: Warning: Scale for /Engine/Transient.World_4:PersistentLevel.Cylinder_Blueprint_C_0.Cube has a component set to zero, which will result in a bad body instance. Scale:X=2.000 Y=0.875 Z=0.000
[2025.09.01-20.22.22:680][ 41]LogPhysics: Warning: Scale for /Engine/Transient.World_4:PersistentLevel.Cylinder_Blueprint_C_0.Cube has a component set to zero, which will result in a bad body instance. Scale:X=2.000 Y=0.875 Z=0.000
[2025.09.01-20.22.22:680][ 41]LogPhysics: Warning: Scale for /Engine/Transient.World_4:PersistentLevel.Cylinder_Blueprint_C_0.Cube has a component set to zero, which will result in a bad body instance. Scale:X=2.000 Y=0.875 Z=0.000
[2025.09.01-20.22.22:680][ 41]LogPhysics: Warning: Scale for /Engine/Transient.World_4:PersistentLevel.Cylinder_Blueprint_C_0.Cube has a component set to zero, which will result in a bad body instance. Scale:X=2.000 Y=0.875 Z=0.000
[2025.09.01-20.22.22:689][ 42]LogPhysics: Warning: Scale for /Engine/Transient.World_4:PersistentLevel.Cylinder_Blueprint_C_0.Cube has a component set to zero, which will result in a bad body instance. Scale:X=2.000 Y=0.875 Z=0.000
[2025.09.01-20.22.22:689][ 42]LogPhysics: Warning: Scale for /Engine/Transient.World_4:PersistentLevel.Cylinder_Blueprint_C_0.Cube has a component set to zero, which will result in a bad body instance. Scale:X=2.000 Y=0.875 Z=0.000
[2025.09.01-20.22.22:689][ 42]LogPhysics: Warning: Scale for /Engine/Transient.World_4:PersistentLevel.Cylinder_Blueprint_C_0.Cube has a component set to zero, which will result in a bad body instance. Scale:X=2.000 Y=0.875 Z=0.000
[2025.09.01-20.22.22:697][ 43]LogPhysics: Warning: Scale for /Engine/Transient.World_4:PersistentLevel.Cylinder_Blueprint_C_0.Cube has a component set to zero, which will result in a bad body instance. Scale:X=2.000 Y=0.875 Z=0.000
[2025.09.01-20.22.22:697][ 43]LogPhysics: Warning: Scale for /Engine/Transient.World_4:PersistentLevel.Cylinder_Blueprint_C_0.Cube has a component set to zero, which will result in a bad body instance. Scale:X=2.000 Y=0.875 Z=0.000
[2025.09.01-20.22.22:697][ 43]LogPhysics: Warning: Scale for /Engine/Transient.World_4:PersistentLevel.Cylinder_Blueprint_C_0.Cube has a component set to zero, which will result in a bad body instance. Scale:X=2.000 Y=0.875 Z=0.000
[2025.09.01-20.22.22:706][ 44]LogPhysics: Warning: Scale for /Engine/Transient.World_4:PersistentLevel.Cylinder_Blueprint_C_0.Cube has a component set to zero, which will result in a bad body instance. Scale:X=2.000 Y=0.875 Z=0.000
[2025.09.01-20.22.22:706][ 44]LogPhysics: Warning: Scale for /Engine/Transient.World_4:PersistentLevel.Cylinder_Blueprint_C_0.Cube has a component set to zero, which will result in a bad body instance. Scale:X=2.000 Y=0.875 Z=0.000
[2025.09.01-20.22.22:706][ 44]LogPhysics: Warning: Scale for /Engine/Transient.World_4:PersistentLevel.Cylinder_Blueprint_C_0.Cube has a component set to zero, which will result in a bad body instance. Scale:X=2.000 Y=0.875 Z=0.000
[2025.09.01-20.22.22:714][ 45]LogPhysics: Warning: Scale for /Engine/Transient.World_4:PersistentLevel.Cylinder_Blueprint_C_0.Cube has a component set to zero, which will result in a bad body instance. Scale:X=2.000 Y=0.875 Z=0.000
[2025.09.01-20.22.22:714][ 45]LogPhysics: Warning: Scale for /Engine/Transient.World_4:PersistentLevel.Cylinder_Blueprint_C_0.Cube has a component set to zero, which will result in a bad body instance. Scale:X=2.000 Y=0.875 Z=0.000
[2025.09.01-20.22.22:714][ 45]LogPhysics: Warning: Scale for /Engine/Transient.World_4:PersistentLevel.Cylinder_Blueprint_C_0.Cube has a component set to zero, which will result in a bad body instance. Scale:X=2.000 Y=0.875 Z=0.000
[2025.09.01-20.22.22:722][ 46]LogPhysics: Warning: Scale for /Engine/Transient.World_4:PersistentLevel.Cylinder_Blueprint_C_0.Cube has a component set to zero, which will result in a bad body instance. Scale:X=2.000 Y=0.875 Z=0.000
[2025.09.01-20.22.22:723][ 46]LogPhysics: Warning: Scale for /Engine/Transient.World_4:PersistentLevel.Cylinder_Blueprint_C_0.Cube has a component set to zero, which will result in a bad body instance. Scale:X=2.000 Y=0.875 Z=0.000
[2025.09.01-20.22.22:723][ 46]LogPhysics: Warning: Scale for /Engine/Transient.World_4:PersistentLevel.Cylinder_Blueprint_C_0.Cube has a component set to zero, which will result in a bad body instance. Scale:X=2.000 Y=0.875 Z=0.000
[2025.09.01-20.22.22:731][ 47]LogPhysics: Warning: Scale for /Engine/Transient.World_4:PersistentLevel.Cylinder_Blueprint_C_0.Cube has a component set to zero, which will result in a bad body instance. Scale:X=2.000 Y=0.875 Z=0.000
[2025.09.01-20.22.22:731][ 47]LogPhysics: Warning: Scale for /Engine/Transient.World_4:PersistentLevel.Cylinder_Blueprint_C_0.Cube has a component set to zero, which will result in a bad body instance. Scale:X=2.000 Y=0.875 Z=0.000
[2025.09.01-20.22.22:731][ 47]LogPhysics: Warning: Scale for /Engine/Transient.World_4:PersistentLevel.Cylinder_Blueprint_C_0.Cube has a component set to zero, which will result in a bad body instance. Scale:X=2.000 Y=0.875 Z=0.000
[2025.09.01-20.22.22:739][ 48]LogPhysics: Warning: Scale for /Engine/Transient.World_4:PersistentLevel.Cylinder_Blueprint_C_0.Cube has a component set to zero, which will result in a bad body instance. Scale:X=2.000 Y=0.875 Z=0.000
[2025.09.01-20.22.22:739][ 48]LogPhysics: Warning: Scale for /Engine/Transient.World_4:PersistentLevel.Cylinder_Blueprint_C_0.Cube has a component set to zero, which will result in a bad body instance. Scale:X=2.000 Y=0.875 Z=0.000
[2025.09.01-20.22.22:740][ 48]LogPhysics: Warning: Scale for /Engine/Transient.World_4:PersistentLevel.Cylinder_Blueprint_C_0.Cube has a component set to zero, which will result in a bad body instance. Scale:X=2.000 Y=0.875 Z=0.000
[2025.09.01-20.22.22:748][ 49]LogPhysics: Warning: Scale for /Engine/Transient.World_4:PersistentLevel.Cylinder_Blueprint_C_0.Cube has a component set to zero, which will result in a bad body instance. Scale:X=2.000 Y=0.875 Z=0.000
[2025.09.01-20.22.22:748][ 49]LogPhysics: Warning: Scale for /Engine/Transient.World_4:PersistentLevel.Cylinder_Blueprint_C_0.Cube has a component set to zero, which will result in a bad body instance. Scale:X=2.000 Y=0.875 Z=0.000
[2025.09.01-20.22.22:748][ 49]LogPhysics: Warning: Scale for /Engine/Transient.World_4:PersistentLevel.Cylinder_Blueprint_C_0.Cube has a component set to zero, which will result in a bad body instance. Scale:X=2.000 Y=0.875 Z=0.000
[2025.09.01-20.22.22:756][ 50]LogPhysics: Warning: Scale for /Engine/Transient.World_4:PersistentLevel.Cylinder_Blueprint_C_0.Cube has a component set to zero, which will result in a bad body instance. Scale:X=2.000 Y=0.875 Z=0.000
[2025.09.01-20.22.22:756][ 50]LogPhysics: Warning: Scale for /Engine/Transient.World_4:PersistentLevel.Cylinder_Blueprint_C_0.Cube has a component set to zero, which will result in a bad body instance. Scale:X=2.000 Y=0.875 Z=0.000
[2025.09.01-20.22.22:756][ 50]LogPhysics: Warning: Scale for /Engine/Transient.World_4:PersistentLevel.Cylinder_Blueprint_C_0.Cube has a component set to zero, which will result in a bad body instance. Scale:X=2.000 Y=0.875 Z=0.000
[2025.09.01-20.22.22:765][ 51]LogPhysics: Warning: Scale for /Engine/Transient.World_4:PersistentLevel.Cylinder_Blueprint_C_0.Cube has a component set to zero, which will result in a bad body instance. Scale:X=2.000 Y=0.875 Z=0.000
[2025.09.01-20.22.22:765][ 51]LogPhysics: Warning: Scale for /Engine/Transient.World_4:PersistentLevel.Cylinder_Blueprint_C_0.Cube has a component set to zero, which will result in a bad body instance. Scale:X=2.000 Y=0.875 Z=0.000
[2025.09.01-20.22.22:765][ 51]LogPhysics: Warning: Scale for /Engine/Transient.World_4:PersistentLevel.Cylinder_Blueprint_C_0.Cube has a component set to zero, which will result in a bad body instance. Scale:X=2.000 Y=0.875 Z=0.000
[2025.09.01-20.22.22:773][ 52]LogPhysics: Warning: Scale for /Engine/Transient.World_4:PersistentLevel.Cylinder_Blueprint_C_0.Cube has a component set to zero, which will result in a bad body instance. Scale:X=2.000 Y=0.875 Z=0.000
[2025.09.01-20.22.22:773][ 52]LogPhysics: Warning: Scale for /Engine/Transient.World_4:PersistentLevel.Cylinder_Blueprint_C_0.Cube has a component set to zero, which will result in a bad body instance. Scale:X=2.000 Y=0.875 Z=0.000
[2025.09.01-20.22.22:773][ 52]LogPhysics: Warning: Scale for /Engine/Transient.World_4:PersistentLevel.Cylinder_Blueprint_C_0.Cube has a component set to zero, which will result in a bad body instance. Scale:X=2.000 Y=0.875 Z=0.000
[2025.09.01-20.22.22:781][ 53]LogPhysics: Warning: Scale for /Engine/Transient.World_4:PersistentLevel.Cylinder_Blueprint_C_0.Cube has a component set to zero, which will result in a bad body instance. Scale:X=2.000 Y=0.875 Z=0.000
[2025.09.01-20.22.22:782][ 53]LogPhysics: Warning: Scale for /Engine/Transient.World_4:PersistentLevel.Cylinder_Blueprint_C_0.Cube has a component set to zero, which will result in a bad body instance. Scale:X=2.000 Y=0.875 Z=0.000
[2025.09.01-20.22.22:782][ 53]LogPhysics: Warning: Scale for /Engine/Transient.World_4:PersistentLevel.Cylinder_Blueprint_C_0.Cube has a component set to zero, which will result in a bad body instance. Scale:X=2.000 Y=0.875 Z=0.000
[2025.09.01-20.22.22:790][ 54]LogPhysics: Warning: Scale for /Engine/Transient.World_4:PersistentLevel.Cylinder_Blueprint_C_0.Cube has a component set to zero, which will result in a bad body instance. Scale:X=2.000 Y=0.875 Z=0.000
[2025.09.01-20.22.22:790][ 54]LogPhysics: Warning: Scale for /Engine/Transient.World_4:PersistentLevel.Cylinder_Blueprint_C_0.Cube has a component set to zero, which will result in a bad body instance. Scale:X=2.000 Y=0.875 Z=0.000
[2025.09.01-20.22.22:790][ 54]LogPhysics: Warning: Scale for /Engine/Transient.World_4:PersistentLevel.Cylinder_Blueprint_C_0.Cube has a component set to zero, which will result in a bad body instance. Scale:X=2.000 Y=0.875 Z=0.000
[2025.09.01-20.22.22:797][ 55]LogPhysics: Warning: Scale for /Engine/Transient.World_4:PersistentLevel.Cylinder_Blueprint_C_0.Cube has a component set to zero, which will result in a bad body instance. Scale:X=2.000 Y=0.875 Z=0.000
[2025.09.01-20.22.22:797][ 55]LogPhysics: Warning: Scale for /Engine/Transient.World_4:PersistentLevel.Cylinder_Blueprint_C_0.Cube has a component set to zero, which will result in a bad body instance. Scale:X=2.000 Y=0.875 Z=0.000
[2025.09.01-20.22.22:798][ 55]LogPhysics: Warning: Scale for /Engine/Transient.World_4:PersistentLevel.Cylinder_Blueprint_C_0.Cube has a component set to zero, which will result in a bad body instance. Scale:X=2.000 Y=0.875 Z=0.000
[2025.09.01-20.22.22:806][ 56]LogPhysics: Warning: Scale for /Engine/Transient.World_4:PersistentLevel.Cylinder_Blueprint_C_0.Cube has a component set to zero, which will result in a bad body instance. Scale:X=2.000 Y=0.875 Z=0.000
[2025.09.01-20.22.22:806][ 56]LogPhysics: Warning: Scale for /Engine/Transient.World_4:PersistentLevel.Cylinder_Blueprint_C_0.Cube has a component set to zero, which will result in a bad body instance. Scale:X=2.000 Y=0.875 Z=0.000
[2025.09.01-20.22.22:806][ 56]LogPhysics: Warning: Scale for /Engine/Transient.World_4:PersistentLevel.Cylinder_Blueprint_C_0.Cube has a component set to zero, which will result in a bad body instance. Scale:X=2.000 Y=0.875 Z=0.000
[2025.09.01-20.22.22:814][ 57]LogPhysics: Warning: Scale for /Engine/Transient.World_4:PersistentLevel.Cylinder_Blueprint_C_0.Cube has a component set to zero, which will result in a bad body instance. Scale:X=2.000 Y=0.875 Z=0.000
[2025.09.01-20.22.22:814][ 57]LogPhysics: Warning: Scale for /Engine/Transient.World_4:PersistentLevel.Cylinder_Blueprint_C_0.Cube has a component set to zero, which will result in a bad body instance. Scale:X=2.000 Y=0.875 Z=0.000
[2025.09.01-20.22.22:814][ 57]LogPhysics: Warning: Scale for /Engine/Transient.World_4:PersistentLevel.Cylinder_Blueprint_C_0.Cube has a component set to zero, which will result in a bad body instance. Scale:X=2.000 Y=0.875 Z=0.000
[2025.09.01-20.22.22:823][ 58]LogPhysics: Warning: Scale for /Engine/Transient.World_4:PersistentLevel.Cylinder_Blueprint_C_0.Cube has a component set to zero, which will result in a bad body instance. Scale:X=2.000 Y=0.875 Z=0.000
[2025.09.01-20.22.22:823][ 58]LogPhysics: Warning: Scale for /Engine/Transient.World_4:PersistentLevel.Cylinder_Blueprint_C_0.Cube has a component set to zero, which will result in a bad body instance. Scale:X=2.000 Y=0.875 Z=0.000
[2025.09.01-20.22.22:823][ 58]LogPhysics: Warning: Scale for /Engine/Transient.World_4:PersistentLevel.Cylinder_Blueprint_C_0.Cube has a component set to zero, which will result in a bad body instance. Scale:X=2.000 Y=0.875 Z=0.000
[2025.09.01-20.22.22:832][ 59]LogPhysics: Warning: Scale for /Engine/Transient.World_4:PersistentLevel.Cylinder_Blueprint_C_0.Cube has a component set to zero, which will result in a bad body instance. Scale:X=2.000 Y=0.875 Z=0.000
[2025.09.01-20.22.22:832][ 59]LogPhysics: Warning: Scale for /Engine/Transient.World_4:PersistentLevel.Cylinder_Blueprint_C_0.Cube has a component set to zero, which will result in a bad body instance. Scale:X=2.000 Y=0.875 Z=0.000
[2025.09.01-20.22.22:832][ 59]LogPhysics: Warning: Scale for /Engine/Transient.World_4:PersistentLevel.Cylinder_Blueprint_C_0.Cube has a component set to zero, which will result in a bad body instance. Scale:X=2.000 Y=0.875 Z=0.000
[2025.09.01-20.22.22:840][ 60]LogPhysics: Warning: Scale for /Engine/Transient.World_4:PersistentLevel.Cylinder_Blueprint_C_0.Cube has a component set to zero, which will result in a bad body instance. Scale:X=2.000 Y=0.875 Z=0.000
[2025.09.01-20.22.22:840][ 60]LogPhysics: Warning: Scale for /Engine/Transient.World_4:PersistentLevel.Cylinder_Blueprint_C_0.Cube has a component set to zero, which will result in a bad body instance. Scale:X=2.000 Y=0.875 Z=0.000
[2025.09.01-20.22.22:840][ 60]LogPhysics: Warning: Scale for /Engine/Transient.World_4:PersistentLevel.Cylinder_Blueprint_C_0.Cube has a component set to zero, which will result in a bad body instance. Scale:X=2.000 Y=0.875 Z=0.000
[2025.09.01-20.22.22:849][ 61]LogPhysics: Warning: Scale for /Engine/Transient.World_4:PersistentLevel.Cylinder_Blueprint_C_0.Cube has a component set to zero, which will result in a bad body instance. Scale:X=2.000 Y=0.875 Z=0.000
[2025.09.01-20.22.22:849][ 61]LogPhysics: Warning: Scale for /Engine/Transient.World_4:PersistentLevel.Cylinder_Blueprint_C_0.Cube has a component set to zero, which will result in a bad body instance. Scale:X=2.000 Y=0.875 Z=0.000
[2025.09.01-20.22.22:849][ 61]LogPhysics: Warning: Scale for /Engine/Transient.World_4:PersistentLevel.Cylinder_Blueprint_C_0.Cube has a component set to zero, which will result in a bad body instance. Scale:X=2.000 Y=0.875 Z=0.000
[2025.09.01-20.22.26:157][442]LogPhysics: Warning: Scale for /Engine/Transient.World_4:PersistentLevel.Cylinder_Blueprint_C_0.Cube has a component set to zero, which will result in a bad body instance. Scale:X=2.000 Y=0.875 Z=0.000
[2025.09.01-20.22.26:157][442]LogPhysics: Warning: Scale for /Engine/Transient.World_4:PersistentLevel.Cylinder_Blueprint_C_0.Cube has a component set to zero, which will result in a bad body instance. Scale:X=2.000 Y=0.875 Z=0.000
[2025.09.01-20.22.26:157][442]LogPhysics: Warning: Scale for /Engine/Transient.World_4:PersistentLevel.Cylinder_Blueprint_C_0.Cube has a component set to zero, which will result in a bad body instance. Scale:X=2.000 Y=0.875 Z=0.000
[2025.09.01-20.22.26:158][442]LogPhysics: Warning: Scale for /Game/Cenas/Leonardo.Leonardo:PersistentLevel.Cylinder_Blueprint.Cube has a component set to zero, which will result in a bad body instance. Scale:X=2.000 Y=0.875 Z=0.000
[2025.09.01-20.22.26:158][442]LogPhysics: Warning: Scale for /Engine/Transient.World_4:PersistentLevel.Cylinder_Blueprint_C_0.Cube has a component set to zero, which will result in a bad body instance. Scale:X=2.000 Y=0.875 Z=0.000
[2025.09.01-20.22.26:216][449]LogPhysics: Warning: Scale for /Engine/Transient.World_4:PersistentLevel.Cylinder_Blueprint_C_0.Cube has a component set to zero, which will result in a bad body instance. Scale:X=2.000 Y=0.875 Z=0.000
[2025.09.01-20.22.26:217][449]LogPhysics: Warning: Scale for /Engine/Transient.World_4:PersistentLevel.Cylinder_Blueprint_C_0.Cube has a component set to zero, which will result in a bad body instance. Scale:X=2.000 Y=0.875 Z=0.000
[2025.09.01-20.22.26:217][449]LogPhysics: Warning: Scale for /Engine/Transient.World_4:PersistentLevel.Cylinder_Blueprint_C_0.Cube has a component set to zero, which will result in a bad body instance. Scale:X=2.000 Y=0.875 Z=0.000
[2025.09.01-20.22.26:217][449]LogPhysics: Warning: Scale for /Game/Cenas/Leonardo.Leonardo:PersistentLevel.Cylinder_Blueprint.Cube has a component set to zero, which will result in a bad body instance. Scale:X=2.000 Y=0.875 Z=0.000
[2025.09.01-20.22.26:217][449]LogPhysics: Warning: Scale for /Engine/Transient.World_4:PersistentLevel.Cylinder_Blueprint_C_0.Cube has a component set to zero, which will result in a bad body instance. Scale:X=2.000 Y=0.875 Z=0.000
[2025.09.01-20.22.26:292][458]LogPhysics: Warning: Scale for /Engine/Transient.World_4:PersistentLevel.Cylinder_Blueprint_C_0.Cube has a component set to zero, which will result in a bad body instance. Scale:X=2.000 Y=0.875 Z=0.000
[2025.09.01-20.22.26:292][458]LogPhysics: Warning: Scale for /Engine/Transient.World_4:PersistentLevel.Cylinder_Blueprint_C_0.Cube has a component set to zero, which will result in a bad body instance. Scale:X=2.000 Y=0.875 Z=0.000
[2025.09.01-20.22.26:292][458]LogPhysics: Warning: Scale for /Engine/Transient.World_4:PersistentLevel.Cylinder_Blueprint_C_0.Cube has a component set to zero, which will result in a bad body instance. Scale:X=2.000 Y=0.875 Z=0.000
[2025.09.01-20.22.26:293][458]LogPhysics: Warning: Scale for /Game/Cenas/Leonardo.Leonardo:PersistentLevel.Cylinder_Blueprint.Cube has a component set to zero, which will result in a bad body instance. Scale:X=2.000 Y=0.875 Z=0.000
[2025.09.01-20.22.26:293][458]LogPhysics: Warning: Scale for /Engine/Transient.World_4:PersistentLevel.Cylinder_Blueprint_C_0.Cube has a component set to zero, which will result in a bad body instance. Scale:X=2.000 Y=0.875 Z=0.000
[2025.09.01-20.22.30:577][943]LogPhysics: Warning: Scale for /Engine/Transient.World_4:PersistentLevel.Cylinder_Blueprint_C_0.Cube has a component set to zero, which will result in a bad body instance. Scale:X=2.000 Y=0.875 Z=0.000
[2025.09.01-20.22.30:577][943]LogPhysics: Warning: Scale for /Engine/Transient.World_4:PersistentLevel.Cylinder_Blueprint_C_0.Cube has a component set to zero, which will result in a bad body instance. Scale:X=2.000 Y=0.875 Z=0.000
[2025.09.01-20.22.30:577][943]LogPhysics: Warning: Scale for /Engine/Transient.World_4:PersistentLevel.Cylinder_Blueprint_C_0.Cube has a component set to zero, which will result in a bad body instance. Scale:X=2.000 Y=0.875 Z=0.000
[2025.09.01-20.22.30:578][943]LogPhysics: Warning: Scale for /Game/Cenas/Leonardo.Leonardo:PersistentLevel.Cylinder_Blueprint.Cube has a component set to zero, which will result in a bad body instance. Scale:X=2.000 Y=0.875 Z=0.000
[2025.09.01-20.22.30:578][943]LogPhysics: Warning: Scale for /Engine/Transient.World_4:PersistentLevel.Cylinder_Blueprint_C_0.Cube has a component set to zero, which will result in a bad body instance. Scale:X=2.000 Y=0.875 Z=0.000
[2025.09.01-20.22.30:637][950]LogPhysics: Warning: Scale for /Engine/Transient.World_4:PersistentLevel.Cylinder_Blueprint_C_0.Cube has a component set to zero, which will result in a bad body instance. Scale:X=2.000 Y=0.875 Z=0.000
[2025.09.01-20.22.30:637][950]LogPhysics: Warning: Scale for /Engine/Transient.World_4:PersistentLevel.Cylinder_Blueprint_C_0.Cube has a component set to zero, which will result in a bad body instance. Scale:X=2.000 Y=0.875 Z=0.000
[2025.09.01-20.22.30:637][950]LogPhysics: Warning: Scale for /Engine/Transient.World_4:PersistentLevel.Cylinder_Blueprint_C_0.Cube has a component set to zero, which will result in a bad body instance. Scale:X=2.000 Y=0.875 Z=0.000
[2025.09.01-20.22.30:637][950]LogPhysics: Warning: Scale for /Game/Cenas/Leonardo.Leonardo:PersistentLevel.Cylinder_Blueprint.Cube has a component set to zero, which will result in a bad body instance. Scale:X=2.000 Y=0.875 Z=0.000
[2025.09.01-20.22.30:637][950]LogPhysics: Warning: Scale for /Engine/Transient.World_4:PersistentLevel.Cylinder_Blueprint_C_0.Cube has a component set to zero, which will result in a bad body instance. Scale:X=2.000 Y=0.875 Z=0.000
[2025.09.01-20.22.30:729][961]LogPhysics: Warning: Scale for /Engine/Transient.World_4:PersistentLevel.Cylinder_Blueprint_C_0.Cube has a component set to zero, which will result in a bad body instance. Scale:X=2.000 Y=0.875 Z=0.000
[2025.09.01-20.22.30:729][961]LogPhysics: Warning: Scale for /Engine/Transient.World_4:PersistentLevel.Cylinder_Blueprint_C_0.Cube has a component set to zero, which will result in a bad body instance. Scale:X=2.000 Y=0.875 Z=0.000
[2025.09.01-20.22.30:729][961]LogPhysics: Warning: Scale for /Engine/Transient.World_4:PersistentLevel.Cylinder_Blueprint_C_0.Cube has a component set to zero, which will result in a bad body instance. Scale:X=2.000 Y=0.875 Z=0.000
[2025.09.01-20.22.30:730][961]LogPhysics: Warning: Scale for /Game/Cenas/Leonardo.Leonardo:PersistentLevel.Cylinder_Blueprint.Cube has a component set to zero, which will result in a bad body instance. Scale:X=2.000 Y=0.875 Z=0.000
[2025.09.01-20.22.30:730][961]LogPhysics: Warning: Scale for /Engine/Transient.World_4:PersistentLevel.Cylinder_Blueprint_C_0.Cube has a component set to zero, which will result in a bad body instance. Scale:X=2.000 Y=0.875 Z=0.000
[2025.09.01-20.22.30:781][967]LogPhysics: Warning: Scale for /Engine/Transient.World_4:PersistentLevel.Cylinder_Blueprint_C_0.Cube has a component set to zero, which will result in a bad body instance. Scale:X=2.000 Y=0.875 Z=0.000
[2025.09.01-20.22.30:781][967]LogPhysics: Warning: Scale for /Engine/Transient.World_4:PersistentLevel.Cylinder_Blueprint_C_0.Cube has a component set to zero, which will result in a bad body instance. Scale:X=2.000 Y=0.875 Z=0.000
[2025.09.01-20.22.30:781][967]LogPhysics: Warning: Scale for /Engine/Transient.World_4:PersistentLevel.Cylinder_Blueprint_C_0.Cube has a component set to zero, which will result in a bad body instance. Scale:X=2.000 Y=0.875 Z=0.000
[2025.09.01-20.22.30:781][967]LogPhysics: Warning: Scale for /Game/Cenas/Leonardo.Leonardo:PersistentLevel.Cylinder_Blueprint.Cube has a component set to zero, which will result in a bad body instance. Scale:X=2.000 Y=0.875 Z=0.000
[2025.09.01-20.22.30:781][967]LogPhysics: Warning: Scale for /Engine/Transient.World_4:PersistentLevel.Cylinder_Blueprint_C_0.Cube has a component set to zero, which will result in a bad body instance. Scale:X=2.000 Y=0.875 Z=0.000
[2025.09.01-20.22.30:898][981]LogPhysics: Warning: Scale for /Engine/Transient.World_4:PersistentLevel.Cylinder_Blueprint_C_0.Cube has a component set to zero, which will result in a bad body instance. Scale:X=2.000 Y=0.875 Z=0.000
[2025.09.01-20.22.30:898][981]LogPhysics: Warning: Scale for /Engine/Transient.World_4:PersistentLevel.Cylinder_Blueprint_C_0.Cube has a component set to zero, which will result in a bad body instance. Scale:X=2.000 Y=0.875 Z=0.000
[2025.09.01-20.22.30:898][981]LogPhysics: Warning: Scale for /Engine/Transient.World_4:PersistentLevel.Cylinder_Blueprint_C_0.Cube has a component set to zero, which will result in a bad body instance. Scale:X=2.000 Y=0.875 Z=0.000
[2025.09.01-20.22.30:898][981]LogPhysics: Warning: Scale for /Game/Cenas/Leonardo.Leonardo:PersistentLevel.Cylinder_Blueprint.Cube has a component set to zero, which will result in a bad body instance. Scale:X=2.000 Y=0.875 Z=0.000
[2025.09.01-20.22.30:898][981]LogPhysics: Warning: Scale for /Engine/Transient.World_4:PersistentLevel.Cylinder_Blueprint_C_0.Cube has a component set to zero, which will result in a bad body instance. Scale:X=2.000 Y=0.875 Z=0.000
[2025.09.01-20.22.31:057][  0]LogPhysics: Warning: Scale for /Engine/Transient.World_4:PersistentLevel.Cylinder_Blueprint_C_0.Cube has a component set to zero, which will result in a bad body instance. Scale:X=2.000 Y=0.875 Z=0.000
[2025.09.01-20.22.31:057][  0]LogPhysics: Warning: Scale for /Engine/Transient.World_4:PersistentLevel.Cylinder_Blueprint_C_0.Cube has a component set to zero, which will result in a bad body instance. Scale:X=2.000 Y=0.875 Z=0.000
[2025.09.01-20.22.31:057][  0]LogPhysics: Warning: Scale for /Engine/Transient.World_4:PersistentLevel.Cylinder_Blueprint_C_0.Cube has a component set to zero, which will result in a bad body instance. Scale:X=2.000 Y=0.875 Z=0.000
[2025.09.01-20.22.31:057][  0]LogPhysics: Warning: Scale for /Game/Cenas/Leonardo.Leonardo:PersistentLevel.Cylinder_Blueprint.Cube has a component set to zero, which will result in a bad body instance. Scale:X=2.000 Y=0.875 Z=0.000
[2025.09.01-20.22.31:057][  0]LogPhysics: Warning: Scale for /Engine/Transient.World_4:PersistentLevel.Cylinder_Blueprint_C_0.Cube has a component set to zero, which will result in a bad body instance. Scale:X=2.000 Y=0.875 Z=0.000
[2025.09.01-20.22.31:240][ 22]LogPhysics: Warning: Scale for /Engine/Transient.World_4:PersistentLevel.Cylinder_Blueprint_C_0.Cube has a component set to zero, which will result in a bad body instance. Scale:X=2.000 Y=0.875 Z=0.000
[2025.09.01-20.22.31:241][ 22]LogPhysics: Warning: Scale for /Engine/Transient.World_4:PersistentLevel.Cylinder_Blueprint_C_0.Cube has a component set to zero, which will result in a bad body instance. Scale:X=2.000 Y=0.875 Z=0.000
[2025.09.01-20.22.31:241][ 22]LogPhysics: Warning: Scale for /Engine/Transient.World_4:PersistentLevel.Cylinder_Blueprint_C_0.Cube has a component set to zero, which will result in a bad body instance. Scale:X=2.000 Y=0.875 Z=0.000
[2025.09.01-20.22.31:241][ 22]LogPhysics: Warning: Scale for /Game/Cenas/Leonardo.Leonardo:PersistentLevel.Cylinder_Blueprint.Cube has a component set to zero, which will result in a bad body instance. Scale:X=2.000 Y=0.875 Z=0.000
[2025.09.01-20.22.31:241][ 22]LogPhysics: Warning: Scale for /Engine/Transient.World_4:PersistentLevel.Cylinder_Blueprint_C_0.Cube has a component set to zero, which will result in a bad body instance. Scale:X=2.000 Y=0.875 Z=0.000
[2025.09.01-20.22.31:350][ 35]LogPhysics: Warning: Scale for /Engine/Transient.World_4:PersistentLevel.Cylinder_Blueprint_C_0.Cube has a component set to zero, which will result in a bad body instance. Scale:X=2.000 Y=0.875 Z=0.000
[2025.09.01-20.22.31:350][ 35]LogPhysics: Warning: Scale for /Engine/Transient.World_4:PersistentLevel.Cylinder_Blueprint_C_0.Cube has a component set to zero, which will result in a bad body instance. Scale:X=2.000 Y=0.875 Z=0.000
[2025.09.01-20.22.31:350][ 35]LogPhysics: Warning: Scale for /Engine/Transient.World_4:PersistentLevel.Cylinder_Blueprint_C_0.Cube has a component set to zero, which will result in a bad body instance. Scale:X=2.000 Y=0.875 Z=0.000
[2025.09.01-20.22.31:350][ 35]LogPhysics: Warning: Scale for /Game/Cenas/Leonardo.Leonardo:PersistentLevel.Cylinder_Blueprint.Cube has a component set to zero, which will result in a bad body instance. Scale:X=2.000 Y=0.875 Z=0.000
[2025.09.01-20.22.31:350][ 35]LogPhysics: Warning: Scale for /Engine/Transient.World_4:PersistentLevel.Cylinder_Blueprint_C_0.Cube has a component set to zero, which will result in a bad body instance. Scale:X=2.000 Y=0.875 Z=0.000
[2025.09.01-20.22.31:901][101]LogPhysics: Warning: Scale for /Engine/Transient.World_4:PersistentLevel.Cylinder_Blueprint_C_0.Cube has a component set to zero, which will result in a bad body instance. Scale:X=2.000 Y=0.875 Z=0.000
[2025.09.01-20.22.31:901][101]LogPhysics: Warning: Scale for /Engine/Transient.World_4:PersistentLevel.Cylinder_Blueprint_C_0.Cube has a component set to zero, which will result in a bad body instance. Scale:X=2.000 Y=0.875 Z=0.000
[2025.09.01-20.22.31:901][101]LogPhysics: Warning: Scale for /Engine/Transient.World_4:PersistentLevel.Cylinder_Blueprint_C_0.Cube has a component set to zero, which will result in a bad body instance. Scale:X=2.000 Y=0.875 Z=0.000
[2025.09.01-20.22.31:901][101]LogPhysics: Warning: Scale for /Game/Cenas/Leonardo.Leonardo:PersistentLevel.Cylinder_Blueprint.Cube has a component set to zero, which will result in a bad body instance. Scale:X=2.000 Y=0.875 Z=0.000
[2025.09.01-20.22.31:901][101]LogPhysics: Warning: Scale for /Engine/Transient.World_4:PersistentLevel.Cylinder_Blueprint_C_0.Cube has a component set to zero, which will result in a bad body instance. Scale:X=2.000 Y=0.875 Z=0.000
[2025.09.01-20.22.32:744][202]LogPhysics: Warning: Scale for /Engine/Transient.World_4:PersistentLevel.Cylinder_Blueprint_C_0.Cube has a component set to zero, which will result in a bad body instance. Scale:X=2.000 Y=0.875 Z=0.000
[2025.09.01-20.22.32:744][202]LogPhysics: Warning: Scale for /Engine/Transient.World_4:PersistentLevel.Cylinder_Blueprint_C_0.Cube has a component set to zero, which will result in a bad body instance. Scale:X=2.000 Y=0.875 Z=0.000
[2025.09.01-20.22.32:744][202]LogPhysics: Warning: Scale for /Engine/Transient.World_4:PersistentLevel.Cylinder_Blueprint_C_0.Cube has a component set to zero, which will result in a bad body instance. Scale:X=2.000 Y=0.875 Z=0.000
[2025.09.01-20.22.32:744][202]LogPhysics: Warning: Scale for /Game/Cenas/Leonardo.Leonardo:PersistentLevel.Cylinder_Blueprint.Cube has a component set to zero, which will result in a bad body instance. Scale:X=2.000 Y=0.875 Z=0.000
[2025.09.01-20.22.32:744][202]LogPhysics: Warning: Scale for /Engine/Transient.World_4:PersistentLevel.Cylinder_Blueprint_C_0.Cube has a component set to zero, which will result in a bad body instance. Scale:X=2.000 Y=0.875 Z=0.000
[2025.09.01-20.22.37:958][761]LogAssetEditorSubsystem: Opening Asset editor for Material /Engine/BasicShapes/BasicShapeMaterial.BasicShapeMaterial
[2025.09.01-20.22.37:961][761]LogMaterial: Display: Missing cached shadermap for BasicShapeMaterial in PCD3D_SM5, Default, SM5 (DDC key hash: 994FD8B8DFEEE814AF82DEFF9632735B8B0F3DFF), compiling. 
[2025.09.01-20.22.37:989][761]LogShaderCompilers: Display: Submitted 12 shader compile jobs with 'Normal' priority
[2025.09.01-20.22.38:007][761]LogTexture: Default maximum texture size for cubemaps generated from long-lat sources has been changed from 512 to unlimited. In order to preserve old behaiour for '/Engine/EditorMaterials/AssetViewer/EpicQuadPanorama_CC+EV1.EpicQuadPanorama_CC+EV1', its maximum texture size has been explicitly set to 512.
[2025.09.01-20.22.38:096][761]LogTexture: Default maximum texture size for cubemaps generated from long-lat sources has been changed from 512 to unlimited. In order to preserve old behaiour for '/Engine/MapTemplates/Sky/SunsetAmbientCubemap.SunsetAmbientCubemap', its maximum texture size has been explicitly set to 512.
[2025.09.01-20.22.38:219][761]LogMaterial: Display: Missing cached shadermap for BasicShapeMaterial in PCD3D_SM5, Default, SM5 (DDC key hash: 6D421EACF0BF9C2CA9D20E5FEF3A6CCBCEA1C818), compiling. 
[2025.09.01-20.22.38:222][761]LogMaterial: Display: Missing cached shadermap for BasicShapeMaterial in PCD3D_SM5, Default, SM5 (DDC key hash: D2CD8EDF235953213ACEF610BC5226B11BBDB825), compiling. 
[2025.09.01-20.22.38:224][761]LogMaterial: Display: Missing cached shadermap for FMatExpressionPreview MaterialExpressionVectorParameter_0 in PCD3D_SM5, Default, SM5 (DDC key hash: 6400952868ED249C2C2F5938C895C134480E89DC), compiling. 
[2025.09.01-20.22.38:232][761]MaterialEditorStats: Texture samplers: 0/16
[2025.09.01-20.22.38:296][762]LogShaderCompilers: Display: Submitted 2 shader compile jobs with 'ForceLocal' priority
[2025.09.01-20.22.38:296][762]LogShaderCompilers: Display: Worker (1/9): shaders left to compile 2
[2025.09.01-20.22.38:296][762]LogShaderCompilers: Display: Worker (2/9): shaders left to compile 1
[2025.09.01-20.22.38:296][762]LogShaderCompilers: Display: Started 2 'Local' shader compile jobs with 'ForceLocal' priority
[2025.09.01-20.22.38:473][780]LogShaderCompilers: Display: Submitted 2 shader compile jobs with 'ForceLocal' priority
[2025.09.01-20.22.38:473][780]LogShaderCompilers: Display: Worker (3/9): shaders left to compile 2
[2025.09.01-20.22.38:473][780]LogShaderCompilers: Display: Worker (4/9): shaders left to compile 1
[2025.09.01-20.22.38:473][780]LogShaderCompilers: Display: Started 2 'Local' shader compile jobs with 'ForceLocal' priority
[2025.09.01-20.22.38:825][812]LogShaderCompilers: Display: === FShaderJobCache stats ===
[2025.09.01-20.22.38:825][812]LogShaderCompilers: Display: Total job queries 16, among them cache hits 0 (0.00%)
[2025.09.01-20.22.38:825][812]LogShaderCompilers: Display: Tracking 1 distinct input hashes that result in 1 distinct outputs (100.00%)
[2025.09.01-20.22.38:825][812]LogShaderCompilers: Display: RAM used: 0.00 MB (0.00 GB) of 819.20 MB (0.80 GB) budget. Usage: 0.00%
[2025.09.01-20.22.38:825][812]LogShaderCompilers: Display: ================================================
[2025.09.01-20.22.38:933][821]MaterialEditorStats: Texture samplers: 2/16
[2025.09.01-20.22.45:137][530]LogMaterial: Display: Missing cached shadermap for BasicShapeMaterial in PCD3D_SM5, Default, SM5 (DDC key hash: 7E5470AD96FEB02CE6CC866A6922D80BA3DEFC80), compiling. 
[2025.09.01-20.22.45:140][530]LogMaterial: Display: Missing cached shadermap for FMatExpressionPreview MaterialExpressionVectorParameter_0 in PCD3D_SM5, Default, SM5 (DDC key hash: 8D952D88081CE9B72B149F7291B49216C392A056), compiling. 
[2025.09.01-20.22.45:142][530]MaterialEditorStats: Texture samplers: 0/16
[2025.09.01-20.22.45:159][532]MaterialEditorStats: Texture samplers: 2/16
[2025.09.01-20.22.45:789][603]LogMaterial: Display: Missing cached shadermap for BasicShapeMaterial in PCD3D_SM5, Default, SM5 (DDC key hash: A301662D2E928B4AD936D10D963C434CF5C9B661), compiling. 
[2025.09.01-20.22.45:790][603]LogMaterial: Display: Missing cached shadermap for FMatExpressionPreview MaterialExpressionVectorParameter_0 in PCD3D_SM5, Default, SM5 (DDC key hash: 25AFE1680813F4D9C8FC1038E66A08ED6EDD2F6F), compiling. 
[2025.09.01-20.22.45:792][603]MaterialEditorStats: Texture samplers: 0/16
[2025.09.01-20.22.45:810][605]MaterialEditorStats: Texture samplers: 2/16
[2025.09.01-20.22.46:547][639]LogMaterial: Display: Missing cached shadermap for BasicShapeMaterial in PCD3D_SM5, Default, SM5 (DDC key hash: 2C305AEB92CA8BC5904D48D1332920F4449F8F29), compiling. 
[2025.09.01-20.22.46:549][639]LogMaterial: Display: Missing cached shadermap for FMatExpressionPreview MaterialExpressionVectorParameter_0 in PCD3D_SM5, Default, SM5 (DDC key hash: C3AEAE740AC9D11D28C3D0DCBE8B4EE9806969DF), compiling. 
[2025.09.01-20.22.46:551][639]MaterialEditorStats: Texture samplers: 0/16
[2025.09.01-20.22.46:568][641]MaterialEditorStats: Texture samplers: 2/16
[2025.09.01-20.22.46:937][670]LogMaterial: Display: Missing cached shadermap for BasicShapeMaterial in PCD3D_SM5, Default, SM5 (DDC key hash: 573E9650517BC6DBE387FCB292F51BE97D007472), compiling. 
[2025.09.01-20.22.46:938][670]LogMaterial: Display: Missing cached shadermap for FMatExpressionPreview MaterialExpressionVectorParameter_0 in PCD3D_SM5, Default, SM5 (DDC key hash: 8CB4071DFB5E1DC0106EE3E7D97BF1631E6674A8), compiling. 
[2025.09.01-20.22.46:940][670]MaterialEditorStats: Texture samplers: 0/16
[2025.09.01-20.22.46:957][672]MaterialEditorStats: Texture samplers: 2/16
[2025.09.01-20.22.48:923][854]LogMaterial: Display: Missing cached shadermap for BasicShapeMaterial in PCD3D_SM5, Default, SM5 (DDC key hash: DBCD963132DB047BCD07CBB4BA12FBC612D41184), compiling. 
[2025.09.01-20.22.48:924][854]LogMaterial: Display: Missing cached shadermap for FMatExpressionPreview MaterialExpressionVectorParameter_0 in PCD3D_SM5, Default, SM5 (DDC key hash: 3C1B5687B0FBE667E706C652CDB3A778AD58F4F9), compiling. 
[2025.09.01-20.22.48:927][854]MaterialEditorStats: Texture samplers: 0/16
[2025.09.01-20.22.48:944][856]MaterialEditorStats: Texture samplers: 2/16
[2025.09.01-20.22.50:020][969]LogMaterial: Display: Missing cached shadermap for BasicShapeMaterial in PCD3D_SM5, Default, SM5 (DDC key hash: 1AD707C7E90A8F0A64F574A3B7103387F203ED28), compiling. 
[2025.09.01-20.22.50:022][969]LogMaterial: Display: Missing cached shadermap for FMatExpressionPreview MaterialExpressionVectorParameter_0 in PCD3D_SM5, Default, SM5 (DDC key hash: 4412149E6A790AEC30C3F7EA26605C177CE8C907), compiling. 
[2025.09.01-20.22.50:023][969]LogSlate: Window 'Seletor de Cor' being destroyed
[2025.09.01-20.22.50:028][969]MaterialEditorStats: Texture samplers: 0/16
[2025.09.01-20.22.50:037][970]MaterialEditorStats: Texture samplers: 2/16
[2025.09.01-20.23.02:009][226]LogMaterial: Display: Missing cached shadermap for BasicShapeMaterial in PCD3D_SM5, Default, SM5 (DDC key hash: ED1D2DEF8422ED7DC015F041E05312C5AE53C7F2), compiling. 
[2025.09.01-20.23.02:012][226]LogMaterial: Display: Missing cached shadermap for FMatExpressionPreview MaterialExpressionVectorParameter_0 in PCD3D_SM5, Default, SM5 (DDC key hash: B9956847CB54E54D7DB4BEED69C653D253418871), compiling. 
[2025.09.01-20.23.02:014][226]MaterialEditorStats: Texture samplers: 0/16
[2025.09.01-20.23.02:031][228]MaterialEditorStats: Texture samplers: 2/16
[2025.09.01-20.23.03:043][347]LogMaterial: Display: Missing cached shadermap for BasicShapeMaterial in PCD3D_SM5, Default, SM5 (DDC key hash: 3B684C6AFD929F40372CEE46358371F14F1D162A), compiling. 
[2025.09.01-20.23.03:044][347]LogMaterial: Display: Missing cached shadermap for FMatExpressionPreview MaterialExpressionVectorParameter_0 in PCD3D_SM5, Default, SM5 (DDC key hash: 1EFA4893E1912EB21EDB1C599C1559BBEA174B4A), compiling. 
[2025.09.01-20.23.03:046][347]LogSlate: Window 'Seletor de Cor' being destroyed
[2025.09.01-20.23.03:049][347]MaterialEditorStats: Texture samplers: 0/16
[2025.09.01-20.23.03:059][348]MaterialEditorStats: Texture samplers: 2/16
[2025.09.01-20.23.21:175][366]LogMaterial: Display: Missing cached shadermap for BasicShapeMaterial in PCD3D_SM5, Default, SM5 (DDC key hash: 4FA289E12D6DB8169B8573B5F143A96DBBBBF1EF), compiling. 
[2025.09.01-20.23.25:406][865]LogMaterial: Display: Missing cached shadermap for BasicShapeMaterial in PCD3D_SM5, Default, SM5 (DDC key hash: 3092260D663D4F68C1E8AC2EB03AA669118E2827), compiling. 
[2025.09.01-20.23.25:409][865]LogMaterial: Display: Missing cached shadermap for BasicShapeMaterial in PCD3D_SM5, Default, SM5 (DDC key hash: B30BC4A39DBEE114BD0A72BD7A9E9D15482095CA), compiling. 
[2025.09.01-20.23.25:412][865]LogMaterial: Display: Missing cached shadermap for BasicShapeMaterial in PCD3D_SM5, Default, SM5 (DDC key hash: FE93A21BFD7363125CC2970252A9E9AD99D97934), compiling. 
[2025.09.01-20.23.25:416][865]MaterialEditorStats: Texture samplers: 0/16
[2025.09.01-20.23.25:429][866]LogShaderCompilers: Display: Submitted 2 shader compile jobs with 'ForceLocal' priority
[2025.09.01-20.23.25:429][866]LogShaderCompilers: Display: Worker (1/9): shaders left to compile 2
[2025.09.01-20.23.25:429][866]LogShaderCompilers: Display: Worker (2/9): shaders left to compile 1
[2025.09.01-20.23.25:430][866]LogShaderCompilers: Display: Started 2 'Local' shader compile jobs with 'ForceLocal' priority
[2025.09.01-20.23.25:860][904]MaterialEditorStats: Texture samplers: 1/16
[2025.09.01-20.23.26:726][989]LogMaterial: Display: Missing cached shadermap for BasicShapeMaterial in PCD3D_SM5, Default, SM5 (DDC key hash: 5BD7DF8D9D8FCD1599C9CD57DDA226A2C40CECB7), compiling. 
[2025.09.01-20.23.32:723][560]LogMaterial: Display: Missing cached shadermap for BasicShapeMaterial in PCD3D_SM5, Default, SM5 (DDC key hash: 4CD19E9DCE74AA4BC0A0AFF549130B15840C14F7), compiling. 
[2025.09.01-20.23.34:398][751]LogMaterial: Display: Missing cached shadermap for BasicShapeMaterial in PCD3D_SM5, Default, SM5 (DDC key hash: 05C27B5073F6A728915BB05C8E9FC3C9C9B6CEF6), compiling. 
[2025.09.01-20.23.34:405][751]LogMaterial: Display: Missing cached shadermap for BasicShapeMaterial in PCD3D_SM5, Default, SM5 (DDC key hash: FB2BCCE4DF4FEB8F73B710C6EF3D443487889805), compiling. 
[2025.09.01-20.23.34:408][751]LogMaterial: Display: Missing cached shadermap for BasicShapeMaterial in PCD3D_SM5, Default, SM5 (DDC key hash: 560E7AF35B4E5374DB8A18429B2DB6AD45275B08), compiling. 
[2025.09.01-20.23.34:412][751]MaterialEditorStats: Texture samplers: 0/16
[2025.09.01-20.23.34:435][752]LogShaderCompilers: Display: Submitted 2 shader compile jobs with 'ForceLocal' priority
[2025.09.01-20.23.34:435][752]LogShaderCompilers: Display: Worker (1/9): shaders left to compile 2
[2025.09.01-20.23.34:435][752]LogShaderCompilers: Display: Worker (2/9): shaders left to compile 1
[2025.09.01-20.23.34:435][752]LogShaderCompilers: Display: Started 2 'Local' shader compile jobs with 'ForceLocal' priority
[2025.09.01-20.23.34:784][785]MaterialEditorStats: Texture samplers: 1/16
[2025.09.01-20.23.41:359][489]LogMaterial: Display: Missing cached shadermap for BasicShapeMaterial in PCD3D_SM5, Default, SM5 (DDC key hash: B1E6C2C8F1C3F8530080FBAB7B15B8B9BDD68D2B), compiling. 
[2025.09.01-20.23.41:360][489]LogMaterial: Display: Missing cached shadermap for FMatExpressionPreview MaterialExpressionVectorParameter_0 in PCD3D_SM5, Default, SM5 (DDC key hash: DDCA759074CB0032B0DBB1A426ABFF07FCFF20C3), compiling. 
[2025.09.01-20.23.41:362][489]MaterialEditorStats: Texture samplers: 0/16
[2025.09.01-20.23.41:382][491]MaterialEditorStats: Texture samplers: 1/16
[2025.09.01-20.23.42:221][583]LogMaterial: Display: Missing cached shadermap for BasicShapeMaterial in PCD3D_SM5, Default, SM5 (DDC key hash: E8CE43AF367F0F8B9B71F8032834A75DAA837712), compiling. 
[2025.09.01-20.23.42:222][583]LogMaterial: Display: Missing cached shadermap for FMatExpressionPreview MaterialExpressionVectorParameter_0 in PCD3D_SM5, Default, SM5 (DDC key hash: 37C901AF0DF642DC81F061B7FF919275E9854D2A), compiling. 
[2025.09.01-20.23.42:224][583]LogSlate: Window 'Seletor de Cor' being destroyed
[2025.09.01-20.23.42:228][583]MaterialEditorStats: Texture samplers: 0/16
[2025.09.01-20.23.42:247][585]MaterialEditorStats: Texture samplers: 1/16
[2025.09.01-20.23.52:968][811]LogMaterial: Display: Missing cached shadermap for BasicShapeMaterial in PCD3D_SM5, Default, SM5 (DDC key hash: BE33FABB6F544CE7E8BF9F3E7526815F62C39C56), compiling. 
[2025.09.01-20.23.53:803][905]LogMaterial: Display: Missing cached shadermap for BasicShapeMaterial in PCD3D_SM5, Default, SM5 (DDC key hash: D46D078E315AC5028D1EC85F0823F3E3B9D0CCF6), compiling. 
[2025.09.01-20.23.53:804][905]LogMaterial: Display: Missing cached shadermap for BasicShapeMaterial in PCD3D_SM5, Default, SM5 (DDC key hash: CDE88C9CA44F0D6DF9004F1C26CCC74D9079923F), compiling. 
[2025.09.01-20.23.53:806][905]LogMaterial: Display: Missing cached shadermap for BasicShapeMaterial in PCD3D_SM5, Default, SM5 (DDC key hash: B7246781CB9EE9C73F6EB43EEBF22B3A132A37FE), compiling. 
[2025.09.01-20.23.53:810][905]MaterialEditorStats: Texture samplers: 0/16
[2025.09.01-20.23.53:824][906]LogShaderCompilers: Display: Submitted 2 shader compile jobs with 'ForceLocal' priority
[2025.09.01-20.23.53:824][906]LogShaderCompilers: Display: Worker (1/9): shaders left to compile 2
[2025.09.01-20.23.53:824][906]LogShaderCompilers: Display: Worker (2/9): shaders left to compile 1
[2025.09.01-20.23.53:824][906]LogShaderCompilers: Display: Started 2 'Local' shader compile jobs with 'ForceLocal' priority
[2025.09.01-20.23.56:145][137]LogMaterial: Display: Missing cached shadermap for BasicShapeMaterial in PCD3D_SM5, Default, SM5 (DDC key hash: A39FEE7F108AF16AAF859E07636A633899805EFF), compiling. 
[2025.09.01-20.23.58:873][456]LogMaterial: Display: Missing cached shadermap for BasicShapeMaterial in PCD3D_SM5, Default, SM5 (DDC key hash: BF7D47DBB990442505233573CAF52893800DCECF), compiling. 
[2025.09.01-20.23.58:880][456]LogMaterial: Display: Missing cached shadermap for BasicShapeMaterial in PCD3D_SM5, Default, SM5 (DDC key hash: 471F29E0FEC53C99626D449E42FDDF344B1FD2F6), compiling. 
[2025.09.01-20.23.58:883][456]LogMaterial: Display: Missing cached shadermap for BasicShapeMaterial in PCD3D_SM5, Default, SM5 (DDC key hash: 361541AA144616BC1E330F4CDA367CAB56E0FFA5), compiling. 
[2025.09.01-20.23.58:919][458]MaterialEditorStats: Texture samplers: 2/16
[2025.09.01-20.24.01:685][776]LogMaterial: Display: Missing cached shadermap for BasicShapeMaterial in PCD3D_SM5, Default, SM5 (DDC key hash: 0718B359DE94FDF3B045D75CA8A9B1F0F2DF7BFF), compiling. 
[2025.09.01-20.24.03:359][970]LogMaterial: Display: Missing cached shadermap for BasicShapeMaterial in PCD3D_SM5, Default, SM5 (DDC key hash: C9583CEE2181B136DD864D3AE8DD056C6B3673D2), compiling. 
[2025.09.01-20.24.03:365][970]LogMaterial: Display: Missing cached shadermap for BasicShapeMaterial in PCD3D_SM5, Default, SM5 (DDC key hash: 12922EE417E30FDDFC6E572290EA592894221B9E), compiling. 
[2025.09.01-20.24.03:368][970]LogMaterial: Display: Missing cached shadermap for BasicShapeMaterial in PCD3D_SM5, Default, SM5 (DDC key hash: C787929309EDAC0435891E67FECA15E679465CDD), compiling. 
[2025.09.01-20.24.03:372][970]MaterialEditorStats: Texture samplers: 0/16
[2025.09.01-20.24.03:835][ 20]LogMaterial: Display: Missing cached shadermap for BasicShapeMaterial in PCD3D_SM5, Default, SM5 (DDC key hash: F4C676D640F250AEC94A09C3C75B2755751E6A66), compiling. 
[2025.09.01-20.24.07:368][414]LogMaterial: Display: Missing cached shadermap for BasicShapeMaterial in PCD3D_SM5, Default, SM5 (DDC key hash: A117F2EF7E13CEA37BCB335CB1BF0727B0014FF2), compiling. 
[2025.09.01-20.24.07:371][414]LogMaterial: Display: Missing cached shadermap for BasicShapeMaterial in PCD3D_SM5, Default, SM5 (DDC key hash: A0AC440D6046AE0B8AA98B76C58A8E18E5ECD38D), compiling. 
[2025.09.01-20.24.07:373][414]LogMaterial: Display: Missing cached shadermap for BasicShapeMaterial in PCD3D_SM5, Default, SM5 (DDC key hash: 94298FCF0813715E648F2B42BDBCE7B1ABD67D53), compiling. 
[2025.09.01-20.24.07:391][415]LogShaderCompilers: Display: Submitted 2 shader compile jobs with 'ForceLocal' priority
[2025.09.01-20.24.07:391][415]LogShaderCompilers: Display: Worker (1/9): shaders left to compile 2
[2025.09.01-20.24.07:391][415]LogShaderCompilers: Display: Worker (2/9): shaders left to compile 1
[2025.09.01-20.24.07:391][415]LogShaderCompilers: Display: Started 2 'Local' shader compile jobs with 'ForceLocal' priority
[2025.09.01-20.24.07:718][444]MaterialEditorStats: Texture samplers: 1/16
[2025.09.01-20.24.07:736][446]MaterialEditorStats: Texture samplers: 2/16
[2025.09.01-20.24.10:184][717]LogMaterial: Display: Missing cached shadermap for BasicShapeMaterial in PCD3D_SM5, Default, SM5 (DDC key hash: 45266F303C851ADBF194CAB93583E473AAF3D321), compiling. 
[2025.09.01-20.24.11:172][827]LogMaterial: Display: Missing cached shadermap for BasicShapeMaterial in PCD3D_SM5, Default, SM5 (DDC key hash: 84AC0D52A89588EB23292FD76E82F0D1D3D36882), compiling. 
[2025.09.01-20.24.11:179][827]LogMaterial: Display: Missing cached shadermap for BasicShapeMaterial in PCD3D_SM5, Default, SM5 (DDC key hash: 5240E3ABC3C07673EBE3949C0CA3ED2C91308A85), compiling. 
[2025.09.01-20.24.11:182][827]LogMaterial: Display: Missing cached shadermap for BasicShapeMaterial in PCD3D_SM5, Default, SM5 (DDC key hash: 4042E78C05721583DAFED62E2706EC96FAAA5D5F), compiling. 
[2025.09.01-20.24.11:186][827]MaterialEditorStats: Texture samplers: 0/16
[2025.09.01-20.24.11:207][828]LogShaderCompilers: Display: Submitted 2 shader compile jobs with 'ForceLocal' priority
[2025.09.01-20.24.11:207][828]LogShaderCompilers: Display: Worker (1/9): shaders left to compile 2
[2025.09.01-20.24.11:207][828]LogShaderCompilers: Display: Worker (2/9): shaders left to compile 1
[2025.09.01-20.24.11:207][828]LogShaderCompilers: Display: Started 2 'Local' shader compile jobs with 'ForceLocal' priority
[2025.09.01-20.24.11:583][865]MaterialEditorStats: Texture samplers: 2/16
[2025.09.01-20.24.14:116][159]LogMaterialEditor: Saving and Compiling material BasicShapeMaterial
[2025.09.01-20.24.14:395][159]LogMaterial: Display: Missing cached shadermap for BasicShapeMaterial in PCD3D_SM5, Default, SM5 (DDC key hash: 9C85FF25CC4B5CF98529AA858E390FA51F33A032), compiling. 
[2025.09.01-20.24.14:417][159]LogMaterial: Display: Missing cached shadermap for BasicShapeMaterial in PCD3D_SM5, Default, SM5 (DDC key hash: D093C611C9F0FC3C71D414F057BA1990D779C758), compiling. 
[2025.09.01-20.24.14:444][159]LogUObjectHash: Compacting FUObjectHashTables data took   2.25ms
[2025.09.01-20.24.14:450][159]LogShaderCompilers: Display: Submitted 2 shader compile jobs with 'ForceLocal' priority
[2025.09.01-20.24.14:668][159]LogShaderCompilers: Display: Worker (1/9): shaders left to compile 2
[2025.09.01-20.24.14:668][159]LogShaderCompilers: Display: Worker (2/9): shaders left to compile 1
[2025.09.01-20.24.14:668][159]LogShaderCompilers: Display: Started 2 'Local' shader compile jobs with 'ForceLocal' priority
[2025.09.01-20.24.14:670][159]LogUObjectHash: Compacting FUObjectHashTables data took   1.65ms
[2025.09.01-20.24.14:703][159]Cmd: OBJ SAVEPACKAGE PACKAGE="/Engine/BasicShapes/BasicShapeMaterial" FILE="../../../Engine/Content/BasicShapes/BasicShapeMaterial.uasset" SILENT=true
[2025.09.01-20.24.14:708][159]LogSavePackage: Moving '../../../../../../Users/leonardo.medeiros/Documents/TCC/Sorry/Saved/BasicShapeMaterialF84726D74CF5E44DEA000FA2E60046C6.tmp' to '../../../Engine/Content/BasicShapes/BasicShapeMaterial.uasset'
[2025.09.01-20.24.14:717][159]AssetCheck: New page: Asset Save: BasicShapeMaterial
[2025.09.01-20.24.14:717][159]LogContentValidation: Display: Validating Material /Engine/BasicShapes/BasicShapeMaterial.BasicShapeMaterial
[2025.09.01-20.24.14:748][162]LogShaderCompilers: Display: Submitted 2 shader compile jobs with 'ForceLocal' priority
[2025.09.01-20.24.14:760][163]LogShaderCompilers: Display: Worker (1/9): shaders left to compile 2
[2025.09.01-20.24.14:760][163]LogShaderCompilers: Display: Worker (2/9): shaders left to compile 1
[2025.09.01-20.24.14:760][163]LogShaderCompilers: Display: Started 2 'Local' shader compile jobs with 'ForceLocal' priority
[2025.09.01-20.24.15:340][224]MaterialEditorStats: Texture samplers: 4/16
[2025.09.01-20.24.15:453][231]LogRenderer: Reallocating scene render targets to support 1144x900 Format 9 NumSamples 1 (Frame:7912).
[2025.09.01-20.24.21:605][877]LogPhysics: Warning: Scale for /Engine/Transient.World_4:PersistentLevel.Cylinder_Blueprint_C_0.Cube has a component set to zero, which will result in a bad body instance. Scale:X=2.000 Y=0.875 Z=0.000
[2025.09.01-20.24.21:606][877]LogPhysics: Warning: Scale for /Engine/Transient.World_4:PersistentLevel.Cylinder_Blueprint_C_0.Cube has a component set to zero, which will result in a bad body instance. Scale:X=2.000 Y=0.875 Z=0.000
[2025.09.01-20.24.21:606][877]LogPhysics: Warning: Scale for /Engine/Transient.World_4:PersistentLevel.Cylinder_Blueprint_C_0.Cube has a component set to zero, which will result in a bad body instance. Scale:X=2.000 Y=0.875 Z=0.000
[2025.09.01-20.24.21:614][878]LogPhysics: Warning: Scale for /Engine/Transient.World_4:PersistentLevel.Cylinder_Blueprint_C_0.Cube has a component set to zero, which will result in a bad body instance. Scale:X=2.000 Y=0.875 Z=0.000
[2025.09.01-20.24.21:615][878]LogPhysics: Warning: Scale for /Engine/Transient.World_4:PersistentLevel.Cylinder_Blueprint_C_0.Cube has a component set to zero, which will result in a bad body instance. Scale:X=2.000 Y=0.875 Z=0.000
[2025.09.01-20.24.21:615][878]LogPhysics: Warning: Scale for /Engine/Transient.World_4:PersistentLevel.Cylinder_Blueprint_C_0.Cube has a component set to zero, which will result in a bad body instance. Scale:X=2.000 Y=0.875 Z=0.000
[2025.09.01-20.24.21:624][879]LogPhysics: Warning: Scale for /Engine/Transient.World_4:PersistentLevel.Cylinder_Blueprint_C_0.Cube has a component set to zero, which will result in a bad body instance. Scale:X=2.000 Y=0.875 Z=0.000
[2025.09.01-20.24.21:624][879]LogPhysics: Warning: Scale for /Engine/Transient.World_4:PersistentLevel.Cylinder_Blueprint_C_0.Cube has a component set to zero, which will result in a bad body instance. Scale:X=2.000 Y=0.875 Z=0.000
[2025.09.01-20.24.21:624][879]LogPhysics: Warning: Scale for /Engine/Transient.World_4:PersistentLevel.Cylinder_Blueprint_C_0.Cube has a component set to zero, which will result in a bad body instance. Scale:X=2.000 Y=0.875 Z=0.000
[2025.09.01-20.24.21:633][880]LogPhysics: Warning: Scale for /Engine/Transient.World_4:PersistentLevel.Cylinder_Blueprint_C_0.Cube has a component set to zero, which will result in a bad body instance. Scale:X=2.000 Y=0.875 Z=0.000
[2025.09.01-20.24.21:633][880]LogPhysics: Warning: Scale for /Engine/Transient.World_4:PersistentLevel.Cylinder_Blueprint_C_0.Cube has a component set to zero, which will result in a bad body instance. Scale:X=2.000 Y=0.875 Z=0.000
[2025.09.01-20.24.21:633][880]LogPhysics: Warning: Scale for /Engine/Transient.World_4:PersistentLevel.Cylinder_Blueprint_C_0.Cube has a component set to zero, which will result in a bad body instance. Scale:X=2.000 Y=0.875 Z=0.000
[2025.09.01-20.24.21:644][881]LogPhysics: Warning: Scale for /Engine/Transient.World_4:PersistentLevel.Cylinder_Blueprint_C_0.Cube has a component set to zero, which will result in a bad body instance. Scale:X=2.000 Y=0.875 Z=0.000
[2025.09.01-20.24.21:644][881]LogPhysics: Warning: Scale for /Engine/Transient.World_4:PersistentLevel.Cylinder_Blueprint_C_0.Cube has a component set to zero, which will result in a bad body instance. Scale:X=2.000 Y=0.875 Z=0.000
[2025.09.01-20.24.21:644][881]LogPhysics: Warning: Scale for /Engine/Transient.World_4:PersistentLevel.Cylinder_Blueprint_C_0.Cube has a component set to zero, which will result in a bad body instance. Scale:X=2.000 Y=0.875 Z=0.000
[2025.09.01-20.24.21:653][882]LogPhysics: Warning: Scale for /Engine/Transient.World_4:PersistentLevel.Cylinder_Blueprint_C_0.Cube has a component set to zero, which will result in a bad body instance. Scale:X=2.000 Y=0.875 Z=0.000
[2025.09.01-20.24.21:653][882]LogPhysics: Warning: Scale for /Engine/Transient.World_4:PersistentLevel.Cylinder_Blueprint_C_0.Cube has a component set to zero, which will result in a bad body instance. Scale:X=2.000 Y=0.875 Z=0.000
[2025.09.01-20.24.21:653][882]LogPhysics: Warning: Scale for /Engine/Transient.World_4:PersistentLevel.Cylinder_Blueprint_C_0.Cube has a component set to zero, which will result in a bad body instance. Scale:X=2.000 Y=0.875 Z=0.000
[2025.09.01-20.24.21:662][883]LogPhysics: Warning: Scale for /Engine/Transient.World_4:PersistentLevel.Cylinder_Blueprint_C_0.Cube has a component set to zero, which will result in a bad body instance. Scale:X=2.000 Y=0.875 Z=0.000
[2025.09.01-20.24.21:662][883]LogPhysics: Warning: Scale for /Engine/Transient.World_4:PersistentLevel.Cylinder_Blueprint_C_0.Cube has a component set to zero, which will result in a bad body instance. Scale:X=2.000 Y=0.875 Z=0.000
[2025.09.01-20.24.22:302][953]LogPhysics: Warning: Scale for /Engine/Transient.World_4:PersistentLevel.Cylinder_Blueprint_C_0.Cube has a component set to zero, which will result in a bad body instance. Scale:X=2.000 Y=0.875 Z=0.000
[2025.09.01-20.24.22:303][953]LogPhysics: Warning: Scale for /Game/Cenas/Leonardo.Leonardo:PersistentLevel.Cylinder_Blueprint.Cube has a component set to zero, which will result in a bad body instance. Scale:X=2.000 Y=0.875 Z=0.000
[2025.09.01-20.24.22:303][953]LogPhysics: Warning: Scale for /Engine/Transient.World_4:PersistentLevel.Cylinder_Blueprint_C_0.Cube has a component set to zero, which will result in a bad body instance. Scale:X=2.000 Y=0.875 Z=0.000
[2025.09.01-20.24.22:312][954]LogPhysics: Warning: Scale for /Engine/Transient.World_4:PersistentLevel.Cylinder_Blueprint_C_0.Cube has a component set to zero, which will result in a bad body instance. Scale:X=2.000 Y=0.875 Z=0.000
[2025.09.01-20.24.22:312][954]LogPhysics: Warning: Scale for /Engine/Transient.World_4:PersistentLevel.Cylinder_Blueprint_C_0.Cube has a component set to zero, which will result in a bad body instance. Scale:X=2.000 Y=0.875 Z=0.000
[2025.09.01-20.24.22:312][954]LogPhysics: Warning: Scale for /Engine/Transient.World_4:PersistentLevel.Cylinder_Blueprint_C_0.Cube has a component set to zero, which will result in a bad body instance. Scale:X=2.000 Y=0.875 Z=0.000
[2025.09.01-20.24.22:321][955]LogPhysics: Warning: Scale for /Engine/Transient.World_4:PersistentLevel.Cylinder_Blueprint_C_0.Cube has a component set to zero, which will result in a bad body instance. Scale:X=2.000 Y=0.875 Z=0.000
[2025.09.01-20.24.22:321][955]LogPhysics: Warning: Scale for /Engine/Transient.World_4:PersistentLevel.Cylinder_Blueprint_C_0.Cube has a component set to zero, which will result in a bad body instance. Scale:X=2.000 Y=0.875 Z=0.000
[2025.09.01-20.24.22:321][955]LogPhysics: Warning: Scale for /Engine/Transient.World_4:PersistentLevel.Cylinder_Blueprint_C_0.Cube has a component set to zero, which will result in a bad body instance. Scale:X=2.000 Y=0.875 Z=0.000
[2025.09.01-20.24.22:330][956]LogPhysics: Warning: Scale for /Engine/Transient.World_4:PersistentLevel.Cylinder_Blueprint_C_0.Cube has a component set to zero, which will result in a bad body instance. Scale:X=2.000 Y=0.875 Z=0.000
[2025.09.01-20.24.22:330][956]LogPhysics: Warning: Scale for /Engine/Transient.World_4:PersistentLevel.Cylinder_Blueprint_C_0.Cube has a component set to zero, which will result in a bad body instance. Scale:X=2.000 Y=0.875 Z=0.000
[2025.09.01-20.24.22:330][956]LogPhysics: Warning: Scale for /Engine/Transient.World_4:PersistentLevel.Cylinder_Blueprint_C_0.Cube has a component set to zero, which will result in a bad body instance. Scale:X=2.000 Y=0.875 Z=0.000
[2025.09.01-20.24.22:339][957]LogPhysics: Warning: Scale for /Engine/Transient.World_4:PersistentLevel.Cylinder_Blueprint_C_0.Cube has a component set to zero, which will result in a bad body instance. Scale:X=2.000 Y=0.875 Z=0.000
[2025.09.01-20.24.22:339][957]LogPhysics: Warning: Scale for /Engine/Transient.World_4:PersistentLevel.Cylinder_Blueprint_C_0.Cube has a component set to zero, which will result in a bad body instance. Scale:X=2.000 Y=0.875 Z=0.000
[2025.09.01-20.24.22:339][957]LogPhysics: Warning: Scale for /Engine/Transient.World_4:PersistentLevel.Cylinder_Blueprint_C_0.Cube has a component set to zero, which will result in a bad body instance. Scale:X=2.000 Y=0.875 Z=0.000
[2025.09.01-20.24.22:348][958]LogPhysics: Warning: Scale for /Engine/Transient.World_4:PersistentLevel.Cylinder_Blueprint_C_0.Cube has a component set to zero, which will result in a bad body instance. Scale:X=2.000 Y=0.875 Z=0.000
[2025.09.01-20.24.22:348][958]LogPhysics: Warning: Scale for /Engine/Transient.World_4:PersistentLevel.Cylinder_Blueprint_C_0.Cube has a component set to zero, which will result in a bad body instance. Scale:X=2.000 Y=0.875 Z=0.000
[2025.09.01-20.24.22:348][958]LogPhysics: Warning: Scale for /Engine/Transient.World_4:PersistentLevel.Cylinder_Blueprint_C_0.Cube has a component set to zero, which will result in a bad body instance. Scale:X=2.000 Y=0.875 Z=0.000
[2025.09.01-20.24.22:357][959]LogPhysics: Warning: Scale for /Engine/Transient.World_4:PersistentLevel.Cylinder_Blueprint_C_0.Cube has a component set to zero, which will result in a bad body instance. Scale:X=2.000 Y=0.875 Z=0.000
[2025.09.01-20.24.22:357][959]LogPhysics: Warning: Scale for /Engine/Transient.World_4:PersistentLevel.Cylinder_Blueprint_C_0.Cube has a component set to zero, which will result in a bad body instance. Scale:X=2.000 Y=0.875 Z=0.000
[2025.09.01-20.24.22:357][959]LogPhysics: Warning: Scale for /Engine/Transient.World_4:PersistentLevel.Cylinder_Blueprint_C_0.Cube has a component set to zero, which will result in a bad body instance. Scale:X=2.000 Y=0.875 Z=0.000
[2025.09.01-20.24.22:366][960]LogPhysics: Warning: Scale for /Engine/Transient.World_4:PersistentLevel.Cylinder_Blueprint_C_0.Cube has a component set to zero, which will result in a bad body instance. Scale:X=2.000 Y=0.875 Z=0.000
[2025.09.01-20.24.22:366][960]LogPhysics: Warning: Scale for /Engine/Transient.World_4:PersistentLevel.Cylinder_Blueprint_C_0.Cube has a component set to zero, which will result in a bad body instance. Scale:X=2.000 Y=0.875 Z=0.000
[2025.09.01-20.24.22:366][960]LogPhysics: Warning: Scale for /Engine/Transient.World_4:PersistentLevel.Cylinder_Blueprint_C_0.Cube has a component set to zero, which will result in a bad body instance. Scale:X=2.000 Y=0.875 Z=0.000
[2025.09.01-20.24.22:375][961]LogPhysics: Warning: Scale for /Engine/Transient.World_4:PersistentLevel.Cylinder_Blueprint_C_0.Cube has a component set to zero, which will result in a bad body instance. Scale:X=2.000 Y=0.875 Z=0.000
[2025.09.01-20.24.22:375][961]LogPhysics: Warning: Scale for /Engine/Transient.World_4:PersistentLevel.Cylinder_Blueprint_C_0.Cube has a component set to zero, which will result in a bad body instance. Scale:X=2.000 Y=0.875 Z=0.000
[2025.09.01-20.24.22:375][961]LogPhysics: Warning: Scale for /Engine/Transient.World_4:PersistentLevel.Cylinder_Blueprint_C_0.Cube has a component set to zero, which will result in a bad body instance. Scale:X=2.000 Y=0.875 Z=0.000
[2025.09.01-20.24.22:384][962]LogPhysics: Warning: Scale for /Engine/Transient.World_4:PersistentLevel.Cylinder_Blueprint_C_0.Cube has a component set to zero, which will result in a bad body instance. Scale:X=2.000 Y=0.875 Z=0.000
[2025.09.01-20.24.22:384][962]LogPhysics: Warning: Scale for /Engine/Transient.World_4:PersistentLevel.Cylinder_Blueprint_C_0.Cube has a component set to zero, which will result in a bad body instance. Scale:X=2.000 Y=0.875 Z=0.000
[2025.09.01-20.24.22:384][962]LogPhysics: Warning: Scale for /Engine/Transient.World_4:PersistentLevel.Cylinder_Blueprint_C_0.Cube has a component set to zero, which will result in a bad body instance. Scale:X=2.000 Y=0.875 Z=0.000
[2025.09.01-20.24.22:393][963]LogPhysics: Warning: Scale for /Engine/Transient.World_4:PersistentLevel.Cylinder_Blueprint_C_0.Cube has a component set to zero, which will result in a bad body instance. Scale:X=2.000 Y=0.875 Z=0.000
[2025.09.01-20.24.22:393][963]LogPhysics: Warning: Scale for /Engine/Transient.World_4:PersistentLevel.Cylinder_Blueprint_C_0.Cube has a component set to zero, which will result in a bad body instance. Scale:X=2.000 Y=0.875 Z=0.000
[2025.09.01-20.24.22:393][963]LogPhysics: Warning: Scale for /Engine/Transient.World_4:PersistentLevel.Cylinder_Blueprint_C_0.Cube has a component set to zero, which will result in a bad body instance. Scale:X=2.000 Y=0.875 Z=0.000
[2025.09.01-20.24.22:402][964]LogPhysics: Warning: Scale for /Engine/Transient.World_4:PersistentLevel.Cylinder_Blueprint_C_0.Cube has a component set to zero, which will result in a bad body instance. Scale:X=2.000 Y=0.875 Z=0.000
[2025.09.01-20.24.22:402][964]LogPhysics: Warning: Scale for /Engine/Transient.World_4:PersistentLevel.Cylinder_Blueprint_C_0.Cube has a component set to zero, which will result in a bad body instance. Scale:X=2.000 Y=0.875 Z=0.000
[2025.09.01-20.24.22:402][964]LogPhysics: Warning: Scale for /Engine/Transient.World_4:PersistentLevel.Cylinder_Blueprint_C_0.Cube has a component set to zero, which will result in a bad body instance. Scale:X=2.000 Y=0.875 Z=0.000
[2025.09.01-20.24.22:411][965]LogPhysics: Warning: Scale for /Engine/Transient.World_4:PersistentLevel.Cylinder_Blueprint_C_0.Cube has a component set to zero, which will result in a bad body instance. Scale:X=2.000 Y=0.875 Z=0.000
[2025.09.01-20.24.22:411][965]LogPhysics: Warning: Scale for /Engine/Transient.World_4:PersistentLevel.Cylinder_Blueprint_C_0.Cube has a component set to zero, which will result in a bad body instance. Scale:X=2.000 Y=0.875 Z=0.000
[2025.09.01-20.24.22:411][965]LogPhysics: Warning: Scale for /Engine/Transient.World_4:PersistentLevel.Cylinder_Blueprint_C_0.Cube has a component set to zero, which will result in a bad body instance. Scale:X=2.000 Y=0.875 Z=0.000
[2025.09.01-20.24.22:420][966]LogPhysics: Warning: Scale for /Engine/Transient.World_4:PersistentLevel.Cylinder_Blueprint_C_0.Cube has a component set to zero, which will result in a bad body instance. Scale:X=2.000 Y=0.875 Z=0.000
[2025.09.01-20.24.22:420][966]LogPhysics: Warning: Scale for /Engine/Transient.World_4:PersistentLevel.Cylinder_Blueprint_C_0.Cube has a component set to zero, which will result in a bad body instance. Scale:X=2.000 Y=0.875 Z=0.000
[2025.09.01-20.24.22:420][966]LogPhysics: Warning: Scale for /Engine/Transient.World_4:PersistentLevel.Cylinder_Blueprint_C_0.Cube has a component set to zero, which will result in a bad body instance. Scale:X=2.000 Y=0.875 Z=0.000
[2025.09.01-20.24.22:429][967]LogPhysics: Warning: Scale for /Engine/Transient.World_4:PersistentLevel.Cylinder_Blueprint_C_0.Cube has a component set to zero, which will result in a bad body instance. Scale:X=2.000 Y=0.875 Z=0.000
[2025.09.01-20.24.22:429][967]LogPhysics: Warning: Scale for /Engine/Transient.World_4:PersistentLevel.Cylinder_Blueprint_C_0.Cube has a component set to zero, which will result in a bad body instance. Scale:X=2.000 Y=0.875 Z=0.000
[2025.09.01-20.24.22:429][967]LogPhysics: Warning: Scale for /Engine/Transient.World_4:PersistentLevel.Cylinder_Blueprint_C_0.Cube has a component set to zero, which will result in a bad body instance. Scale:X=2.000 Y=0.875 Z=0.000
[2025.09.01-20.24.22:438][968]LogPhysics: Warning: Scale for /Engine/Transient.World_4:PersistentLevel.Cylinder_Blueprint_C_0.Cube has a component set to zero, which will result in a bad body instance. Scale:X=2.000 Y=0.875 Z=0.000
[2025.09.01-20.24.22:438][968]LogPhysics: Warning: Scale for /Engine/Transient.World_4:PersistentLevel.Cylinder_Blueprint_C_0.Cube has a component set to zero, which will result in a bad body instance. Scale:X=2.000 Y=0.875 Z=0.000
[2025.09.01-20.24.22:438][968]LogPhysics: Warning: Scale for /Engine/Transient.World_4:PersistentLevel.Cylinder_Blueprint_C_0.Cube has a component set to zero, which will result in a bad body instance. Scale:X=2.000 Y=0.875 Z=0.000
[2025.09.01-20.24.22:447][969]LogPhysics: Warning: Scale for /Engine/Transient.World_4:PersistentLevel.Cylinder_Blueprint_C_0.Cube has a component set to zero, which will result in a bad body instance. Scale:X=2.000 Y=0.875 Z=0.000
[2025.09.01-20.24.22:447][969]LogPhysics: Warning: Scale for /Engine/Transient.World_4:PersistentLevel.Cylinder_Blueprint_C_0.Cube has a component set to zero, which will result in a bad body instance. Scale:X=2.000 Y=0.875 Z=0.000
[2025.09.01-20.24.22:447][969]LogPhysics: Warning: Scale for /Engine/Transient.World_4:PersistentLevel.Cylinder_Blueprint_C_0.Cube has a component set to zero, which will result in a bad body instance. Scale:X=2.000 Y=0.875 Z=0.000
[2025.09.01-20.24.22:456][970]LogPhysics: Warning: Scale for /Engine/Transient.World_4:PersistentLevel.Cylinder_Blueprint_C_0.Cube has a component set to zero, which will result in a bad body instance. Scale:X=2.000 Y=0.875 Z=0.000
[2025.09.01-20.24.22:456][970]LogPhysics: Warning: Scale for /Engine/Transient.World_4:PersistentLevel.Cylinder_Blueprint_C_0.Cube has a component set to zero, which will result in a bad body instance. Scale:X=2.000 Y=0.875 Z=0.000
[2025.09.01-20.24.22:456][970]LogPhysics: Warning: Scale for /Engine/Transient.World_4:PersistentLevel.Cylinder_Blueprint_C_0.Cube has a component set to zero, which will result in a bad body instance. Scale:X=2.000 Y=0.875 Z=0.000
[2025.09.01-20.24.22:465][971]LogPhysics: Warning: Scale for /Engine/Transient.World_4:PersistentLevel.Cylinder_Blueprint_C_0.Cube has a component set to zero, which will result in a bad body instance. Scale:X=2.000 Y=0.875 Z=0.000
[2025.09.01-20.24.22:465][971]LogPhysics: Warning: Scale for /Engine/Transient.World_4:PersistentLevel.Cylinder_Blueprint_C_0.Cube has a component set to zero, which will result in a bad body instance. Scale:X=2.000 Y=0.875 Z=0.000
[2025.09.01-20.24.22:465][971]LogPhysics: Warning: Scale for /Engine/Transient.World_4:PersistentLevel.Cylinder_Blueprint_C_0.Cube has a component set to zero, which will result in a bad body instance. Scale:X=2.000 Y=0.875 Z=0.000
[2025.09.01-20.24.22:474][972]LogPhysics: Warning: Scale for /Engine/Transient.World_4:PersistentLevel.Cylinder_Blueprint_C_0.Cube has a component set to zero, which will result in a bad body instance. Scale:X=2.000 Y=0.875 Z=0.000
[2025.09.01-20.24.22:474][972]LogPhysics: Warning: Scale for /Engine/Transient.World_4:PersistentLevel.Cylinder_Blueprint_C_0.Cube has a component set to zero, which will result in a bad body instance. Scale:X=2.000 Y=0.875 Z=0.000
[2025.09.01-20.24.22:474][972]LogPhysics: Warning: Scale for /Engine/Transient.World_4:PersistentLevel.Cylinder_Blueprint_C_0.Cube has a component set to zero, which will result in a bad body instance. Scale:X=2.000 Y=0.875 Z=0.000
[2025.09.01-20.24.22:483][973]LogPhysics: Warning: Scale for /Engine/Transient.World_4:PersistentLevel.Cylinder_Blueprint_C_0.Cube has a component set to zero, which will result in a bad body instance. Scale:X=2.000 Y=0.875 Z=0.000
[2025.09.01-20.24.22:483][973]LogPhysics: Warning: Scale for /Engine/Transient.World_4:PersistentLevel.Cylinder_Blueprint_C_0.Cube has a component set to zero, which will result in a bad body instance. Scale:X=2.000 Y=0.875 Z=0.000
[2025.09.01-20.24.22:483][973]LogPhysics: Warning: Scale for /Engine/Transient.World_4:PersistentLevel.Cylinder_Blueprint_C_0.Cube has a component set to zero, which will result in a bad body instance. Scale:X=2.000 Y=0.875 Z=0.000
[2025.09.01-20.24.22:492][974]LogPhysics: Warning: Scale for /Engine/Transient.World_4:PersistentLevel.Cylinder_Blueprint_C_0.Cube has a component set to zero, which will result in a bad body instance. Scale:X=2.000 Y=0.875 Z=0.000
[2025.09.01-20.24.22:492][974]LogPhysics: Warning: Scale for /Engine/Transient.World_4:PersistentLevel.Cylinder_Blueprint_C_0.Cube has a component set to zero, which will result in a bad body instance. Scale:X=2.000 Y=0.875 Z=0.000
[2025.09.01-20.24.22:492][974]LogPhysics: Warning: Scale for /Engine/Transient.World_4:PersistentLevel.Cylinder_Blueprint_C_0.Cube has a component set to zero, which will result in a bad body instance. Scale:X=2.000 Y=0.875 Z=0.000
[2025.09.01-20.24.22:501][975]LogPhysics: Warning: Scale for /Engine/Transient.World_4:PersistentLevel.Cylinder_Blueprint_C_0.Cube has a component set to zero, which will result in a bad body instance. Scale:X=2.000 Y=0.875 Z=0.000
[2025.09.01-20.24.22:501][975]LogPhysics: Warning: Scale for /Engine/Transient.World_4:PersistentLevel.Cylinder_Blueprint_C_0.Cube has a component set to zero, which will result in a bad body instance. Scale:X=2.000 Y=0.875 Z=0.000
[2025.09.01-20.24.22:501][975]LogPhysics: Warning: Scale for /Engine/Transient.World_4:PersistentLevel.Cylinder_Blueprint_C_0.Cube has a component set to zero, which will result in a bad body instance. Scale:X=2.000 Y=0.875 Z=0.000
[2025.09.01-20.24.22:510][976]LogPhysics: Warning: Scale for /Engine/Transient.World_4:PersistentLevel.Cylinder_Blueprint_C_0.Cube has a component set to zero, which will result in a bad body instance. Scale:X=2.000 Y=0.875 Z=0.000
[2025.09.01-20.24.22:510][976]LogPhysics: Warning: Scale for /Engine/Transient.World_4:PersistentLevel.Cylinder_Blueprint_C_0.Cube has a component set to zero, which will result in a bad body instance. Scale:X=2.000 Y=0.875 Z=0.000
[2025.09.01-20.24.22:510][976]LogPhysics: Warning: Scale for /Engine/Transient.World_4:PersistentLevel.Cylinder_Blueprint_C_0.Cube has a component set to zero, which will result in a bad body instance. Scale:X=2.000 Y=0.875 Z=0.000
[2025.09.01-20.24.22:519][977]LogPhysics: Warning: Scale for /Engine/Transient.World_4:PersistentLevel.Cylinder_Blueprint_C_0.Cube has a component set to zero, which will result in a bad body instance. Scale:X=2.000 Y=0.875 Z=0.000
[2025.09.01-20.24.22:519][977]LogPhysics: Warning: Scale for /Engine/Transient.World_4:PersistentLevel.Cylinder_Blueprint_C_0.Cube has a component set to zero, which will result in a bad body instance. Scale:X=2.000 Y=0.875 Z=0.000
[2025.09.01-20.24.22:519][977]LogPhysics: Warning: Scale for /Engine/Transient.World_4:PersistentLevel.Cylinder_Blueprint_C_0.Cube has a component set to zero, which will result in a bad body instance. Scale:X=2.000 Y=0.875 Z=0.000
[2025.09.01-20.24.22:528][978]LogPhysics: Warning: Scale for /Engine/Transient.World_4:PersistentLevel.Cylinder_Blueprint_C_0.Cube has a component set to zero, which will result in a bad body instance. Scale:X=2.000 Y=0.875 Z=0.000
[2025.09.01-20.24.22:528][978]LogPhysics: Warning: Scale for /Engine/Transient.World_4:PersistentLevel.Cylinder_Blueprint_C_0.Cube has a component set to zero, which will result in a bad body instance. Scale:X=2.000 Y=0.875 Z=0.000
[2025.09.01-20.24.22:528][978]LogPhysics: Warning: Scale for /Engine/Transient.World_4:PersistentLevel.Cylinder_Blueprint_C_0.Cube has a component set to zero, which will result in a bad body instance. Scale:X=2.000 Y=0.875 Z=0.000
[2025.09.01-20.24.22:537][979]LogPhysics: Warning: Scale for /Engine/Transient.World_4:PersistentLevel.Cylinder_Blueprint_C_0.Cube has a component set to zero, which will result in a bad body instance. Scale:X=2.000 Y=0.875 Z=0.000
[2025.09.01-20.24.22:537][979]LogPhysics: Warning: Scale for /Engine/Transient.World_4:PersistentLevel.Cylinder_Blueprint_C_0.Cube has a component set to zero, which will result in a bad body instance. Scale:X=2.000 Y=0.875 Z=0.000
[2025.09.01-20.24.22:537][979]LogPhysics: Warning: Scale for /Engine/Transient.World_4:PersistentLevel.Cylinder_Blueprint_C_0.Cube has a component set to zero, which will result in a bad body instance. Scale:X=2.000 Y=0.875 Z=0.000
[2025.09.01-20.24.22:546][980]LogPhysics: Warning: Scale for /Engine/Transient.World_4:PersistentLevel.Cylinder_Blueprint_C_0.Cube has a component set to zero, which will result in a bad body instance. Scale:X=2.000 Y=0.875 Z=0.000
[2025.09.01-20.24.22:546][980]LogPhysics: Warning: Scale for /Engine/Transient.World_4:PersistentLevel.Cylinder_Blueprint_C_0.Cube has a component set to zero, which will result in a bad body instance. Scale:X=2.000 Y=0.875 Z=0.000
[2025.09.01-20.24.22:546][980]LogPhysics: Warning: Scale for /Engine/Transient.World_4:PersistentLevel.Cylinder_Blueprint_C_0.Cube has a component set to zero, which will result in a bad body instance. Scale:X=2.000 Y=0.875 Z=0.000
[2025.09.01-20.24.22:555][981]LogPhysics: Warning: Scale for /Engine/Transient.World_4:PersistentLevel.Cylinder_Blueprint_C_0.Cube has a component set to zero, which will result in a bad body instance. Scale:X=2.000 Y=0.875 Z=0.000
[2025.09.01-20.24.22:555][981]LogPhysics: Warning: Scale for /Engine/Transient.World_4:PersistentLevel.Cylinder_Blueprint_C_0.Cube has a component set to zero, which will result in a bad body instance. Scale:X=2.000 Y=0.875 Z=0.000
[2025.09.01-20.24.22:555][981]LogPhysics: Warning: Scale for /Engine/Transient.World_4:PersistentLevel.Cylinder_Blueprint_C_0.Cube has a component set to zero, which will result in a bad body instance. Scale:X=2.000 Y=0.875 Z=0.000
[2025.09.01-20.24.22:564][982]LogPhysics: Warning: Scale for /Engine/Transient.World_4:PersistentLevel.Cylinder_Blueprint_C_0.Cube has a component set to zero, which will result in a bad body instance. Scale:X=2.000 Y=0.875 Z=0.000
[2025.09.01-20.24.22:564][982]LogPhysics: Warning: Scale for /Engine/Transient.World_4:PersistentLevel.Cylinder_Blueprint_C_0.Cube has a component set to zero, which will result in a bad body instance. Scale:X=2.000 Y=0.875 Z=0.000
[2025.09.01-20.24.22:564][982]LogPhysics: Warning: Scale for /Engine/Transient.World_4:PersistentLevel.Cylinder_Blueprint_C_0.Cube has a component set to zero, which will result in a bad body instance. Scale:X=2.000 Y=0.875 Z=0.000
[2025.09.01-20.24.22:573][983]LogPhysics: Warning: Scale for /Engine/Transient.World_4:PersistentLevel.Cylinder_Blueprint_C_0.Cube has a component set to zero, which will result in a bad body instance. Scale:X=2.000 Y=0.875 Z=0.000
[2025.09.01-20.24.22:573][983]LogPhysics: Warning: Scale for /Engine/Transient.World_4:PersistentLevel.Cylinder_Blueprint_C_0.Cube has a component set to zero, which will result in a bad body instance. Scale:X=2.000 Y=0.875 Z=0.000
[2025.09.01-20.24.22:573][983]LogPhysics: Warning: Scale for /Engine/Transient.World_4:PersistentLevel.Cylinder_Blueprint_C_0.Cube has a component set to zero, which will result in a bad body instance. Scale:X=2.000 Y=0.875 Z=0.000
[2025.09.01-20.24.22:582][984]LogPhysics: Warning: Scale for /Engine/Transient.World_4:PersistentLevel.Cylinder_Blueprint_C_0.Cube has a component set to zero, which will result in a bad body instance. Scale:X=2.000 Y=0.875 Z=0.000
[2025.09.01-20.24.22:582][984]LogPhysics: Warning: Scale for /Engine/Transient.World_4:PersistentLevel.Cylinder_Blueprint_C_0.Cube has a component set to zero, which will result in a bad body instance. Scale:X=2.000 Y=0.875 Z=0.000
[2025.09.01-20.24.22:582][984]LogPhysics: Warning: Scale for /Engine/Transient.World_4:PersistentLevel.Cylinder_Blueprint_C_0.Cube has a component set to zero, which will result in a bad body instance. Scale:X=2.000 Y=0.875 Z=0.000
[2025.09.01-20.24.22:592][985]LogPhysics: Warning: Scale for /Engine/Transient.World_4:PersistentLevel.Cylinder_Blueprint_C_0.Cube has a component set to zero, which will result in a bad body instance. Scale:X=2.000 Y=0.875 Z=0.000
[2025.09.01-20.24.22:592][985]LogPhysics: Warning: Scale for /Engine/Transient.World_4:PersistentLevel.Cylinder_Blueprint_C_0.Cube has a component set to zero, which will result in a bad body instance. Scale:X=2.000 Y=0.875 Z=0.000
[2025.09.01-20.24.22:592][985]LogPhysics: Warning: Scale for /Engine/Transient.World_4:PersistentLevel.Cylinder_Blueprint_C_0.Cube has a component set to zero, which will result in a bad body instance. Scale:X=2.000 Y=0.875 Z=0.000
[2025.09.01-20.24.22:601][986]LogPhysics: Warning: Scale for /Engine/Transient.World_4:PersistentLevel.Cylinder_Blueprint_C_0.Cube has a component set to zero, which will result in a bad body instance. Scale:X=2.000 Y=0.875 Z=0.000
[2025.09.01-20.24.22:601][986]LogPhysics: Warning: Scale for /Engine/Transient.World_4:PersistentLevel.Cylinder_Blueprint_C_0.Cube has a component set to zero, which will result in a bad body instance. Scale:X=2.000 Y=0.875 Z=0.000
[2025.09.01-20.24.22:601][986]LogPhysics: Warning: Scale for /Engine/Transient.World_4:PersistentLevel.Cylinder_Blueprint_C_0.Cube has a component set to zero, which will result in a bad body instance. Scale:X=2.000 Y=0.875 Z=0.000
[2025.09.01-20.24.22:611][987]LogPhysics: Warning: Scale for /Engine/Transient.World_4:PersistentLevel.Cylinder_Blueprint_C_0.Cube has a component set to zero, which will result in a bad body instance. Scale:X=2.000 Y=0.875 Z=0.000
[2025.09.01-20.24.22:611][987]LogPhysics: Warning: Scale for /Engine/Transient.World_4:PersistentLevel.Cylinder_Blueprint_C_0.Cube has a component set to zero, which will result in a bad body instance. Scale:X=2.000 Y=0.875 Z=0.000
[2025.09.01-20.24.22:611][987]LogPhysics: Warning: Scale for /Engine/Transient.World_4:PersistentLevel.Cylinder_Blueprint_C_0.Cube has a component set to zero, which will result in a bad body instance. Scale:X=2.000 Y=0.875 Z=0.000
[2025.09.01-20.24.22:620][988]LogPhysics: Warning: Scale for /Engine/Transient.World_4:PersistentLevel.Cylinder_Blueprint_C_0.Cube has a component set to zero, which will result in a bad body instance. Scale:X=2.000 Y=0.875 Z=0.000
[2025.09.01-20.24.22:620][988]LogPhysics: Warning: Scale for /Engine/Transient.World_4:PersistentLevel.Cylinder_Blueprint_C_0.Cube has a component set to zero, which will result in a bad body instance. Scale:X=2.000 Y=0.875 Z=0.000
[2025.09.01-20.24.22:620][988]LogPhysics: Warning: Scale for /Engine/Transient.World_4:PersistentLevel.Cylinder_Blueprint_C_0.Cube has a component set to zero, which will result in a bad body instance. Scale:X=2.000 Y=0.875 Z=0.000
[2025.09.01-20.24.22:629][989]LogPhysics: Warning: Scale for /Engine/Transient.World_4:PersistentLevel.Cylinder_Blueprint_C_0.Cube has a component set to zero, which will result in a bad body instance. Scale:X=2.000 Y=0.875 Z=0.000
[2025.09.01-20.24.22:629][989]LogPhysics: Warning: Scale for /Engine/Transient.World_4:PersistentLevel.Cylinder_Blueprint_C_0.Cube has a component set to zero, which will result in a bad body instance. Scale:X=2.000 Y=0.875 Z=0.000
[2025.09.01-20.24.22:629][989]LogPhysics: Warning: Scale for /Engine/Transient.World_4:PersistentLevel.Cylinder_Blueprint_C_0.Cube has a component set to zero, which will result in a bad body instance. Scale:X=2.000 Y=0.875 Z=0.000
[2025.09.01-20.24.22:638][990]LogPhysics: Warning: Scale for /Engine/Transient.World_4:PersistentLevel.Cylinder_Blueprint_C_0.Cube has a component set to zero, which will result in a bad body instance. Scale:X=2.000 Y=0.875 Z=0.000
[2025.09.01-20.24.22:638][990]LogPhysics: Warning: Scale for /Engine/Transient.World_4:PersistentLevel.Cylinder_Blueprint_C_0.Cube has a component set to zero, which will result in a bad body instance. Scale:X=2.000 Y=0.875 Z=0.000
[2025.09.01-20.24.22:638][990]LogPhysics: Warning: Scale for /Engine/Transient.World_4:PersistentLevel.Cylinder_Blueprint_C_0.Cube has a component set to zero, which will result in a bad body instance. Scale:X=2.000 Y=0.875 Z=0.000
[2025.09.01-20.24.22:647][991]LogPhysics: Warning: Scale for /Engine/Transient.World_4:PersistentLevel.Cylinder_Blueprint_C_0.Cube has a component set to zero, which will result in a bad body instance. Scale:X=2.000 Y=0.875 Z=0.000
[2025.09.01-20.24.22:647][991]LogPhysics: Warning: Scale for /Engine/Transient.World_4:PersistentLevel.Cylinder_Blueprint_C_0.Cube has a component set to zero, which will result in a bad body instance. Scale:X=2.000 Y=0.875 Z=0.000
[2025.09.01-20.24.22:647][991]LogPhysics: Warning: Scale for /Engine/Transient.World_4:PersistentLevel.Cylinder_Blueprint_C_0.Cube has a component set to zero, which will result in a bad body instance. Scale:X=2.000 Y=0.875 Z=0.000
[2025.09.01-20.24.22:656][992]LogPhysics: Warning: Scale for /Engine/Transient.World_4:PersistentLevel.Cylinder_Blueprint_C_0.Cube has a component set to zero, which will result in a bad body instance. Scale:X=2.000 Y=0.875 Z=0.000
[2025.09.01-20.24.22:656][992]LogPhysics: Warning: Scale for /Engine/Transient.World_4:PersistentLevel.Cylinder_Blueprint_C_0.Cube has a component set to zero, which will result in a bad body instance. Scale:X=2.000 Y=0.875 Z=0.000
[2025.09.01-20.24.22:656][992]LogPhysics: Warning: Scale for /Engine/Transient.World_4:PersistentLevel.Cylinder_Blueprint_C_0.Cube has a component set to zero, which will result in a bad body instance. Scale:X=2.000 Y=0.875 Z=0.000
[2025.09.01-20.24.22:665][993]LogPhysics: Warning: Scale for /Engine/Transient.World_4:PersistentLevel.Cylinder_Blueprint_C_0.Cube has a component set to zero, which will result in a bad body instance. Scale:X=2.000 Y=0.875 Z=0.000
[2025.09.01-20.24.22:665][993]LogPhysics: Warning: Scale for /Engine/Transient.World_4:PersistentLevel.Cylinder_Blueprint_C_0.Cube has a component set to zero, which will result in a bad body instance. Scale:X=2.000 Y=0.875 Z=0.000
[2025.09.01-20.24.22:665][993]LogPhysics: Warning: Scale for /Engine/Transient.World_4:PersistentLevel.Cylinder_Blueprint_C_0.Cube has a component set to zero, which will result in a bad body instance. Scale:X=2.000 Y=0.875 Z=0.000
[2025.09.01-20.24.22:674][994]LogPhysics: Warning: Scale for /Engine/Transient.World_4:PersistentLevel.Cylinder_Blueprint_C_0.Cube has a component set to zero, which will result in a bad body instance. Scale:X=2.000 Y=0.875 Z=0.000
[2025.09.01-20.24.22:674][994]LogPhysics: Warning: Scale for /Engine/Transient.World_4:PersistentLevel.Cylinder_Blueprint_C_0.Cube has a component set to zero, which will result in a bad body instance. Scale:X=2.000 Y=0.875 Z=0.000
[2025.09.01-20.24.22:674][994]LogPhysics: Warning: Scale for /Engine/Transient.World_4:PersistentLevel.Cylinder_Blueprint_C_0.Cube has a component set to zero, which will result in a bad body instance. Scale:X=2.000 Y=0.875 Z=0.000
[2025.09.01-20.24.22:683][995]LogPhysics: Warning: Scale for /Engine/Transient.World_4:PersistentLevel.Cylinder_Blueprint_C_0.Cube has a component set to zero, which will result in a bad body instance. Scale:X=2.000 Y=0.875 Z=0.000
[2025.09.01-20.24.22:683][995]LogPhysics: Warning: Scale for /Engine/Transient.World_4:PersistentLevel.Cylinder_Blueprint_C_0.Cube has a component set to zero, which will result in a bad body instance. Scale:X=2.000 Y=0.875 Z=0.000
[2025.09.01-20.24.22:683][995]LogPhysics: Warning: Scale for /Engine/Transient.World_4:PersistentLevel.Cylinder_Blueprint_C_0.Cube has a component set to zero, which will result in a bad body instance. Scale:X=2.000 Y=0.875 Z=0.000
[2025.09.01-20.24.22:692][996]LogPhysics: Warning: Scale for /Engine/Transient.World_4:PersistentLevel.Cylinder_Blueprint_C_0.Cube has a component set to zero, which will result in a bad body instance. Scale:X=2.000 Y=0.875 Z=0.000
[2025.09.01-20.24.22:692][996]LogPhysics: Warning: Scale for /Engine/Transient.World_4:PersistentLevel.Cylinder_Blueprint_C_0.Cube has a component set to zero, which will result in a bad body instance. Scale:X=2.000 Y=0.875 Z=0.000
[2025.09.01-20.24.22:692][996]LogPhysics: Warning: Scale for /Engine/Transient.World_4:PersistentLevel.Cylinder_Blueprint_C_0.Cube has a component set to zero, which will result in a bad body instance. Scale:X=2.000 Y=0.875 Z=0.000
[2025.09.01-20.24.22:701][997]LogPhysics: Warning: Scale for /Engine/Transient.World_4:PersistentLevel.Cylinder_Blueprint_C_0.Cube has a component set to zero, which will result in a bad body instance. Scale:X=2.000 Y=0.875 Z=0.000
[2025.09.01-20.24.22:701][997]LogPhysics: Warning: Scale for /Engine/Transient.World_4:PersistentLevel.Cylinder_Blueprint_C_0.Cube has a component set to zero, which will result in a bad body instance. Scale:X=2.000 Y=0.875 Z=0.000
[2025.09.01-20.24.22:701][997]LogPhysics: Warning: Scale for /Engine/Transient.World_4:PersistentLevel.Cylinder_Blueprint_C_0.Cube has a component set to zero, which will result in a bad body instance. Scale:X=2.000 Y=0.875 Z=0.000
[2025.09.01-20.24.22:710][998]LogPhysics: Warning: Scale for /Engine/Transient.World_4:PersistentLevel.Cylinder_Blueprint_C_0.Cube has a component set to zero, which will result in a bad body instance. Scale:X=2.000 Y=0.875 Z=0.000
[2025.09.01-20.24.22:710][998]LogPhysics: Warning: Scale for /Engine/Transient.World_4:PersistentLevel.Cylinder_Blueprint_C_0.Cube has a component set to zero, which will result in a bad body instance. Scale:X=2.000 Y=0.875 Z=0.000
[2025.09.01-20.24.22:710][998]LogPhysics: Warning: Scale for /Engine/Transient.World_4:PersistentLevel.Cylinder_Blueprint_C_0.Cube has a component set to zero, which will result in a bad body instance. Scale:X=2.000 Y=0.875 Z=0.000
[2025.09.01-20.24.22:719][999]LogPhysics: Warning: Scale for /Engine/Transient.World_4:PersistentLevel.Cylinder_Blueprint_C_0.Cube has a component set to zero, which will result in a bad body instance. Scale:X=2.000 Y=0.875 Z=0.000
[2025.09.01-20.24.22:719][999]LogPhysics: Warning: Scale for /Engine/Transient.World_4:PersistentLevel.Cylinder_Blueprint_C_0.Cube has a component set to zero, which will result in a bad body instance. Scale:X=2.000 Y=0.875 Z=0.000
[2025.09.01-20.24.22:719][999]LogPhysics: Warning: Scale for /Engine/Transient.World_4:PersistentLevel.Cylinder_Blueprint_C_0.Cube has a component set to zero, which will result in a bad body instance. Scale:X=2.000 Y=0.875 Z=0.000
[2025.09.01-20.24.22:728][  0]LogPhysics: Warning: Scale for /Engine/Transient.World_4:PersistentLevel.Cylinder_Blueprint_C_0.Cube has a component set to zero, which will result in a bad body instance. Scale:X=2.000 Y=0.875 Z=0.000
[2025.09.01-20.24.22:728][  0]LogPhysics: Warning: Scale for /Engine/Transient.World_4:PersistentLevel.Cylinder_Blueprint_C_0.Cube has a component set to zero, which will result in a bad body instance. Scale:X=2.000 Y=0.875 Z=0.000
[2025.09.01-20.24.22:728][  0]LogPhysics: Warning: Scale for /Engine/Transient.World_4:PersistentLevel.Cylinder_Blueprint_C_0.Cube has a component set to zero, which will result in a bad body instance. Scale:X=2.000 Y=0.875 Z=0.000
[2025.09.01-20.24.22:737][  1]LogPhysics: Warning: Scale for /Engine/Transient.World_4:PersistentLevel.Cylinder_Blueprint_C_0.Cube has a component set to zero, which will result in a bad body instance. Scale:X=2.000 Y=0.875 Z=0.000
[2025.09.01-20.24.22:737][  1]LogPhysics: Warning: Scale for /Engine/Transient.World_4:PersistentLevel.Cylinder_Blueprint_C_0.Cube has a component set to zero, which will result in a bad body instance. Scale:X=2.000 Y=0.875 Z=0.000
[2025.09.01-20.24.22:737][  1]LogPhysics: Warning: Scale for /Engine/Transient.World_4:PersistentLevel.Cylinder_Blueprint_C_0.Cube has a component set to zero, which will result in a bad body instance. Scale:X=2.000 Y=0.875 Z=0.000
[2025.09.01-20.24.22:746][  2]LogPhysics: Warning: Scale for /Engine/Transient.World_4:PersistentLevel.Cylinder_Blueprint_C_0.Cube has a component set to zero, which will result in a bad body instance. Scale:X=2.000 Y=0.875 Z=0.000
[2025.09.01-20.24.22:746][  2]LogPhysics: Warning: Scale for /Engine/Transient.World_4:PersistentLevel.Cylinder_Blueprint_C_0.Cube has a component set to zero, which will result in a bad body instance. Scale:X=2.000 Y=0.875 Z=0.000
[2025.09.01-20.24.22:746][  2]LogPhysics: Warning: Scale for /Engine/Transient.World_4:PersistentLevel.Cylinder_Blueprint_C_0.Cube has a component set to zero, which will result in a bad body instance. Scale:X=2.000 Y=0.875 Z=0.000
[2025.09.01-20.24.22:755][  3]LogPhysics: Warning: Scale for /Engine/Transient.World_4:PersistentLevel.Cylinder_Blueprint_C_0.Cube has a component set to zero, which will result in a bad body instance. Scale:X=2.000 Y=0.875 Z=0.000
[2025.09.01-20.24.22:755][  3]LogPhysics: Warning: Scale for /Engine/Transient.World_4:PersistentLevel.Cylinder_Blueprint_C_0.Cube has a component set to zero, which will result in a bad body instance. Scale:X=2.000 Y=0.875 Z=0.000
[2025.09.01-20.24.22:755][  3]LogPhysics: Warning: Scale for /Engine/Transient.World_4:PersistentLevel.Cylinder_Blueprint_C_0.Cube has a component set to zero, which will result in a bad body instance. Scale:X=2.000 Y=0.875 Z=0.000
[2025.09.01-20.24.22:764][  4]LogPhysics: Warning: Scale for /Engine/Transient.World_4:PersistentLevel.Cylinder_Blueprint_C_0.Cube has a component set to zero, which will result in a bad body instance. Scale:X=2.000 Y=0.875 Z=0.000
[2025.09.01-20.24.22:764][  4]LogPhysics: Warning: Scale for /Engine/Transient.World_4:PersistentLevel.Cylinder_Blueprint_C_0.Cube has a component set to zero, which will result in a bad body instance. Scale:X=2.000 Y=0.875 Z=0.000
[2025.09.01-20.24.22:764][  4]LogPhysics: Warning: Scale for /Engine/Transient.World_4:PersistentLevel.Cylinder_Blueprint_C_0.Cube has a component set to zero, which will result in a bad body instance. Scale:X=2.000 Y=0.875 Z=0.000
[2025.09.01-20.24.22:773][  5]LogPhysics: Warning: Scale for /Engine/Transient.World_4:PersistentLevel.Cylinder_Blueprint_C_0.Cube has a component set to zero, which will result in a bad body instance. Scale:X=2.000 Y=0.875 Z=0.000
[2025.09.01-20.24.22:773][  5]LogPhysics: Warning: Scale for /Engine/Transient.World_4:PersistentLevel.Cylinder_Blueprint_C_0.Cube has a component set to zero, which will result in a bad body instance. Scale:X=2.000 Y=0.875 Z=0.000
[2025.09.01-20.24.22:774][  5]LogPhysics: Warning: Scale for /Engine/Transient.World_4:PersistentLevel.Cylinder_Blueprint_C_0.Cube has a component set to zero, which will result in a bad body instance. Scale:X=2.000 Y=0.875 Z=0.000
[2025.09.01-20.24.22:782][  6]LogPhysics: Warning: Scale for /Engine/Transient.World_4:PersistentLevel.Cylinder_Blueprint_C_0.Cube has a component set to zero, which will result in a bad body instance. Scale:X=2.000 Y=0.875 Z=0.000
[2025.09.01-20.24.22:783][  6]LogPhysics: Warning: Scale for /Engine/Transient.World_4:PersistentLevel.Cylinder_Blueprint_C_0.Cube has a component set to zero, which will result in a bad body instance. Scale:X=2.000 Y=0.875 Z=0.000
[2025.09.01-20.24.22:783][  6]LogPhysics: Warning: Scale for /Engine/Transient.World_4:PersistentLevel.Cylinder_Blueprint_C_0.Cube has a component set to zero, which will result in a bad body instance. Scale:X=2.000 Y=0.875 Z=0.000
[2025.09.01-20.24.22:792][  7]LogPhysics: Warning: Scale for /Engine/Transient.World_4:PersistentLevel.Cylinder_Blueprint_C_0.Cube has a component set to zero, which will result in a bad body instance. Scale:X=2.000 Y=0.875 Z=0.000
[2025.09.01-20.24.22:792][  7]LogPhysics: Warning: Scale for /Engine/Transient.World_4:PersistentLevel.Cylinder_Blueprint_C_0.Cube has a component set to zero, which will result in a bad body instance. Scale:X=2.000 Y=0.875 Z=0.000
[2025.09.01-20.24.23:565][ 92]LogPhysics: Warning: Scale for /Engine/Transient.World_4:PersistentLevel.Cylinder_Blueprint_C_0.Cube has a component set to zero, which will result in a bad body instance. Scale:X=2.000 Y=0.875 Z=0.000
[2025.09.01-20.24.23:565][ 92]LogPhysics: Warning: Scale for /Game/Cenas/Leonardo.Leonardo:PersistentLevel.Cylinder_Blueprint.Cube has a component set to zero, which will result in a bad body instance. Scale:X=2.000 Y=0.875 Z=0.000
[2025.09.01-20.24.23:565][ 92]LogPhysics: Warning: Scale for /Engine/Transient.World_4:PersistentLevel.Cylinder_Blueprint_C_0.Cube has a component set to zero, which will result in a bad body instance. Scale:X=2.000 Y=0.875 Z=0.000
[2025.09.01-20.24.23:574][ 93]LogPhysics: Warning: Scale for /Engine/Transient.World_4:PersistentLevel.Cylinder_Blueprint_C_0.Cube has a component set to zero, which will result in a bad body instance. Scale:X=2.000 Y=0.875 Z=0.000
[2025.09.01-20.24.23:574][ 93]LogPhysics: Warning: Scale for /Engine/Transient.World_4:PersistentLevel.Cylinder_Blueprint_C_0.Cube has a component set to zero, which will result in a bad body instance. Scale:X=2.000 Y=0.875 Z=0.000
[2025.09.01-20.24.23:574][ 93]LogPhysics: Warning: Scale for /Engine/Transient.World_4:PersistentLevel.Cylinder_Blueprint_C_0.Cube has a component set to zero, which will result in a bad body instance. Scale:X=2.000 Y=0.875 Z=0.000
[2025.09.01-20.24.23:583][ 94]LogPhysics: Warning: Scale for /Engine/Transient.World_4:PersistentLevel.Cylinder_Blueprint_C_0.Cube has a component set to zero, which will result in a bad body instance. Scale:X=2.000 Y=0.875 Z=0.000
[2025.09.01-20.24.23:584][ 94]LogPhysics: Warning: Scale for /Engine/Transient.World_4:PersistentLevel.Cylinder_Blueprint_C_0.Cube has a component set to zero, which will result in a bad body instance. Scale:X=2.000 Y=0.875 Z=0.000
[2025.09.01-20.24.23:584][ 94]LogPhysics: Warning: Scale for /Engine/Transient.World_4:PersistentLevel.Cylinder_Blueprint_C_0.Cube has a component set to zero, which will result in a bad body instance. Scale:X=2.000 Y=0.875 Z=0.000
[2025.09.01-20.24.23:593][ 95]LogPhysics: Warning: Scale for /Engine/Transient.World_4:PersistentLevel.Cylinder_Blueprint_C_0.Cube has a component set to zero, which will result in a bad body instance. Scale:X=2.000 Y=0.875 Z=0.000
[2025.09.01-20.24.23:593][ 95]LogPhysics: Warning: Scale for /Engine/Transient.World_4:PersistentLevel.Cylinder_Blueprint_C_0.Cube has a component set to zero, which will result in a bad body instance. Scale:X=2.000 Y=0.875 Z=0.000
[2025.09.01-20.24.23:593][ 95]LogPhysics: Warning: Scale for /Engine/Transient.World_4:PersistentLevel.Cylinder_Blueprint_C_0.Cube has a component set to zero, which will result in a bad body instance. Scale:X=2.000 Y=0.875 Z=0.000
[2025.09.01-20.24.23:601][ 96]LogPhysics: Warning: Scale for /Engine/Transient.World_4:PersistentLevel.Cylinder_Blueprint_C_0.Cube has a component set to zero, which will result in a bad body instance. Scale:X=2.000 Y=0.875 Z=0.000
[2025.09.01-20.24.23:601][ 96]LogPhysics: Warning: Scale for /Engine/Transient.World_4:PersistentLevel.Cylinder_Blueprint_C_0.Cube has a component set to zero, which will result in a bad body instance. Scale:X=2.000 Y=0.875 Z=0.000
[2025.09.01-20.24.23:601][ 96]LogPhysics: Warning: Scale for /Engine/Transient.World_4:PersistentLevel.Cylinder_Blueprint_C_0.Cube has a component set to zero, which will result in a bad body instance. Scale:X=2.000 Y=0.875 Z=0.000
[2025.09.01-20.24.23:610][ 97]LogPhysics: Warning: Scale for /Engine/Transient.World_4:PersistentLevel.Cylinder_Blueprint_C_0.Cube has a component set to zero, which will result in a bad body instance. Scale:X=2.000 Y=0.875 Z=0.000
[2025.09.01-20.24.23:611][ 97]LogPhysics: Warning: Scale for /Engine/Transient.World_4:PersistentLevel.Cylinder_Blueprint_C_0.Cube has a component set to zero, which will result in a bad body instance. Scale:X=2.000 Y=0.875 Z=0.000
[2025.09.01-20.24.23:611][ 97]LogPhysics: Warning: Scale for /Engine/Transient.World_4:PersistentLevel.Cylinder_Blueprint_C_0.Cube has a component set to zero, which will result in a bad body instance. Scale:X=2.000 Y=0.875 Z=0.000
[2025.09.01-20.24.23:620][ 98]LogPhysics: Warning: Scale for /Engine/Transient.World_4:PersistentLevel.Cylinder_Blueprint_C_0.Cube has a component set to zero, which will result in a bad body instance. Scale:X=2.000 Y=0.875 Z=0.000
[2025.09.01-20.24.23:621][ 98]LogPhysics: Warning: Scale for /Engine/Transient.World_4:PersistentLevel.Cylinder_Blueprint_C_0.Cube has a component set to zero, which will result in a bad body instance. Scale:X=2.000 Y=0.875 Z=0.000
[2025.09.01-20.24.23:621][ 98]LogPhysics: Warning: Scale for /Engine/Transient.World_4:PersistentLevel.Cylinder_Blueprint_C_0.Cube has a component set to zero, which will result in a bad body instance. Scale:X=2.000 Y=0.875 Z=0.000
[2025.09.01-20.24.23:630][ 99]LogPhysics: Warning: Scale for /Engine/Transient.World_4:PersistentLevel.Cylinder_Blueprint_C_0.Cube has a component set to zero, which will result in a bad body instance. Scale:X=2.000 Y=0.875 Z=0.000
[2025.09.01-20.24.23:630][ 99]LogPhysics: Warning: Scale for /Engine/Transient.World_4:PersistentLevel.Cylinder_Blueprint_C_0.Cube has a component set to zero, which will result in a bad body instance. Scale:X=2.000 Y=0.875 Z=0.000
[2025.09.01-20.24.23:630][ 99]LogPhysics: Warning: Scale for /Engine/Transient.World_4:PersistentLevel.Cylinder_Blueprint_C_0.Cube has a component set to zero, which will result in a bad body instance. Scale:X=2.000 Y=0.875 Z=0.000
[2025.09.01-20.24.23:639][100]LogPhysics: Warning: Scale for /Engine/Transient.World_4:PersistentLevel.Cylinder_Blueprint_C_0.Cube has a component set to zero, which will result in a bad body instance. Scale:X=2.000 Y=0.875 Z=0.000
[2025.09.01-20.24.23:639][100]LogPhysics: Warning: Scale for /Engine/Transient.World_4:PersistentLevel.Cylinder_Blueprint_C_0.Cube has a component set to zero, which will result in a bad body instance. Scale:X=2.000 Y=0.875 Z=0.000
[2025.09.01-20.24.23:639][100]LogPhysics: Warning: Scale for /Engine/Transient.World_4:PersistentLevel.Cylinder_Blueprint_C_0.Cube has a component set to zero, which will result in a bad body instance. Scale:X=2.000 Y=0.875 Z=0.000
[2025.09.01-20.24.23:648][101]LogPhysics: Warning: Scale for /Engine/Transient.World_4:PersistentLevel.Cylinder_Blueprint_C_0.Cube has a component set to zero, which will result in a bad body instance. Scale:X=2.000 Y=0.875 Z=0.000
[2025.09.01-20.24.23:648][101]LogPhysics: Warning: Scale for /Engine/Transient.World_4:PersistentLevel.Cylinder_Blueprint_C_0.Cube has a component set to zero, which will result in a bad body instance. Scale:X=2.000 Y=0.875 Z=0.000
[2025.09.01-20.24.23:648][101]LogPhysics: Warning: Scale for /Engine/Transient.World_4:PersistentLevel.Cylinder_Blueprint_C_0.Cube has a component set to zero, which will result in a bad body instance. Scale:X=2.000 Y=0.875 Z=0.000
[2025.09.01-20.24.23:657][102]LogPhysics: Warning: Scale for /Engine/Transient.World_4:PersistentLevel.Cylinder_Blueprint_C_0.Cube has a component set to zero, which will result in a bad body instance. Scale:X=2.000 Y=0.875 Z=0.000
[2025.09.01-20.24.23:658][102]LogPhysics: Warning: Scale for /Engine/Transient.World_4:PersistentLevel.Cylinder_Blueprint_C_0.Cube has a component set to zero, which will result in a bad body instance. Scale:X=2.000 Y=0.875 Z=0.000
[2025.09.01-20.24.23:658][102]LogPhysics: Warning: Scale for /Engine/Transient.World_4:PersistentLevel.Cylinder_Blueprint_C_0.Cube has a component set to zero, which will result in a bad body instance. Scale:X=2.000 Y=0.875 Z=0.000
[2025.09.01-20.24.23:666][103]LogPhysics: Warning: Scale for /Engine/Transient.World_4:PersistentLevel.Cylinder_Blueprint_C_0.Cube has a component set to zero, which will result in a bad body instance. Scale:X=2.000 Y=0.875 Z=0.000
[2025.09.01-20.24.23:666][103]LogPhysics: Warning: Scale for /Engine/Transient.World_4:PersistentLevel.Cylinder_Blueprint_C_0.Cube has a component set to zero, which will result in a bad body instance. Scale:X=2.000 Y=0.875 Z=0.000
[2025.09.01-20.24.23:666][103]LogPhysics: Warning: Scale for /Engine/Transient.World_4:PersistentLevel.Cylinder_Blueprint_C_0.Cube has a component set to zero, which will result in a bad body instance. Scale:X=2.000 Y=0.875 Z=0.000
[2025.09.01-20.24.23:675][104]LogPhysics: Warning: Scale for /Engine/Transient.World_4:PersistentLevel.Cylinder_Blueprint_C_0.Cube has a component set to zero, which will result in a bad body instance. Scale:X=2.000 Y=0.875 Z=0.000
[2025.09.01-20.24.23:676][104]LogPhysics: Warning: Scale for /Engine/Transient.World_4:PersistentLevel.Cylinder_Blueprint_C_0.Cube has a component set to zero, which will result in a bad body instance. Scale:X=2.000 Y=0.875 Z=0.000
[2025.09.01-20.24.23:676][104]LogPhysics: Warning: Scale for /Engine/Transient.World_4:PersistentLevel.Cylinder_Blueprint_C_0.Cube has a component set to zero, which will result in a bad body instance. Scale:X=2.000 Y=0.875 Z=0.000
[2025.09.01-20.24.23:685][105]LogPhysics: Warning: Scale for /Engine/Transient.World_4:PersistentLevel.Cylinder_Blueprint_C_0.Cube has a component set to zero, which will result in a bad body instance. Scale:X=2.000 Y=0.875 Z=0.000
[2025.09.01-20.24.23:686][105]LogPhysics: Warning: Scale for /Engine/Transient.World_4:PersistentLevel.Cylinder_Blueprint_C_0.Cube has a component set to zero, which will result in a bad body instance. Scale:X=2.000 Y=0.875 Z=0.000
[2025.09.01-20.24.23:686][105]LogPhysics: Warning: Scale for /Engine/Transient.World_4:PersistentLevel.Cylinder_Blueprint_C_0.Cube has a component set to zero, which will result in a bad body instance. Scale:X=2.000 Y=0.875 Z=0.000
[2025.09.01-20.24.23:693][106]LogPhysics: Warning: Scale for /Engine/Transient.World_4:PersistentLevel.Cylinder_Blueprint_C_0.Cube has a component set to zero, which will result in a bad body instance. Scale:X=2.000 Y=0.875 Z=0.000
[2025.09.01-20.24.23:694][106]LogPhysics: Warning: Scale for /Engine/Transient.World_4:PersistentLevel.Cylinder_Blueprint_C_0.Cube has a component set to zero, which will result in a bad body instance. Scale:X=2.000 Y=0.875 Z=0.000
[2025.09.01-20.24.23:694][106]LogPhysics: Warning: Scale for /Engine/Transient.World_4:PersistentLevel.Cylinder_Blueprint_C_0.Cube has a component set to zero, which will result in a bad body instance. Scale:X=2.000 Y=0.875 Z=0.000
[2025.09.01-20.24.23:703][107]LogPhysics: Warning: Scale for /Engine/Transient.World_4:PersistentLevel.Cylinder_Blueprint_C_0.Cube has a component set to zero, which will result in a bad body instance. Scale:X=2.000 Y=0.875 Z=0.000
[2025.09.01-20.24.23:703][107]LogPhysics: Warning: Scale for /Engine/Transient.World_4:PersistentLevel.Cylinder_Blueprint_C_0.Cube has a component set to zero, which will result in a bad body instance. Scale:X=2.000 Y=0.875 Z=0.000
[2025.09.01-20.24.23:703][107]LogPhysics: Warning: Scale for /Engine/Transient.World_4:PersistentLevel.Cylinder_Blueprint_C_0.Cube has a component set to zero, which will result in a bad body instance. Scale:X=2.000 Y=0.875 Z=0.000
[2025.09.01-20.24.23:712][108]LogPhysics: Warning: Scale for /Engine/Transient.World_4:PersistentLevel.Cylinder_Blueprint_C_0.Cube has a component set to zero, which will result in a bad body instance. Scale:X=2.000 Y=0.875 Z=0.000
[2025.09.01-20.24.23:712][108]LogPhysics: Warning: Scale for /Engine/Transient.World_4:PersistentLevel.Cylinder_Blueprint_C_0.Cube has a component set to zero, which will result in a bad body instance. Scale:X=2.000 Y=0.875 Z=0.000
[2025.09.01-20.24.23:712][108]LogPhysics: Warning: Scale for /Engine/Transient.World_4:PersistentLevel.Cylinder_Blueprint_C_0.Cube has a component set to zero, which will result in a bad body instance. Scale:X=2.000 Y=0.875 Z=0.000
[2025.09.01-20.24.23:721][109]LogPhysics: Warning: Scale for /Engine/Transient.World_4:PersistentLevel.Cylinder_Blueprint_C_0.Cube has a component set to zero, which will result in a bad body instance. Scale:X=2.000 Y=0.875 Z=0.000
[2025.09.01-20.24.23:721][109]LogPhysics: Warning: Scale for /Engine/Transient.World_4:PersistentLevel.Cylinder_Blueprint_C_0.Cube has a component set to zero, which will result in a bad body instance. Scale:X=2.000 Y=0.875 Z=0.000
[2025.09.01-20.24.23:721][109]LogPhysics: Warning: Scale for /Engine/Transient.World_4:PersistentLevel.Cylinder_Blueprint_C_0.Cube has a component set to zero, which will result in a bad body instance. Scale:X=2.000 Y=0.875 Z=0.000
[2025.09.01-20.24.23:730][110]LogPhysics: Warning: Scale for /Engine/Transient.World_4:PersistentLevel.Cylinder_Blueprint_C_0.Cube has a component set to zero, which will result in a bad body instance. Scale:X=2.000 Y=0.875 Z=0.000
[2025.09.01-20.24.23:730][110]LogPhysics: Warning: Scale for /Engine/Transient.World_4:PersistentLevel.Cylinder_Blueprint_C_0.Cube has a component set to zero, which will result in a bad body instance. Scale:X=2.000 Y=0.875 Z=0.000
[2025.09.01-20.24.23:730][110]LogPhysics: Warning: Scale for /Engine/Transient.World_4:PersistentLevel.Cylinder_Blueprint_C_0.Cube has a component set to zero, which will result in a bad body instance. Scale:X=2.000 Y=0.875 Z=0.000
[2025.09.01-20.24.23:739][111]LogPhysics: Warning: Scale for /Engine/Transient.World_4:PersistentLevel.Cylinder_Blueprint_C_0.Cube has a component set to zero, which will result in a bad body instance. Scale:X=2.000 Y=0.875 Z=0.000
[2025.09.01-20.24.23:739][111]LogPhysics: Warning: Scale for /Engine/Transient.World_4:PersistentLevel.Cylinder_Blueprint_C_0.Cube has a component set to zero, which will result in a bad body instance. Scale:X=2.000 Y=0.875 Z=0.000
[2025.09.01-20.24.23:739][111]LogPhysics: Warning: Scale for /Engine/Transient.World_4:PersistentLevel.Cylinder_Blueprint_C_0.Cube has a component set to zero, which will result in a bad body instance. Scale:X=2.000 Y=0.875 Z=0.000
[2025.09.01-20.24.23:748][112]LogPhysics: Warning: Scale for /Engine/Transient.World_4:PersistentLevel.Cylinder_Blueprint_C_0.Cube has a component set to zero, which will result in a bad body instance. Scale:X=2.000 Y=0.875 Z=0.000
[2025.09.01-20.24.23:748][112]LogPhysics: Warning: Scale for /Engine/Transient.World_4:PersistentLevel.Cylinder_Blueprint_C_0.Cube has a component set to zero, which will result in a bad body instance. Scale:X=2.000 Y=0.875 Z=0.000
[2025.09.01-20.24.23:748][112]LogPhysics: Warning: Scale for /Engine/Transient.World_4:PersistentLevel.Cylinder_Blueprint_C_0.Cube has a component set to zero, which will result in a bad body instance. Scale:X=2.000 Y=0.875 Z=0.000
[2025.09.01-20.24.23:757][113]LogPhysics: Warning: Scale for /Engine/Transient.World_4:PersistentLevel.Cylinder_Blueprint_C_0.Cube has a component set to zero, which will result in a bad body instance. Scale:X=2.000 Y=0.875 Z=0.000
[2025.09.01-20.24.23:757][113]LogPhysics: Warning: Scale for /Engine/Transient.World_4:PersistentLevel.Cylinder_Blueprint_C_0.Cube has a component set to zero, which will result in a bad body instance. Scale:X=2.000 Y=0.875 Z=0.000
[2025.09.01-20.24.23:758][113]LogPhysics: Warning: Scale for /Engine/Transient.World_4:PersistentLevel.Cylinder_Blueprint_C_0.Cube has a component set to zero, which will result in a bad body instance. Scale:X=2.000 Y=0.875 Z=0.000
[2025.09.01-20.24.23:766][114]LogPhysics: Warning: Scale for /Engine/Transient.World_4:PersistentLevel.Cylinder_Blueprint_C_0.Cube has a component set to zero, which will result in a bad body instance. Scale:X=2.000 Y=0.875 Z=0.000
[2025.09.01-20.24.23:767][114]LogPhysics: Warning: Scale for /Engine/Transient.World_4:PersistentLevel.Cylinder_Blueprint_C_0.Cube has a component set to zero, which will result in a bad body instance. Scale:X=2.000 Y=0.875 Z=0.000
[2025.09.01-20.24.23:767][114]LogPhysics: Warning: Scale for /Engine/Transient.World_4:PersistentLevel.Cylinder_Blueprint_C_0.Cube has a component set to zero, which will result in a bad body instance. Scale:X=2.000 Y=0.875 Z=0.000
[2025.09.01-20.24.23:776][115]LogPhysics: Warning: Scale for /Engine/Transient.World_4:PersistentLevel.Cylinder_Blueprint_C_0.Cube has a component set to zero, which will result in a bad body instance. Scale:X=2.000 Y=0.875 Z=0.000
[2025.09.01-20.24.23:776][115]LogPhysics: Warning: Scale for /Engine/Transient.World_4:PersistentLevel.Cylinder_Blueprint_C_0.Cube has a component set to zero, which will result in a bad body instance. Scale:X=2.000 Y=0.875 Z=0.000
[2025.09.01-20.24.23:776][115]LogPhysics: Warning: Scale for /Engine/Transient.World_4:PersistentLevel.Cylinder_Blueprint_C_0.Cube has a component set to zero, which will result in a bad body instance. Scale:X=2.000 Y=0.875 Z=0.000
[2025.09.01-20.24.23:785][116]LogPhysics: Warning: Scale for /Engine/Transient.World_4:PersistentLevel.Cylinder_Blueprint_C_0.Cube has a component set to zero, which will result in a bad body instance. Scale:X=2.000 Y=0.875 Z=0.000
[2025.09.01-20.24.23:785][116]LogPhysics: Warning: Scale for /Engine/Transient.World_4:PersistentLevel.Cylinder_Blueprint_C_0.Cube has a component set to zero, which will result in a bad body instance. Scale:X=2.000 Y=0.875 Z=0.000
[2025.09.01-20.24.23:785][116]LogPhysics: Warning: Scale for /Engine/Transient.World_4:PersistentLevel.Cylinder_Blueprint_C_0.Cube has a component set to zero, which will result in a bad body instance. Scale:X=2.000 Y=0.875 Z=0.000
[2025.09.01-20.24.23:794][117]LogPhysics: Warning: Scale for /Engine/Transient.World_4:PersistentLevel.Cylinder_Blueprint_C_0.Cube has a component set to zero, which will result in a bad body instance. Scale:X=2.000 Y=0.875 Z=0.000
[2025.09.01-20.24.23:794][117]LogPhysics: Warning: Scale for /Engine/Transient.World_4:PersistentLevel.Cylinder_Blueprint_C_0.Cube has a component set to zero, which will result in a bad body instance. Scale:X=2.000 Y=0.875 Z=0.000
[2025.09.01-20.24.23:794][117]LogPhysics: Warning: Scale for /Engine/Transient.World_4:PersistentLevel.Cylinder_Blueprint_C_0.Cube has a component set to zero, which will result in a bad body instance. Scale:X=2.000 Y=0.875 Z=0.000
[2025.09.01-20.24.23:803][118]LogPhysics: Warning: Scale for /Engine/Transient.World_4:PersistentLevel.Cylinder_Blueprint_C_0.Cube has a component set to zero, which will result in a bad body instance. Scale:X=2.000 Y=0.875 Z=0.000
[2025.09.01-20.24.23:803][118]LogPhysics: Warning: Scale for /Engine/Transient.World_4:PersistentLevel.Cylinder_Blueprint_C_0.Cube has a component set to zero, which will result in a bad body instance. Scale:X=2.000 Y=0.875 Z=0.000
[2025.09.01-20.24.23:803][118]LogPhysics: Warning: Scale for /Engine/Transient.World_4:PersistentLevel.Cylinder_Blueprint_C_0.Cube has a component set to zero, which will result in a bad body instance. Scale:X=2.000 Y=0.875 Z=0.000
[2025.09.01-20.24.23:812][119]LogPhysics: Warning: Scale for /Engine/Transient.World_4:PersistentLevel.Cylinder_Blueprint_C_0.Cube has a component set to zero, which will result in a bad body instance. Scale:X=2.000 Y=0.875 Z=0.000
[2025.09.01-20.24.23:812][119]LogPhysics: Warning: Scale for /Engine/Transient.World_4:PersistentLevel.Cylinder_Blueprint_C_0.Cube has a component set to zero, which will result in a bad body instance. Scale:X=2.000 Y=0.875 Z=0.000
[2025.09.01-20.24.23:813][119]LogPhysics: Warning: Scale for /Engine/Transient.World_4:PersistentLevel.Cylinder_Blueprint_C_0.Cube has a component set to zero, which will result in a bad body instance. Scale:X=2.000 Y=0.875 Z=0.000
[2025.09.01-20.24.23:821][120]LogPhysics: Warning: Scale for /Engine/Transient.World_4:PersistentLevel.Cylinder_Blueprint_C_0.Cube has a component set to zero, which will result in a bad body instance. Scale:X=2.000 Y=0.875 Z=0.000
[2025.09.01-20.24.23:822][120]LogPhysics: Warning: Scale for /Engine/Transient.World_4:PersistentLevel.Cylinder_Blueprint_C_0.Cube has a component set to zero, which will result in a bad body instance. Scale:X=2.000 Y=0.875 Z=0.000
[2025.09.01-20.24.23:822][120]LogPhysics: Warning: Scale for /Engine/Transient.World_4:PersistentLevel.Cylinder_Blueprint_C_0.Cube has a component set to zero, which will result in a bad body instance. Scale:X=2.000 Y=0.875 Z=0.000
[2025.09.01-20.24.23:830][121]LogPhysics: Warning: Scale for /Engine/Transient.World_4:PersistentLevel.Cylinder_Blueprint_C_0.Cube has a component set to zero, which will result in a bad body instance. Scale:X=2.000 Y=0.875 Z=0.000
[2025.09.01-20.24.23:831][121]LogPhysics: Warning: Scale for /Engine/Transient.World_4:PersistentLevel.Cylinder_Blueprint_C_0.Cube has a component set to zero, which will result in a bad body instance. Scale:X=2.000 Y=0.875 Z=0.000
[2025.09.01-20.24.23:831][121]LogPhysics: Warning: Scale for /Engine/Transient.World_4:PersistentLevel.Cylinder_Blueprint_C_0.Cube has a component set to zero, which will result in a bad body instance. Scale:X=2.000 Y=0.875 Z=0.000
[2025.09.01-20.24.23:840][122]LogPhysics: Warning: Scale for /Engine/Transient.World_4:PersistentLevel.Cylinder_Blueprint_C_0.Cube has a component set to zero, which will result in a bad body instance. Scale:X=2.000 Y=0.875 Z=0.000
[2025.09.01-20.24.23:840][122]LogPhysics: Warning: Scale for /Engine/Transient.World_4:PersistentLevel.Cylinder_Blueprint_C_0.Cube has a component set to zero, which will result in a bad body instance. Scale:X=2.000 Y=0.875 Z=0.000
[2025.09.01-20.24.23:840][122]LogPhysics: Warning: Scale for /Engine/Transient.World_4:PersistentLevel.Cylinder_Blueprint_C_0.Cube has a component set to zero, which will result in a bad body instance. Scale:X=2.000 Y=0.875 Z=0.000
[2025.09.01-20.24.23:849][123]LogPhysics: Warning: Scale for /Engine/Transient.World_4:PersistentLevel.Cylinder_Blueprint_C_0.Cube has a component set to zero, which will result in a bad body instance. Scale:X=2.000 Y=0.875 Z=0.000
[2025.09.01-20.24.23:849][123]LogPhysics: Warning: Scale for /Engine/Transient.World_4:PersistentLevel.Cylinder_Blueprint_C_0.Cube has a component set to zero, which will result in a bad body instance. Scale:X=2.000 Y=0.875 Z=0.000
[2025.09.01-20.24.23:849][123]LogPhysics: Warning: Scale for /Engine/Transient.World_4:PersistentLevel.Cylinder_Blueprint_C_0.Cube has a component set to zero, which will result in a bad body instance. Scale:X=2.000 Y=0.875 Z=0.000
[2025.09.01-20.24.23:858][124]LogPhysics: Warning: Scale for /Engine/Transient.World_4:PersistentLevel.Cylinder_Blueprint_C_0.Cube has a component set to zero, which will result in a bad body instance. Scale:X=2.000 Y=0.875 Z=0.000
[2025.09.01-20.24.23:858][124]LogPhysics: Warning: Scale for /Engine/Transient.World_4:PersistentLevel.Cylinder_Blueprint_C_0.Cube has a component set to zero, which will result in a bad body instance. Scale:X=2.000 Y=0.875 Z=0.000
[2025.09.01-20.24.23:858][124]LogPhysics: Warning: Scale for /Engine/Transient.World_4:PersistentLevel.Cylinder_Blueprint_C_0.Cube has a component set to zero, which will result in a bad body instance. Scale:X=2.000 Y=0.875 Z=0.000
[2025.09.01-20.24.23:867][125]LogPhysics: Warning: Scale for /Engine/Transient.World_4:PersistentLevel.Cylinder_Blueprint_C_0.Cube has a component set to zero, which will result in a bad body instance. Scale:X=2.000 Y=0.875 Z=0.000
[2025.09.01-20.24.23:867][125]LogPhysics: Warning: Scale for /Engine/Transient.World_4:PersistentLevel.Cylinder_Blueprint_C_0.Cube has a component set to zero, which will result in a bad body instance. Scale:X=2.000 Y=0.875 Z=0.000
[2025.09.01-20.24.23:867][125]LogPhysics: Warning: Scale for /Engine/Transient.World_4:PersistentLevel.Cylinder_Blueprint_C_0.Cube has a component set to zero, which will result in a bad body instance. Scale:X=2.000 Y=0.875 Z=0.000
[2025.09.01-20.24.23:876][126]LogPhysics: Warning: Scale for /Engine/Transient.World_4:PersistentLevel.Cylinder_Blueprint_C_0.Cube has a component set to zero, which will result in a bad body instance. Scale:X=2.000 Y=0.875 Z=0.000
[2025.09.01-20.24.23:876][126]LogPhysics: Warning: Scale for /Engine/Transient.World_4:PersistentLevel.Cylinder_Blueprint_C_0.Cube has a component set to zero, which will result in a bad body instance. Scale:X=2.000 Y=0.875 Z=0.000
[2025.09.01-20.24.23:876][126]LogPhysics: Warning: Scale for /Engine/Transient.World_4:PersistentLevel.Cylinder_Blueprint_C_0.Cube has a component set to zero, which will result in a bad body instance. Scale:X=2.000 Y=0.875 Z=0.000
[2025.09.01-20.24.23:885][127]LogPhysics: Warning: Scale for /Engine/Transient.World_4:PersistentLevel.Cylinder_Blueprint_C_0.Cube has a component set to zero, which will result in a bad body instance. Scale:X=2.000 Y=0.875 Z=0.000
[2025.09.01-20.24.23:885][127]LogPhysics: Warning: Scale for /Engine/Transient.World_4:PersistentLevel.Cylinder_Blueprint_C_0.Cube has a component set to zero, which will result in a bad body instance. Scale:X=2.000 Y=0.875 Z=0.000
[2025.09.01-20.24.23:885][127]LogPhysics: Warning: Scale for /Engine/Transient.World_4:PersistentLevel.Cylinder_Blueprint_C_0.Cube has a component set to zero, which will result in a bad body instance. Scale:X=2.000 Y=0.875 Z=0.000
[2025.09.01-20.24.23:894][128]LogPhysics: Warning: Scale for /Engine/Transient.World_4:PersistentLevel.Cylinder_Blueprint_C_0.Cube has a component set to zero, which will result in a bad body instance. Scale:X=2.000 Y=0.875 Z=0.000
[2025.09.01-20.24.23:895][128]LogPhysics: Warning: Scale for /Engine/Transient.World_4:PersistentLevel.Cylinder_Blueprint_C_0.Cube has a component set to zero, which will result in a bad body instance. Scale:X=2.000 Y=0.875 Z=0.000
[2025.09.01-20.24.23:895][128]LogPhysics: Warning: Scale for /Engine/Transient.World_4:PersistentLevel.Cylinder_Blueprint_C_0.Cube has a component set to zero, which will result in a bad body instance. Scale:X=2.000 Y=0.875 Z=0.000
[2025.09.01-20.24.23:903][129]LogPhysics: Warning: Scale for /Engine/Transient.World_4:PersistentLevel.Cylinder_Blueprint_C_0.Cube has a component set to zero, which will result in a bad body instance. Scale:X=2.000 Y=0.875 Z=0.000
[2025.09.01-20.24.23:904][129]LogPhysics: Warning: Scale for /Engine/Transient.World_4:PersistentLevel.Cylinder_Blueprint_C_0.Cube has a component set to zero, which will result in a bad body instance. Scale:X=2.000 Y=0.875 Z=0.000
[2025.09.01-20.24.23:904][129]LogPhysics: Warning: Scale for /Engine/Transient.World_4:PersistentLevel.Cylinder_Blueprint_C_0.Cube has a component set to zero, which will result in a bad body instance. Scale:X=2.000 Y=0.875 Z=0.000
[2025.09.01-20.24.23:912][130]LogPhysics: Warning: Scale for /Engine/Transient.World_4:PersistentLevel.Cylinder_Blueprint_C_0.Cube has a component set to zero, which will result in a bad body instance. Scale:X=2.000 Y=0.875 Z=0.000
[2025.09.01-20.24.23:913][130]LogPhysics: Warning: Scale for /Engine/Transient.World_4:PersistentLevel.Cylinder_Blueprint_C_0.Cube has a component set to zero, which will result in a bad body instance. Scale:X=2.000 Y=0.875 Z=0.000
[2025.09.01-20.24.23:913][130]LogPhysics: Warning: Scale for /Engine/Transient.World_4:PersistentLevel.Cylinder_Blueprint_C_0.Cube has a component set to zero, which will result in a bad body instance. Scale:X=2.000 Y=0.875 Z=0.000
[2025.09.01-20.24.23:922][131]LogPhysics: Warning: Scale for /Engine/Transient.World_4:PersistentLevel.Cylinder_Blueprint_C_0.Cube has a component set to zero, which will result in a bad body instance. Scale:X=2.000 Y=0.875 Z=0.000
[2025.09.01-20.24.23:922][131]LogPhysics: Warning: Scale for /Engine/Transient.World_4:PersistentLevel.Cylinder_Blueprint_C_0.Cube has a component set to zero, which will result in a bad body instance. Scale:X=2.000 Y=0.875 Z=0.000
[2025.09.01-20.24.23:922][131]LogPhysics: Warning: Scale for /Engine/Transient.World_4:PersistentLevel.Cylinder_Blueprint_C_0.Cube has a component set to zero, which will result in a bad body instance. Scale:X=2.000 Y=0.875 Z=0.000
[2025.09.01-20.24.23:931][132]LogPhysics: Warning: Scale for /Engine/Transient.World_4:PersistentLevel.Cylinder_Blueprint_C_0.Cube has a component set to zero, which will result in a bad body instance. Scale:X=2.000 Y=0.875 Z=0.000
[2025.09.01-20.24.23:931][132]LogPhysics: Warning: Scale for /Engine/Transient.World_4:PersistentLevel.Cylinder_Blueprint_C_0.Cube has a component set to zero, which will result in a bad body instance. Scale:X=2.000 Y=0.875 Z=0.000
[2025.09.01-20.24.23:931][132]LogPhysics: Warning: Scale for /Engine/Transient.World_4:PersistentLevel.Cylinder_Blueprint_C_0.Cube has a component set to zero, which will result in a bad body instance. Scale:X=2.000 Y=0.875 Z=0.000
[2025.09.01-20.24.23:940][133]LogPhysics: Warning: Scale for /Engine/Transient.World_4:PersistentLevel.Cylinder_Blueprint_C_0.Cube has a component set to zero, which will result in a bad body instance. Scale:X=2.000 Y=0.875 Z=0.000
[2025.09.01-20.24.23:940][133]LogPhysics: Warning: Scale for /Engine/Transient.World_4:PersistentLevel.Cylinder_Blueprint_C_0.Cube has a component set to zero, which will result in a bad body instance. Scale:X=2.000 Y=0.875 Z=0.000
[2025.09.01-20.24.23:940][133]LogPhysics: Warning: Scale for /Engine/Transient.World_4:PersistentLevel.Cylinder_Blueprint_C_0.Cube has a component set to zero, which will result in a bad body instance. Scale:X=2.000 Y=0.875 Z=0.000
[2025.09.01-20.24.23:949][134]LogPhysics: Warning: Scale for /Engine/Transient.World_4:PersistentLevel.Cylinder_Blueprint_C_0.Cube has a component set to zero, which will result in a bad body instance. Scale:X=2.000 Y=0.875 Z=0.000
[2025.09.01-20.24.23:949][134]LogPhysics: Warning: Scale for /Engine/Transient.World_4:PersistentLevel.Cylinder_Blueprint_C_0.Cube has a component set to zero, which will result in a bad body instance. Scale:X=2.000 Y=0.875 Z=0.000
[2025.09.01-20.24.23:949][134]LogPhysics: Warning: Scale for /Engine/Transient.World_4:PersistentLevel.Cylinder_Blueprint_C_0.Cube has a component set to zero, which will result in a bad body instance. Scale:X=2.000 Y=0.875 Z=0.000
[2025.09.01-20.24.23:958][135]LogPhysics: Warning: Scale for /Engine/Transient.World_4:PersistentLevel.Cylinder_Blueprint_C_0.Cube has a component set to zero, which will result in a bad body instance. Scale:X=2.000 Y=0.875 Z=0.000
[2025.09.01-20.24.23:958][135]LogPhysics: Warning: Scale for /Engine/Transient.World_4:PersistentLevel.Cylinder_Blueprint_C_0.Cube has a component set to zero, which will result in a bad body instance. Scale:X=2.000 Y=0.875 Z=0.000
[2025.09.01-20.24.23:958][135]LogPhysics: Warning: Scale for /Engine/Transient.World_4:PersistentLevel.Cylinder_Blueprint_C_0.Cube has a component set to zero, which will result in a bad body instance. Scale:X=2.000 Y=0.875 Z=0.000
[2025.09.01-20.24.23:967][136]LogPhysics: Warning: Scale for /Engine/Transient.World_4:PersistentLevel.Cylinder_Blueprint_C_0.Cube has a component set to zero, which will result in a bad body instance. Scale:X=2.000 Y=0.875 Z=0.000
[2025.09.01-20.24.23:967][136]LogPhysics: Warning: Scale for /Engine/Transient.World_4:PersistentLevel.Cylinder_Blueprint_C_0.Cube has a component set to zero, which will result in a bad body instance. Scale:X=2.000 Y=0.875 Z=0.000
[2025.09.01-20.24.23:967][136]LogPhysics: Warning: Scale for /Engine/Transient.World_4:PersistentLevel.Cylinder_Blueprint_C_0.Cube has a component set to zero, which will result in a bad body instance. Scale:X=2.000 Y=0.875 Z=0.000
[2025.09.01-20.24.23:976][137]LogPhysics: Warning: Scale for /Engine/Transient.World_4:PersistentLevel.Cylinder_Blueprint_C_0.Cube has a component set to zero, which will result in a bad body instance. Scale:X=2.000 Y=0.875 Z=0.000
[2025.09.01-20.24.23:976][137]LogPhysics: Warning: Scale for /Engine/Transient.World_4:PersistentLevel.Cylinder_Blueprint_C_0.Cube has a component set to zero, which will result in a bad body instance. Scale:X=2.000 Y=0.875 Z=0.000
[2025.09.01-20.24.23:976][137]LogPhysics: Warning: Scale for /Engine/Transient.World_4:PersistentLevel.Cylinder_Blueprint_C_0.Cube has a component set to zero, which will result in a bad body instance. Scale:X=2.000 Y=0.875 Z=0.000
[2025.09.01-20.24.23:985][138]LogPhysics: Warning: Scale for /Engine/Transient.World_4:PersistentLevel.Cylinder_Blueprint_C_0.Cube has a component set to zero, which will result in a bad body instance. Scale:X=2.000 Y=0.875 Z=0.000
[2025.09.01-20.24.23:985][138]LogPhysics: Warning: Scale for /Engine/Transient.World_4:PersistentLevel.Cylinder_Blueprint_C_0.Cube has a component set to zero, which will result in a bad body instance. Scale:X=2.000 Y=0.875 Z=0.000
[2025.09.01-20.24.23:985][138]LogPhysics: Warning: Scale for /Engine/Transient.World_4:PersistentLevel.Cylinder_Blueprint_C_0.Cube has a component set to zero, which will result in a bad body instance. Scale:X=2.000 Y=0.875 Z=0.000
[2025.09.01-20.24.23:994][139]LogPhysics: Warning: Scale for /Engine/Transient.World_4:PersistentLevel.Cylinder_Blueprint_C_0.Cube has a component set to zero, which will result in a bad body instance. Scale:X=2.000 Y=0.875 Z=0.000
[2025.09.01-20.24.23:994][139]LogPhysics: Warning: Scale for /Engine/Transient.World_4:PersistentLevel.Cylinder_Blueprint_C_0.Cube has a component set to zero, which will result in a bad body instance. Scale:X=2.000 Y=0.875 Z=0.000
[2025.09.01-20.24.23:994][139]LogPhysics: Warning: Scale for /Engine/Transient.World_4:PersistentLevel.Cylinder_Blueprint_C_0.Cube has a component set to zero, which will result in a bad body instance. Scale:X=2.000 Y=0.875 Z=0.000
[2025.09.01-20.24.24:003][140]LogPhysics: Warning: Scale for /Engine/Transient.World_4:PersistentLevel.Cylinder_Blueprint_C_0.Cube has a component set to zero, which will result in a bad body instance. Scale:X=2.000 Y=0.875 Z=0.000
[2025.09.01-20.24.24:003][140]LogPhysics: Warning: Scale for /Engine/Transient.World_4:PersistentLevel.Cylinder_Blueprint_C_0.Cube has a component set to zero, which will result in a bad body instance. Scale:X=2.000 Y=0.875 Z=0.000
[2025.09.01-20.24.24:003][140]LogPhysics: Warning: Scale for /Engine/Transient.World_4:PersistentLevel.Cylinder_Blueprint_C_0.Cube has a component set to zero, which will result in a bad body instance. Scale:X=2.000 Y=0.875 Z=0.000
[2025.09.01-20.24.24:012][141]LogPhysics: Warning: Scale for /Engine/Transient.World_4:PersistentLevel.Cylinder_Blueprint_C_0.Cube has a component set to zero, which will result in a bad body instance. Scale:X=2.000 Y=0.875 Z=0.000
[2025.09.01-20.24.24:012][141]LogPhysics: Warning: Scale for /Engine/Transient.World_4:PersistentLevel.Cylinder_Blueprint_C_0.Cube has a component set to zero, which will result in a bad body instance. Scale:X=2.000 Y=0.875 Z=0.000
[2025.09.01-20.24.24:012][141]LogPhysics: Warning: Scale for /Engine/Transient.World_4:PersistentLevel.Cylinder_Blueprint_C_0.Cube has a component set to zero, which will result in a bad body instance. Scale:X=2.000 Y=0.875 Z=0.000
[2025.09.01-20.24.24:021][142]LogPhysics: Warning: Scale for /Engine/Transient.World_4:PersistentLevel.Cylinder_Blueprint_C_0.Cube has a component set to zero, which will result in a bad body instance. Scale:X=2.000 Y=0.875 Z=0.000
[2025.09.01-20.24.24:021][142]LogPhysics: Warning: Scale for /Engine/Transient.World_4:PersistentLevel.Cylinder_Blueprint_C_0.Cube has a component set to zero, which will result in a bad body instance. Scale:X=2.000 Y=0.875 Z=0.000
[2025.09.01-20.24.24:021][142]LogPhysics: Warning: Scale for /Engine/Transient.World_4:PersistentLevel.Cylinder_Blueprint_C_0.Cube has a component set to zero, which will result in a bad body instance. Scale:X=2.000 Y=0.875 Z=0.000
[2025.09.01-20.24.24:030][143]LogPhysics: Warning: Scale for /Engine/Transient.World_4:PersistentLevel.Cylinder_Blueprint_C_0.Cube has a component set to zero, which will result in a bad body instance. Scale:X=2.000 Y=0.875 Z=0.000
[2025.09.01-20.24.24:030][143]LogPhysics: Warning: Scale for /Engine/Transient.World_4:PersistentLevel.Cylinder_Blueprint_C_0.Cube has a component set to zero, which will result in a bad body instance. Scale:X=2.000 Y=0.875 Z=0.000
[2025.09.01-20.24.24:030][143]LogPhysics: Warning: Scale for /Engine/Transient.World_4:PersistentLevel.Cylinder_Blueprint_C_0.Cube has a component set to zero, which will result in a bad body instance. Scale:X=2.000 Y=0.875 Z=0.000
[2025.09.01-20.24.24:039][144]LogPhysics: Warning: Scale for /Engine/Transient.World_4:PersistentLevel.Cylinder_Blueprint_C_0.Cube has a component set to zero, which will result in a bad body instance. Scale:X=2.000 Y=0.875 Z=0.000
[2025.09.01-20.24.24:040][144]LogPhysics: Warning: Scale for /Engine/Transient.World_4:PersistentLevel.Cylinder_Blueprint_C_0.Cube has a component set to zero, which will result in a bad body instance. Scale:X=2.000 Y=0.875 Z=0.000
[2025.09.01-20.24.24:040][144]LogPhysics: Warning: Scale for /Engine/Transient.World_4:PersistentLevel.Cylinder_Blueprint_C_0.Cube has a component set to zero, which will result in a bad body instance. Scale:X=2.000 Y=0.875 Z=0.000
[2025.09.01-20.24.24:048][145]LogPhysics: Warning: Scale for /Engine/Transient.World_4:PersistentLevel.Cylinder_Blueprint_C_0.Cube has a component set to zero, which will result in a bad body instance. Scale:X=2.000 Y=0.875 Z=0.000
[2025.09.01-20.24.24:049][145]LogPhysics: Warning: Scale for /Engine/Transient.World_4:PersistentLevel.Cylinder_Blueprint_C_0.Cube has a component set to zero, which will result in a bad body instance. Scale:X=2.000 Y=0.875 Z=0.000
[2025.09.01-20.24.24:049][145]LogPhysics: Warning: Scale for /Engine/Transient.World_4:PersistentLevel.Cylinder_Blueprint_C_0.Cube has a component set to zero, which will result in a bad body instance. Scale:X=2.000 Y=0.875 Z=0.000
[2025.09.01-20.24.24:058][146]LogPhysics: Warning: Scale for /Engine/Transient.World_4:PersistentLevel.Cylinder_Blueprint_C_0.Cube has a component set to zero, which will result in a bad body instance. Scale:X=2.000 Y=0.875 Z=0.000
[2025.09.01-20.24.24:058][146]LogPhysics: Warning: Scale for /Engine/Transient.World_4:PersistentLevel.Cylinder_Blueprint_C_0.Cube has a component set to zero, which will result in a bad body instance. Scale:X=2.000 Y=0.875 Z=0.000
[2025.09.01-20.24.24:058][146]LogPhysics: Warning: Scale for /Engine/Transient.World_4:PersistentLevel.Cylinder_Blueprint_C_0.Cube has a component set to zero, which will result in a bad body instance. Scale:X=2.000 Y=0.875 Z=0.000
[2025.09.01-20.24.24:067][147]LogPhysics: Warning: Scale for /Engine/Transient.World_4:PersistentLevel.Cylinder_Blueprint_C_0.Cube has a component set to zero, which will result in a bad body instance. Scale:X=2.000 Y=0.875 Z=0.000
[2025.09.01-20.24.24:067][147]LogPhysics: Warning: Scale for /Engine/Transient.World_4:PersistentLevel.Cylinder_Blueprint_C_0.Cube has a component set to zero, which will result in a bad body instance. Scale:X=2.000 Y=0.875 Z=0.000
[2025.09.01-20.24.24:067][147]LogPhysics: Warning: Scale for /Engine/Transient.World_4:PersistentLevel.Cylinder_Blueprint_C_0.Cube has a component set to zero, which will result in a bad body instance. Scale:X=2.000 Y=0.875 Z=0.000
[2025.09.01-20.24.24:076][148]LogPhysics: Warning: Scale for /Engine/Transient.World_4:PersistentLevel.Cylinder_Blueprint_C_0.Cube has a component set to zero, which will result in a bad body instance. Scale:X=2.000 Y=0.875 Z=0.000
[2025.09.01-20.24.24:076][148]LogPhysics: Warning: Scale for /Engine/Transient.World_4:PersistentLevel.Cylinder_Blueprint_C_0.Cube has a component set to zero, which will result in a bad body instance. Scale:X=2.000 Y=0.875 Z=0.000
[2025.09.01-20.24.24:076][148]LogPhysics: Warning: Scale for /Engine/Transient.World_4:PersistentLevel.Cylinder_Blueprint_C_0.Cube has a component set to zero, which will result in a bad body instance. Scale:X=2.000 Y=0.875 Z=0.000
[2025.09.01-20.24.24:085][149]LogPhysics: Warning: Scale for /Engine/Transient.World_4:PersistentLevel.Cylinder_Blueprint_C_0.Cube has a component set to zero, which will result in a bad body instance. Scale:X=2.000 Y=0.875 Z=0.000
[2025.09.01-20.24.24:085][149]LogPhysics: Warning: Scale for /Engine/Transient.World_4:PersistentLevel.Cylinder_Blueprint_C_0.Cube has a component set to zero, which will result in a bad body instance. Scale:X=2.000 Y=0.875 Z=0.000
[2025.09.01-20.24.24:841][233]LogPhysics: Warning: Scale for /Engine/Transient.World_4:PersistentLevel.Cylinder_Blueprint_C_0.Cube has a component set to zero, which will result in a bad body instance. Scale:X=2.000 Y=0.875 Z=0.000
[2025.09.01-20.24.24:842][233]LogPhysics: Warning: Scale for /Game/Cenas/Leonardo.Leonardo:PersistentLevel.Cylinder_Blueprint.Cube has a component set to zero, which will result in a bad body instance. Scale:X=2.000 Y=0.875 Z=0.000
[2025.09.01-20.24.24:842][233]LogPhysics: Warning: Scale for /Engine/Transient.World_4:PersistentLevel.Cylinder_Blueprint_C_0.Cube has a component set to zero, which will result in a bad body instance. Scale:X=2.000 Y=0.875 Z=0.000
[2025.09.01-20.24.24:851][234]LogPhysics: Warning: Scale for /Engine/Transient.World_4:PersistentLevel.Cylinder_Blueprint_C_0.Cube has a component set to zero, which will result in a bad body instance. Scale:X=2.000 Y=0.875 Z=0.000
[2025.09.01-20.24.24:851][234]LogPhysics: Warning: Scale for /Engine/Transient.World_4:PersistentLevel.Cylinder_Blueprint_C_0.Cube has a component set to zero, which will result in a bad body instance. Scale:X=2.000 Y=0.875 Z=0.000
[2025.09.01-20.24.24:851][234]LogPhysics: Warning: Scale for /Engine/Transient.World_4:PersistentLevel.Cylinder_Blueprint_C_0.Cube has a component set to zero, which will result in a bad body instance. Scale:X=2.000 Y=0.875 Z=0.000
[2025.09.01-20.24.24:860][235]LogPhysics: Warning: Scale for /Engine/Transient.World_4:PersistentLevel.Cylinder_Blueprint_C_0.Cube has a component set to zero, which will result in a bad body instance. Scale:X=2.000 Y=0.875 Z=0.000
[2025.09.01-20.24.24:860][235]LogPhysics: Warning: Scale for /Engine/Transient.World_4:PersistentLevel.Cylinder_Blueprint_C_0.Cube has a component set to zero, which will result in a bad body instance. Scale:X=2.000 Y=0.875 Z=0.000
[2025.09.01-20.24.24:860][235]LogPhysics: Warning: Scale for /Engine/Transient.World_4:PersistentLevel.Cylinder_Blueprint_C_0.Cube has a component set to zero, which will result in a bad body instance. Scale:X=2.000 Y=0.875 Z=0.000
[2025.09.01-20.24.24:869][236]LogPhysics: Warning: Scale for /Engine/Transient.World_4:PersistentLevel.Cylinder_Blueprint_C_0.Cube has a component set to zero, which will result in a bad body instance. Scale:X=2.000 Y=0.875 Z=0.000
[2025.09.01-20.24.24:869][236]LogPhysics: Warning: Scale for /Engine/Transient.World_4:PersistentLevel.Cylinder_Blueprint_C_0.Cube has a component set to zero, which will result in a bad body instance. Scale:X=2.000 Y=0.875 Z=0.000
[2025.09.01-20.24.24:869][236]LogPhysics: Warning: Scale for /Engine/Transient.World_4:PersistentLevel.Cylinder_Blueprint_C_0.Cube has a component set to zero, which will result in a bad body instance. Scale:X=2.000 Y=0.875 Z=0.000
[2025.09.01-20.24.24:878][237]LogPhysics: Warning: Scale for /Engine/Transient.World_4:PersistentLevel.Cylinder_Blueprint_C_0.Cube has a component set to zero, which will result in a bad body instance. Scale:X=2.000 Y=0.875 Z=0.000
[2025.09.01-20.24.24:878][237]LogPhysics: Warning: Scale for /Engine/Transient.World_4:PersistentLevel.Cylinder_Blueprint_C_0.Cube has a component set to zero, which will result in a bad body instance. Scale:X=2.000 Y=0.875 Z=0.000
[2025.09.01-20.24.24:878][237]LogPhysics: Warning: Scale for /Engine/Transient.World_4:PersistentLevel.Cylinder_Blueprint_C_0.Cube has a component set to zero, which will result in a bad body instance. Scale:X=2.000 Y=0.875 Z=0.000
[2025.09.01-20.24.24:887][238]LogPhysics: Warning: Scale for /Engine/Transient.World_4:PersistentLevel.Cylinder_Blueprint_C_0.Cube has a component set to zero, which will result in a bad body instance. Scale:X=2.000 Y=0.875 Z=0.000
[2025.09.01-20.24.24:887][238]LogPhysics: Warning: Scale for /Engine/Transient.World_4:PersistentLevel.Cylinder_Blueprint_C_0.Cube has a component set to zero, which will result in a bad body instance. Scale:X=2.000 Y=0.875 Z=0.000
[2025.09.01-20.24.24:887][238]LogPhysics: Warning: Scale for /Engine/Transient.World_4:PersistentLevel.Cylinder_Blueprint_C_0.Cube has a component set to zero, which will result in a bad body instance. Scale:X=2.000 Y=0.875 Z=0.000
[2025.09.01-20.24.24:896][239]LogPhysics: Warning: Scale for /Engine/Transient.World_4:PersistentLevel.Cylinder_Blueprint_C_0.Cube has a component set to zero, which will result in a bad body instance. Scale:X=2.000 Y=0.875 Z=0.000
[2025.09.01-20.24.24:896][239]LogPhysics: Warning: Scale for /Engine/Transient.World_4:PersistentLevel.Cylinder_Blueprint_C_0.Cube has a component set to zero, which will result in a bad body instance. Scale:X=2.000 Y=0.875 Z=0.000
[2025.09.01-20.24.24:896][239]LogPhysics: Warning: Scale for /Engine/Transient.World_4:PersistentLevel.Cylinder_Blueprint_C_0.Cube has a component set to zero, which will result in a bad body instance. Scale:X=2.000 Y=0.875 Z=0.000
[2025.09.01-20.24.24:905][240]LogPhysics: Warning: Scale for /Engine/Transient.World_4:PersistentLevel.Cylinder_Blueprint_C_0.Cube has a component set to zero, which will result in a bad body instance. Scale:X=2.000 Y=0.875 Z=0.000
[2025.09.01-20.24.24:906][240]LogPhysics: Warning: Scale for /Engine/Transient.World_4:PersistentLevel.Cylinder_Blueprint_C_0.Cube has a component set to zero, which will result in a bad body instance. Scale:X=2.000 Y=0.875 Z=0.000
[2025.09.01-20.24.24:906][240]LogPhysics: Warning: Scale for /Engine/Transient.World_4:PersistentLevel.Cylinder_Blueprint_C_0.Cube has a component set to zero, which will result in a bad body instance. Scale:X=2.000 Y=0.875 Z=0.000
[2025.09.01-20.24.24:914][241]LogPhysics: Warning: Scale for /Engine/Transient.World_4:PersistentLevel.Cylinder_Blueprint_C_0.Cube has a component set to zero, which will result in a bad body instance. Scale:X=2.000 Y=0.875 Z=0.000
[2025.09.01-20.24.24:914][241]LogPhysics: Warning: Scale for /Engine/Transient.World_4:PersistentLevel.Cylinder_Blueprint_C_0.Cube has a component set to zero, which will result in a bad body instance. Scale:X=2.000 Y=0.875 Z=0.000
[2025.09.01-20.24.24:915][241]LogPhysics: Warning: Scale for /Engine/Transient.World_4:PersistentLevel.Cylinder_Blueprint_C_0.Cube has a component set to zero, which will result in a bad body instance. Scale:X=2.000 Y=0.875 Z=0.000
[2025.09.01-20.24.24:923][242]LogPhysics: Warning: Scale for /Engine/Transient.World_4:PersistentLevel.Cylinder_Blueprint_C_0.Cube has a component set to zero, which will result in a bad body instance. Scale:X=2.000 Y=0.875 Z=0.000
[2025.09.01-20.24.24:924][242]LogPhysics: Warning: Scale for /Engine/Transient.World_4:PersistentLevel.Cylinder_Blueprint_C_0.Cube has a component set to zero, which will result in a bad body instance. Scale:X=2.000 Y=0.875 Z=0.000
[2025.09.01-20.24.24:924][242]LogPhysics: Warning: Scale for /Engine/Transient.World_4:PersistentLevel.Cylinder_Blueprint_C_0.Cube has a component set to zero, which will result in a bad body instance. Scale:X=2.000 Y=0.875 Z=0.000
[2025.09.01-20.24.24:933][243]LogPhysics: Warning: Scale for /Engine/Transient.World_4:PersistentLevel.Cylinder_Blueprint_C_0.Cube has a component set to zero, which will result in a bad body instance. Scale:X=2.000 Y=0.875 Z=0.000
[2025.09.01-20.24.24:933][243]LogPhysics: Warning: Scale for /Engine/Transient.World_4:PersistentLevel.Cylinder_Blueprint_C_0.Cube has a component set to zero, which will result in a bad body instance. Scale:X=2.000 Y=0.875 Z=0.000
[2025.09.01-20.24.24:933][243]LogPhysics: Warning: Scale for /Engine/Transient.World_4:PersistentLevel.Cylinder_Blueprint_C_0.Cube has a component set to zero, which will result in a bad body instance. Scale:X=2.000 Y=0.875 Z=0.000
[2025.09.01-20.24.24:942][244]LogPhysics: Warning: Scale for /Engine/Transient.World_4:PersistentLevel.Cylinder_Blueprint_C_0.Cube has a component set to zero, which will result in a bad body instance. Scale:X=2.000 Y=0.875 Z=0.000
[2025.09.01-20.24.24:942][244]LogPhysics: Warning: Scale for /Engine/Transient.World_4:PersistentLevel.Cylinder_Blueprint_C_0.Cube has a component set to zero, which will result in a bad body instance. Scale:X=2.000 Y=0.875 Z=0.000
[2025.09.01-20.24.24:942][244]LogPhysics: Warning: Scale for /Engine/Transient.World_4:PersistentLevel.Cylinder_Blueprint_C_0.Cube has a component set to zero, which will result in a bad body instance. Scale:X=2.000 Y=0.875 Z=0.000
[2025.09.01-20.24.24:951][245]LogPhysics: Warning: Scale for /Engine/Transient.World_4:PersistentLevel.Cylinder_Blueprint_C_0.Cube has a component set to zero, which will result in a bad body instance. Scale:X=2.000 Y=0.875 Z=0.000
[2025.09.01-20.24.24:951][245]LogPhysics: Warning: Scale for /Engine/Transient.World_4:PersistentLevel.Cylinder_Blueprint_C_0.Cube has a component set to zero, which will result in a bad body instance. Scale:X=2.000 Y=0.875 Z=0.000
[2025.09.01-20.24.24:951][245]LogPhysics: Warning: Scale for /Engine/Transient.World_4:PersistentLevel.Cylinder_Blueprint_C_0.Cube has a component set to zero, which will result in a bad body instance. Scale:X=2.000 Y=0.875 Z=0.000
[2025.09.01-20.24.24:959][246]LogPhysics: Warning: Scale for /Engine/Transient.World_4:PersistentLevel.Cylinder_Blueprint_C_0.Cube has a component set to zero, which will result in a bad body instance. Scale:X=2.000 Y=0.875 Z=0.000
[2025.09.01-20.24.24:959][246]LogPhysics: Warning: Scale for /Engine/Transient.World_4:PersistentLevel.Cylinder_Blueprint_C_0.Cube has a component set to zero, which will result in a bad body instance. Scale:X=2.000 Y=0.875 Z=0.000
[2025.09.01-20.24.24:959][246]LogPhysics: Warning: Scale for /Engine/Transient.World_4:PersistentLevel.Cylinder_Blueprint_C_0.Cube has a component set to zero, which will result in a bad body instance. Scale:X=2.000 Y=0.875 Z=0.000
[2025.09.01-20.24.24:968][247]LogPhysics: Warning: Scale for /Engine/Transient.World_4:PersistentLevel.Cylinder_Blueprint_C_0.Cube has a component set to zero, which will result in a bad body instance. Scale:X=2.000 Y=0.875 Z=0.000
[2025.09.01-20.24.24:968][247]LogPhysics: Warning: Scale for /Engine/Transient.World_4:PersistentLevel.Cylinder_Blueprint_C_0.Cube has a component set to zero, which will result in a bad body instance. Scale:X=2.000 Y=0.875 Z=0.000
[2025.09.01-20.24.24:968][247]LogPhysics: Warning: Scale for /Engine/Transient.World_4:PersistentLevel.Cylinder_Blueprint_C_0.Cube has a component set to zero, which will result in a bad body instance. Scale:X=2.000 Y=0.875 Z=0.000
[2025.09.01-20.24.24:977][248]LogPhysics: Warning: Scale for /Engine/Transient.World_4:PersistentLevel.Cylinder_Blueprint_C_0.Cube has a component set to zero, which will result in a bad body instance. Scale:X=2.000 Y=0.875 Z=0.000
[2025.09.01-20.24.24:977][248]LogPhysics: Warning: Scale for /Engine/Transient.World_4:PersistentLevel.Cylinder_Blueprint_C_0.Cube has a component set to zero, which will result in a bad body instance. Scale:X=2.000 Y=0.875 Z=0.000
[2025.09.01-20.24.24:977][248]LogPhysics: Warning: Scale for /Engine/Transient.World_4:PersistentLevel.Cylinder_Blueprint_C_0.Cube has a component set to zero, which will result in a bad body instance. Scale:X=2.000 Y=0.875 Z=0.000
[2025.09.01-20.24.24:986][249]LogPhysics: Warning: Scale for /Engine/Transient.World_4:PersistentLevel.Cylinder_Blueprint_C_0.Cube has a component set to zero, which will result in a bad body instance. Scale:X=2.000 Y=0.875 Z=0.000
[2025.09.01-20.24.24:986][249]LogPhysics: Warning: Scale for /Engine/Transient.World_4:PersistentLevel.Cylinder_Blueprint_C_0.Cube has a component set to zero, which will result in a bad body instance. Scale:X=2.000 Y=0.875 Z=0.000
[2025.09.01-20.24.24:986][249]LogPhysics: Warning: Scale for /Engine/Transient.World_4:PersistentLevel.Cylinder_Blueprint_C_0.Cube has a component set to zero, which will result in a bad body instance. Scale:X=2.000 Y=0.875 Z=0.000
[2025.09.01-20.24.24:995][250]LogPhysics: Warning: Scale for /Engine/Transient.World_4:PersistentLevel.Cylinder_Blueprint_C_0.Cube has a component set to zero, which will result in a bad body instance. Scale:X=2.000 Y=0.875 Z=0.000
[2025.09.01-20.24.24:995][250]LogPhysics: Warning: Scale for /Engine/Transient.World_4:PersistentLevel.Cylinder_Blueprint_C_0.Cube has a component set to zero, which will result in a bad body instance. Scale:X=2.000 Y=0.875 Z=0.000
[2025.09.01-20.24.24:995][250]LogPhysics: Warning: Scale for /Engine/Transient.World_4:PersistentLevel.Cylinder_Blueprint_C_0.Cube has a component set to zero, which will result in a bad body instance. Scale:X=2.000 Y=0.875 Z=0.000
[2025.09.01-20.24.25:004][251]LogPhysics: Warning: Scale for /Engine/Transient.World_4:PersistentLevel.Cylinder_Blueprint_C_0.Cube has a component set to zero, which will result in a bad body instance. Scale:X=2.000 Y=0.875 Z=0.000
[2025.09.01-20.24.25:004][251]LogPhysics: Warning: Scale for /Engine/Transient.World_4:PersistentLevel.Cylinder_Blueprint_C_0.Cube has a component set to zero, which will result in a bad body instance. Scale:X=2.000 Y=0.875 Z=0.000
[2025.09.01-20.24.25:004][251]LogPhysics: Warning: Scale for /Engine/Transient.World_4:PersistentLevel.Cylinder_Blueprint_C_0.Cube has a component set to zero, which will result in a bad body instance. Scale:X=2.000 Y=0.875 Z=0.000
[2025.09.01-20.24.25:013][252]LogPhysics: Warning: Scale for /Engine/Transient.World_4:PersistentLevel.Cylinder_Blueprint_C_0.Cube has a component set to zero, which will result in a bad body instance. Scale:X=2.000 Y=0.875 Z=0.000
[2025.09.01-20.24.25:013][252]LogPhysics: Warning: Scale for /Engine/Transient.World_4:PersistentLevel.Cylinder_Blueprint_C_0.Cube has a component set to zero, which will result in a bad body instance. Scale:X=2.000 Y=0.875 Z=0.000
[2025.09.01-20.24.25:013][252]LogPhysics: Warning: Scale for /Engine/Transient.World_4:PersistentLevel.Cylinder_Blueprint_C_0.Cube has a component set to zero, which will result in a bad body instance. Scale:X=2.000 Y=0.875 Z=0.000
[2025.09.01-20.24.25:022][253]LogPhysics: Warning: Scale for /Engine/Transient.World_4:PersistentLevel.Cylinder_Blueprint_C_0.Cube has a component set to zero, which will result in a bad body instance. Scale:X=2.000 Y=0.875 Z=0.000
[2025.09.01-20.24.25:022][253]LogPhysics: Warning: Scale for /Engine/Transient.World_4:PersistentLevel.Cylinder_Blueprint_C_0.Cube has a component set to zero, which will result in a bad body instance. Scale:X=2.000 Y=0.875 Z=0.000
[2025.09.01-20.24.25:022][253]LogPhysics: Warning: Scale for /Engine/Transient.World_4:PersistentLevel.Cylinder_Blueprint_C_0.Cube has a component set to zero, which will result in a bad body instance. Scale:X=2.000 Y=0.875 Z=0.000
[2025.09.01-20.24.25:031][254]LogPhysics: Warning: Scale for /Engine/Transient.World_4:PersistentLevel.Cylinder_Blueprint_C_0.Cube has a component set to zero, which will result in a bad body instance. Scale:X=2.000 Y=0.875 Z=0.000
[2025.09.01-20.24.25:031][254]LogPhysics: Warning: Scale for /Engine/Transient.World_4:PersistentLevel.Cylinder_Blueprint_C_0.Cube has a component set to zero, which will result in a bad body instance. Scale:X=2.000 Y=0.875 Z=0.000
[2025.09.01-20.24.25:031][254]LogPhysics: Warning: Scale for /Engine/Transient.World_4:PersistentLevel.Cylinder_Blueprint_C_0.Cube has a component set to zero, which will result in a bad body instance. Scale:X=2.000 Y=0.875 Z=0.000
[2025.09.01-20.24.25:040][255]LogPhysics: Warning: Scale for /Engine/Transient.World_4:PersistentLevel.Cylinder_Blueprint_C_0.Cube has a component set to zero, which will result in a bad body instance. Scale:X=2.000 Y=0.875 Z=0.000
[2025.09.01-20.24.25:040][255]LogPhysics: Warning: Scale for /Engine/Transient.World_4:PersistentLevel.Cylinder_Blueprint_C_0.Cube has a component set to zero, which will result in a bad body instance. Scale:X=2.000 Y=0.875 Z=0.000
[2025.09.01-20.24.25:040][255]LogPhysics: Warning: Scale for /Engine/Transient.World_4:PersistentLevel.Cylinder_Blueprint_C_0.Cube has a component set to zero, which will result in a bad body instance. Scale:X=2.000 Y=0.875 Z=0.000
[2025.09.01-20.24.25:049][256]LogPhysics: Warning: Scale for /Engine/Transient.World_4:PersistentLevel.Cylinder_Blueprint_C_0.Cube has a component set to zero, which will result in a bad body instance. Scale:X=2.000 Y=0.875 Z=0.000
[2025.09.01-20.24.25:049][256]LogPhysics: Warning: Scale for /Engine/Transient.World_4:PersistentLevel.Cylinder_Blueprint_C_0.Cube has a component set to zero, which will result in a bad body instance. Scale:X=2.000 Y=0.875 Z=0.000
[2025.09.01-20.24.25:049][256]LogPhysics: Warning: Scale for /Engine/Transient.World_4:PersistentLevel.Cylinder_Blueprint_C_0.Cube has a component set to zero, which will result in a bad body instance. Scale:X=2.000 Y=0.875 Z=0.000
[2025.09.01-20.24.25:059][257]LogPhysics: Warning: Scale for /Engine/Transient.World_4:PersistentLevel.Cylinder_Blueprint_C_0.Cube has a component set to zero, which will result in a bad body instance. Scale:X=2.000 Y=0.875 Z=0.000
[2025.09.01-20.24.25:059][257]LogPhysics: Warning: Scale for /Engine/Transient.World_4:PersistentLevel.Cylinder_Blueprint_C_0.Cube has a component set to zero, which will result in a bad body instance. Scale:X=2.000 Y=0.875 Z=0.000
[2025.09.01-20.24.25:059][257]LogPhysics: Warning: Scale for /Engine/Transient.World_4:PersistentLevel.Cylinder_Blueprint_C_0.Cube has a component set to zero, which will result in a bad body instance. Scale:X=2.000 Y=0.875 Z=0.000
[2025.09.01-20.24.25:068][258]LogPhysics: Warning: Scale for /Engine/Transient.World_4:PersistentLevel.Cylinder_Blueprint_C_0.Cube has a component set to zero, which will result in a bad body instance. Scale:X=2.000 Y=0.875 Z=0.000
[2025.09.01-20.24.25:068][258]LogPhysics: Warning: Scale for /Engine/Transient.World_4:PersistentLevel.Cylinder_Blueprint_C_0.Cube has a component set to zero, which will result in a bad body instance. Scale:X=2.000 Y=0.875 Z=0.000
[2025.09.01-20.24.25:068][258]LogPhysics: Warning: Scale for /Engine/Transient.World_4:PersistentLevel.Cylinder_Blueprint_C_0.Cube has a component set to zero, which will result in a bad body instance. Scale:X=2.000 Y=0.875 Z=0.000
[2025.09.01-20.24.25:077][259]LogPhysics: Warning: Scale for /Engine/Transient.World_4:PersistentLevel.Cylinder_Blueprint_C_0.Cube has a component set to zero, which will result in a bad body instance. Scale:X=2.000 Y=0.875 Z=0.000
[2025.09.01-20.24.25:077][259]LogPhysics: Warning: Scale for /Engine/Transient.World_4:PersistentLevel.Cylinder_Blueprint_C_0.Cube has a component set to zero, which will result in a bad body instance. Scale:X=2.000 Y=0.875 Z=0.000
[2025.09.01-20.24.25:077][259]LogPhysics: Warning: Scale for /Engine/Transient.World_4:PersistentLevel.Cylinder_Blueprint_C_0.Cube has a component set to zero, which will result in a bad body instance. Scale:X=2.000 Y=0.875 Z=0.000
[2025.09.01-20.24.25:086][260]LogPhysics: Warning: Scale for /Engine/Transient.World_4:PersistentLevel.Cylinder_Blueprint_C_0.Cube has a component set to zero, which will result in a bad body instance. Scale:X=2.000 Y=0.875 Z=0.000
[2025.09.01-20.24.25:086][260]LogPhysics: Warning: Scale for /Engine/Transient.World_4:PersistentLevel.Cylinder_Blueprint_C_0.Cube has a component set to zero, which will result in a bad body instance. Scale:X=2.000 Y=0.875 Z=0.000
[2025.09.01-20.24.25:086][260]LogPhysics: Warning: Scale for /Engine/Transient.World_4:PersistentLevel.Cylinder_Blueprint_C_0.Cube has a component set to zero, which will result in a bad body instance. Scale:X=2.000 Y=0.875 Z=0.000
[2025.09.01-20.24.25:095][261]LogPhysics: Warning: Scale for /Engine/Transient.World_4:PersistentLevel.Cylinder_Blueprint_C_0.Cube has a component set to zero, which will result in a bad body instance. Scale:X=2.000 Y=0.875 Z=0.000
[2025.09.01-20.24.25:095][261]LogPhysics: Warning: Scale for /Engine/Transient.World_4:PersistentLevel.Cylinder_Blueprint_C_0.Cube has a component set to zero, which will result in a bad body instance. Scale:X=2.000 Y=0.875 Z=0.000
[2025.09.01-20.24.25:095][261]LogPhysics: Warning: Scale for /Engine/Transient.World_4:PersistentLevel.Cylinder_Blueprint_C_0.Cube has a component set to zero, which will result in a bad body instance. Scale:X=2.000 Y=0.875 Z=0.000
[2025.09.01-20.24.25:104][262]LogPhysics: Warning: Scale for /Engine/Transient.World_4:PersistentLevel.Cylinder_Blueprint_C_0.Cube has a component set to zero, which will result in a bad body instance. Scale:X=2.000 Y=0.875 Z=0.000
[2025.09.01-20.24.25:104][262]LogPhysics: Warning: Scale for /Engine/Transient.World_4:PersistentLevel.Cylinder_Blueprint_C_0.Cube has a component set to zero, which will result in a bad body instance. Scale:X=2.000 Y=0.875 Z=0.000
[2025.09.01-20.24.25:104][262]LogPhysics: Warning: Scale for /Engine/Transient.World_4:PersistentLevel.Cylinder_Blueprint_C_0.Cube has a component set to zero, which will result in a bad body instance. Scale:X=2.000 Y=0.875 Z=0.000
[2025.09.01-20.24.25:113][263]LogPhysics: Warning: Scale for /Engine/Transient.World_4:PersistentLevel.Cylinder_Blueprint_C_0.Cube has a component set to zero, which will result in a bad body instance. Scale:X=2.000 Y=0.875 Z=0.000
[2025.09.01-20.24.25:113][263]LogPhysics: Warning: Scale for /Engine/Transient.World_4:PersistentLevel.Cylinder_Blueprint_C_0.Cube has a component set to zero, which will result in a bad body instance. Scale:X=2.000 Y=0.875 Z=0.000
[2025.09.01-20.24.25:113][263]LogPhysics: Warning: Scale for /Engine/Transient.World_4:PersistentLevel.Cylinder_Blueprint_C_0.Cube has a component set to zero, which will result in a bad body instance. Scale:X=2.000 Y=0.875 Z=0.000
[2025.09.01-20.24.25:122][264]LogPhysics: Warning: Scale for /Engine/Transient.World_4:PersistentLevel.Cylinder_Blueprint_C_0.Cube has a component set to zero, which will result in a bad body instance. Scale:X=2.000 Y=0.875 Z=0.000
[2025.09.01-20.24.25:122][264]LogPhysics: Warning: Scale for /Engine/Transient.World_4:PersistentLevel.Cylinder_Blueprint_C_0.Cube has a component set to zero, which will result in a bad body instance. Scale:X=2.000 Y=0.875 Z=0.000
[2025.09.01-20.24.25:122][264]LogPhysics: Warning: Scale for /Engine/Transient.World_4:PersistentLevel.Cylinder_Blueprint_C_0.Cube has a component set to zero, which will result in a bad body instance. Scale:X=2.000 Y=0.875 Z=0.000
[2025.09.01-20.24.25:131][265]LogPhysics: Warning: Scale for /Engine/Transient.World_4:PersistentLevel.Cylinder_Blueprint_C_0.Cube has a component set to zero, which will result in a bad body instance. Scale:X=2.000 Y=0.875 Z=0.000
[2025.09.01-20.24.25:131][265]LogPhysics: Warning: Scale for /Engine/Transient.World_4:PersistentLevel.Cylinder_Blueprint_C_0.Cube has a component set to zero, which will result in a bad body instance. Scale:X=2.000 Y=0.875 Z=0.000
[2025.09.01-20.24.25:131][265]LogPhysics: Warning: Scale for /Engine/Transient.World_4:PersistentLevel.Cylinder_Blueprint_C_0.Cube has a component set to zero, which will result in a bad body instance. Scale:X=2.000 Y=0.875 Z=0.000
[2025.09.01-20.24.25:140][266]LogPhysics: Warning: Scale for /Engine/Transient.World_4:PersistentLevel.Cylinder_Blueprint_C_0.Cube has a component set to zero, which will result in a bad body instance. Scale:X=2.000 Y=0.875 Z=0.000
[2025.09.01-20.24.25:140][266]LogPhysics: Warning: Scale for /Engine/Transient.World_4:PersistentLevel.Cylinder_Blueprint_C_0.Cube has a component set to zero, which will result in a bad body instance. Scale:X=2.000 Y=0.875 Z=0.000
[2025.09.01-20.24.25:140][266]LogPhysics: Warning: Scale for /Engine/Transient.World_4:PersistentLevel.Cylinder_Blueprint_C_0.Cube has a component set to zero, which will result in a bad body instance. Scale:X=2.000 Y=0.875 Z=0.000
[2025.09.01-20.24.25:149][267]LogPhysics: Warning: Scale for /Engine/Transient.World_4:PersistentLevel.Cylinder_Blueprint_C_0.Cube has a component set to zero, which will result in a bad body instance. Scale:X=2.000 Y=0.875 Z=0.000
[2025.09.01-20.24.25:149][267]LogPhysics: Warning: Scale for /Engine/Transient.World_4:PersistentLevel.Cylinder_Blueprint_C_0.Cube has a component set to zero, which will result in a bad body instance. Scale:X=2.000 Y=0.875 Z=0.000
[2025.09.01-20.24.25:149][267]LogPhysics: Warning: Scale for /Engine/Transient.World_4:PersistentLevel.Cylinder_Blueprint_C_0.Cube has a component set to zero, which will result in a bad body instance. Scale:X=2.000 Y=0.875 Z=0.000
[2025.09.01-20.24.25:158][268]LogPhysics: Warning: Scale for /Engine/Transient.World_4:PersistentLevel.Cylinder_Blueprint_C_0.Cube has a component set to zero, which will result in a bad body instance. Scale:X=2.000 Y=0.875 Z=0.000
[2025.09.01-20.24.25:158][268]LogPhysics: Warning: Scale for /Engine/Transient.World_4:PersistentLevel.Cylinder_Blueprint_C_0.Cube has a component set to zero, which will result in a bad body instance. Scale:X=2.000 Y=0.875 Z=0.000
[2025.09.01-20.24.25:159][268]LogPhysics: Warning: Scale for /Engine/Transient.World_4:PersistentLevel.Cylinder_Blueprint_C_0.Cube has a component set to zero, which will result in a bad body instance. Scale:X=2.000 Y=0.875 Z=0.000
[2025.09.01-20.24.25:167][269]LogPhysics: Warning: Scale for /Engine/Transient.World_4:PersistentLevel.Cylinder_Blueprint_C_0.Cube has a component set to zero, which will result in a bad body instance. Scale:X=2.000 Y=0.875 Z=0.000
[2025.09.01-20.24.25:167][269]LogPhysics: Warning: Scale for /Engine/Transient.World_4:PersistentLevel.Cylinder_Blueprint_C_0.Cube has a component set to zero, which will result in a bad body instance. Scale:X=2.000 Y=0.875 Z=0.000
[2025.09.01-20.24.25:167][269]LogPhysics: Warning: Scale for /Engine/Transient.World_4:PersistentLevel.Cylinder_Blueprint_C_0.Cube has a component set to zero, which will result in a bad body instance. Scale:X=2.000 Y=0.875 Z=0.000
[2025.09.01-20.24.42:159][ 15]LogPhysics: Warning: Scale for /Engine/Transient.World_4:PersistentLevel.Cylinder_Blueprint_C_0.Cube has a component set to zero, which will result in a bad body instance. Scale:X=2.000 Y=0.875 Z=0.000
[2025.09.01-20.24.42:160][ 15]LogPhysics: Warning: Scale for /Game/Cenas/Leonardo.Leonardo:PersistentLevel.Cylinder_Blueprint.Cube has a component set to zero, which will result in a bad body instance. Scale:X=2.000 Y=0.875 Z=0.000
[2025.09.01-20.24.42:160][ 15]LogPhysics: Warning: Scale for /Engine/Transient.World_4:PersistentLevel.Cylinder_Blueprint_C_0.Cube has a component set to zero, which will result in a bad body instance. Scale:X=2.000 Y=0.875 Z=0.000
[2025.09.01-20.24.42:169][ 16]LogPhysics: Warning: Scale for /Engine/Transient.World_4:PersistentLevel.Cylinder_Blueprint_C_0.Cube has a component set to zero, which will result in a bad body instance. Scale:X=2.000 Y=0.875 Z=0.000
[2025.09.01-20.24.42:169][ 16]LogPhysics: Warning: Scale for /Engine/Transient.World_4:PersistentLevel.Cylinder_Blueprint_C_0.Cube has a component set to zero, which will result in a bad body instance. Scale:X=2.000 Y=0.875 Z=0.000
[2025.09.01-20.24.42:169][ 16]LogPhysics: Warning: Scale for /Engine/Transient.World_4:PersistentLevel.Cylinder_Blueprint_C_0.Cube has a component set to zero, which will result in a bad body instance. Scale:X=2.000 Y=0.875 Z=0.000
[2025.09.01-20.24.42:178][ 17]LogPhysics: Warning: Scale for /Engine/Transient.World_4:PersistentLevel.Cylinder_Blueprint_C_0.Cube has a component set to zero, which will result in a bad body instance. Scale:X=2.000 Y=0.875 Z=0.000
[2025.09.01-20.24.42:178][ 17]LogPhysics: Warning: Scale for /Engine/Transient.World_4:PersistentLevel.Cylinder_Blueprint_C_0.Cube has a component set to zero, which will result in a bad body instance. Scale:X=2.000 Y=0.875 Z=0.000
[2025.09.01-20.24.42:178][ 17]LogPhysics: Warning: Scale for /Engine/Transient.World_4:PersistentLevel.Cylinder_Blueprint_C_0.Cube has a component set to zero, which will result in a bad body instance. Scale:X=2.000 Y=0.875 Z=0.000
[2025.09.01-20.24.42:187][ 18]LogPhysics: Warning: Scale for /Engine/Transient.World_4:PersistentLevel.Cylinder_Blueprint_C_0.Cube has a component set to zero, which will result in a bad body instance. Scale:X=2.000 Y=0.875 Z=0.000
[2025.09.01-20.24.42:187][ 18]LogPhysics: Warning: Scale for /Engine/Transient.World_4:PersistentLevel.Cylinder_Blueprint_C_0.Cube has a component set to zero, which will result in a bad body instance. Scale:X=2.000 Y=0.875 Z=0.000
[2025.09.01-20.24.42:187][ 18]LogPhysics: Warning: Scale for /Engine/Transient.World_4:PersistentLevel.Cylinder_Blueprint_C_0.Cube has a component set to zero, which will result in a bad body instance. Scale:X=2.000 Y=0.875 Z=0.000
[2025.09.01-20.24.42:196][ 19]LogPhysics: Warning: Scale for /Engine/Transient.World_4:PersistentLevel.Cylinder_Blueprint_C_0.Cube has a component set to zero, which will result in a bad body instance. Scale:X=2.000 Y=0.875 Z=0.000
[2025.09.01-20.24.42:196][ 19]LogPhysics: Warning: Scale for /Engine/Transient.World_4:PersistentLevel.Cylinder_Blueprint_C_0.Cube has a component set to zero, which will result in a bad body instance. Scale:X=2.000 Y=0.875 Z=0.000
[2025.09.01-20.24.42:196][ 19]LogPhysics: Warning: Scale for /Engine/Transient.World_4:PersistentLevel.Cylinder_Blueprint_C_0.Cube has a component set to zero, which will result in a bad body instance. Scale:X=2.000 Y=0.875 Z=0.000
[2025.09.01-20.24.42:205][ 20]LogPhysics: Warning: Scale for /Engine/Transient.World_4:PersistentLevel.Cylinder_Blueprint_C_0.Cube has a component set to zero, which will result in a bad body instance. Scale:X=2.000 Y=0.875 Z=0.000
[2025.09.01-20.24.42:205][ 20]LogPhysics: Warning: Scale for /Engine/Transient.World_4:PersistentLevel.Cylinder_Blueprint_C_0.Cube has a component set to zero, which will result in a bad body instance. Scale:X=2.000 Y=0.875 Z=0.000
[2025.09.01-20.24.42:205][ 20]LogPhysics: Warning: Scale for /Engine/Transient.World_4:PersistentLevel.Cylinder_Blueprint_C_0.Cube has a component set to zero, which will result in a bad body instance. Scale:X=2.000 Y=0.875 Z=0.000
[2025.09.01-20.24.42:214][ 21]LogPhysics: Warning: Scale for /Engine/Transient.World_4:PersistentLevel.Cylinder_Blueprint_C_0.Cube has a component set to zero, which will result in a bad body instance. Scale:X=2.000 Y=0.875 Z=0.000
[2025.09.01-20.24.42:214][ 21]LogPhysics: Warning: Scale for /Engine/Transient.World_4:PersistentLevel.Cylinder_Blueprint_C_0.Cube has a component set to zero, which will result in a bad body instance. Scale:X=2.000 Y=0.875 Z=0.000
[2025.09.01-20.24.42:214][ 21]LogPhysics: Warning: Scale for /Engine/Transient.World_4:PersistentLevel.Cylinder_Blueprint_C_0.Cube has a component set to zero, which will result in a bad body instance. Scale:X=2.000 Y=0.875 Z=0.000
[2025.09.01-20.24.42:223][ 22]LogPhysics: Warning: Scale for /Engine/Transient.World_4:PersistentLevel.Cylinder_Blueprint_C_0.Cube has a component set to zero, which will result in a bad body instance. Scale:X=2.000 Y=0.875 Z=0.000
[2025.09.01-20.24.42:224][ 22]LogPhysics: Warning: Scale for /Engine/Transient.World_4:PersistentLevel.Cylinder_Blueprint_C_0.Cube has a component set to zero, which will result in a bad body instance. Scale:X=2.000 Y=0.875 Z=0.000
[2025.09.01-20.24.42:224][ 22]LogPhysics: Warning: Scale for /Engine/Transient.World_4:PersistentLevel.Cylinder_Blueprint_C_0.Cube has a component set to zero, which will result in a bad body instance. Scale:X=2.000 Y=0.875 Z=0.000
[2025.09.01-20.24.42:232][ 23]LogPhysics: Warning: Scale for /Engine/Transient.World_4:PersistentLevel.Cylinder_Blueprint_C_0.Cube has a component set to zero, which will result in a bad body instance. Scale:X=2.000 Y=0.875 Z=0.000
[2025.09.01-20.24.42:233][ 23]LogPhysics: Warning: Scale for /Engine/Transient.World_4:PersistentLevel.Cylinder_Blueprint_C_0.Cube has a component set to zero, which will result in a bad body instance. Scale:X=2.000 Y=0.875 Z=0.000
[2025.09.01-20.24.42:233][ 23]LogPhysics: Warning: Scale for /Engine/Transient.World_4:PersistentLevel.Cylinder_Blueprint_C_0.Cube has a component set to zero, which will result in a bad body instance. Scale:X=2.000 Y=0.875 Z=0.000
[2025.09.01-20.24.42:241][ 24]LogPhysics: Warning: Scale for /Engine/Transient.World_4:PersistentLevel.Cylinder_Blueprint_C_0.Cube has a component set to zero, which will result in a bad body instance. Scale:X=2.000 Y=0.875 Z=0.000
[2025.09.01-20.24.42:241][ 24]LogPhysics: Warning: Scale for /Engine/Transient.World_4:PersistentLevel.Cylinder_Blueprint_C_0.Cube has a component set to zero, which will result in a bad body instance. Scale:X=2.000 Y=0.875 Z=0.000
[2025.09.01-20.24.42:241][ 24]LogPhysics: Warning: Scale for /Engine/Transient.World_4:PersistentLevel.Cylinder_Blueprint_C_0.Cube has a component set to zero, which will result in a bad body instance. Scale:X=2.000 Y=0.875 Z=0.000
[2025.09.01-20.24.42:250][ 25]LogPhysics: Warning: Scale for /Engine/Transient.World_4:PersistentLevel.Cylinder_Blueprint_C_0.Cube has a component set to zero, which will result in a bad body instance. Scale:X=2.000 Y=0.875 Z=0.000
[2025.09.01-20.24.42:250][ 25]LogPhysics: Warning: Scale for /Engine/Transient.World_4:PersistentLevel.Cylinder_Blueprint_C_0.Cube has a component set to zero, which will result in a bad body instance. Scale:X=2.000 Y=0.875 Z=0.000
[2025.09.01-20.24.42:250][ 25]LogPhysics: Warning: Scale for /Engine/Transient.World_4:PersistentLevel.Cylinder_Blueprint_C_0.Cube has a component set to zero, which will result in a bad body instance. Scale:X=2.000 Y=0.875 Z=0.000
[2025.09.01-20.24.42:259][ 26]LogPhysics: Warning: Scale for /Engine/Transient.World_4:PersistentLevel.Cylinder_Blueprint_C_0.Cube has a component set to zero, which will result in a bad body instance. Scale:X=2.000 Y=0.875 Z=0.000
[2025.09.01-20.24.42:259][ 26]LogPhysics: Warning: Scale for /Engine/Transient.World_4:PersistentLevel.Cylinder_Blueprint_C_0.Cube has a component set to zero, which will result in a bad body instance. Scale:X=2.000 Y=0.875 Z=0.000
[2025.09.01-20.24.42:259][ 26]LogPhysics: Warning: Scale for /Engine/Transient.World_4:PersistentLevel.Cylinder_Blueprint_C_0.Cube has a component set to zero, which will result in a bad body instance. Scale:X=2.000 Y=0.875 Z=0.000
[2025.09.01-20.24.42:268][ 27]LogPhysics: Warning: Scale for /Engine/Transient.World_4:PersistentLevel.Cylinder_Blueprint_C_0.Cube has a component set to zero, which will result in a bad body instance. Scale:X=2.000 Y=0.875 Z=0.000
[2025.09.01-20.24.42:268][ 27]LogPhysics: Warning: Scale for /Engine/Transient.World_4:PersistentLevel.Cylinder_Blueprint_C_0.Cube has a component set to zero, which will result in a bad body instance. Scale:X=2.000 Y=0.875 Z=0.000
[2025.09.01-20.24.42:268][ 27]LogPhysics: Warning: Scale for /Engine/Transient.World_4:PersistentLevel.Cylinder_Blueprint_C_0.Cube has a component set to zero, which will result in a bad body instance. Scale:X=2.000 Y=0.875 Z=0.000
[2025.09.01-20.24.42:277][ 28]LogPhysics: Warning: Scale for /Engine/Transient.World_4:PersistentLevel.Cylinder_Blueprint_C_0.Cube has a component set to zero, which will result in a bad body instance. Scale:X=2.000 Y=0.875 Z=0.000
[2025.09.01-20.24.42:277][ 28]LogPhysics: Warning: Scale for /Engine/Transient.World_4:PersistentLevel.Cylinder_Blueprint_C_0.Cube has a component set to zero, which will result in a bad body instance. Scale:X=2.000 Y=0.875 Z=0.000
[2025.09.01-20.24.42:277][ 28]LogPhysics: Warning: Scale for /Engine/Transient.World_4:PersistentLevel.Cylinder_Blueprint_C_0.Cube has a component set to zero, which will result in a bad body instance. Scale:X=2.000 Y=0.875 Z=0.000
[2025.09.01-20.24.42:286][ 29]LogPhysics: Warning: Scale for /Engine/Transient.World_4:PersistentLevel.Cylinder_Blueprint_C_0.Cube has a component set to zero, which will result in a bad body instance. Scale:X=2.000 Y=0.875 Z=0.000
[2025.09.01-20.24.42:287][ 29]LogPhysics: Warning: Scale for /Engine/Transient.World_4:PersistentLevel.Cylinder_Blueprint_C_0.Cube has a component set to zero, which will result in a bad body instance. Scale:X=2.000 Y=0.875 Z=0.000
[2025.09.01-20.24.42:287][ 29]LogPhysics: Warning: Scale for /Engine/Transient.World_4:PersistentLevel.Cylinder_Blueprint_C_0.Cube has a component set to zero, which will result in a bad body instance. Scale:X=2.000 Y=0.875 Z=0.000
[2025.09.01-20.24.42:296][ 30]LogPhysics: Warning: Scale for /Engine/Transient.World_4:PersistentLevel.Cylinder_Blueprint_C_0.Cube has a component set to zero, which will result in a bad body instance. Scale:X=2.000 Y=0.875 Z=0.000
[2025.09.01-20.24.42:296][ 30]LogPhysics: Warning: Scale for /Engine/Transient.World_4:PersistentLevel.Cylinder_Blueprint_C_0.Cube has a component set to zero, which will result in a bad body instance. Scale:X=2.000 Y=0.875 Z=0.000
[2025.09.01-20.24.42:296][ 30]LogPhysics: Warning: Scale for /Engine/Transient.World_4:PersistentLevel.Cylinder_Blueprint_C_0.Cube has a component set to zero, which will result in a bad body instance. Scale:X=2.000 Y=0.875 Z=0.000
[2025.09.01-20.24.42:305][ 31]LogPhysics: Warning: Scale for /Engine/Transient.World_4:PersistentLevel.Cylinder_Blueprint_C_0.Cube has a component set to zero, which will result in a bad body instance. Scale:X=2.000 Y=0.875 Z=0.000
[2025.09.01-20.24.42:305][ 31]LogPhysics: Warning: Scale for /Engine/Transient.World_4:PersistentLevel.Cylinder_Blueprint_C_0.Cube has a component set to zero, which will result in a bad body instance. Scale:X=2.000 Y=0.875 Z=0.000
[2025.09.01-20.24.42:305][ 31]LogPhysics: Warning: Scale for /Engine/Transient.World_4:PersistentLevel.Cylinder_Blueprint_C_0.Cube has a component set to zero, which will result in a bad body instance. Scale:X=2.000 Y=0.875 Z=0.000
[2025.09.01-20.24.42:314][ 32]LogPhysics: Warning: Scale for /Engine/Transient.World_4:PersistentLevel.Cylinder_Blueprint_C_0.Cube has a component set to zero, which will result in a bad body instance. Scale:X=2.000 Y=0.875 Z=0.000
[2025.09.01-20.24.42:314][ 32]LogPhysics: Warning: Scale for /Engine/Transient.World_4:PersistentLevel.Cylinder_Blueprint_C_0.Cube has a component set to zero, which will result in a bad body instance. Scale:X=2.000 Y=0.875 Z=0.000
[2025.09.01-20.24.42:314][ 32]LogPhysics: Warning: Scale for /Engine/Transient.World_4:PersistentLevel.Cylinder_Blueprint_C_0.Cube has a component set to zero, which will result in a bad body instance. Scale:X=2.000 Y=0.875 Z=0.000
[2025.09.01-20.24.42:323][ 33]LogPhysics: Warning: Scale for /Engine/Transient.World_4:PersistentLevel.Cylinder_Blueprint_C_0.Cube has a component set to zero, which will result in a bad body instance. Scale:X=2.000 Y=0.875 Z=0.000
[2025.09.01-20.24.42:323][ 33]LogPhysics: Warning: Scale for /Engine/Transient.World_4:PersistentLevel.Cylinder_Blueprint_C_0.Cube has a component set to zero, which will result in a bad body instance. Scale:X=2.000 Y=0.875 Z=0.000
[2025.09.01-20.24.42:323][ 33]LogPhysics: Warning: Scale for /Engine/Transient.World_4:PersistentLevel.Cylinder_Blueprint_C_0.Cube has a component set to zero, which will result in a bad body instance. Scale:X=2.000 Y=0.875 Z=0.000
[2025.09.01-20.24.42:332][ 34]LogPhysics: Warning: Scale for /Engine/Transient.World_4:PersistentLevel.Cylinder_Blueprint_C_0.Cube has a component set to zero, which will result in a bad body instance. Scale:X=2.000 Y=0.875 Z=0.000
[2025.09.01-20.24.42:332][ 34]LogPhysics: Warning: Scale for /Engine/Transient.World_4:PersistentLevel.Cylinder_Blueprint_C_0.Cube has a component set to zero, which will result in a bad body instance. Scale:X=2.000 Y=0.875 Z=0.000
[2025.09.01-20.24.42:332][ 34]LogPhysics: Warning: Scale for /Engine/Transient.World_4:PersistentLevel.Cylinder_Blueprint_C_0.Cube has a component set to zero, which will result in a bad body instance. Scale:X=2.000 Y=0.875 Z=0.000
[2025.09.01-20.24.42:341][ 35]LogPhysics: Warning: Scale for /Engine/Transient.World_4:PersistentLevel.Cylinder_Blueprint_C_0.Cube has a component set to zero, which will result in a bad body instance. Scale:X=2.000 Y=0.875 Z=0.000
[2025.09.01-20.24.42:341][ 35]LogPhysics: Warning: Scale for /Engine/Transient.World_4:PersistentLevel.Cylinder_Blueprint_C_0.Cube has a component set to zero, which will result in a bad body instance. Scale:X=2.000 Y=0.875 Z=0.000
[2025.09.01-20.24.42:341][ 35]LogPhysics: Warning: Scale for /Engine/Transient.World_4:PersistentLevel.Cylinder_Blueprint_C_0.Cube has a component set to zero, which will result in a bad body instance. Scale:X=2.000 Y=0.875 Z=0.000
[2025.09.01-20.24.42:351][ 36]LogPhysics: Warning: Scale for /Engine/Transient.World_4:PersistentLevel.Cylinder_Blueprint_C_0.Cube has a component set to zero, which will result in a bad body instance. Scale:X=2.000 Y=0.875 Z=0.000
[2025.09.01-20.24.42:351][ 36]LogPhysics: Warning: Scale for /Engine/Transient.World_4:PersistentLevel.Cylinder_Blueprint_C_0.Cube has a component set to zero, which will result in a bad body instance. Scale:X=2.000 Y=0.875 Z=0.000
[2025.09.01-20.24.42:351][ 36]LogPhysics: Warning: Scale for /Engine/Transient.World_4:PersistentLevel.Cylinder_Blueprint_C_0.Cube has a component set to zero, which will result in a bad body instance. Scale:X=2.000 Y=0.875 Z=0.000
[2025.09.01-20.24.42:360][ 37]LogPhysics: Warning: Scale for /Engine/Transient.World_4:PersistentLevel.Cylinder_Blueprint_C_0.Cube has a component set to zero, which will result in a bad body instance. Scale:X=2.000 Y=0.875 Z=0.000
[2025.09.01-20.24.42:360][ 37]LogPhysics: Warning: Scale for /Engine/Transient.World_4:PersistentLevel.Cylinder_Blueprint_C_0.Cube has a component set to zero, which will result in a bad body instance. Scale:X=2.000 Y=0.875 Z=0.000
[2025.09.01-20.24.42:360][ 37]LogPhysics: Warning: Scale for /Engine/Transient.World_4:PersistentLevel.Cylinder_Blueprint_C_0.Cube has a component set to zero, which will result in a bad body instance. Scale:X=2.000 Y=0.875 Z=0.000
[2025.09.01-20.24.42:369][ 38]LogPhysics: Warning: Scale for /Engine/Transient.World_4:PersistentLevel.Cylinder_Blueprint_C_0.Cube has a component set to zero, which will result in a bad body instance. Scale:X=2.000 Y=0.875 Z=0.000
[2025.09.01-20.24.42:369][ 38]LogPhysics: Warning: Scale for /Engine/Transient.World_4:PersistentLevel.Cylinder_Blueprint_C_0.Cube has a component set to zero, which will result in a bad body instance. Scale:X=2.000 Y=0.875 Z=0.000
[2025.09.01-20.24.42:369][ 38]LogPhysics: Warning: Scale for /Engine/Transient.World_4:PersistentLevel.Cylinder_Blueprint_C_0.Cube has a component set to zero, which will result in a bad body instance. Scale:X=2.000 Y=0.875 Z=0.000
[2025.09.01-20.24.42:378][ 39]LogPhysics: Warning: Scale for /Engine/Transient.World_4:PersistentLevel.Cylinder_Blueprint_C_0.Cube has a component set to zero, which will result in a bad body instance. Scale:X=2.000 Y=0.875 Z=0.000
[2025.09.01-20.24.42:378][ 39]LogPhysics: Warning: Scale for /Engine/Transient.World_4:PersistentLevel.Cylinder_Blueprint_C_0.Cube has a component set to zero, which will result in a bad body instance. Scale:X=2.000 Y=0.875 Z=0.000
[2025.09.01-20.24.42:378][ 39]LogPhysics: Warning: Scale for /Engine/Transient.World_4:PersistentLevel.Cylinder_Blueprint_C_0.Cube has a component set to zero, which will result in a bad body instance. Scale:X=2.000 Y=0.875 Z=0.000
[2025.09.01-20.24.42:386][ 40]LogPhysics: Warning: Scale for /Engine/Transient.World_4:PersistentLevel.Cylinder_Blueprint_C_0.Cube has a component set to zero, which will result in a bad body instance. Scale:X=2.000 Y=0.875 Z=0.000
[2025.09.01-20.24.42:386][ 40]LogPhysics: Warning: Scale for /Engine/Transient.World_4:PersistentLevel.Cylinder_Blueprint_C_0.Cube has a component set to zero, which will result in a bad body instance. Scale:X=2.000 Y=0.875 Z=0.000
[2025.09.01-20.24.42:386][ 40]LogPhysics: Warning: Scale for /Engine/Transient.World_4:PersistentLevel.Cylinder_Blueprint_C_0.Cube has a component set to zero, which will result in a bad body instance. Scale:X=2.000 Y=0.875 Z=0.000
[2025.09.01-20.24.42:395][ 41]LogPhysics: Warning: Scale for /Engine/Transient.World_4:PersistentLevel.Cylinder_Blueprint_C_0.Cube has a component set to zero, which will result in a bad body instance. Scale:X=2.000 Y=0.875 Z=0.000
[2025.09.01-20.24.42:395][ 41]LogPhysics: Warning: Scale for /Engine/Transient.World_4:PersistentLevel.Cylinder_Blueprint_C_0.Cube has a component set to zero, which will result in a bad body instance. Scale:X=2.000 Y=0.875 Z=0.000
[2025.09.01-20.24.42:395][ 41]LogPhysics: Warning: Scale for /Engine/Transient.World_4:PersistentLevel.Cylinder_Blueprint_C_0.Cube has a component set to zero, which will result in a bad body instance. Scale:X=2.000 Y=0.875 Z=0.000
[2025.09.01-20.24.42:404][ 42]LogPhysics: Warning: Scale for /Engine/Transient.World_4:PersistentLevel.Cylinder_Blueprint_C_0.Cube has a component set to zero, which will result in a bad body instance. Scale:X=2.000 Y=0.875 Z=0.000
[2025.09.01-20.24.42:404][ 42]LogPhysics: Warning: Scale for /Engine/Transient.World_4:PersistentLevel.Cylinder_Blueprint_C_0.Cube has a component set to zero, which will result in a bad body instance. Scale:X=2.000 Y=0.875 Z=0.000
[2025.09.01-20.24.42:404][ 42]LogPhysics: Warning: Scale for /Engine/Transient.World_4:PersistentLevel.Cylinder_Blueprint_C_0.Cube has a component set to zero, which will result in a bad body instance. Scale:X=2.000 Y=0.875 Z=0.000
[2025.09.01-20.24.42:413][ 43]LogPhysics: Warning: Scale for /Engine/Transient.World_4:PersistentLevel.Cylinder_Blueprint_C_0.Cube has a component set to zero, which will result in a bad body instance. Scale:X=2.000 Y=0.875 Z=0.000
[2025.09.01-20.24.42:413][ 43]LogPhysics: Warning: Scale for /Engine/Transient.World_4:PersistentLevel.Cylinder_Blueprint_C_0.Cube has a component set to zero, which will result in a bad body instance. Scale:X=2.000 Y=0.875 Z=0.000
[2025.09.01-20.24.42:414][ 43]LogPhysics: Warning: Scale for /Engine/Transient.World_4:PersistentLevel.Cylinder_Blueprint_C_0.Cube has a component set to zero, which will result in a bad body instance. Scale:X=2.000 Y=0.875 Z=0.000
[2025.09.01-20.24.42:423][ 44]LogPhysics: Warning: Scale for /Engine/Transient.World_4:PersistentLevel.Cylinder_Blueprint_C_0.Cube has a component set to zero, which will result in a bad body instance. Scale:X=2.000 Y=0.875 Z=0.000
[2025.09.01-20.24.42:423][ 44]LogPhysics: Warning: Scale for /Engine/Transient.World_4:PersistentLevel.Cylinder_Blueprint_C_0.Cube has a component set to zero, which will result in a bad body instance. Scale:X=2.000 Y=0.875 Z=0.000
[2025.09.01-20.24.42:423][ 44]LogPhysics: Warning: Scale for /Engine/Transient.World_4:PersistentLevel.Cylinder_Blueprint_C_0.Cube has a component set to zero, which will result in a bad body instance. Scale:X=2.000 Y=0.875 Z=0.000
[2025.09.01-20.24.42:432][ 45]LogPhysics: Warning: Scale for /Engine/Transient.World_4:PersistentLevel.Cylinder_Blueprint_C_0.Cube has a component set to zero, which will result in a bad body instance. Scale:X=2.000 Y=0.875 Z=0.000
[2025.09.01-20.24.42:432][ 45]LogPhysics: Warning: Scale for /Engine/Transient.World_4:PersistentLevel.Cylinder_Blueprint_C_0.Cube has a component set to zero, which will result in a bad body instance. Scale:X=2.000 Y=0.875 Z=0.000
[2025.09.01-20.24.42:432][ 45]LogPhysics: Warning: Scale for /Engine/Transient.World_4:PersistentLevel.Cylinder_Blueprint_C_0.Cube has a component set to zero, which will result in a bad body instance. Scale:X=2.000 Y=0.875 Z=0.000
[2025.09.01-20.24.42:441][ 46]LogPhysics: Warning: Scale for /Engine/Transient.World_4:PersistentLevel.Cylinder_Blueprint_C_0.Cube has a component set to zero, which will result in a bad body instance. Scale:X=2.000 Y=0.875 Z=0.000
[2025.09.01-20.24.42:441][ 46]LogPhysics: Warning: Scale for /Engine/Transient.World_4:PersistentLevel.Cylinder_Blueprint_C_0.Cube has a component set to zero, which will result in a bad body instance. Scale:X=2.000 Y=0.875 Z=0.000
[2025.09.01-20.24.42:441][ 46]LogPhysics: Warning: Scale for /Engine/Transient.World_4:PersistentLevel.Cylinder_Blueprint_C_0.Cube has a component set to zero, which will result in a bad body instance. Scale:X=2.000 Y=0.875 Z=0.000
[2025.09.01-20.24.42:450][ 47]LogPhysics: Warning: Scale for /Engine/Transient.World_4:PersistentLevel.Cylinder_Blueprint_C_0.Cube has a component set to zero, which will result in a bad body instance. Scale:X=2.000 Y=0.875 Z=0.000
[2025.09.01-20.24.42:450][ 47]LogPhysics: Warning: Scale for /Engine/Transient.World_4:PersistentLevel.Cylinder_Blueprint_C_0.Cube has a component set to zero, which will result in a bad body instance. Scale:X=2.000 Y=0.875 Z=0.000
[2025.09.01-20.24.42:450][ 47]LogPhysics: Warning: Scale for /Engine/Transient.World_4:PersistentLevel.Cylinder_Blueprint_C_0.Cube has a component set to zero, which will result in a bad body instance. Scale:X=2.000 Y=0.875 Z=0.000
[2025.09.01-20.24.42:459][ 48]LogPhysics: Warning: Scale for /Engine/Transient.World_4:PersistentLevel.Cylinder_Blueprint_C_0.Cube has a component set to zero, which will result in a bad body instance. Scale:X=2.000 Y=0.875 Z=0.000
[2025.09.01-20.24.42:459][ 48]LogPhysics: Warning: Scale for /Engine/Transient.World_4:PersistentLevel.Cylinder_Blueprint_C_0.Cube has a component set to zero, which will result in a bad body instance. Scale:X=2.000 Y=0.875 Z=0.000
[2025.09.01-20.24.42:459][ 48]LogPhysics: Warning: Scale for /Engine/Transient.World_4:PersistentLevel.Cylinder_Blueprint_C_0.Cube has a component set to zero, which will result in a bad body instance. Scale:X=2.000 Y=0.875 Z=0.000
[2025.09.01-20.24.42:468][ 49]LogPhysics: Warning: Scale for /Engine/Transient.World_4:PersistentLevel.Cylinder_Blueprint_C_0.Cube has a component set to zero, which will result in a bad body instance. Scale:X=2.000 Y=0.875 Z=0.000
[2025.09.01-20.24.42:468][ 49]LogPhysics: Warning: Scale for /Engine/Transient.World_4:PersistentLevel.Cylinder_Blueprint_C_0.Cube has a component set to zero, which will result in a bad body instance. Scale:X=2.000 Y=0.875 Z=0.000
[2025.09.01-20.24.42:468][ 49]LogPhysics: Warning: Scale for /Engine/Transient.World_4:PersistentLevel.Cylinder_Blueprint_C_0.Cube has a component set to zero, which will result in a bad body instance. Scale:X=2.000 Y=0.875 Z=0.000
[2025.09.01-20.24.42:477][ 50]LogPhysics: Warning: Scale for /Engine/Transient.World_4:PersistentLevel.Cylinder_Blueprint_C_0.Cube has a component set to zero, which will result in a bad body instance. Scale:X=2.000 Y=0.875 Z=0.000
[2025.09.01-20.24.42:477][ 50]LogPhysics: Warning: Scale for /Engine/Transient.World_4:PersistentLevel.Cylinder_Blueprint_C_0.Cube has a component set to zero, which will result in a bad body instance. Scale:X=2.000 Y=0.875 Z=0.000
[2025.09.01-20.24.42:477][ 50]LogPhysics: Warning: Scale for /Engine/Transient.World_4:PersistentLevel.Cylinder_Blueprint_C_0.Cube has a component set to zero, which will result in a bad body instance. Scale:X=2.000 Y=0.875 Z=0.000
[2025.09.01-20.24.42:486][ 51]LogPhysics: Warning: Scale for /Engine/Transient.World_4:PersistentLevel.Cylinder_Blueprint_C_0.Cube has a component set to zero, which will result in a bad body instance. Scale:X=2.000 Y=0.875 Z=0.000
[2025.09.01-20.24.42:487][ 51]LogPhysics: Warning: Scale for /Engine/Transient.World_4:PersistentLevel.Cylinder_Blueprint_C_0.Cube has a component set to zero, which will result in a bad body instance. Scale:X=2.000 Y=0.875 Z=0.000
[2025.09.01-20.24.42:487][ 51]LogPhysics: Warning: Scale for /Engine/Transient.World_4:PersistentLevel.Cylinder_Blueprint_C_0.Cube has a component set to zero, which will result in a bad body instance. Scale:X=2.000 Y=0.875 Z=0.000
[2025.09.01-20.24.42:495][ 52]LogPhysics: Warning: Scale for /Engine/Transient.World_4:PersistentLevel.Cylinder_Blueprint_C_0.Cube has a component set to zero, which will result in a bad body instance. Scale:X=2.000 Y=0.875 Z=0.000
[2025.09.01-20.24.42:496][ 52]LogPhysics: Warning: Scale for /Engine/Transient.World_4:PersistentLevel.Cylinder_Blueprint_C_0.Cube has a component set to zero, which will result in a bad body instance. Scale:X=2.000 Y=0.875 Z=0.000
[2025.09.01-20.24.42:496][ 52]LogPhysics: Warning: Scale for /Engine/Transient.World_4:PersistentLevel.Cylinder_Blueprint_C_0.Cube has a component set to zero, which will result in a bad body instance. Scale:X=2.000 Y=0.875 Z=0.000
[2025.09.01-20.24.42:505][ 53]LogPhysics: Warning: Scale for /Engine/Transient.World_4:PersistentLevel.Cylinder_Blueprint_C_0.Cube has a component set to zero, which will result in a bad body instance. Scale:X=2.000 Y=0.875 Z=0.000
[2025.09.01-20.24.42:505][ 53]LogPhysics: Warning: Scale for /Engine/Transient.World_4:PersistentLevel.Cylinder_Blueprint_C_0.Cube has a component set to zero, which will result in a bad body instance. Scale:X=2.000 Y=0.875 Z=0.000
[2025.09.01-20.24.42:505][ 53]LogPhysics: Warning: Scale for /Engine/Transient.World_4:PersistentLevel.Cylinder_Blueprint_C_0.Cube has a component set to zero, which will result in a bad body instance. Scale:X=2.000 Y=0.875 Z=0.000
[2025.09.01-20.24.42:514][ 54]LogPhysics: Warning: Scale for /Engine/Transient.World_4:PersistentLevel.Cylinder_Blueprint_C_0.Cube has a component set to zero, which will result in a bad body instance. Scale:X=2.000 Y=0.875 Z=0.000
[2025.09.01-20.24.42:514][ 54]LogPhysics: Warning: Scale for /Engine/Transient.World_4:PersistentLevel.Cylinder_Blueprint_C_0.Cube has a component set to zero, which will result in a bad body instance. Scale:X=2.000 Y=0.875 Z=0.000
[2025.09.01-20.24.42:514][ 54]LogPhysics: Warning: Scale for /Engine/Transient.World_4:PersistentLevel.Cylinder_Blueprint_C_0.Cube has a component set to zero, which will result in a bad body instance. Scale:X=2.000 Y=0.875 Z=0.000
[2025.09.01-20.24.42:523][ 55]LogPhysics: Warning: Scale for /Engine/Transient.World_4:PersistentLevel.Cylinder_Blueprint_C_0.Cube has a component set to zero, which will result in a bad body instance. Scale:X=2.000 Y=0.875 Z=0.000
[2025.09.01-20.24.42:523][ 55]LogPhysics: Warning: Scale for /Engine/Transient.World_4:PersistentLevel.Cylinder_Blueprint_C_0.Cube has a component set to zero, which will result in a bad body instance. Scale:X=2.000 Y=0.875 Z=0.000
[2025.09.01-20.24.59:588][850]LogShaderCompilers: Display: Submitted 1 shader compile jobs with 'ForceLocal' priority
[2025.09.01-20.24.59:593][850]Cmd: OBJ SAVEPACKAGE PACKAGE="/Game/Cylinder_Blueprint" FILE="../../../../../../Users/leonardo.medeiros/Documents/TCC/Sorry/Content/Cylinder_Blueprint.uasset" SILENT=true
[2025.09.01-20.24.59:604][850]LogShaderCompilers: Display: Worker (1/9): shaders left to compile 1
[2025.09.01-20.24.59:604][850]LogShaderCompilers: Display: Started 1 'Local' shader compile jobs with 'ForceLocal' priority
[2025.09.01-20.24.59:604][850]LogSavePackage: Moving '../../../../../../Users/leonardo.medeiros/Documents/TCC/Sorry/Saved/Cylinder_Blueprint58F96A1D4AAF4DD462F3C78EFC7AD124.tmp' to '../../../../../../Users/leonardo.medeiros/Documents/TCC/Sorry/Content/Cylinder_Blueprint.uasset'
[2025.09.01-20.24.59:618][850]AssetCheck: New page: Asset Save: Cylinder_Blueprint
[2025.09.01-20.24.59:618][850]LogContentValidation: Display: Validating Blueprint /Game/Cylinder_Blueprint.Cylinder_Blueprint
[2025.09.01-20.25.00:643][964]BlueprintLog: New page: Compilar Cylinder_Blueprint
[2025.09.01-20.25.00:717][964]LogUObjectHash: Compacting FUObjectHashTables data took   2.12ms
[2025.09.01-20.25.19:025][920]Cmd: DELETE
[2025.09.01-20.25.19:025][920]Cmd: ACTOR DELETE
[2025.09.01-20.25.19:028][920]LogEditorActor: Deleted Actor: PointLight
[2025.09.01-20.25.19:028][920]LogEditorActor: Deleted Actor: PointLight
[2025.09.01-20.25.19:029][920]LogEditorActor: Deleted Actor: PointLight
[2025.09.01-20.25.19:029][920]LogEditorActor: Deleted Actor: PointLight
[2025.09.01-20.25.19:030][920]LogEditorActor: Deleted Actor: PointLight
[2025.09.01-20.25.19:030][920]LogEditorActor: Deleted Actor: PointLight
[2025.09.01-20.25.19:030][920]LogEditorActor: Deleted Actor: PointLight
[2025.09.01-20.25.19:048][920]LogUObjectHash: Compacting FUObjectHashTables data took   2.01ms
[2025.09.01-20.25.19:049][920]LogEditorActor: Deleted 7 Actors (0.024 secs)
[2025.09.01-20.25.23:867][498]LogEditorViewport: Clicking on Actor (LMB): Cylinder_Blueprint_C (Cylinder_Blueprint)
[2025.09.01-20.25.46:888][220]Cmd: TRANSACTION UNDO
[2025.09.01-20.25.46:888][220]LogEditorTransaction: Undo Move Actors
[2025.09.01-20.25.46:904][220]LogMaterial: Display: Missing cached shadermap for BasicShapeMaterial in PCD3D_SM5, Default, SM5 (DDC key hash: FE303F7615425F185D7C9B094BA4A2C631355812), compiling. 
[2025.09.01-20.25.46:912][220]MaterialEditorStats: Texture samplers: 0/16
[2025.09.01-20.26.46:519][173]LogEditorViewport: Clicking on Actor (LMB): Cylinder_Blueprint_C (Cylinder_Blueprint2)
[2025.09.01-20.26.50:817][672]LogEditorViewport: Clicking on Actor (LMB): Cylinder_Blueprint_C (Cylinder_Blueprint)
[2025.09.01-20.26.55:257][188]LogEditorViewport: Clicking on Actor (LMB): Cylinder_Blueprint_C (Cylinder_Blueprint3)
[2025.09.01-20.28.09:289][ 11]LogEditorViewport: Clicking on Actor (context menu): StaticMeshActor (Floor)
[2025.09.01-20.28.12:970][433]LogEditorViewport: Clicking on Actor (LMB): Cylinder_Blueprint_C (Cylinder_Blueprint9)
[2025.09.01-20.28.31:447][630]LogEditorViewport: Clicking on Actor (LMB): StaticMeshActor (Floor)
[2025.09.01-20.28.37:113][306]LogEditorViewport: Clicking on Actor (LMB): Cylinder_Blueprint_C (Cylinder_Blueprint10)
[2025.09.01-20.28.41:702][850]LogEditorViewport: Clicking on Actor (LMB): Cylinder_Blueprint_C (Cylinder_Blueprint11)
[2025.09.01-20.28.45:951][356]LogEditorViewport: Clicking on Actor (LMB): Cylinder_Blueprint_C (Cylinder_Blueprint10)
[2025.09.01-20.28.48:312][636]LogEditorViewport: Clicking on Actor (LMB): Cylinder_Blueprint_C (Cylinder_Blueprint11)
[2025.09.01-20.28.54:539][376]Cmd: TRANSACTION UNDO
[2025.09.01-20.28.54:539][376]LogEditorTransaction: Undo Move Actors
[2025.09.01-20.28.54:556][376]LogMaterial: Display: Missing cached shadermap for BasicShapeMaterial in PCD3D_SM5, Default, SM5 (DDC key hash: 93032226B39E98C014D571E1FD85B27CB941076E), compiling. 
[2025.09.01-20.29.00:818][ 71]Cmd: TRANSACTION UNDO
[2025.09.01-20.29.00:818][ 71]LogEditorTransaction: Undo Move Actors
[2025.09.01-20.29.00:821][ 71]LogMaterial: Display: Missing cached shadermap for BasicShapeMaterial in PCD3D_SM5, Default, SM5 (DDC key hash: 4ACE6E26A9E07FCAEA1F224A48955D45E7FCCAC5), compiling. 
[2025.09.01-20.29.20:365][345]LogEditorViewport: Clicking on Actor (LMB): StaticMeshActor (Wall_Door_400x301)
[2025.09.01-20.29.21:237][446]LogEditorViewport: Clicking on Actor (LMB): Cylinder_Blueprint_C (Cylinder_Blueprint12)
[2025.09.01-20.31.02:085][234]LogEditorViewport: Clicking on Actor (LMB): StaticMeshActor (Floor4)
[2025.09.01-20.31.22:971][683]Cmd: TRANSACTION UNDO
[2025.09.01-20.31.22:972][683]LogEditorTransaction: Undo Scale Actors
[2025.09.01-20.31.22:973][683]LogMaterial: Display: Missing cached shadermap for BasicShapeMaterial in PCD3D_SM5, Default, SM5 (DDC key hash: C0AEF4A0F3CFDFE7BEF5B5BE77BC3402EFA79628), compiling. 
[2025.09.01-20.31.48:414][668]LogEditorViewport: Clicking on Actor (LMB): StaticMeshActor (Floor16)
[2025.09.01-20.32.16:828][ 33]LogEditorViewport: Clicking on Actor (LMB): StaticMeshActor (Floor13)
[2025.09.01-20.32.23:605][832]LogEditorViewport: Clicking on Actor (LMB): StaticMeshActor (Floor14)
[2025.09.01-20.32.28:555][422]Cmd: TRANSACTION UNDO
[2025.09.01-20.32.28:555][422]LogEditorTransaction: Undo Move Actors
[2025.09.01-20.32.28:557][422]LogMaterial: Display: Missing cached shadermap for BasicShapeMaterial in PCD3D_SM5, Default, SM5 (DDC key hash: A6DCC9355D0B941230FDCA5D4A7839C24761576D), compiling. 
[2025.09.01-20.33.53:924][567]LogTemp: Repeating last play command: Selected Viewport
[2025.09.01-20.33.53:928][567]LogPlayLevel: PlayLevel: No blueprints needed recompiling
[2025.09.01-20.33.53:928][567]PIE: New page: Sessão de PIE : Leonardo (1 de set de 2025 14:33:53)
[2025.09.01-20.33.53:928][567]LogPlayLevel: Creating play world package: /Game/Cenas/UEDPIE_0_Leonardo
[2025.09.01-20.33.53:937][567]LogPlayLevel: PIE: StaticDuplicateObject took: (0.009478s)
[2025.09.01-20.33.53:938][567]LogAIModule: Creating AISystem for world Leonardo
[2025.09.01-20.33.53:939][567]LogPlayLevel: PIE: World Init took: (0.001288s)
[2025.09.01-20.33.53:939][567]LogPlayLevel: PIE: Created PIE world by copying editor world from /Game/Cenas/Leonardo.Leonardo to /Game/Cenas/UEDPIE_0_Leonardo.Leonardo (0.010874s)
[2025.09.01-20.33.53:985][567]LogUObjectHash: Compacting FUObjectHashTables data took   1.95ms
[2025.09.01-20.33.53:988][567]LogAudio: Display: Creating Audio Device:                 Id: 4, Scope: Unique, Realtime: True
[2025.09.01-20.33.53:988][567]LogAudioMixer: Display: Audio Mixer Platform Settings:
[2025.09.01-20.33.53:988][567]LogAudioMixer: Display: 	Sample Rate:						  48000
[2025.09.01-20.33.53:988][567]LogAudioMixer: Display: 	Callback Buffer Frame Size Requested: 1024
[2025.09.01-20.33.53:988][567]LogAudioMixer: Display: 	Callback Buffer Frame Size To Use:	  1024
[2025.09.01-20.33.53:988][567]LogAudioMixer: Display: 	Number of buffers to queue:			  2
[2025.09.01-20.33.53:988][567]LogAudioMixer: Display: 	Max Channels (voices):				  32
[2025.09.01-20.33.53:988][567]LogAudioMixer: Display: 	Number of Async Source Workers:		  0
[2025.09.01-20.33.53:988][567]LogAudio: Display: AudioDevice MaxSources: 32
[2025.09.01-20.33.53:988][567]LogAudio: Display: Audio Spatialization Plugin: None (built-in).
[2025.09.01-20.33.53:988][567]LogAudio: Display: Audio Reverb Plugin: None (built-in).
[2025.09.01-20.33.53:988][567]LogAudio: Display: Audio Occlusion Plugin: None (built-in).
[2025.09.01-20.33.53:989][567]LogAudioMixer: Display: Initializing audio mixer.
[2025.09.01-20.33.53:991][567]LogAudioMixer: Display: 0: FrontLeft
[2025.09.01-20.33.53:991][567]LogAudioMixer: Display: 1: FrontRight
[2025.09.01-20.33.53:999][567]LogAudioMixer: Display: Using Audio Device 22B1WG5 (NVIDIA High Definition Audio)
[2025.09.01-20.33.53:999][567]LogAudioMixer: Display: Initializing Sound Submixes...
[2025.09.01-20.33.53:999][567]LogAudioMixer: Display: Creating Master Submix 'MasterSubmixDefault'
[2025.09.01-20.33.53:999][567]LogAudioMixer: Display: Creating Master Submix 'MasterReverbSubmixDefault'
[2025.09.01-20.33.53:999][567]LogAudioMixer: Display: Creating Master Submix 'MasterEQSubmixDefault'
[2025.09.01-20.33.53:999][567]LogAudioMixer: FMixerPlatformXAudio2::StartAudioStream() called
[2025.09.01-20.33.53:999][567]LogAudioMixer: Display: Output buffers initialized: Frames=1024, Channels=2, Samples=2048
[2025.09.01-20.33.54:000][567]LogAudioMixer: Display: Starting AudioMixerPlatformInterface::RunInternal()
[2025.09.01-20.33.54:000][567]LogAudioMixer: Display: FMixerPlatformXAudio2::SubmitBuffer() called for the first time
[2025.09.01-20.33.54:000][567]LogInit: FAudioDevice initialized.
[2025.09.01-20.33.54:000][567]LogAudio: Display: Audio Device (ID: 4) registered with world 'Leonardo'.
[2025.09.01-20.33.54:009][567]LogLoad: Game class is 'Game_C'
[2025.09.01-20.33.54:012][567]LogWorld: Bringing World /Game/Cenas/UEDPIE_0_Leonardo.Leonardo up for play (max tick rate 0) at 2025.09.01-17.33.54
[2025.09.01-20.33.54:012][567]LogWorld: Bringing up level for play took: 0.002532
[2025.09.01-20.33.54:012][567]LogOnline: OSS: Creating online subsystem instance for: :Context_10
[2025.09.01-20.33.54:014][567]PIE: Servidor conectado
[2025.09.01-20.33.54:015][567]PIE: Play in editor total start time 0,088 seconds.
[2025.09.01-20.34.29:222][743]LogActorFactory: Actor Factory created Cube
[2025.09.01-20.34.29:227][743]PIE: Warning: Mobility of /Game/Cenas/UEDPIE_0_Leonardo.Leonardo:PersistentLevel.Cube : StaticMeshComponent0 has to be 'Movable' if you'd like to move. 
[2025.09.01-20.34.29:244][745]PIE: Warning: Mobility of /Game/Cenas/UEDPIE_0_Leonardo.Leonardo:PersistentLevel.Cube : StaticMeshComponent0 has to be 'Movable' if you'd like to move. 
[2025.09.01-20.34.29:271][746]PIE: Warning: Mobility of /Game/Cenas/UEDPIE_0_Leonardo.Leonardo:PersistentLevel.Cube : StaticMeshComponent0 has to be 'Movable' if you'd like to move. 
[2025.09.01-20.34.29:272][746]PIE: Warning: Mobility of /Game/Cenas/UEDPIE_0_Leonardo.Leonardo:PersistentLevel.Cube : StaticMeshComponent0 has to be 'Movable' if you'd like to move. 
[2025.09.01-20.34.29:285][748]PIE: Warning: Mobility of /Game/Cenas/UEDPIE_0_Leonardo.Leonardo:PersistentLevel.Cube : StaticMeshComponent0 has to be 'Movable' if you'd like to move. 
[2025.09.01-20.34.29:288][748]PIE: Warning: Mobility of /Game/Cenas/UEDPIE_0_Leonardo.Leonardo:PersistentLevel.Cube : StaticMeshComponent0 has to be 'Movable' if you'd like to move. 
[2025.09.01-20.34.29:296][749]PIE: Warning: Mobility of /Game/Cenas/UEDPIE_0_Leonardo.Leonardo:PersistentLevel.Cube : StaticMeshComponent0 has to be 'Movable' if you'd like to move. 
[2025.09.01-20.34.29:310][751]PIE: Warning: Mobility of /Game/Cenas/UEDPIE_0_Leonardo.Leonardo:PersistentLevel.Cube : StaticMeshComponent0 has to be 'Movable' if you'd like to move. 
[2025.09.01-20.34.29:313][751]PIE: Warning: Mobility of /Game/Cenas/UEDPIE_0_Leonardo.Leonardo:PersistentLevel.Cube : StaticMeshComponent0 has to be 'Movable' if you'd like to move. 
[2025.09.01-20.34.29:321][752]PIE: Warning: Mobility of /Game/Cenas/UEDPIE_0_Leonardo.Leonardo:PersistentLevel.Cube : StaticMeshComponent0 has to be 'Movable' if you'd like to move. 
[2025.09.01-20.34.29:335][754]PIE: Warning: Mobility of /Game/Cenas/UEDPIE_0_Leonardo.Leonardo:PersistentLevel.Cube : StaticMeshComponent0 has to be 'Movable' if you'd like to move. 
[2025.09.01-20.34.29:343][755]PIE: Warning: Mobility of /Game/Cenas/UEDPIE_0_Leonardo.Leonardo:PersistentLevel.Cube : StaticMeshComponent0 has to be 'Movable' if you'd like to move. 
[2025.09.01-20.34.29:352][756]PIE: Warning: Mobility of /Game/Cenas/UEDPIE_0_Leonardo.Leonardo:PersistentLevel.Cube : StaticMeshComponent0 has to be 'Movable' if you'd like to move. 
[2025.09.01-20.34.29:360][757]PIE: Warning: Mobility of /Game/Cenas/UEDPIE_0_Leonardo.Leonardo:PersistentLevel.Cube : StaticMeshComponent0 has to be 'Movable' if you'd like to move. 
[2025.09.01-20.34.29:368][758]PIE: Warning: Mobility of /Game/Cenas/UEDPIE_0_Leonardo.Leonardo:PersistentLevel.Cube : StaticMeshComponent0 has to be 'Movable' if you'd like to move. 
[2025.09.01-20.34.29:377][759]PIE: Warning: Mobility of /Game/Cenas/UEDPIE_0_Leonardo.Leonardo:PersistentLevel.Cube : StaticMeshComponent0 has to be 'Movable' if you'd like to move. 
[2025.09.01-20.34.29:384][760]PIE: Warning: Mobility of /Game/Cenas/UEDPIE_0_Leonardo.Leonardo:PersistentLevel.Cube : StaticMeshComponent0 has to be 'Movable' if you'd like to move. 
[2025.09.01-20.34.29:393][761]PIE: Warning: Mobility of /Game/Cenas/UEDPIE_0_Leonardo.Leonardo:PersistentLevel.Cube : StaticMeshComponent0 has to be 'Movable' if you'd like to move. 
[2025.09.01-20.34.29:401][762]PIE: Warning: Mobility of /Game/Cenas/UEDPIE_0_Leonardo.Leonardo:PersistentLevel.Cube : StaticMeshComponent0 has to be 'Movable' if you'd like to move. 
[2025.09.01-20.34.29:409][763]PIE: Warning: Mobility of /Game/Cenas/UEDPIE_0_Leonardo.Leonardo:PersistentLevel.Cube : StaticMeshComponent0 has to be 'Movable' if you'd like to move. 
[2025.09.01-20.34.29:418][764]PIE: Warning: Mobility of /Game/Cenas/UEDPIE_0_Leonardo.Leonardo:PersistentLevel.Cube : StaticMeshComponent0 has to be 'Movable' if you'd like to move. 
[2025.09.01-20.34.29:426][765]PIE: Warning: Mobility of /Game/Cenas/UEDPIE_0_Leonardo.Leonardo:PersistentLevel.Cube : StaticMeshComponent0 has to be 'Movable' if you'd like to move. 
[2025.09.01-20.34.29:434][766]PIE: Warning: Mobility of /Game/Cenas/UEDPIE_0_Leonardo.Leonardo:PersistentLevel.Cube : StaticMeshComponent0 has to be 'Movable' if you'd like to move. 
[2025.09.01-20.34.29:443][767]PIE: Warning: Mobility of /Game/Cenas/UEDPIE_0_Leonardo.Leonardo:PersistentLevel.Cube : StaticMeshComponent0 has to be 'Movable' if you'd like to move. 
[2025.09.01-20.34.29:446][767]PIE: Warning: Mobility of /Game/Cenas/UEDPIE_0_Leonardo.Leonardo:PersistentLevel.Cube : StaticMeshComponent0 has to be 'Movable' if you'd like to move. 
[2025.09.01-20.34.29:460][769]PIE: Warning: Mobility of /Game/Cenas/UEDPIE_0_Leonardo.Leonardo:PersistentLevel.Cube : StaticMeshComponent0 has to be 'Movable' if you'd like to move. 
[2025.09.01-20.34.29:463][769]PIE: Warning: Mobility of /Game/Cenas/UEDPIE_0_Leonardo.Leonardo:PersistentLevel.Cube : StaticMeshComponent0 has to be 'Movable' if you'd like to move. 
[2025.09.01-20.34.29:471][770]PIE: Warning: Mobility of /Game/Cenas/UEDPIE_0_Leonardo.Leonardo:PersistentLevel.Cube : StaticMeshComponent0 has to be 'Movable' if you'd like to move. 
[2025.09.01-20.34.29:485][772]PIE: Warning: Mobility of /Game/Cenas/UEDPIE_0_Leonardo.Leonardo:PersistentLevel.Cube : StaticMeshComponent0 has to be 'Movable' if you'd like to move. 
[2025.09.01-20.34.29:493][773]PIE: Warning: Mobility of /Game/Cenas/UEDPIE_0_Leonardo.Leonardo:PersistentLevel.Cube : StaticMeshComponent0 has to be 'Movable' if you'd like to move. 
[2025.09.01-20.34.29:502][774]PIE: Warning: Mobility of /Game/Cenas/UEDPIE_0_Leonardo.Leonardo:PersistentLevel.Cube : StaticMeshComponent0 has to be 'Movable' if you'd like to move. 
[2025.09.01-20.34.29:510][775]PIE: Warning: Mobility of /Game/Cenas/UEDPIE_0_Leonardo.Leonardo:PersistentLevel.Cube : StaticMeshComponent0 has to be 'Movable' if you'd like to move. 
[2025.09.01-20.34.29:519][776]PIE: Warning: Mobility of /Game/Cenas/UEDPIE_0_Leonardo.Leonardo:PersistentLevel.Cube : StaticMeshComponent0 has to be 'Movable' if you'd like to move. 
[2025.09.01-20.34.29:527][777]PIE: Warning: Mobility of /Game/Cenas/UEDPIE_0_Leonardo.Leonardo:PersistentLevel.Cube : StaticMeshComponent0 has to be 'Movable' if you'd like to move. 
[2025.09.01-20.34.29:535][778]PIE: Warning: Mobility of /Game/Cenas/UEDPIE_0_Leonardo.Leonardo:PersistentLevel.Cube : StaticMeshComponent0 has to be 'Movable' if you'd like to move. 
[2025.09.01-20.34.29:544][779]PIE: Warning: Mobility of /Game/Cenas/UEDPIE_0_Leonardo.Leonardo:PersistentLevel.Cube : StaticMeshComponent0 has to be 'Movable' if you'd like to move. 
[2025.09.01-20.34.29:551][780]PIE: Warning: Mobility of /Game/Cenas/UEDPIE_0_Leonardo.Leonardo:PersistentLevel.Cube : StaticMeshComponent0 has to be 'Movable' if you'd like to move. 
[2025.09.01-20.34.29:559][781]PIE: Warning: Mobility of /Game/Cenas/UEDPIE_0_Leonardo.Leonardo:PersistentLevel.Cube : StaticMeshComponent0 has to be 'Movable' if you'd like to move. 
[2025.09.01-20.34.29:568][782]PIE: Warning: Mobility of /Game/Cenas/UEDPIE_0_Leonardo.Leonardo:PersistentLevel.Cube : StaticMeshComponent0 has to be 'Movable' if you'd like to move. 
[2025.09.01-20.34.29:576][783]PIE: Warning: Mobility of /Game/Cenas/UEDPIE_0_Leonardo.Leonardo:PersistentLevel.Cube : StaticMeshComponent0 has to be 'Movable' if you'd like to move. 
[2025.09.01-20.34.29:585][784]PIE: Warning: Mobility of /Game/Cenas/UEDPIE_0_Leonardo.Leonardo:PersistentLevel.Cube : StaticMeshComponent0 has to be 'Movable' if you'd like to move. 
[2025.09.01-20.34.29:588][784]PIE: Warning: Mobility of /Game/Cenas/UEDPIE_0_Leonardo.Leonardo:PersistentLevel.Cube : StaticMeshComponent0 has to be 'Movable' if you'd like to move. 
[2025.09.01-20.34.29:602][786]PIE: Warning: Mobility of /Game/Cenas/UEDPIE_0_Leonardo.Leonardo:PersistentLevel.Cube : StaticMeshComponent0 has to be 'Movable' if you'd like to move. 
[2025.09.01-20.34.29:610][787]PIE: Warning: Mobility of /Game/Cenas/UEDPIE_0_Leonardo.Leonardo:PersistentLevel.Cube : StaticMeshComponent0 has to be 'Movable' if you'd like to move. 
[2025.09.01-20.34.29:613][787]PIE: Warning: Mobility of /Game/Cenas/UEDPIE_0_Leonardo.Leonardo:PersistentLevel.Cube : StaticMeshComponent0 has to be 'Movable' if you'd like to move. 
[2025.09.01-20.34.29:622][788]PIE: Warning: Mobility of /Game/Cenas/UEDPIE_0_Leonardo.Leonardo:PersistentLevel.Cube : StaticMeshComponent0 has to be 'Movable' if you'd like to move. 
[2025.09.01-20.34.29:635][790]PIE: Warning: Mobility of /Game/Cenas/UEDPIE_0_Leonardo.Leonardo:PersistentLevel.Cube : StaticMeshComponent0 has to be 'Movable' if you'd like to move. 
[2025.09.01-20.34.29:643][791]PIE: Warning: Mobility of /Game/Cenas/UEDPIE_0_Leonardo.Leonardo:PersistentLevel.Cube : StaticMeshComponent0 has to be 'Movable' if you'd like to move. 
[2025.09.01-20.34.29:652][792]PIE: Warning: Mobility of /Game/Cenas/UEDPIE_0_Leonardo.Leonardo:PersistentLevel.Cube : StaticMeshComponent0 has to be 'Movable' if you'd like to move. 
[2025.09.01-20.34.29:660][793]PIE: Warning: Mobility of /Game/Cenas/UEDPIE_0_Leonardo.Leonardo:PersistentLevel.Cube : StaticMeshComponent0 has to be 'Movable' if you'd like to move. 
[2025.09.01-20.34.29:668][794]PIE: Warning: Mobility of /Game/Cenas/UEDPIE_0_Leonardo.Leonardo:PersistentLevel.Cube : StaticMeshComponent0 has to be 'Movable' if you'd like to move. 
[2025.09.01-20.34.29:677][795]PIE: Warning: Mobility of /Game/Cenas/UEDPIE_0_Leonardo.Leonardo:PersistentLevel.Cube : StaticMeshComponent0 has to be 'Movable' if you'd like to move. 
[2025.09.01-20.34.29:685][796]PIE: Warning: Mobility of /Game/Cenas/UEDPIE_0_Leonardo.Leonardo:PersistentLevel.Cube : StaticMeshComponent0 has to be 'Movable' if you'd like to move. 
[2025.09.01-20.34.29:693][797]PIE: Warning: Mobility of /Game/Cenas/UEDPIE_0_Leonardo.Leonardo:PersistentLevel.Cube : StaticMeshComponent0 has to be 'Movable' if you'd like to move. 
[2025.09.01-20.34.29:702][798]PIE: Warning: Mobility of /Game/Cenas/UEDPIE_0_Leonardo.Leonardo:PersistentLevel.Cube : StaticMeshComponent0 has to be 'Movable' if you'd like to move. 
[2025.09.01-20.34.29:719][800]PIE: Warning: Mobility of /Game/Cenas/UEDPIE_0_Leonardo.Leonardo:PersistentLevel.Cube : StaticMeshComponent0 has to be 'Movable' if you'd like to move. 
[2025.09.01-20.34.29:727][801]PIE: Warning: Mobility of /Game/Cenas/UEDPIE_0_Leonardo.Leonardo:PersistentLevel.Cube : StaticMeshComponent0 has to be 'Movable' if you'd like to move. 
[2025.09.01-20.34.29:735][802]PIE: Warning: Mobility of /Game/Cenas/UEDPIE_0_Leonardo.Leonardo:PersistentLevel.Cube : StaticMeshComponent0 has to be 'Movable' if you'd like to move. 
[2025.09.01-20.34.29:744][803]PIE: Warning: Mobility of /Game/Cenas/UEDPIE_0_Leonardo.Leonardo:PersistentLevel.Cube : StaticMeshComponent0 has to be 'Movable' if you'd like to move. 
[2025.09.01-20.34.29:748][803]PIE: Warning: Mobility of /Game/Cenas/UEDPIE_0_Leonardo.Leonardo:PersistentLevel.Cube : StaticMeshComponent0 has to be 'Movable' if you'd like to move. 
[2025.09.01-20.34.29:760][805]PIE: Warning: Mobility of /Game/Cenas/UEDPIE_0_Leonardo.Leonardo:PersistentLevel.Cube : StaticMeshComponent0 has to be 'Movable' if you'd like to move. 
[2025.09.01-20.34.29:763][805]PIE: Warning: Mobility of /Game/Cenas/UEDPIE_0_Leonardo.Leonardo:PersistentLevel.Cube : StaticMeshComponent0 has to be 'Movable' if you'd like to move. 
[2025.09.01-20.34.29:771][806]PIE: Warning: Mobility of /Game/Cenas/UEDPIE_0_Leonardo.Leonardo:PersistentLevel.Cube : StaticMeshComponent0 has to be 'Movable' if you'd like to move. 
[2025.09.01-20.34.29:785][808]PIE: Warning: Mobility of /Game/Cenas/UEDPIE_0_Leonardo.Leonardo:PersistentLevel.Cube : StaticMeshComponent0 has to be 'Movable' if you'd like to move. 
[2025.09.01-20.34.29:793][809]PIE: Warning: Mobility of /Game/Cenas/UEDPIE_0_Leonardo.Leonardo:PersistentLevel.Cube : StaticMeshComponent0 has to be 'Movable' if you'd like to move. 
[2025.09.01-20.34.29:801][810]PIE: Warning: Mobility of /Game/Cenas/UEDPIE_0_Leonardo.Leonardo:PersistentLevel.Cube : StaticMeshComponent0 has to be 'Movable' if you'd like to move. 
[2025.09.01-20.34.29:818][812]PIE: Warning: Mobility of /Game/Cenas/UEDPIE_0_Leonardo.Leonardo:PersistentLevel.Cube : StaticMeshComponent0 has to be 'Movable' if you'd like to move. 
[2025.09.01-20.34.29:827][813]PIE: Warning: Mobility of /Game/Cenas/UEDPIE_0_Leonardo.Leonardo:PersistentLevel.Cube : StaticMeshComponent0 has to be 'Movable' if you'd like to move. 
[2025.09.01-20.34.29:835][814]PIE: Warning: Mobility of /Game/Cenas/UEDPIE_0_Leonardo.Leonardo:PersistentLevel.Cube : StaticMeshComponent0 has to be 'Movable' if you'd like to move. 
[2025.09.01-20.34.29:843][815]PIE: Warning: Mobility of /Game/Cenas/UEDPIE_0_Leonardo.Leonardo:PersistentLevel.Cube : StaticMeshComponent0 has to be 'Movable' if you'd like to move. 
[2025.09.01-20.34.29:852][816]PIE: Warning: Mobility of /Game/Cenas/UEDPIE_0_Leonardo.Leonardo:PersistentLevel.Cube : StaticMeshComponent0 has to be 'Movable' if you'd like to move. 
[2025.09.01-20.34.29:860][817]PIE: Warning: Mobility of /Game/Cenas/UEDPIE_0_Leonardo.Leonardo:PersistentLevel.Cube : StaticMeshComponent0 has to be 'Movable' if you'd like to move. 
[2025.09.01-20.34.29:868][818]PIE: Warning: Mobility of /Game/Cenas/UEDPIE_0_Leonardo.Leonardo:PersistentLevel.Cube : StaticMeshComponent0 has to be 'Movable' if you'd like to move. 
[2025.09.01-20.34.29:902][822]PIE: Warning: Mobility of /Game/Cenas/UEDPIE_0_Leonardo.Leonardo:PersistentLevel.Cube : StaticMeshComponent0 has to be 'Movable' if you'd like to move. 
[2025.09.01-20.34.29:910][823]PIE: Warning: Mobility of /Game/Cenas/UEDPIE_0_Leonardo.Leonardo:PersistentLevel.Cube : StaticMeshComponent0 has to be 'Movable' if you'd like to move. 
[2025.09.01-20.34.29:927][825]PIE: Warning: Mobility of /Game/Cenas/UEDPIE_0_Leonardo.Leonardo:PersistentLevel.Cube : StaticMeshComponent0 has to be 'Movable' if you'd like to move. 
[2025.09.01-20.34.29:935][826]PIE: Warning: Mobility of /Game/Cenas/UEDPIE_0_Leonardo.Leonardo:PersistentLevel.Cube : StaticMeshComponent0 has to be 'Movable' if you'd like to move. 
[2025.09.01-20.34.29:944][827]PIE: Warning: Mobility of /Game/Cenas/UEDPIE_0_Leonardo.Leonardo:PersistentLevel.Cube : StaticMeshComponent0 has to be 'Movable' if you'd like to move. 
[2025.09.01-20.34.29:952][828]PIE: Warning: Mobility of /Game/Cenas/UEDPIE_0_Leonardo.Leonardo:PersistentLevel.Cube : StaticMeshComponent0 has to be 'Movable' if you'd like to move. 
[2025.09.01-20.34.29:960][829]PIE: Warning: Mobility of /Game/Cenas/UEDPIE_0_Leonardo.Leonardo:PersistentLevel.Cube : StaticMeshComponent0 has to be 'Movable' if you'd like to move. 
[2025.09.01-20.34.29:969][830]PIE: Warning: Mobility of /Game/Cenas/UEDPIE_0_Leonardo.Leonardo:PersistentLevel.Cube : StaticMeshComponent0 has to be 'Movable' if you'd like to move. 
[2025.09.01-20.34.29:977][831]PIE: Warning: Mobility of /Game/Cenas/UEDPIE_0_Leonardo.Leonardo:PersistentLevel.Cube : StaticMeshComponent0 has to be 'Movable' if you'd like to move. 
[2025.09.01-20.34.29:985][832]PIE: Warning: Mobility of /Game/Cenas/UEDPIE_0_Leonardo.Leonardo:PersistentLevel.Cube : StaticMeshComponent0 has to be 'Movable' if you'd like to move. 
[2025.09.01-20.34.29:993][833]PIE: Warning: Mobility of /Game/Cenas/UEDPIE_0_Leonardo.Leonardo:PersistentLevel.Cube : StaticMeshComponent0 has to be 'Movable' if you'd like to move. 
[2025.09.01-20.34.30:001][834]PIE: Warning: Mobility of /Game/Cenas/UEDPIE_0_Leonardo.Leonardo:PersistentLevel.Cube : StaticMeshComponent0 has to be 'Movable' if you'd like to move. 
[2025.09.01-20.34.30:010][835]PIE: Warning: Mobility of /Game/Cenas/UEDPIE_0_Leonardo.Leonardo:PersistentLevel.Cube : StaticMeshComponent0 has to be 'Movable' if you'd like to move. 
[2025.09.01-20.34.30:021][836]PIE: Warning: Mobility of /Game/Cenas/UEDPIE_0_Leonardo.Leonardo:PersistentLevel.Cube : StaticMeshComponent0 has to be 'Movable' if you'd like to move. 
[2025.09.01-20.34.30:035][838]PIE: Warning: Mobility of /Game/Cenas/UEDPIE_0_Leonardo.Leonardo:PersistentLevel.Cube : StaticMeshComponent0 has to be 'Movable' if you'd like to move. 
[2025.09.01-20.34.30:043][839]PIE: Warning: Mobility of /Game/Cenas/UEDPIE_0_Leonardo.Leonardo:PersistentLevel.Cube : StaticMeshComponent0 has to be 'Movable' if you'd like to move. 
[2025.09.01-20.34.30:052][840]PIE: Warning: Mobility of /Game/Cenas/UEDPIE_0_Leonardo.Leonardo:PersistentLevel.Cube : StaticMeshComponent0 has to be 'Movable' if you'd like to move. 
[2025.09.01-20.34.30:060][841]PIE: Warning: Mobility of /Game/Cenas/UEDPIE_0_Leonardo.Leonardo:PersistentLevel.Cube : StaticMeshComponent0 has to be 'Movable' if you'd like to move. 
[2025.09.01-20.34.30:068][842]PIE: Warning: Mobility of /Game/Cenas/UEDPIE_0_Leonardo.Leonardo:PersistentLevel.Cube : StaticMeshComponent0 has to be 'Movable' if you'd like to move. 
[2025.09.01-20.34.30:077][843]PIE: Warning: Mobility of /Game/Cenas/UEDPIE_0_Leonardo.Leonardo:PersistentLevel.Cube : StaticMeshComponent0 has to be 'Movable' if you'd like to move. 
[2025.09.01-20.34.30:085][844]PIE: Warning: Mobility of /Game/Cenas/UEDPIE_0_Leonardo.Leonardo:PersistentLevel.Cube : StaticMeshComponent0 has to be 'Movable' if you'd like to move. 
[2025.09.01-20.34.30:093][845]PIE: Warning: Mobility of /Game/Cenas/UEDPIE_0_Leonardo.Leonardo:PersistentLevel.Cube : StaticMeshComponent0 has to be 'Movable' if you'd like to move. 
[2025.09.01-20.34.30:102][846]PIE: Warning: Mobility of /Game/Cenas/UEDPIE_0_Leonardo.Leonardo:PersistentLevel.Cube : StaticMeshComponent0 has to be 'Movable' if you'd like to move. 
[2025.09.01-20.34.30:110][847]PIE: Warning: Mobility of /Game/Cenas/UEDPIE_0_Leonardo.Leonardo:PersistentLevel.Cube : StaticMeshComponent0 has to be 'Movable' if you'd like to move. 
[2025.09.01-20.34.30:118][848]PIE: Warning: Mobility of /Game/Cenas/UEDPIE_0_Leonardo.Leonardo:PersistentLevel.Cube : StaticMeshComponent0 has to be 'Movable' if you'd like to move. 
[2025.09.01-20.34.30:127][849]PIE: Warning: Mobility of /Game/Cenas/UEDPIE_0_Leonardo.Leonardo:PersistentLevel.Cube : StaticMeshComponent0 has to be 'Movable' if you'd like to move. 
[2025.09.01-20.34.30:135][850]PIE: Warning: Mobility of /Game/Cenas/UEDPIE_0_Leonardo.Leonardo:PersistentLevel.Cube : StaticMeshComponent0 has to be 'Movable' if you'd like to move. 
[2025.09.01-20.34.30:143][851]PIE: Warning: Mobility of /Game/Cenas/UEDPIE_0_Leonardo.Leonardo:PersistentLevel.Cube : StaticMeshComponent0 has to be 'Movable' if you'd like to move. 
[2025.09.01-20.34.30:152][852]PIE: Warning: Mobility of /Game/Cenas/UEDPIE_0_Leonardo.Leonardo:PersistentLevel.Cube : StaticMeshComponent0 has to be 'Movable' if you'd like to move. 
[2025.09.01-20.34.30:160][853]PIE: Warning: Mobility of /Game/Cenas/UEDPIE_0_Leonardo.Leonardo:PersistentLevel.Cube : StaticMeshComponent0 has to be 'Movable' if you'd like to move. 
[2025.09.01-20.34.30:169][854]PIE: Warning: Mobility of /Game/Cenas/UEDPIE_0_Leonardo.Leonardo:PersistentLevel.Cube : StaticMeshComponent0 has to be 'Movable' if you'd like to move. 
[2025.09.01-20.34.30:177][855]PIE: Warning: Mobility of /Game/Cenas/UEDPIE_0_Leonardo.Leonardo:PersistentLevel.Cube : StaticMeshComponent0 has to be 'Movable' if you'd like to move. 
[2025.09.01-20.34.30:185][856]PIE: Warning: Mobility of /Game/Cenas/UEDPIE_0_Leonardo.Leonardo:PersistentLevel.Cube : StaticMeshComponent0 has to be 'Movable' if you'd like to move. 
[2025.09.01-20.34.30:193][857]PIE: Warning: Mobility of /Game/Cenas/UEDPIE_0_Leonardo.Leonardo:PersistentLevel.Cube : StaticMeshComponent0 has to be 'Movable' if you'd like to move. 
[2025.09.01-20.34.30:202][858]PIE: Warning: Mobility of /Game/Cenas/UEDPIE_0_Leonardo.Leonardo:PersistentLevel.Cube : StaticMeshComponent0 has to be 'Movable' if you'd like to move. 
[2025.09.01-20.34.30:210][859]PIE: Warning: Mobility of /Game/Cenas/UEDPIE_0_Leonardo.Leonardo:PersistentLevel.Cube : StaticMeshComponent0 has to be 'Movable' if you'd like to move. 
[2025.09.01-20.34.30:218][860]PIE: Warning: Mobility of /Game/Cenas/UEDPIE_0_Leonardo.Leonardo:PersistentLevel.Cube : StaticMeshComponent0 has to be 'Movable' if you'd like to move. 
[2025.09.01-20.34.30:227][861]PIE: Warning: Mobility of /Game/Cenas/UEDPIE_0_Leonardo.Leonardo:PersistentLevel.Cube : StaticMeshComponent0 has to be 'Movable' if you'd like to move. 
[2025.09.01-20.34.30:235][862]PIE: Warning: Mobility of /Game/Cenas/UEDPIE_0_Leonardo.Leonardo:PersistentLevel.Cube : StaticMeshComponent0 has to be 'Movable' if you'd like to move. 
[2025.09.01-20.34.30:243][863]PIE: Warning: Mobility of /Game/Cenas/UEDPIE_0_Leonardo.Leonardo:PersistentLevel.Cube : StaticMeshComponent0 has to be 'Movable' if you'd like to move. 
[2025.09.01-20.34.30:252][864]PIE: Warning: Mobility of /Game/Cenas/UEDPIE_0_Leonardo.Leonardo:PersistentLevel.Cube : StaticMeshComponent0 has to be 'Movable' if you'd like to move. 
[2025.09.01-20.34.30:260][865]PIE: Warning: Mobility of /Game/Cenas/UEDPIE_0_Leonardo.Leonardo:PersistentLevel.Cube : StaticMeshComponent0 has to be 'Movable' if you'd like to move. 
[2025.09.01-20.34.30:268][866]PIE: Warning: Mobility of /Game/Cenas/UEDPIE_0_Leonardo.Leonardo:PersistentLevel.Cube : StaticMeshComponent0 has to be 'Movable' if you'd like to move. 
[2025.09.01-20.34.30:277][867]PIE: Warning: Mobility of /Game/Cenas/UEDPIE_0_Leonardo.Leonardo:PersistentLevel.Cube : StaticMeshComponent0 has to be 'Movable' if you'd like to move. 
[2025.09.01-20.34.30:285][868]PIE: Warning: Mobility of /Game/Cenas/UEDPIE_0_Leonardo.Leonardo:PersistentLevel.Cube : StaticMeshComponent0 has to be 'Movable' if you'd like to move. 
[2025.09.01-20.34.30:288][868]PIE: Warning: Mobility of /Game/Cenas/UEDPIE_0_Leonardo.Leonardo:PersistentLevel.Cube : StaticMeshComponent0 has to be 'Movable' if you'd like to move. 
[2025.09.01-20.34.30:293][869]PIE: Warning: Mobility of /Game/Cenas/UEDPIE_0_Leonardo.Leonardo:PersistentLevel.Cube : StaticMeshComponent0 has to be 'Movable' if you'd like to move. 
[2025.09.01-20.34.30:301][870]PIE: Warning: Mobility of /Game/Cenas/UEDPIE_0_Leonardo.Leonardo:PersistentLevel.Cube : StaticMeshComponent0 has to be 'Movable' if you'd like to move. 
[2025.09.01-20.34.30:310][871]PIE: Warning: Mobility of /Game/Cenas/UEDPIE_0_Leonardo.Leonardo:PersistentLevel.Cube : StaticMeshComponent0 has to be 'Movable' if you'd like to move. 
[2025.09.01-20.34.30:318][872]PIE: Warning: Mobility of /Game/Cenas/UEDPIE_0_Leonardo.Leonardo:PersistentLevel.Cube : StaticMeshComponent0 has to be 'Movable' if you'd like to move. 
[2025.09.01-20.34.30:326][873]PIE: Warning: Mobility of /Game/Cenas/UEDPIE_0_Leonardo.Leonardo:PersistentLevel.Cube : StaticMeshComponent0 has to be 'Movable' if you'd like to move. 
[2025.09.01-20.34.30:335][874]PIE: Warning: Mobility of /Game/Cenas/UEDPIE_0_Leonardo.Leonardo:PersistentLevel.Cube : StaticMeshComponent0 has to be 'Movable' if you'd like to move. 
[2025.09.01-20.34.30:343][875]PIE: Warning: Mobility of /Game/Cenas/UEDPIE_0_Leonardo.Leonardo:PersistentLevel.Cube : StaticMeshComponent0 has to be 'Movable' if you'd like to move. 
[2025.09.01-20.34.30:351][876]PIE: Warning: Mobility of /Game/Cenas/UEDPIE_0_Leonardo.Leonardo:PersistentLevel.Cube : StaticMeshComponent0 has to be 'Movable' if you'd like to move. 
[2025.09.01-20.34.30:360][877]PIE: Warning: Mobility of /Game/Cenas/UEDPIE_0_Leonardo.Leonardo:PersistentLevel.Cube : StaticMeshComponent0 has to be 'Movable' if you'd like to move. 
[2025.09.01-20.34.30:368][878]PIE: Warning: Mobility of /Game/Cenas/UEDPIE_0_Leonardo.Leonardo:PersistentLevel.Cube : StaticMeshComponent0 has to be 'Movable' if you'd like to move. 
[2025.09.01-20.34.30:376][879]PIE: Warning: Mobility of /Game/Cenas/UEDPIE_0_Leonardo.Leonardo:PersistentLevel.Cube : StaticMeshComponent0 has to be 'Movable' if you'd like to move. 
[2025.09.01-20.34.30:384][880]PIE: Warning: Mobility of /Game/Cenas/UEDPIE_0_Leonardo.Leonardo:PersistentLevel.Cube : StaticMeshComponent0 has to be 'Movable' if you'd like to move. 
[2025.09.01-20.34.30:393][881]PIE: Warning: Mobility of /Game/Cenas/UEDPIE_0_Leonardo.Leonardo:PersistentLevel.Cube : StaticMeshComponent0 has to be 'Movable' if you'd like to move. 
[2025.09.01-20.34.30:409][883]PIE: Warning: Mobility of /Game/Cenas/UEDPIE_0_Leonardo.Leonardo:PersistentLevel.Cube : StaticMeshComponent0 has to be 'Movable' if you'd like to move. 
[2025.09.01-20.34.30:418][884]PIE: Warning: Mobility of /Game/Cenas/UEDPIE_0_Leonardo.Leonardo:PersistentLevel.Cube : StaticMeshComponent0 has to be 'Movable' if you'd like to move. 
[2025.09.01-20.34.30:426][885]PIE: Warning: Mobility of /Game/Cenas/UEDPIE_0_Leonardo.Leonardo:PersistentLevel.Cube : StaticMeshComponent0 has to be 'Movable' if you'd like to move. 
[2025.09.01-20.34.30:427][885]PIE: Warning: Mobility of /Game/Cenas/UEDPIE_0_Leonardo.Leonardo:PersistentLevel.Cube : StaticMeshComponent0 has to be 'Movable' if you'd like to move. 
[2025.09.01-20.34.30:443][887]PIE: Warning: Mobility of /Game/Cenas/UEDPIE_0_Leonardo.Leonardo:PersistentLevel.Cube : StaticMeshComponent0 has to be 'Movable' if you'd like to move. 
[2025.09.01-20.34.30:451][888]PIE: Warning: Mobility of /Game/Cenas/UEDPIE_0_Leonardo.Leonardo:PersistentLevel.Cube : StaticMeshComponent0 has to be 'Movable' if you'd like to move. 
[2025.09.01-20.34.30:459][889]PIE: Warning: Mobility of /Game/Cenas/UEDPIE_0_Leonardo.Leonardo:PersistentLevel.Cube : StaticMeshComponent0 has to be 'Movable' if you'd like to move. 
[2025.09.01-20.34.30:468][890]PIE: Warning: Mobility of /Game/Cenas/UEDPIE_0_Leonardo.Leonardo:PersistentLevel.Cube : StaticMeshComponent0 has to be 'Movable' if you'd like to move. 
[2025.09.01-20.34.30:476][891]PIE: Warning: Mobility of /Game/Cenas/UEDPIE_0_Leonardo.Leonardo:PersistentLevel.Cube : StaticMeshComponent0 has to be 'Movable' if you'd like to move. 
[2025.09.01-20.34.30:485][892]PIE: Warning: Mobility of /Game/Cenas/UEDPIE_0_Leonardo.Leonardo:PersistentLevel.Cube : StaticMeshComponent0 has to be 'Movable' if you'd like to move. 
[2025.09.01-20.34.30:493][893]PIE: Warning: Mobility of /Game/Cenas/UEDPIE_0_Leonardo.Leonardo:PersistentLevel.Cube : StaticMeshComponent0 has to be 'Movable' if you'd like to move. 
[2025.09.01-20.34.30:502][894]PIE: Warning: Mobility of /Game/Cenas/UEDPIE_0_Leonardo.Leonardo:PersistentLevel.Cube : StaticMeshComponent0 has to be 'Movable' if you'd like to move. 
[2025.09.01-20.34.30:510][895]PIE: Warning: Mobility of /Game/Cenas/UEDPIE_0_Leonardo.Leonardo:PersistentLevel.Cube : StaticMeshComponent0 has to be 'Movable' if you'd like to move. 
[2025.09.01-20.34.30:518][896]PIE: Warning: Mobility of /Game/Cenas/UEDPIE_0_Leonardo.Leonardo:PersistentLevel.Cube : StaticMeshComponent0 has to be 'Movable' if you'd like to move. 
[2025.09.01-20.34.30:527][897]PIE: Warning: Mobility of /Game/Cenas/UEDPIE_0_Leonardo.Leonardo:PersistentLevel.Cube : StaticMeshComponent0 has to be 'Movable' if you'd like to move. 
[2025.09.01-20.34.30:535][898]PIE: Warning: Mobility of /Game/Cenas/UEDPIE_0_Leonardo.Leonardo:PersistentLevel.Cube : StaticMeshComponent0 has to be 'Movable' if you'd like to move. 
[2025.09.01-20.34.30:543][899]PIE: Warning: Mobility of /Game/Cenas/UEDPIE_0_Leonardo.Leonardo:PersistentLevel.Cube : StaticMeshComponent0 has to be 'Movable' if you'd like to move. 
[2025.09.01-20.34.30:552][900]PIE: Warning: Mobility of /Game/Cenas/UEDPIE_0_Leonardo.Leonardo:PersistentLevel.Cube : StaticMeshComponent0 has to be 'Movable' if you'd like to move. 
[2025.09.01-20.34.30:560][901]PIE: Warning: Mobility of /Game/Cenas/UEDPIE_0_Leonardo.Leonardo:PersistentLevel.Cube : StaticMeshComponent0 has to be 'Movable' if you'd like to move. 
[2025.09.01-20.34.30:569][902]PIE: Warning: Mobility of /Game/Cenas/UEDPIE_0_Leonardo.Leonardo:PersistentLevel.Cube : StaticMeshComponent0 has to be 'Movable' if you'd like to move. 
[2025.09.01-20.34.30:577][903]PIE: Warning: Mobility of /Game/Cenas/UEDPIE_0_Leonardo.Leonardo:PersistentLevel.Cube : StaticMeshComponent0 has to be 'Movable' if you'd like to move. 
[2025.09.01-20.34.30:585][904]PIE: Warning: Mobility of /Game/Cenas/UEDPIE_0_Leonardo.Leonardo:PersistentLevel.Cube : StaticMeshComponent0 has to be 'Movable' if you'd like to move. 
[2025.09.01-20.34.30:594][905]PIE: Warning: Mobility of /Game/Cenas/UEDPIE_0_Leonardo.Leonardo:PersistentLevel.Cube : StaticMeshComponent0 has to be 'Movable' if you'd like to move. 
[2025.09.01-20.34.30:602][906]PIE: Warning: Mobility of /Game/Cenas/UEDPIE_0_Leonardo.Leonardo:PersistentLevel.Cube : StaticMeshComponent0 has to be 'Movable' if you'd like to move. 
[2025.09.01-20.34.30:609][907]PIE: Warning: Mobility of /Game/Cenas/UEDPIE_0_Leonardo.Leonardo:PersistentLevel.Cube : StaticMeshComponent0 has to be 'Movable' if you'd like to move. 
[2025.09.01-20.34.30:618][908]PIE: Warning: Mobility of /Game/Cenas/UEDPIE_0_Leonardo.Leonardo:PersistentLevel.Cube : StaticMeshComponent0 has to be 'Movable' if you'd like to move. 
[2025.09.01-20.34.30:626][909]PIE: Warning: Mobility of /Game/Cenas/UEDPIE_0_Leonardo.Leonardo:PersistentLevel.Cube : StaticMeshComponent0 has to be 'Movable' if you'd like to move. 
[2025.09.01-20.34.30:634][910]PIE: Warning: Mobility of /Game/Cenas/UEDPIE_0_Leonardo.Leonardo:PersistentLevel.Cube : StaticMeshComponent0 has to be 'Movable' if you'd like to move. 
[2025.09.01-20.34.30:643][911]PIE: Warning: Mobility of /Game/Cenas/UEDPIE_0_Leonardo.Leonardo:PersistentLevel.Cube : StaticMeshComponent0 has to be 'Movable' if you'd like to move. 
[2025.09.01-20.34.30:651][912]PIE: Warning: Mobility of /Game/Cenas/UEDPIE_0_Leonardo.Leonardo:PersistentLevel.Cube : StaticMeshComponent0 has to be 'Movable' if you'd like to move. 
[2025.09.01-20.34.30:659][913]PIE: Warning: Mobility of /Game/Cenas/UEDPIE_0_Leonardo.Leonardo:PersistentLevel.Cube : StaticMeshComponent0 has to be 'Movable' if you'd like to move. 
[2025.09.01-20.34.30:668][914]PIE: Warning: Mobility of /Game/Cenas/UEDPIE_0_Leonardo.Leonardo:PersistentLevel.Cube : StaticMeshComponent0 has to be 'Movable' if you'd like to move. 
[2025.09.01-20.34.30:676][915]PIE: Warning: Mobility of /Game/Cenas/UEDPIE_0_Leonardo.Leonardo:PersistentLevel.Cube : StaticMeshComponent0 has to be 'Movable' if you'd like to move. 
[2025.09.01-20.34.30:684][916]PIE: Warning: Mobility of /Game/Cenas/UEDPIE_0_Leonardo.Leonardo:PersistentLevel.Cube : StaticMeshComponent0 has to be 'Movable' if you'd like to move. 
[2025.09.01-20.34.30:701][918]PIE: Warning: Mobility of /Game/Cenas/UEDPIE_0_Leonardo.Leonardo:PersistentLevel.Cube : StaticMeshComponent0 has to be 'Movable' if you'd like to move. 
[2025.09.01-20.34.30:718][920]PIE: Warning: Mobility of /Game/Cenas/UEDPIE_0_Leonardo.Leonardo:PersistentLevel.Cube : StaticMeshComponent0 has to be 'Movable' if you'd like to move. 
[2025.09.01-20.34.30:726][921]PIE: Warning: Mobility of /Game/Cenas/UEDPIE_0_Leonardo.Leonardo:PersistentLevel.Cube : StaticMeshComponent0 has to be 'Movable' if you'd like to move. 
[2025.09.01-20.34.30:735][922]PIE: Warning: Mobility of /Game/Cenas/UEDPIE_0_Leonardo.Leonardo:PersistentLevel.Cube : StaticMeshComponent0 has to be 'Movable' if you'd like to move. 
[2025.09.01-20.34.30:743][923]PIE: Warning: Mobility of /Game/Cenas/UEDPIE_0_Leonardo.Leonardo:PersistentLevel.Cube : StaticMeshComponent0 has to be 'Movable' if you'd like to move. 
[2025.09.01-20.34.30:751][924]PIE: Warning: Mobility of /Game/Cenas/UEDPIE_0_Leonardo.Leonardo:PersistentLevel.Cube : StaticMeshComponent0 has to be 'Movable' if you'd like to move. 
[2025.09.01-20.34.30:760][925]PIE: Warning: Mobility of /Game/Cenas/UEDPIE_0_Leonardo.Leonardo:PersistentLevel.Cube : StaticMeshComponent0 has to be 'Movable' if you'd like to move. 
[2025.09.01-20.34.30:768][926]PIE: Warning: Mobility of /Game/Cenas/UEDPIE_0_Leonardo.Leonardo:PersistentLevel.Cube : StaticMeshComponent0 has to be 'Movable' if you'd like to move. 
[2025.09.01-20.34.30:776][927]PIE: Warning: Mobility of /Game/Cenas/UEDPIE_0_Leonardo.Leonardo:PersistentLevel.Cube : StaticMeshComponent0 has to be 'Movable' if you'd like to move. 
[2025.09.01-20.34.30:785][928]PIE: Warning: Mobility of /Game/Cenas/UEDPIE_0_Leonardo.Leonardo:PersistentLevel.Cube : StaticMeshComponent0 has to be 'Movable' if you'd like to move. 
[2025.09.01-20.34.30:788][928]PIE: Warning: Mobility of /Game/Cenas/UEDPIE_0_Leonardo.Leonardo:PersistentLevel.Cube : StaticMeshComponent0 has to be 'Movable' if you'd like to move. 
[2025.09.01-20.34.30:801][930]PIE: Warning: Mobility of /Game/Cenas/UEDPIE_0_Leonardo.Leonardo:PersistentLevel.Cube : StaticMeshComponent0 has to be 'Movable' if you'd like to move. 
[2025.09.01-20.34.30:813][931]PIE: Warning: Mobility of /Game/Cenas/UEDPIE_0_Leonardo.Leonardo:PersistentLevel.Cube : StaticMeshComponent0 has to be 'Movable' if you'd like to move. 
[2025.09.01-20.34.30:821][932]PIE: Warning: Mobility of /Game/Cenas/UEDPIE_0_Leonardo.Leonardo:PersistentLevel.Cube : StaticMeshComponent0 has to be 'Movable' if you'd like to move. 
[2025.09.01-20.34.30:835][934]PIE: Warning: Mobility of /Game/Cenas/UEDPIE_0_Leonardo.Leonardo:PersistentLevel.Cube : StaticMeshComponent0 has to be 'Movable' if you'd like to move. 
[2025.09.01-20.34.30:843][935]PIE: Warning: Mobility of /Game/Cenas/UEDPIE_0_Leonardo.Leonardo:PersistentLevel.Cube : StaticMeshComponent0 has to be 'Movable' if you'd like to move. 
[2025.09.01-20.34.30:852][936]PIE: Warning: Mobility of /Game/Cenas/UEDPIE_0_Leonardo.Leonardo:PersistentLevel.Cube : StaticMeshComponent0 has to be 'Movable' if you'd like to move. 
[2025.09.01-20.34.30:868][938]PIE: Warning: Mobility of /Game/Cenas/UEDPIE_0_Leonardo.Leonardo:PersistentLevel.Cube : StaticMeshComponent0 has to be 'Movable' if you'd like to move. 
[2025.09.01-20.34.30:877][939]PIE: Warning: Mobility of /Game/Cenas/UEDPIE_0_Leonardo.Leonardo:PersistentLevel.Cube : StaticMeshComponent0 has to be 'Movable' if you'd like to move. 
[2025.09.01-20.34.30:885][940]PIE: Warning: Mobility of /Game/Cenas/UEDPIE_0_Leonardo.Leonardo:PersistentLevel.Cube : StaticMeshComponent0 has to be 'Movable' if you'd like to move. 
[2025.09.01-20.34.30:893][941]PIE: Warning: Mobility of /Game/Cenas/UEDPIE_0_Leonardo.Leonardo:PersistentLevel.Cube : StaticMeshComponent0 has to be 'Movable' if you'd like to move. 
[2025.09.01-20.34.30:902][942]PIE: Warning: Mobility of /Game/Cenas/UEDPIE_0_Leonardo.Leonardo:PersistentLevel.Cube : StaticMeshComponent0 has to be 'Movable' if you'd like to move. 
[2025.09.01-20.34.30:910][943]PIE: Warning: Mobility of /Game/Cenas/UEDPIE_0_Leonardo.Leonardo:PersistentLevel.Cube : StaticMeshComponent0 has to be 'Movable' if you'd like to move. 
[2025.09.01-20.34.30:919][944]PIE: Warning: Mobility of /Game/Cenas/UEDPIE_0_Leonardo.Leonardo:PersistentLevel.Cube : StaticMeshComponent0 has to be 'Movable' if you'd like to move. 
[2025.09.01-20.34.30:927][945]PIE: Warning: Mobility of /Game/Cenas/UEDPIE_0_Leonardo.Leonardo:PersistentLevel.Cube : StaticMeshComponent0 has to be 'Movable' if you'd like to move. 
[2025.09.01-20.34.30:935][946]PIE: Warning: Mobility of /Game/Cenas/UEDPIE_0_Leonardo.Leonardo:PersistentLevel.Cube : StaticMeshComponent0 has to be 'Movable' if you'd like to move. 
[2025.09.01-20.34.30:938][946]PIE: Warning: Mobility of /Game/Cenas/UEDPIE_0_Leonardo.Leonardo:PersistentLevel.Cube : StaticMeshComponent0 has to be 'Movable' if you'd like to move. 
[2025.09.01-20.34.30:951][948]PIE: Warning: Mobility of /Game/Cenas/UEDPIE_0_Leonardo.Leonardo:PersistentLevel.Cube : StaticMeshComponent0 has to be 'Movable' if you'd like to move. 
[2025.09.01-20.34.30:959][949]PIE: Warning: Mobility of /Game/Cenas/UEDPIE_0_Leonardo.Leonardo:PersistentLevel.Cube : StaticMeshComponent0 has to be 'Movable' if you'd like to move. 
[2025.09.01-20.34.30:963][949]PIE: Warning: Mobility of /Game/Cenas/UEDPIE_0_Leonardo.Leonardo:PersistentLevel.Cube : StaticMeshComponent0 has to be 'Movable' if you'd like to move. 
[2025.09.01-20.34.30:970][950]PIE: Warning: Mobility of /Game/Cenas/UEDPIE_0_Leonardo.Leonardo:PersistentLevel.Cube : StaticMeshComponent0 has to be 'Movable' if you'd like to move. 
[2025.09.01-20.34.30:984][952]PIE: Warning: Mobility of /Game/Cenas/UEDPIE_0_Leonardo.Leonardo:PersistentLevel.Cube : StaticMeshComponent0 has to be 'Movable' if you'd like to move. 
[2025.09.01-20.34.30:993][953]PIE: Warning: Mobility of /Game/Cenas/UEDPIE_0_Leonardo.Leonardo:PersistentLevel.Cube : StaticMeshComponent0 has to be 'Movable' if you'd like to move. 
[2025.09.01-20.34.31:001][954]PIE: Warning: Mobility of /Game/Cenas/UEDPIE_0_Leonardo.Leonardo:PersistentLevel.Cube : StaticMeshComponent0 has to be 'Movable' if you'd like to move. 
[2025.09.01-20.34.31:009][955]PIE: Warning: Mobility of /Game/Cenas/UEDPIE_0_Leonardo.Leonardo:PersistentLevel.Cube : StaticMeshComponent0 has to be 'Movable' if you'd like to move. 
[2025.09.01-20.34.31:020][956]PIE: Warning: Mobility of /Game/Cenas/UEDPIE_0_Leonardo.Leonardo:PersistentLevel.Cube : StaticMeshComponent0 has to be 'Movable' if you'd like to move. 
[2025.09.01-20.34.31:035][958]PIE: Warning: Mobility of /Game/Cenas/UEDPIE_0_Leonardo.Leonardo:PersistentLevel.Cube : StaticMeshComponent0 has to be 'Movable' if you'd like to move. 
[2025.09.01-20.34.31:068][962]PIE: Warning: Mobility of /Game/Cenas/UEDPIE_0_Leonardo.Leonardo:PersistentLevel.Cube : StaticMeshComponent0 has to be 'Movable' if you'd like to move. 
[2025.09.01-20.34.31:076][963]PIE: Warning: Mobility of /Game/Cenas/UEDPIE_0_Leonardo.Leonardo:PersistentLevel.Cube : StaticMeshComponent0 has to be 'Movable' if you'd like to move. 
[2025.09.01-20.34.31:084][964]PIE: Warning: Mobility of /Game/Cenas/UEDPIE_0_Leonardo.Leonardo:PersistentLevel.Cube : StaticMeshComponent0 has to be 'Movable' if you'd like to move. 
[2025.09.01-20.34.31:093][965]PIE: Warning: Mobility of /Game/Cenas/UEDPIE_0_Leonardo.Leonardo:PersistentLevel.Cube : StaticMeshComponent0 has to be 'Movable' if you'd like to move. 
[2025.09.01-20.34.31:096][965]PIE: Warning: Mobility of /Game/Cenas/UEDPIE_0_Leonardo.Leonardo:PersistentLevel.Cube : StaticMeshComponent0 has to be 'Movable' if you'd like to move. 
[2025.09.01-20.34.31:109][967]PIE: Warning: Mobility of /Game/Cenas/UEDPIE_0_Leonardo.Leonardo:PersistentLevel.Cube : StaticMeshComponent0 has to be 'Movable' if you'd like to move. 
[2025.09.01-20.34.31:113][967]PIE: Warning: Mobility of /Game/Cenas/UEDPIE_0_Leonardo.Leonardo:PersistentLevel.Cube : StaticMeshComponent0 has to be 'Movable' if you'd like to move. 
[2025.09.01-20.34.31:120][968]PIE: Warning: Mobility of /Game/Cenas/UEDPIE_0_Leonardo.Leonardo:PersistentLevel.Cube : StaticMeshComponent0 has to be 'Movable' if you'd like to move. 
[2025.09.01-20.34.31:134][970]PIE: Warning: Mobility of /Game/Cenas/UEDPIE_0_Leonardo.Leonardo:PersistentLevel.Cube : StaticMeshComponent0 has to be 'Movable' if you'd like to move. 
[2025.09.01-20.34.31:143][971]PIE: Warning: Mobility of /Game/Cenas/UEDPIE_0_Leonardo.Leonardo:PersistentLevel.Cube : StaticMeshComponent0 has to be 'Movable' if you'd like to move. 
[2025.09.01-20.34.31:148][971]LogActorFactory: Actor Factory created Cube
[2025.09.01-20.34.32:912][165]LogEditorViewport: Clicking on Actor (LMB): StaticMeshActor (Wall_Door_400x304)
[2025.09.01-20.34.33:744][254]LogEditorViewport: Clicking on Actor (LMB): StaticMeshActor (Cube)
[2025.09.01-20.34.34:707][357]PIE: Warning: Mobility of /Game/Cenas/UEDPIE_0_Leonardo.Leonardo:PersistentLevel.Cube_2 : StaticMeshComponent0 has to be 'Movable' if you'd like to move. 
[2025.09.01-20.34.34:707][357]PIE: Warning: Mobility of /Game/Cenas/UEDPIE_0_Leonardo.Leonardo:PersistentLevel.Cube_2 : StaticMeshComponent0 has to be 'Movable' if you'd like to move. 
[2025.09.01-20.34.34:715][358]PIE: Warning: Mobility of /Game/Cenas/UEDPIE_0_Leonardo.Leonardo:PersistentLevel.Cube_2 : StaticMeshComponent0 has to be 'Movable' if you'd like to move. 
[2025.09.01-20.34.34:715][358]PIE: Warning: Mobility of /Game/Cenas/UEDPIE_0_Leonardo.Leonardo:PersistentLevel.Cube_2 : StaticMeshComponent0 has to be 'Movable' if you'd like to move. 
[2025.09.01-20.34.34:723][359]PIE: Warning: Mobility of /Game/Cenas/UEDPIE_0_Leonardo.Leonardo:PersistentLevel.Cube_2 : StaticMeshComponent0 has to be 'Movable' if you'd like to move. 
[2025.09.01-20.34.34:723][359]PIE: Warning: Mobility of /Game/Cenas/UEDPIE_0_Leonardo.Leonardo:PersistentLevel.Cube_2 : StaticMeshComponent0 has to be 'Movable' if you'd like to move. 
[2025.09.01-20.34.34:740][361]PIE: Warning: Mobility of /Game/Cenas/UEDPIE_0_Leonardo.Leonardo:PersistentLevel.Cube_2 : StaticMeshComponent0 has to be 'Movable' if you'd like to move. 
[2025.09.01-20.34.34:740][361]PIE: Warning: Mobility of /Game/Cenas/UEDPIE_0_Leonardo.Leonardo:PersistentLevel.Cube_2 : StaticMeshComponent0 has to be 'Movable' if you'd like to move. 
[2025.09.01-20.34.34:748][362]PIE: Warning: Mobility of /Game/Cenas/UEDPIE_0_Leonardo.Leonardo:PersistentLevel.Cube_2 : StaticMeshComponent0 has to be 'Movable' if you'd like to move. 
[2025.09.01-20.34.34:748][362]PIE: Warning: Mobility of /Game/Cenas/UEDPIE_0_Leonardo.Leonardo:PersistentLevel.Cube_2 : StaticMeshComponent0 has to be 'Movable' if you'd like to move. 
[2025.09.01-20.34.34:757][363]PIE: Warning: Mobility of /Game/Cenas/UEDPIE_0_Leonardo.Leonardo:PersistentLevel.Cube_2 : StaticMeshComponent0 has to be 'Movable' if you'd like to move. 
[2025.09.01-20.34.34:757][363]PIE: Warning: Mobility of /Game/Cenas/UEDPIE_0_Leonardo.Leonardo:PersistentLevel.Cube_2 : StaticMeshComponent0 has to be 'Movable' if you'd like to move. 
[2025.09.01-20.34.34:765][364]PIE: Warning: Mobility of /Game/Cenas/UEDPIE_0_Leonardo.Leonardo:PersistentLevel.Cube_2 : StaticMeshComponent0 has to be 'Movable' if you'd like to move. 
[2025.09.01-20.34.34:765][364]PIE: Warning: Mobility of /Game/Cenas/UEDPIE_0_Leonardo.Leonardo:PersistentLevel.Cube_2 : StaticMeshComponent0 has to be 'Movable' if you'd like to move. 
[2025.09.01-20.34.34:773][365]PIE: Warning: Mobility of /Game/Cenas/UEDPIE_0_Leonardo.Leonardo:PersistentLevel.Cube_2 : StaticMeshComponent0 has to be 'Movable' if you'd like to move. 
[2025.09.01-20.34.34:773][365]PIE: Warning: Mobility of /Game/Cenas/UEDPIE_0_Leonardo.Leonardo:PersistentLevel.Cube_2 : StaticMeshComponent0 has to be 'Movable' if you'd like to move. 
[2025.09.01-20.34.34:782][366]PIE: Warning: Mobility of /Game/Cenas/UEDPIE_0_Leonardo.Leonardo:PersistentLevel.Cube_2 : StaticMeshComponent0 has to be 'Movable' if you'd like to move. 
[2025.09.01-20.34.34:782][366]PIE: Warning: Mobility of /Game/Cenas/UEDPIE_0_Leonardo.Leonardo:PersistentLevel.Cube_2 : StaticMeshComponent0 has to be 'Movable' if you'd like to move. 
[2025.09.01-20.34.34:790][367]PIE: Warning: Mobility of /Game/Cenas/UEDPIE_0_Leonardo.Leonardo:PersistentLevel.Cube_2 : StaticMeshComponent0 has to be 'Movable' if you'd like to move. 
[2025.09.01-20.34.34:790][367]PIE: Warning: Mobility of /Game/Cenas/UEDPIE_0_Leonardo.Leonardo:PersistentLevel.Cube_2 : StaticMeshComponent0 has to be 'Movable' if you'd like to move. 
[2025.09.01-20.34.34:798][368]PIE: Warning: Mobility of /Game/Cenas/UEDPIE_0_Leonardo.Leonardo:PersistentLevel.Cube_2 : StaticMeshComponent0 has to be 'Movable' if you'd like to move. 
[2025.09.01-20.34.34:799][368]PIE: Warning: Mobility of /Game/Cenas/UEDPIE_0_Leonardo.Leonardo:PersistentLevel.Cube_2 : StaticMeshComponent0 has to be 'Movable' if you'd like to move. 
[2025.09.01-20.34.34:807][369]PIE: Warning: Mobility of /Game/Cenas/UEDPIE_0_Leonardo.Leonardo:PersistentLevel.Cube_2 : StaticMeshComponent0 has to be 'Movable' if you'd like to move. 
[2025.09.01-20.34.34:807][369]PIE: Warning: Mobility of /Game/Cenas/UEDPIE_0_Leonardo.Leonardo:PersistentLevel.Cube_2 : StaticMeshComponent0 has to be 'Movable' if you'd like to move. 
[2025.09.01-20.34.34:815][370]PIE: Warning: Mobility of /Game/Cenas/UEDPIE_0_Leonardo.Leonardo:PersistentLevel.Cube_2 : StaticMeshComponent0 has to be 'Movable' if you'd like to move. 
[2025.09.01-20.34.34:815][370]PIE: Warning: Mobility of /Game/Cenas/UEDPIE_0_Leonardo.Leonardo:PersistentLevel.Cube_2 : StaticMeshComponent0 has to be 'Movable' if you'd like to move. 
[2025.09.01-20.34.34:824][371]PIE: Warning: Mobility of /Game/Cenas/UEDPIE_0_Leonardo.Leonardo:PersistentLevel.Cube_2 : StaticMeshComponent0 has to be 'Movable' if you'd like to move. 
[2025.09.01-20.34.34:824][371]PIE: Warning: Mobility of /Game/Cenas/UEDPIE_0_Leonardo.Leonardo:PersistentLevel.Cube_2 : StaticMeshComponent0 has to be 'Movable' if you'd like to move. 
[2025.09.01-20.34.34:832][372]PIE: Warning: Mobility of /Game/Cenas/UEDPIE_0_Leonardo.Leonardo:PersistentLevel.Cube_2 : StaticMeshComponent0 has to be 'Movable' if you'd like to move. 
[2025.09.01-20.34.34:832][372]PIE: Warning: Mobility of /Game/Cenas/UEDPIE_0_Leonardo.Leonardo:PersistentLevel.Cube_2 : StaticMeshComponent0 has to be 'Movable' if you'd like to move. 
[2025.09.01-20.34.34:840][373]PIE: Warning: Mobility of /Game/Cenas/UEDPIE_0_Leonardo.Leonardo:PersistentLevel.Cube_2 : StaticMeshComponent0 has to be 'Movable' if you'd like to move. 
[2025.09.01-20.34.34:840][373]PIE: Warning: Mobility of /Game/Cenas/UEDPIE_0_Leonardo.Leonardo:PersistentLevel.Cube_2 : StaticMeshComponent0 has to be 'Movable' if you'd like to move. 
[2025.09.01-20.34.34:849][374]PIE: Warning: Mobility of /Game/Cenas/UEDPIE_0_Leonardo.Leonardo:PersistentLevel.Cube_2 : StaticMeshComponent0 has to be 'Movable' if you'd like to move. 
[2025.09.01-20.34.34:849][374]PIE: Warning: Mobility of /Game/Cenas/UEDPIE_0_Leonardo.Leonardo:PersistentLevel.Cube_2 : StaticMeshComponent0 has to be 'Movable' if you'd like to move. 
[2025.09.01-20.34.34:857][375]PIE: Warning: Mobility of /Game/Cenas/UEDPIE_0_Leonardo.Leonardo:PersistentLevel.Cube_2 : StaticMeshComponent0 has to be 'Movable' if you'd like to move. 
[2025.09.01-20.34.34:857][375]PIE: Warning: Mobility of /Game/Cenas/UEDPIE_0_Leonardo.Leonardo:PersistentLevel.Cube_2 : StaticMeshComponent0 has to be 'Movable' if you'd like to move. 
[2025.09.01-20.34.34:865][376]PIE: Warning: Mobility of /Game/Cenas/UEDPIE_0_Leonardo.Leonardo:PersistentLevel.Cube_2 : StaticMeshComponent0 has to be 'Movable' if you'd like to move. 
[2025.09.01-20.34.34:865][376]PIE: Warning: Mobility of /Game/Cenas/UEDPIE_0_Leonardo.Leonardo:PersistentLevel.Cube_2 : StaticMeshComponent0 has to be 'Movable' if you'd like to move. 
[2025.09.01-20.34.34:874][377]PIE: Warning: Mobility of /Game/Cenas/UEDPIE_0_Leonardo.Leonardo:PersistentLevel.Cube_2 : StaticMeshComponent0 has to be 'Movable' if you'd like to move. 
[2025.09.01-20.34.34:874][377]PIE: Warning: Mobility of /Game/Cenas/UEDPIE_0_Leonardo.Leonardo:PersistentLevel.Cube_2 : StaticMeshComponent0 has to be 'Movable' if you'd like to move. 
[2025.09.01-20.34.34:882][378]PIE: Warning: Mobility of /Game/Cenas/UEDPIE_0_Leonardo.Leonardo:PersistentLevel.Cube_2 : StaticMeshComponent0 has to be 'Movable' if you'd like to move. 
[2025.09.01-20.34.34:882][378]PIE: Warning: Mobility of /Game/Cenas/UEDPIE_0_Leonardo.Leonardo:PersistentLevel.Cube_2 : StaticMeshComponent0 has to be 'Movable' if you'd like to move. 
[2025.09.01-20.34.34:890][379]PIE: Warning: Mobility of /Game/Cenas/UEDPIE_0_Leonardo.Leonardo:PersistentLevel.Cube_2 : StaticMeshComponent0 has to be 'Movable' if you'd like to move. 
[2025.09.01-20.34.34:890][379]PIE: Warning: Mobility of /Game/Cenas/UEDPIE_0_Leonardo.Leonardo:PersistentLevel.Cube_2 : StaticMeshComponent0 has to be 'Movable' if you'd like to move. 
[2025.09.01-20.34.34:907][381]PIE: Warning: Mobility of /Game/Cenas/UEDPIE_0_Leonardo.Leonardo:PersistentLevel.Cube_2 : StaticMeshComponent0 has to be 'Movable' if you'd like to move. 
[2025.09.01-20.34.34:907][381]PIE: Warning: Mobility of /Game/Cenas/UEDPIE_0_Leonardo.Leonardo:PersistentLevel.Cube_2 : StaticMeshComponent0 has to be 'Movable' if you'd like to move. 
[2025.09.01-20.34.34:924][383]PIE: Warning: Mobility of /Game/Cenas/UEDPIE_0_Leonardo.Leonardo:PersistentLevel.Cube_2 : StaticMeshComponent0 has to be 'Movable' if you'd like to move. 
[2025.09.01-20.34.34:924][383]PIE: Warning: Mobility of /Game/Cenas/UEDPIE_0_Leonardo.Leonardo:PersistentLevel.Cube_2 : StaticMeshComponent0 has to be 'Movable' if you'd like to move. 
[2025.09.01-20.34.34:949][386]PIE: Warning: Mobility of /Game/Cenas/UEDPIE_0_Leonardo.Leonardo:PersistentLevel.Cube_2 : StaticMeshComponent0 has to be 'Movable' if you'd like to move. 
[2025.09.01-20.34.34:949][386]PIE: Warning: Mobility of /Game/Cenas/UEDPIE_0_Leonardo.Leonardo:PersistentLevel.Cube_2 : StaticMeshComponent0 has to be 'Movable' if you'd like to move. 
[2025.09.01-20.34.34:966][388]PIE: Warning: Mobility of /Game/Cenas/UEDPIE_0_Leonardo.Leonardo:PersistentLevel.Cube_2 : StaticMeshComponent0 has to be 'Movable' if you'd like to move. 
[2025.09.01-20.34.34:966][388]PIE: Warning: Mobility of /Game/Cenas/UEDPIE_0_Leonardo.Leonardo:PersistentLevel.Cube_2 : StaticMeshComponent0 has to be 'Movable' if you'd like to move. 
[2025.09.01-20.34.34:974][389]PIE: Warning: Mobility of /Game/Cenas/UEDPIE_0_Leonardo.Leonardo:PersistentLevel.Cube_2 : StaticMeshComponent0 has to be 'Movable' if you'd like to move. 
[2025.09.01-20.34.34:974][389]PIE: Warning: Mobility of /Game/Cenas/UEDPIE_0_Leonardo.Leonardo:PersistentLevel.Cube_2 : StaticMeshComponent0 has to be 'Movable' if you'd like to move. 
[2025.09.01-20.34.34:991][391]PIE: Warning: Mobility of /Game/Cenas/UEDPIE_0_Leonardo.Leonardo:PersistentLevel.Cube_2 : StaticMeshComponent0 has to be 'Movable' if you'd like to move. 
[2025.09.01-20.34.34:991][391]PIE: Warning: Mobility of /Game/Cenas/UEDPIE_0_Leonardo.Leonardo:PersistentLevel.Cube_2 : StaticMeshComponent0 has to be 'Movable' if you'd like to move. 
[2025.09.01-20.34.34:999][392]PIE: Warning: Mobility of /Game/Cenas/UEDPIE_0_Leonardo.Leonardo:PersistentLevel.Cube_2 : StaticMeshComponent0 has to be 'Movable' if you'd like to move. 
[2025.09.01-20.34.34:999][392]PIE: Warning: Mobility of /Game/Cenas/UEDPIE_0_Leonardo.Leonardo:PersistentLevel.Cube_2 : StaticMeshComponent0 has to be 'Movable' if you'd like to move. 
[2025.09.01-20.34.35:006][393]PIE: Warning: Mobility of /Game/Cenas/UEDPIE_0_Leonardo.Leonardo:PersistentLevel.Cube_2 : StaticMeshComponent0 has to be 'Movable' if you'd like to move. 
[2025.09.01-20.34.35:006][393]PIE: Warning: Mobility of /Game/Cenas/UEDPIE_0_Leonardo.Leonardo:PersistentLevel.Cube_2 : StaticMeshComponent0 has to be 'Movable' if you'd like to move. 
[2025.09.01-20.34.35:015][394]PIE: Warning: Mobility of /Game/Cenas/UEDPIE_0_Leonardo.Leonardo:PersistentLevel.Cube_2 : StaticMeshComponent0 has to be 'Movable' if you'd like to move. 
[2025.09.01-20.34.35:015][394]PIE: Warning: Mobility of /Game/Cenas/UEDPIE_0_Leonardo.Leonardo:PersistentLevel.Cube_2 : StaticMeshComponent0 has to be 'Movable' if you'd like to move. 
[2025.09.01-20.34.35:023][395]PIE: Warning: Mobility of /Game/Cenas/UEDPIE_0_Leonardo.Leonardo:PersistentLevel.Cube_2 : StaticMeshComponent0 has to be 'Movable' if you'd like to move. 
[2025.09.01-20.34.35:023][395]PIE: Warning: Mobility of /Game/Cenas/UEDPIE_0_Leonardo.Leonardo:PersistentLevel.Cube_2 : StaticMeshComponent0 has to be 'Movable' if you'd like to move. 
[2025.09.01-20.34.35:040][397]PIE: Warning: Mobility of /Game/Cenas/UEDPIE_0_Leonardo.Leonardo:PersistentLevel.Cube_2 : StaticMeshComponent0 has to be 'Movable' if you'd like to move. 
[2025.09.01-20.34.35:040][397]PIE: Warning: Mobility of /Game/Cenas/UEDPIE_0_Leonardo.Leonardo:PersistentLevel.Cube_2 : StaticMeshComponent0 has to be 'Movable' if you'd like to move. 
[2025.09.01-20.34.35:048][398]PIE: Warning: Mobility of /Game/Cenas/UEDPIE_0_Leonardo.Leonardo:PersistentLevel.Cube_2 : StaticMeshComponent0 has to be 'Movable' if you'd like to move. 
[2025.09.01-20.34.35:048][398]PIE: Warning: Mobility of /Game/Cenas/UEDPIE_0_Leonardo.Leonardo:PersistentLevel.Cube_2 : StaticMeshComponent0 has to be 'Movable' if you'd like to move. 
[2025.09.01-20.34.35:082][402]PIE: Warning: Mobility of /Game/Cenas/UEDPIE_0_Leonardo.Leonardo:PersistentLevel.Cube_2 : StaticMeshComponent0 has to be 'Movable' if you'd like to move. 
[2025.09.01-20.34.35:082][402]PIE: Warning: Mobility of /Game/Cenas/UEDPIE_0_Leonardo.Leonardo:PersistentLevel.Cube_2 : StaticMeshComponent0 has to be 'Movable' if you'd like to move. 
[2025.09.01-20.34.36:383][546]PIE: Warning: Mobility of /Game/Cenas/UEDPIE_0_Leonardo.Leonardo:PersistentLevel.Cube_2 : StaticMeshComponent0 has to be 'Movable' if you'd like to move. 
[2025.09.01-20.34.36:383][546]PIE: Warning: Mobility of /Game/Cenas/UEDPIE_0_Leonardo.Leonardo:PersistentLevel.Cube_2 : StaticMeshComponent0 has to be 'Movable' if you'd like to move. 
[2025.09.01-20.34.36:391][547]PIE: Warning: Mobility of /Game/Cenas/UEDPIE_0_Leonardo.Leonardo:PersistentLevel.Cube_2 : StaticMeshComponent0 has to be 'Movable' if you'd like to move. 
[2025.09.01-20.34.36:391][547]PIE: Warning: Mobility of /Game/Cenas/UEDPIE_0_Leonardo.Leonardo:PersistentLevel.Cube_2 : StaticMeshComponent0 has to be 'Movable' if you'd like to move. 
[2025.09.01-20.34.36:400][548]PIE: Warning: Mobility of /Game/Cenas/UEDPIE_0_Leonardo.Leonardo:PersistentLevel.Cube_2 : StaticMeshComponent0 has to be 'Movable' if you'd like to move. 
[2025.09.01-20.34.36:400][548]PIE: Warning: Mobility of /Game/Cenas/UEDPIE_0_Leonardo.Leonardo:PersistentLevel.Cube_2 : StaticMeshComponent0 has to be 'Movable' if you'd like to move. 
[2025.09.01-20.34.36:408][549]PIE: Warning: Mobility of /Game/Cenas/UEDPIE_0_Leonardo.Leonardo:PersistentLevel.Cube_2 : StaticMeshComponent0 has to be 'Movable' if you'd like to move. 
[2025.09.01-20.34.36:408][549]PIE: Warning: Mobility of /Game/Cenas/UEDPIE_0_Leonardo.Leonardo:PersistentLevel.Cube_2 : StaticMeshComponent0 has to be 'Movable' if you'd like to move. 
[2025.09.01-20.34.36:416][550]PIE: Warning: Mobility of /Game/Cenas/UEDPIE_0_Leonardo.Leonardo:PersistentLevel.Cube_2 : StaticMeshComponent0 has to be 'Movable' if you'd like to move. 
[2025.09.01-20.34.36:417][550]PIE: Warning: Mobility of /Game/Cenas/UEDPIE_0_Leonardo.Leonardo:PersistentLevel.Cube_2 : StaticMeshComponent0 has to be 'Movable' if you'd like to move. 
[2025.09.01-20.34.36:425][551]PIE: Warning: Mobility of /Game/Cenas/UEDPIE_0_Leonardo.Leonardo:PersistentLevel.Cube_2 : StaticMeshComponent0 has to be 'Movable' if you'd like to move. 
[2025.09.01-20.34.36:425][551]PIE: Warning: Mobility of /Game/Cenas/UEDPIE_0_Leonardo.Leonardo:PersistentLevel.Cube_2 : StaticMeshComponent0 has to be 'Movable' if you'd like to move. 
[2025.09.01-20.34.36:433][552]PIE: Warning: Mobility of /Game/Cenas/UEDPIE_0_Leonardo.Leonardo:PersistentLevel.Cube_2 : StaticMeshComponent0 has to be 'Movable' if you'd like to move. 
[2025.09.01-20.34.36:433][552]PIE: Warning: Mobility of /Game/Cenas/UEDPIE_0_Leonardo.Leonardo:PersistentLevel.Cube_2 : StaticMeshComponent0 has to be 'Movable' if you'd like to move. 
[2025.09.01-20.34.36:441][553]PIE: Warning: Mobility of /Game/Cenas/UEDPIE_0_Leonardo.Leonardo:PersistentLevel.Cube_2 : StaticMeshComponent0 has to be 'Movable' if you'd like to move. 
[2025.09.01-20.34.36:441][553]PIE: Warning: Mobility of /Game/Cenas/UEDPIE_0_Leonardo.Leonardo:PersistentLevel.Cube_2 : StaticMeshComponent0 has to be 'Movable' if you'd like to move. 
[2025.09.01-20.34.36:449][554]PIE: Warning: Mobility of /Game/Cenas/UEDPIE_0_Leonardo.Leonardo:PersistentLevel.Cube_2 : StaticMeshComponent0 has to be 'Movable' if you'd like to move. 
[2025.09.01-20.34.36:449][554]PIE: Warning: Mobility of /Game/Cenas/UEDPIE_0_Leonardo.Leonardo:PersistentLevel.Cube_2 : StaticMeshComponent0 has to be 'Movable' if you'd like to move. 
[2025.09.01-20.34.36:458][555]PIE: Warning: Mobility of /Game/Cenas/UEDPIE_0_Leonardo.Leonardo:PersistentLevel.Cube_2 : StaticMeshComponent0 has to be 'Movable' if you'd like to move. 
[2025.09.01-20.34.36:458][555]PIE: Warning: Mobility of /Game/Cenas/UEDPIE_0_Leonardo.Leonardo:PersistentLevel.Cube_2 : StaticMeshComponent0 has to be 'Movable' if you'd like to move. 
[2025.09.01-20.34.36:466][556]PIE: Warning: Mobility of /Game/Cenas/UEDPIE_0_Leonardo.Leonardo:PersistentLevel.Cube_2 : StaticMeshComponent0 has to be 'Movable' if you'd like to move. 
[2025.09.01-20.34.36:466][556]PIE: Warning: Mobility of /Game/Cenas/UEDPIE_0_Leonardo.Leonardo:PersistentLevel.Cube_2 : StaticMeshComponent0 has to be 'Movable' if you'd like to move. 
[2025.09.01-20.34.36:475][557]PIE: Warning: Mobility of /Game/Cenas/UEDPIE_0_Leonardo.Leonardo:PersistentLevel.Cube_2 : StaticMeshComponent0 has to be 'Movable' if you'd like to move. 
[2025.09.01-20.34.36:475][557]PIE: Warning: Mobility of /Game/Cenas/UEDPIE_0_Leonardo.Leonardo:PersistentLevel.Cube_2 : StaticMeshComponent0 has to be 'Movable' if you'd like to move. 
[2025.09.01-20.34.36:483][558]PIE: Warning: Mobility of /Game/Cenas/UEDPIE_0_Leonardo.Leonardo:PersistentLevel.Cube_2 : StaticMeshComponent0 has to be 'Movable' if you'd like to move. 
[2025.09.01-20.34.36:483][558]PIE: Warning: Mobility of /Game/Cenas/UEDPIE_0_Leonardo.Leonardo:PersistentLevel.Cube_2 : StaticMeshComponent0 has to be 'Movable' if you'd like to move. 
[2025.09.01-20.34.36:491][559]PIE: Warning: Mobility of /Game/Cenas/UEDPIE_0_Leonardo.Leonardo:PersistentLevel.Cube_2 : StaticMeshComponent0 has to be 'Movable' if you'd like to move. 
[2025.09.01-20.34.36:491][559]PIE: Warning: Mobility of /Game/Cenas/UEDPIE_0_Leonardo.Leonardo:PersistentLevel.Cube_2 : StaticMeshComponent0 has to be 'Movable' if you'd like to move. 
[2025.09.01-20.34.36:508][561]PIE: Warning: Mobility of /Game/Cenas/UEDPIE_0_Leonardo.Leonardo:PersistentLevel.Cube_2 : StaticMeshComponent0 has to be 'Movable' if you'd like to move. 
[2025.09.01-20.34.36:508][561]PIE: Warning: Mobility of /Game/Cenas/UEDPIE_0_Leonardo.Leonardo:PersistentLevel.Cube_2 : StaticMeshComponent0 has to be 'Movable' if you'd like to move. 
[2025.09.01-20.34.36:516][562]PIE: Warning: Mobility of /Game/Cenas/UEDPIE_0_Leonardo.Leonardo:PersistentLevel.Cube_2 : StaticMeshComponent0 has to be 'Movable' if you'd like to move. 
[2025.09.01-20.34.36:516][562]PIE: Warning: Mobility of /Game/Cenas/UEDPIE_0_Leonardo.Leonardo:PersistentLevel.Cube_2 : StaticMeshComponent0 has to be 'Movable' if you'd like to move. 
[2025.09.01-20.34.36:533][564]PIE: Warning: Mobility of /Game/Cenas/UEDPIE_0_Leonardo.Leonardo:PersistentLevel.Cube_2 : StaticMeshComponent0 has to be 'Movable' if you'd like to move. 
[2025.09.01-20.34.36:533][564]PIE: Warning: Mobility of /Game/Cenas/UEDPIE_0_Leonardo.Leonardo:PersistentLevel.Cube_2 : StaticMeshComponent0 has to be 'Movable' if you'd like to move. 
[2025.09.01-20.34.36:558][567]PIE: Warning: Mobility of /Game/Cenas/UEDPIE_0_Leonardo.Leonardo:PersistentLevel.Cube_2 : StaticMeshComponent0 has to be 'Movable' if you'd like to move. 
[2025.09.01-20.34.36:558][567]PIE: Warning: Mobility of /Game/Cenas/UEDPIE_0_Leonardo.Leonardo:PersistentLevel.Cube_2 : StaticMeshComponent0 has to be 'Movable' if you'd like to move. 
[2025.09.01-20.34.36:591][571]PIE: Warning: Mobility of /Game/Cenas/UEDPIE_0_Leonardo.Leonardo:PersistentLevel.Cube_2 : StaticMeshComponent0 has to be 'Movable' if you'd like to move. 
[2025.09.01-20.34.36:591][571]PIE: Warning: Mobility of /Game/Cenas/UEDPIE_0_Leonardo.Leonardo:PersistentLevel.Cube_2 : StaticMeshComponent0 has to be 'Movable' if you'd like to move. 
[2025.09.01-20.34.36:625][575]PIE: Warning: Mobility of /Game/Cenas/UEDPIE_0_Leonardo.Leonardo:PersistentLevel.Cube_2 : StaticMeshComponent0 has to be 'Movable' if you'd like to move. 
[2025.09.01-20.34.36:625][575]PIE: Warning: Mobility of /Game/Cenas/UEDPIE_0_Leonardo.Leonardo:PersistentLevel.Cube_2 : StaticMeshComponent0 has to be 'Movable' if you'd like to move. 
[2025.09.01-20.34.36:650][578]PIE: Warning: Mobility of /Game/Cenas/UEDPIE_0_Leonardo.Leonardo:PersistentLevel.Cube_2 : StaticMeshComponent0 has to be 'Movable' if you'd like to move. 
[2025.09.01-20.34.36:650][578]PIE: Warning: Mobility of /Game/Cenas/UEDPIE_0_Leonardo.Leonardo:PersistentLevel.Cube_2 : StaticMeshComponent0 has to be 'Movable' if you'd like to move. 
[2025.09.01-20.34.37:953][718]PIE: Warning: Mobility of /Game/Cenas/UEDPIE_0_Leonardo.Leonardo:PersistentLevel.Cube_2 : StaticMeshComponent0 has to be 'Movable' if you'd like to move. 
[2025.09.01-20.34.37:953][718]PIE: Warning: Mobility of /Game/Cenas/UEDPIE_0_Leonardo.Leonardo:PersistentLevel.Cube_2 : StaticMeshComponent0 has to be 'Movable' if you'd like to move. 
[2025.09.01-20.34.37:978][721]PIE: Warning: Mobility of /Game/Cenas/UEDPIE_0_Leonardo.Leonardo:PersistentLevel.Cube_2 : StaticMeshComponent0 has to be 'Movable' if you'd like to move. 
[2025.09.01-20.34.37:978][721]PIE: Warning: Mobility of /Game/Cenas/UEDPIE_0_Leonardo.Leonardo:PersistentLevel.Cube_2 : StaticMeshComponent0 has to be 'Movable' if you'd like to move. 
[2025.09.01-20.34.37:995][723]PIE: Warning: Mobility of /Game/Cenas/UEDPIE_0_Leonardo.Leonardo:PersistentLevel.Cube_2 : StaticMeshComponent0 has to be 'Movable' if you'd like to move. 
[2025.09.01-20.34.37:995][723]PIE: Warning: Mobility of /Game/Cenas/UEDPIE_0_Leonardo.Leonardo:PersistentLevel.Cube_2 : StaticMeshComponent0 has to be 'Movable' if you'd like to move. 
[2025.09.01-20.34.38:003][724]PIE: Warning: Mobility of /Game/Cenas/UEDPIE_0_Leonardo.Leonardo:PersistentLevel.Cube_2 : StaticMeshComponent0 has to be 'Movable' if you'd like to move. 
[2025.09.01-20.34.38:003][724]PIE: Warning: Mobility of /Game/Cenas/UEDPIE_0_Leonardo.Leonardo:PersistentLevel.Cube_2 : StaticMeshComponent0 has to be 'Movable' if you'd like to move. 
[2025.09.01-20.34.38:011][725]PIE: Warning: Mobility of /Game/Cenas/UEDPIE_0_Leonardo.Leonardo:PersistentLevel.Cube_2 : StaticMeshComponent0 has to be 'Movable' if you'd like to move. 
[2025.09.01-20.34.38:011][725]PIE: Warning: Mobility of /Game/Cenas/UEDPIE_0_Leonardo.Leonardo:PersistentLevel.Cube_2 : StaticMeshComponent0 has to be 'Movable' if you'd like to move. 
[2025.09.01-20.34.38:020][726]PIE: Warning: Mobility of /Game/Cenas/UEDPIE_0_Leonardo.Leonardo:PersistentLevel.Cube_2 : StaticMeshComponent0 has to be 'Movable' if you'd like to move. 
[2025.09.01-20.34.38:020][726]PIE: Warning: Mobility of /Game/Cenas/UEDPIE_0_Leonardo.Leonardo:PersistentLevel.Cube_2 : StaticMeshComponent0 has to be 'Movable' if you'd like to move. 
[2025.09.01-20.34.38:028][727]PIE: Warning: Mobility of /Game/Cenas/UEDPIE_0_Leonardo.Leonardo:PersistentLevel.Cube_2 : StaticMeshComponent0 has to be 'Movable' if you'd like to move. 
[2025.09.01-20.34.38:028][727]PIE: Warning: Mobility of /Game/Cenas/UEDPIE_0_Leonardo.Leonardo:PersistentLevel.Cube_2 : StaticMeshComponent0 has to be 'Movable' if you'd like to move. 
[2025.09.01-20.34.38:036][728]PIE: Warning: Mobility of /Game/Cenas/UEDPIE_0_Leonardo.Leonardo:PersistentLevel.Cube_2 : StaticMeshComponent0 has to be 'Movable' if you'd like to move. 
[2025.09.01-20.34.38:036][728]PIE: Warning: Mobility of /Game/Cenas/UEDPIE_0_Leonardo.Leonardo:PersistentLevel.Cube_2 : StaticMeshComponent0 has to be 'Movable' if you'd like to move. 
[2025.09.01-20.34.38:053][730]PIE: Warning: Mobility of /Game/Cenas/UEDPIE_0_Leonardo.Leonardo:PersistentLevel.Cube_2 : StaticMeshComponent0 has to be 'Movable' if you'd like to move. 
[2025.09.01-20.34.38:053][730]PIE: Warning: Mobility of /Game/Cenas/UEDPIE_0_Leonardo.Leonardo:PersistentLevel.Cube_2 : StaticMeshComponent0 has to be 'Movable' if you'd like to move. 
[2025.09.01-20.34.38:061][731]PIE: Warning: Mobility of /Game/Cenas/UEDPIE_0_Leonardo.Leonardo:PersistentLevel.Cube_2 : StaticMeshComponent0 has to be 'Movable' if you'd like to move. 
[2025.09.01-20.34.38:061][731]PIE: Warning: Mobility of /Game/Cenas/UEDPIE_0_Leonardo.Leonardo:PersistentLevel.Cube_2 : StaticMeshComponent0 has to be 'Movable' if you'd like to move. 
[2025.09.01-20.34.38:077][733]PIE: Warning: Mobility of /Game/Cenas/UEDPIE_0_Leonardo.Leonardo:PersistentLevel.Cube_2 : StaticMeshComponent0 has to be 'Movable' if you'd like to move. 
[2025.09.01-20.34.38:077][733]PIE: Warning: Mobility of /Game/Cenas/UEDPIE_0_Leonardo.Leonardo:PersistentLevel.Cube_2 : StaticMeshComponent0 has to be 'Movable' if you'd like to move. 
[2025.09.01-20.34.38:086][734]PIE: Warning: Mobility of /Game/Cenas/UEDPIE_0_Leonardo.Leonardo:PersistentLevel.Cube_2 : StaticMeshComponent0 has to be 'Movable' if you'd like to move. 
[2025.09.01-20.34.38:086][734]PIE: Warning: Mobility of /Game/Cenas/UEDPIE_0_Leonardo.Leonardo:PersistentLevel.Cube_2 : StaticMeshComponent0 has to be 'Movable' if you'd like to move. 
[2025.09.01-20.34.38:095][735]PIE: Warning: Mobility of /Game/Cenas/UEDPIE_0_Leonardo.Leonardo:PersistentLevel.Cube_2 : StaticMeshComponent0 has to be 'Movable' if you'd like to move. 
[2025.09.01-20.34.38:095][735]PIE: Warning: Mobility of /Game/Cenas/UEDPIE_0_Leonardo.Leonardo:PersistentLevel.Cube_2 : StaticMeshComponent0 has to be 'Movable' if you'd like to move. 
[2025.09.01-20.34.38:111][737]PIE: Warning: Mobility of /Game/Cenas/UEDPIE_0_Leonardo.Leonardo:PersistentLevel.Cube_2 : StaticMeshComponent0 has to be 'Movable' if you'd like to move. 
[2025.09.01-20.34.38:111][737]PIE: Warning: Mobility of /Game/Cenas/UEDPIE_0_Leonardo.Leonardo:PersistentLevel.Cube_2 : StaticMeshComponent0 has to be 'Movable' if you'd like to move. 
[2025.09.01-20.34.38:120][738]PIE: Warning: Mobility of /Game/Cenas/UEDPIE_0_Leonardo.Leonardo:PersistentLevel.Cube_2 : StaticMeshComponent0 has to be 'Movable' if you'd like to move. 
[2025.09.01-20.34.38:120][738]PIE: Warning: Mobility of /Game/Cenas/UEDPIE_0_Leonardo.Leonardo:PersistentLevel.Cube_2 : StaticMeshComponent0 has to be 'Movable' if you'd like to move. 
[2025.09.01-20.34.38:136][740]PIE: Warning: Mobility of /Game/Cenas/UEDPIE_0_Leonardo.Leonardo:PersistentLevel.Cube_2 : StaticMeshComponent0 has to be 'Movable' if you'd like to move. 
[2025.09.01-20.34.38:136][740]PIE: Warning: Mobility of /Game/Cenas/UEDPIE_0_Leonardo.Leonardo:PersistentLevel.Cube_2 : StaticMeshComponent0 has to be 'Movable' if you'd like to move. 
[2025.09.01-20.34.38:178][745]PIE: Warning: Mobility of /Game/Cenas/UEDPIE_0_Leonardo.Leonardo:PersistentLevel.Cube_2 : StaticMeshComponent0 has to be 'Movable' if you'd like to move. 
[2025.09.01-20.34.38:178][745]PIE: Warning: Mobility of /Game/Cenas/UEDPIE_0_Leonardo.Leonardo:PersistentLevel.Cube_2 : StaticMeshComponent0 has to be 'Movable' if you'd like to move. 
[2025.09.01-20.34.38:211][749]PIE: Warning: Mobility of /Game/Cenas/UEDPIE_0_Leonardo.Leonardo:PersistentLevel.Cube_2 : StaticMeshComponent0 has to be 'Movable' if you'd like to move. 
[2025.09.01-20.34.38:211][749]PIE: Warning: Mobility of /Game/Cenas/UEDPIE_0_Leonardo.Leonardo:PersistentLevel.Cube_2 : StaticMeshComponent0 has to be 'Movable' if you'd like to move. 
[2025.09.01-20.34.38:227][751]PIE: Warning: Mobility of /Game/Cenas/UEDPIE_0_Leonardo.Leonardo:PersistentLevel.Cube_2 : StaticMeshComponent0 has to be 'Movable' if you'd like to move. 
[2025.09.01-20.34.38:227][751]PIE: Warning: Mobility of /Game/Cenas/UEDPIE_0_Leonardo.Leonardo:PersistentLevel.Cube_2 : StaticMeshComponent0 has to be 'Movable' if you'd like to move. 
[2025.09.01-20.34.38:244][753]PIE: Warning: Mobility of /Game/Cenas/UEDPIE_0_Leonardo.Leonardo:PersistentLevel.Cube_2 : StaticMeshComponent0 has to be 'Movable' if you'd like to move. 
[2025.09.01-20.34.38:244][753]PIE: Warning: Mobility of /Game/Cenas/UEDPIE_0_Leonardo.Leonardo:PersistentLevel.Cube_2 : StaticMeshComponent0 has to be 'Movable' if you'd like to move. 
[2025.09.01-20.34.38:252][754]PIE: Warning: Mobility of /Game/Cenas/UEDPIE_0_Leonardo.Leonardo:PersistentLevel.Cube_2 : StaticMeshComponent0 has to be 'Movable' if you'd like to move. 
[2025.09.01-20.34.38:252][754]PIE: Warning: Mobility of /Game/Cenas/UEDPIE_0_Leonardo.Leonardo:PersistentLevel.Cube_2 : StaticMeshComponent0 has to be 'Movable' if you'd like to move. 
[2025.09.01-20.34.38:261][755]PIE: Warning: Mobility of /Game/Cenas/UEDPIE_0_Leonardo.Leonardo:PersistentLevel.Cube_2 : StaticMeshComponent0 has to be 'Movable' if you'd like to move. 
[2025.09.01-20.34.38:261][755]PIE: Warning: Mobility of /Game/Cenas/UEDPIE_0_Leonardo.Leonardo:PersistentLevel.Cube_2 : StaticMeshComponent0 has to be 'Movable' if you'd like to move. 
[2025.09.01-20.34.38:269][756]PIE: Warning: Mobility of /Game/Cenas/UEDPIE_0_Leonardo.Leonardo:PersistentLevel.Cube_2 : StaticMeshComponent0 has to be 'Movable' if you'd like to move. 
[2025.09.01-20.34.38:269][756]PIE: Warning: Mobility of /Game/Cenas/UEDPIE_0_Leonardo.Leonardo:PersistentLevel.Cube_2 : StaticMeshComponent0 has to be 'Movable' if you'd like to move. 
[2025.09.01-20.34.38:277][757]PIE: Warning: Mobility of /Game/Cenas/UEDPIE_0_Leonardo.Leonardo:PersistentLevel.Cube_2 : StaticMeshComponent0 has to be 'Movable' if you'd like to move. 
[2025.09.01-20.34.38:277][757]PIE: Warning: Mobility of /Game/Cenas/UEDPIE_0_Leonardo.Leonardo:PersistentLevel.Cube_2 : StaticMeshComponent0 has to be 'Movable' if you'd like to move. 
[2025.09.01-20.34.38:286][758]PIE: Warning: Mobility of /Game/Cenas/UEDPIE_0_Leonardo.Leonardo:PersistentLevel.Cube_2 : StaticMeshComponent0 has to be 'Movable' if you'd like to move. 
[2025.09.01-20.34.38:286][758]PIE: Warning: Mobility of /Game/Cenas/UEDPIE_0_Leonardo.Leonardo:PersistentLevel.Cube_2 : StaticMeshComponent0 has to be 'Movable' if you'd like to move. 
[2025.09.01-20.34.38:294][759]PIE: Warning: Mobility of /Game/Cenas/UEDPIE_0_Leonardo.Leonardo:PersistentLevel.Cube_2 : StaticMeshComponent0 has to be 'Movable' if you'd like to move. 
[2025.09.01-20.34.38:294][759]PIE: Warning: Mobility of /Game/Cenas/UEDPIE_0_Leonardo.Leonardo:PersistentLevel.Cube_2 : StaticMeshComponent0 has to be 'Movable' if you'd like to move. 
[2025.09.01-20.34.38:320][762]PIE: Warning: Mobility of /Game/Cenas/UEDPIE_0_Leonardo.Leonardo:PersistentLevel.Cube_2 : StaticMeshComponent0 has to be 'Movable' if you'd like to move. 
[2025.09.01-20.34.38:320][762]PIE: Warning: Mobility of /Game/Cenas/UEDPIE_0_Leonardo.Leonardo:PersistentLevel.Cube_2 : StaticMeshComponent0 has to be 'Movable' if you'd like to move. 
[2025.09.01-20.34.38:345][765]PIE: Warning: Mobility of /Game/Cenas/UEDPIE_0_Leonardo.Leonardo:PersistentLevel.Cube_2 : StaticMeshComponent0 has to be 'Movable' if you'd like to move. 
[2025.09.01-20.34.38:345][765]PIE: Warning: Mobility of /Game/Cenas/UEDPIE_0_Leonardo.Leonardo:PersistentLevel.Cube_2 : StaticMeshComponent0 has to be 'Movable' if you'd like to move. 
[2025.09.01-20.34.38:603][796]PIE: Warning: Mobility of /Game/Cenas/UEDPIE_0_Leonardo.Leonardo:PersistentLevel.Cube_2 : StaticMeshComponent0 has to be 'Movable' if you'd like to move. 
[2025.09.01-20.34.38:603][796]PIE: Warning: Mobility of /Game/Cenas/UEDPIE_0_Leonardo.Leonardo:PersistentLevel.Cube_2 : StaticMeshComponent0 has to be 'Movable' if you'd like to move. 
[2025.09.01-20.34.38:628][799]PIE: Warning: Mobility of /Game/Cenas/UEDPIE_0_Leonardo.Leonardo:PersistentLevel.Cube_2 : StaticMeshComponent0 has to be 'Movable' if you'd like to move. 
[2025.09.01-20.34.38:628][799]PIE: Warning: Mobility of /Game/Cenas/UEDPIE_0_Leonardo.Leonardo:PersistentLevel.Cube_2 : StaticMeshComponent0 has to be 'Movable' if you'd like to move. 
[2025.09.01-20.34.38:636][800]PIE: Warning: Mobility of /Game/Cenas/UEDPIE_0_Leonardo.Leonardo:PersistentLevel.Cube_2 : StaticMeshComponent0 has to be 'Movable' if you'd like to move. 
[2025.09.01-20.34.38:636][800]PIE: Warning: Mobility of /Game/Cenas/UEDPIE_0_Leonardo.Leonardo:PersistentLevel.Cube_2 : StaticMeshComponent0 has to be 'Movable' if you'd like to move. 
[2025.09.01-20.34.38:653][802]PIE: Warning: Mobility of /Game/Cenas/UEDPIE_0_Leonardo.Leonardo:PersistentLevel.Cube_2 : StaticMeshComponent0 has to be 'Movable' if you'd like to move. 
[2025.09.01-20.34.38:653][802]PIE: Warning: Mobility of /Game/Cenas/UEDPIE_0_Leonardo.Leonardo:PersistentLevel.Cube_2 : StaticMeshComponent0 has to be 'Movable' if you'd like to move. 
[2025.09.01-20.34.38:661][803]PIE: Warning: Mobility of /Game/Cenas/UEDPIE_0_Leonardo.Leonardo:PersistentLevel.Cube_2 : StaticMeshComponent0 has to be 'Movable' if you'd like to move. 
[2025.09.01-20.34.38:661][803]PIE: Warning: Mobility of /Game/Cenas/UEDPIE_0_Leonardo.Leonardo:PersistentLevel.Cube_2 : StaticMeshComponent0 has to be 'Movable' if you'd like to move. 
[2025.09.01-20.34.38:695][807]PIE: Warning: Mobility of /Game/Cenas/UEDPIE_0_Leonardo.Leonardo:PersistentLevel.Cube_2 : StaticMeshComponent0 has to be 'Movable' if you'd like to move. 
[2025.09.01-20.34.38:695][807]PIE: Warning: Mobility of /Game/Cenas/UEDPIE_0_Leonardo.Leonardo:PersistentLevel.Cube_2 : StaticMeshComponent0 has to be 'Movable' if you'd like to move. 
[2025.09.01-20.34.38:703][808]PIE: Warning: Mobility of /Game/Cenas/UEDPIE_0_Leonardo.Leonardo:PersistentLevel.Cube_2 : StaticMeshComponent0 has to be 'Movable' if you'd like to move. 
[2025.09.01-20.34.38:703][808]PIE: Warning: Mobility of /Game/Cenas/UEDPIE_0_Leonardo.Leonardo:PersistentLevel.Cube_2 : StaticMeshComponent0 has to be 'Movable' if you'd like to move. 
[2025.09.01-20.34.38:745][813]PIE: Warning: Mobility of /Game/Cenas/UEDPIE_0_Leonardo.Leonardo:PersistentLevel.Cube_2 : StaticMeshComponent0 has to be 'Movable' if you'd like to move. 
[2025.09.01-20.34.38:745][813]PIE: Warning: Mobility of /Game/Cenas/UEDPIE_0_Leonardo.Leonardo:PersistentLevel.Cube_2 : StaticMeshComponent0 has to be 'Movable' if you'd like to move. 
[2025.09.01-20.34.38:928][835]PIE: Warning: Mobility of /Game/Cenas/UEDPIE_0_Leonardo.Leonardo:PersistentLevel.Cube_2 : StaticMeshComponent0 has to be 'Movable' if you'd like to move. 
[2025.09.01-20.34.38:928][835]PIE: Warning: Mobility of /Game/Cenas/UEDPIE_0_Leonardo.Leonardo:PersistentLevel.Cube_2 : StaticMeshComponent0 has to be 'Movable' if you'd like to move. 
[2025.09.01-20.34.38:936][836]PIE: Warning: Mobility of /Game/Cenas/UEDPIE_0_Leonardo.Leonardo:PersistentLevel.Cube_2 : StaticMeshComponent0 has to be 'Movable' if you'd like to move. 
[2025.09.01-20.34.38:936][836]PIE: Warning: Mobility of /Game/Cenas/UEDPIE_0_Leonardo.Leonardo:PersistentLevel.Cube_2 : StaticMeshComponent0 has to be 'Movable' if you'd like to move. 
[2025.09.01-20.34.38:952][838]PIE: Warning: Mobility of /Game/Cenas/UEDPIE_0_Leonardo.Leonardo:PersistentLevel.Cube_2 : StaticMeshComponent0 has to be 'Movable' if you'd like to move. 
[2025.09.01-20.34.38:952][838]PIE: Warning: Mobility of /Game/Cenas/UEDPIE_0_Leonardo.Leonardo:PersistentLevel.Cube_2 : StaticMeshComponent0 has to be 'Movable' if you'd like to move. 
[2025.09.01-20.34.38:961][839]PIE: Warning: Mobility of /Game/Cenas/UEDPIE_0_Leonardo.Leonardo:PersistentLevel.Cube_2 : StaticMeshComponent0 has to be 'Movable' if you'd like to move. 
[2025.09.01-20.34.38:961][839]PIE: Warning: Mobility of /Game/Cenas/UEDPIE_0_Leonardo.Leonardo:PersistentLevel.Cube_2 : StaticMeshComponent0 has to be 'Movable' if you'd like to move. 
[2025.09.01-20.34.38:986][842]PIE: Warning: Mobility of /Game/Cenas/UEDPIE_0_Leonardo.Leonardo:PersistentLevel.Cube_2 : StaticMeshComponent0 has to be 'Movable' if you'd like to move. 
[2025.09.01-20.34.38:986][842]PIE: Warning: Mobility of /Game/Cenas/UEDPIE_0_Leonardo.Leonardo:PersistentLevel.Cube_2 : StaticMeshComponent0 has to be 'Movable' if you'd like to move. 
[2025.09.01-20.34.39:003][844]PIE: Warning: Mobility of /Game/Cenas/UEDPIE_0_Leonardo.Leonardo:PersistentLevel.Cube_2 : StaticMeshComponent0 has to be 'Movable' if you'd like to move. 
[2025.09.01-20.34.39:003][844]PIE: Warning: Mobility of /Game/Cenas/UEDPIE_0_Leonardo.Leonardo:PersistentLevel.Cube_2 : StaticMeshComponent0 has to be 'Movable' if you'd like to move. 
[2025.09.01-20.34.39:053][850]PIE: Warning: Mobility of /Game/Cenas/UEDPIE_0_Leonardo.Leonardo:PersistentLevel.Cube_2 : StaticMeshComponent0 has to be 'Movable' if you'd like to move. 
[2025.09.01-20.34.39:053][850]PIE: Warning: Mobility of /Game/Cenas/UEDPIE_0_Leonardo.Leonardo:PersistentLevel.Cube_2 : StaticMeshComponent0 has to be 'Movable' if you'd like to move. 
[2025.09.01-20.34.39:269][876]PIE: Warning: Mobility of /Game/Cenas/UEDPIE_0_Leonardo.Leonardo:PersistentLevel.Cube_2 : StaticMeshComponent0 has to be 'Movable' if you'd like to move. 
[2025.09.01-20.34.39:269][876]PIE: Warning: Mobility of /Game/Cenas/UEDPIE_0_Leonardo.Leonardo:PersistentLevel.Cube_2 : StaticMeshComponent0 has to be 'Movable' if you'd like to move. 
[2025.09.01-20.34.39:436][896]PIE: Warning: Mobility of /Game/Cenas/UEDPIE_0_Leonardo.Leonardo:PersistentLevel.Cube_2 : StaticMeshComponent0 has to be 'Movable' if you'd like to move. 
[2025.09.01-20.34.39:436][896]PIE: Warning: Mobility of /Game/Cenas/UEDPIE_0_Leonardo.Leonardo:PersistentLevel.Cube_2 : StaticMeshComponent0 has to be 'Movable' if you'd like to move. 
[2025.09.01-20.34.39:811][941]PIE: Warning: Mobility of /Game/Cenas/UEDPIE_0_Leonardo.Leonardo:PersistentLevel.Cube_2 : StaticMeshComponent0 has to be 'Movable' if you'd like to move. 
[2025.09.01-20.34.39:811][941]PIE: Warning: Mobility of /Game/Cenas/UEDPIE_0_Leonardo.Leonardo:PersistentLevel.Cube_2 : StaticMeshComponent0 has to be 'Movable' if you'd like to move. 
[2025.09.01-20.34.44:050][426]Cmd: EDIT CUT
[2025.09.01-20.34.44:053][426]LogEditorActor: Actor Cube is referenced by GameplayDebuggerCategoryReplicator.
[2025.09.01-20.34.47:055][426]LogSlate: Window 'Mensagem' being destroyed
[2025.09.01-20.34.47:059][426]Message dialog closed, result: No, title: Mensagem, text: Actor Cube is referenced by other Actors/Objects.
Do you really want to delete it? This will break references.

Reference List:

GameplayDebuggerCategoryReplicator
[2025.09.01-20.34.47:077][426]LogUObjectHash: Compacting FUObjectHashTables data took   1.18ms
[2025.09.01-20.34.47:078][426]LogEditorActor: Deleted 0 Actors (0.023 secs)
[2025.09.01-20.34.48:482][548]LogSlate: Updating window title bar state: overlay mode, drag disabled, window buttons hidden, title bar hidden
[2025.09.01-20.34.48:482][548]LogWorld: BeginTearingDown for /Game/Cenas/UEDPIE_0_Leonardo
[2025.09.01-20.34.48:483][548]LogWorld: UWorld::CleanupWorld for Leonardo, bSessionEnded=true, bCleanupResources=true
[2025.09.01-20.34.48:483][548]LogSlate: InvalidateAllWidgets triggered.  All widgets were invalidated
[2025.09.01-20.34.48:511][548]LogPlayLevel: Display: Shutting down PIE online subsystems
[2025.09.01-20.34.48:514][548]LogSlate: InvalidateAllWidgets triggered.  All widgets were invalidated
[2025.09.01-20.34.48:530][548]LogAudio: Display: Audio Device unregistered from world 'None'.
[2025.09.01-20.34.48:530][548]LogAudioMixer: FMixerPlatformXAudio2::StopAudioStream() called
[2025.09.01-20.34.48:531][548]LogAudioMixer: FMixerPlatformXAudio2::StopAudioStream() called
[2025.09.01-20.34.48:533][548]LogSlate: Updating window title bar state: overlay mode, drag disabled, window buttons hidden, title bar hidden
[2025.09.01-20.34.48:536][548]LogUObjectHash: Compacting FUObjectHashTables data took   1.66ms
[2025.09.01-20.34.48:623][548]LogSlate: Took 0.005887 seconds to synchronously load lazily loaded font '../../../Engine/Content/Slate/Fonts/DroidSansMono.ttf' (77K)
[2025.09.01-20.34.48:630][549]LogPlayLevel: Display: Destroying online subsystem :Context_10
[2025.09.01-20.34.51:792][889]LogSlate: Window 'Registro de Mensagem' being destroyed
[2025.09.01-20.34.51:796][889]LogSlate: Window 'Registro de Mensagem' being destroyed
[2025.09.01-20.35.13:677][501]LogActorFactory: Actor Factory created Cube
[2025.09.01-20.35.14:287][570]LogActorFactory: Actor Factory created Cube
[2025.09.01-20.36.45:930][207]LogEditorClassViewer: Warning: Class /Engine/Tutorial/InWorldBlueprintEditing/TutorialAssets/IWBE_Blutility.IWBE_Blutility_C has parent /Script/Blutility.PlacedEditorUtilityBase, but this parent is not found. The Class will not be shown in ClassViewer.
[2025.09.01-20.36.45:932][207]LogSlate: Warning: Slate: Had to block on waiting for a draw buffer
[2025.09.01-20.36.48:420][207]LogSlate: Window 'Create Blueprint From Selection' being destroyed
[2025.09.01-20.36.48:427][207]LogActorComponent: UnregisterComponent: (/Game/Door_Blueprint.Default__Door_Blueprint_C:StaticMeshComponent0) Not registered. Aborting.
[2025.09.01-20.36.48:448][207]LogUObjectHash: Compacting FUObjectHashTables data took   1.83ms
[2025.09.01-20.36.48:473][207]LogAssetEditorSubsystem: Opening Asset editor for Blueprint /Game/Door_Blueprint.Door_Blueprint
[2025.09.01-20.36.53:374][706]LogShaderCompilers: Display: === FShaderJobCache stats ===
[2025.09.01-20.36.53:374][706]LogShaderCompilers: Display: Total job queries 155, among them cache hits 124 (80.00%)
[2025.09.01-20.36.53:374][706]LogShaderCompilers: Display: Tracking 19 distinct input hashes that result in 15 distinct outputs (78.95%)
[2025.09.01-20.36.53:374][706]LogShaderCompilers: Display: RAM used: 0.07 MB (0.00 GB) of 819.20 MB (0.80 GB) budget. Usage: 0.01%
[2025.09.01-20.36.53:374][706]LogShaderCompilers: Display: ================================================
[2025.09.01-20.36.53:384][707]MaterialEditorStats: Texture samplers: 2/16
[2025.09.01-20.36.54:955][885]LogMaterial: Display: Missing cached shadermap for BasicShapeMaterial in PCD3D_SM5, Default, SM5 (DDC key hash: 8938F7EA07DFF79FA4215D5D956CB72F680800F9), compiling. 
[2025.09.01-20.36.56:388][ 45]LogMaterial: Display: Missing cached shadermap for BasicShapeMaterial in PCD3D_SM5, Default, SM5 (DDC key hash: 84B5565CDF175A0A38F4AC4E9F4BF2CB1F13858C), compiling. 
[2025.09.01-20.36.56:390][ 45]LogMaterial: Display: Missing cached shadermap for BasicShapeMaterial in PCD3D_SM5, Default, SM5 (DDC key hash: 210454F6F298D59C44FB3734C2D13E1CC05ED7EB), compiling. 
[2025.09.01-20.36.56:393][ 45]LogMaterial: Display: Missing cached shadermap for BasicShapeMaterial in PCD3D_SM5, Default, SM5 (DDC key hash: 144F9B13A8790E872E643BB7E32A2A76B4DA96A0), compiling. 
[2025.09.01-20.36.56:396][ 45]MaterialEditorStats: Texture samplers: 0/16
[2025.09.01-20.36.56:421][ 47]MaterialEditorStats: Texture samplers: 2/16
[2025.09.01-20.36.57:259][143]LogMaterial: Display: Missing cached shadermap for BasicShapeMaterial in PCD3D_SM5, Default, SM5 (DDC key hash: B58ED9B3C1C8D09B71C4ABD4B6D6F3CB14D4BDBE), compiling. 
[2025.09.01-20.37.00:680][469]LogMaterial: Display: Missing cached shadermap for BasicShapeMaterial in PCD3D_SM5, Default, SM5 (DDC key hash: 15EC4420A89674C4BD99667E823BE00321800E7B), compiling. 
[2025.09.01-20.37.02:134][624]LogMaterial: Display: Missing cached shadermap for BasicShapeMaterial in PCD3D_SM5, Default, SM5 (DDC key hash: 2B95FCBBF6EEDA74A09358BF608E19D2FCA912A2), compiling. 
[2025.09.01-20.37.02:141][624]LogMaterial: Display: Missing cached shadermap for BasicShapeMaterial in PCD3D_SM5, Default, SM5 (DDC key hash: 41C7A8F64A568C0526DAF6DD8330F21A09636D21), compiling. 
[2025.09.01-20.37.02:143][624]LogMaterial: Display: Missing cached shadermap for BasicShapeMaterial in PCD3D_SM5, Default, SM5 (DDC key hash: B5C6816C72AB73E777109C14ACB4C476FF87977F), compiling. 
[2025.09.01-20.37.02:147][624]MaterialEditorStats: Texture samplers: 0/16
[2025.09.01-20.37.09:366][458]Cmd: OBJ SAVEPACKAGE PACKAGE="/Game/Door_Blueprint" FILE="../../../../../../Users/leonardo.medeiros/Documents/TCC/Sorry/Content/Door_Blueprint.uasset" SILENT=true
[2025.09.01-20.37.09:375][458]LogSavePackage: Moving '../../../../../../Users/leonardo.medeiros/Documents/TCC/Sorry/Saved/Door_Blueprint0F4FD6564B2238D154F5F0B47A8D5673.tmp' to '../../../../../../Users/leonardo.medeiros/Documents/TCC/Sorry/Content/Door_Blueprint.uasset'
[2025.09.01-20.37.09:387][458]AssetCheck: New page: Asset Save: Door_Blueprint
[2025.09.01-20.37.09:387][458]LogContentValidation: Display: Validating Blueprint /Game/Door_Blueprint.Door_Blueprint
[2025.09.01-20.37.22:560][882]BlueprintLog: New page: Compilar Door_Blueprint
[2025.09.01-20.37.22:618][882]LogUObjectHash: Compacting FUObjectHashTables data took   1.96ms
[2025.09.01-20.37.35:298][163]LogActorComponent: ReregisterComponent: (/Engine/Transient.World_9:PersistentLevel.Door_Blueprint_C_0.StaticMeshComponent0) Not currently registered. Aborting.
[2025.09.01-20.37.35:298][163]LogActorComponent: ReregisterComponent: (/Engine/Transient.World_7:PersistentLevel.Door_Blueprint_C_0.StaticMeshComponent0) Not currently registered. Aborting.
[2025.09.01-20.37.35:298][163]LogActorComponent: ReregisterComponent: (/Game/Cenas/Leonardo.Leonardo:PersistentLevel.Door_Blueprint.StaticMeshComponent0) Not currently registered. Aborting.
[2025.09.01-20.37.35:298][163]LogActorComponent: ReregisterComponent: (/Engine/Transient.World_8:PersistentLevel.Door_Blueprint_C_1.StaticMeshComponent0) Not currently registered. Aborting.
[2025.09.01-20.37.36:994][300]Cmd: OBJ SAVEPACKAGE PACKAGE="/Game/Door_Blueprint" FILE="../../../../../../Users/leonardo.medeiros/Documents/TCC/Sorry/Content/Door_Blueprint.uasset" SILENT=true
[2025.09.01-20.37.37:001][300]LogSavePackage: Moving '../../../../../../Users/leonardo.medeiros/Documents/TCC/Sorry/Saved/Door_Blueprint289FD3544B52449D2090C4BDCA50A4E0.tmp' to '../../../../../../Users/leonardo.medeiros/Documents/TCC/Sorry/Content/Door_Blueprint.uasset'
[2025.09.01-20.37.37:010][300]AssetCheck: New page: Asset Save: Door_Blueprint
[2025.09.01-20.37.37:010][300]LogContentValidation: Display: Validating Blueprint /Game/Door_Blueprint.Door_Blueprint
[2025.09.01-20.37.39:667][586]Cmd: OBJ SAVEPACKAGE PACKAGE="/Game/Door_Blueprint" FILE="../../../../../../Users/leonardo.medeiros/Documents/TCC/Sorry/Content/Door_Blueprint.uasset" SILENT=true
[2025.09.01-20.37.39:671][586]LogSavePackage: Moving '../../../../../../Users/leonardo.medeiros/Documents/TCC/Sorry/Saved/Door_BlueprintF9C8DB1F448F241211F70E84933B8E8D.tmp' to '../../../../../../Users/leonardo.medeiros/Documents/TCC/Sorry/Content/Door_Blueprint.uasset'
[2025.09.01-20.37.39:681][586]AssetCheck: New page: Asset Save: Door_Blueprint
[2025.09.01-20.37.39:681][586]LogContentValidation: Display: Validating Blueprint /Game/Door_Blueprint.Door_Blueprint
[2025.09.01-20.37.40:490][674]BlueprintLog: New page: Compilar Door_Blueprint
[2025.09.01-20.37.40:546][674]LogUObjectHash: Compacting FUObjectHashTables data took   2.04ms
[2025.09.01-20.37.51:054][783]LogMaterialEditor: Saving and Compiling material BasicShapeMaterial
[2025.09.01-20.37.51:326][783]LogMaterial: Display: Missing cached shadermap for BasicShapeMaterial in PCD3D_SM5, Default, SM5 (DDC key hash: E652EB6ACAF23AFD7A68C441DEE18FFCBDDC4775), compiling. 
[2025.09.01-20.37.51:346][783]LogMaterial: Display: Missing cached shadermap for BasicShapeMaterial in PCD3D_SM5, Default, SM5 (DDC key hash: 3F523BA8BB77A347D8CD6D35BCC4F5C0B6002D28), compiling. 
[2025.09.01-20.37.51:369][783]LogUObjectHash: Compacting FUObjectHashTables data took   1.94ms
[2025.09.01-20.37.51:374][783]LogShaderCompilers: Display: Submitted 2 shader compile jobs with 'ForceLocal' priority
[2025.09.01-20.37.51:699][783]LogShaderCompilers: Display: Worker (1/9): shaders left to compile 2
[2025.09.01-20.37.51:699][783]LogShaderCompilers: Display: Worker (2/9): shaders left to compile 1
[2025.09.01-20.37.51:699][783]LogShaderCompilers: Display: Started 2 'Local' shader compile jobs with 'ForceLocal' priority
[2025.09.01-20.37.51:699][783]LogUObjectHash: Compacting FUObjectHashTables data took   0.45ms
[2025.09.01-20.37.51:721][783]Cmd: OBJ SAVEPACKAGE PACKAGE="/Engine/BasicShapes/BasicShapeMaterial" FILE="../../../Engine/Content/BasicShapes/BasicShapeMaterial.uasset" SILENT=true
[2025.09.01-20.37.51:726][783]LogSavePackage: Moving '../../../../../../Users/leonardo.medeiros/Documents/TCC/Sorry/Saved/BasicShapeMaterial8E7DFD4947924BB435D33FB394649982.tmp' to '../../../Engine/Content/BasicShapes/BasicShapeMaterial.uasset'
[2025.09.01-20.37.51:735][783]AssetCheck: New page: Asset Save: BasicShapeMaterial
[2025.09.01-20.37.51:735][783]LogContentValidation: Display: Validating Material /Engine/BasicShapes/BasicShapeMaterial.BasicShapeMaterial
[2025.09.01-20.38.29:987][632]Cmd: OBJ SAVEPACKAGE PACKAGE="/Game/Cylinder_Blueprint" FILE="../../../../../../Users/leonardo.medeiros/Documents/TCC/Sorry/Content/Cylinder_Blueprint.uasset" SILENT=true
[2025.09.01-20.38.29:994][632]LogSavePackage: Moving '../../../../../../Users/leonardo.medeiros/Documents/TCC/Sorry/Saved/Cylinder_Blueprint7764E9574A41D1F2D460F2BE2EE30993.tmp' to '../../../../../../Users/leonardo.medeiros/Documents/TCC/Sorry/Content/Cylinder_Blueprint.uasset'
[2025.09.01-20.38.30:006][632]AssetCheck: New page: Asset Save: Cylinder_Blueprint
[2025.09.01-20.38.30:006][632]LogContentValidation: Display: Validating Blueprint /Game/Cylinder_Blueprint.Cylinder_Blueprint
[2025.09.01-20.38.30:568][691]Cmd: OBJ SAVEPACKAGE PACKAGE="/Game/Cenas/Leonardo" FILE="../../../../../../Users/leonardo.medeiros/Documents/TCC/Sorry/Content/Cenas/Leonardo.umap" SILENT=true AUTOSAVING=false KEEPDIRTY=false
[2025.09.01-20.38.30:611][691]LogUObjectHash: Compacting FUObjectHashTables data took   3.27ms
[2025.09.01-20.38.30:639][691]LogSavePackage: Moving '../../../../../../Users/leonardo.medeiros/Documents/TCC/Sorry/Saved/LeonardoBC42B62245ADDC67ECEDC6B4B35B2957.tmp' to '../../../../../../Users/leonardo.medeiros/Documents/TCC/Sorry/Content/Cenas/Leonardo.umap'
[2025.09.01-20.38.30:654][691]Cmd: OBJ SAVEPACKAGE PACKAGE="/Game/Cenas/Leonardo_BuiltData" FILE="../../../../../../Users/leonardo.medeiros/Documents/TCC/Sorry/Content/Cenas/Leonardo_BuiltData.uasset" SILENT=true
[2025.09.01-20.38.30:881][691]LogSavePackage: Moving '../../../../../../Users/leonardo.medeiros/Documents/TCC/Sorry/Saved/Leonardo_BuiltDataC36742EF45366D161D1C38830E07B8DD.tmp' to '../../../../../../Users/leonardo.medeiros/Documents/TCC/Sorry/Content/Cenas/Leonardo_BuiltData.uasset'
[2025.09.01-20.38.30:891][691]AssetCheck: New page: Asset Save: multiple assets
[2025.09.01-20.38.30:891][691]LogContentValidation: Display: Validating MapBuildDataRegistry /Game/Cenas/Leonardo_BuiltData.Leonardo_BuiltData
[2025.09.01-20.38.30:891][691]LogContentValidation: Display: Validating World /Game/Cenas/Leonardo.Leonardo
[2025.09.01-20.39.29:230][158]Cmd: OBJ SAVEPACKAGE PACKAGE="/Game/Cenas/Leonardo" FILE="../../../../../../Users/leonardo.medeiros/Documents/TCC/Sorry/Content/Cenas/Leonardo.umap" SILENT=true AUTOSAVING=false KEEPDIRTY=false
[2025.09.01-20.39.29:260][158]LogUObjectHash: Compacting FUObjectHashTables data took   2.83ms
[2025.09.01-20.39.29:292][158]LogSavePackage: Moving '../../../../../../Users/leonardo.medeiros/Documents/TCC/Sorry/Saved/LeonardoD637B2464190EF89CB8E578D0B9B3C86.tmp' to '../../../../../../Users/leonardo.medeiros/Documents/TCC/Sorry/Content/Cenas/Leonardo.umap'
[2025.09.01-20.39.29:304][158]Cmd: OBJ SAVEPACKAGE PACKAGE="/Game/Cenas/Leonardo_BuiltData" FILE="../../../../../../Users/leonardo.medeiros/Documents/TCC/Sorry/Content/Cenas/Leonardo_BuiltData.uasset" SILENT=true
[2025.09.01-20.39.29:454][158]LogSavePackage: Moving '../../../../../../Users/leonardo.medeiros/Documents/TCC/Sorry/Saved/Leonardo_BuiltData33217C7C43EACF1C8E8454B50B1C9144.tmp' to '../../../../../../Users/leonardo.medeiros/Documents/TCC/Sorry/Content/Cenas/Leonardo_BuiltData.uasset'
[2025.09.01-20.39.29:465][158]AssetCheck: New page: Asset Save: multiple assets
[2025.09.01-20.39.29:465][158]LogContentValidation: Display: Validating MapBuildDataRegistry /Game/Cenas/Leonardo_BuiltData.Leonardo_BuiltData
[2025.09.01-20.39.29:465][158]LogContentValidation: Display: Validating World /Game/Cenas/Leonardo.Leonardo
[2025.09.01-20.39.32:139][455]LogEditorViewport: Clicking on Actor (LMB): StaticMeshActor (Floor16)
[2025.09.01-20.39.32:829][534]LogEditorViewport: Clicking on Actor (LMB): Cylinder_Blueprint_C (Cylinder_Blueprint10)
[2025.09.01-20.40.12:400][673]Cmd: TRANSACTION UNDO
[2025.09.01-20.40.12:400][673]LogEditorTransaction: Undo Editar Malha Estática
[2025.09.01-20.40.12:423][673]LogMaterial: Display: Missing cached shadermap for BasicShapeMaterial in PCD3D_SM5, Default, SM5 (DDC key hash: 894C31BFAC1AC8DFF6ECF36BD84A545B70A3828E), compiling. 
[2025.09.01-20.40.12:499][675]LogShaderCompilers: Display: === FShaderJobCache stats ===
[2025.09.01-20.40.12:499][675]LogShaderCompilers: Display: Total job queries 179, among them cache hits 146 (81.56%)
[2025.09.01-20.40.12:499][675]LogShaderCompilers: Display: Tracking 21 distinct input hashes that result in 16 distinct outputs (76.19%)
[2025.09.01-20.40.12:499][675]LogShaderCompilers: Display: RAM used: 0.07 MB (0.00 GB) of 819.20 MB (0.80 GB) budget. Usage: 0.01%
[2025.09.01-20.40.12:499][675]LogShaderCompilers: Display: ================================================
[2025.09.01-20.40.22:806][742]BlueprintLog: New page: Compilar Cylinder_Blueprint
[2025.09.01-20.40.22:896][742]LogUObjectHash: Compacting FUObjectHashTables data took   2.40ms
[2025.09.01-20.41.00:462][661]Cmd: OBJ SAVEPACKAGE PACKAGE="/Game/Cylinder_Blueprint" FILE="../../../../../../Users/leonardo.medeiros/Documents/TCC/Sorry/Content/Cylinder_Blueprint.uasset" SILENT=true
[2025.09.01-20.41.00:469][661]LogSavePackage: Moving '../../../../../../Users/leonardo.medeiros/Documents/TCC/Sorry/Saved/Cylinder_BlueprintCF9FE66A48F4A2C725512F9E448A30C9.tmp' to '../../../../../../Users/leonardo.medeiros/Documents/TCC/Sorry/Content/Cylinder_Blueprint.uasset'
[2025.09.01-20.41.00:482][661]AssetCheck: New page: Asset Save: Cylinder_Blueprint
[2025.09.01-20.41.00:482][661]LogContentValidation: Display: Validating Blueprint /Game/Cylinder_Blueprint.Cylinder_Blueprint
[2025.09.01-20.41.01:454][774]BlueprintLog: New page: Compilar Cylinder_Blueprint
[2025.09.01-20.41.01:545][774]LogUObjectHash: Compacting FUObjectHashTables data took   2.81ms
[2025.09.01-20.41.02:157][827]Cmd: OBJ SAVEPACKAGE PACKAGE="/Game/Cylinder_Blueprint" FILE="../../../../../../Users/leonardo.medeiros/Documents/TCC/Sorry/Content/Cylinder_Blueprint.uasset" SILENT=true
[2025.09.01-20.41.02:164][827]LogSavePackage: Moving '../../../../../../Users/leonardo.medeiros/Documents/TCC/Sorry/Saved/Cylinder_Blueprint0A5A6F43482F49C4350DF89475920815.tmp' to '../../../../../../Users/leonardo.medeiros/Documents/TCC/Sorry/Content/Cylinder_Blueprint.uasset'
[2025.09.01-20.41.02:175][827]AssetCheck: New page: Asset Save: Cylinder_Blueprint
[2025.09.01-20.41.02:175][827]LogContentValidation: Display: Validating Blueprint /Game/Cylinder_Blueprint.Cylinder_Blueprint
[2025.09.01-20.41.12:253][967]LogEditorViewport: Clicking on Actor (LMB): Door_Blueprint_C (Door_Blueprint)
[2025.09.01-20.41.40:202][ 22]LogSlate: Took 0.005625 seconds to synchronously load lazily loaded font '../../../Engine/Content/Slate/Fonts/Roboto-BoldCondensedItalic.ttf' (160K)
[2025.09.01-20.41.50:813][166]BlueprintLog: New page: Compilar Door_Blueprint
[2025.09.01-20.41.50:875][166]LogUObjectHash: Compacting FUObjectHashTables data took   3.00ms
[2025.09.01-20.41.51:903][256]Cmd: OBJ SAVEPACKAGE PACKAGE="/Game/Door_Blueprint" FILE="../../../../../../Users/leonardo.medeiros/Documents/TCC/Sorry/Content/Door_Blueprint.uasset" SILENT=true
[2025.09.01-20.41.51:911][256]LogSavePackage: Moving '../../../../../../Users/leonardo.medeiros/Documents/TCC/Sorry/Saved/Door_Blueprint9B6A23F343CF337943B04FB193CB823A.tmp' to '../../../../../../Users/leonardo.medeiros/Documents/TCC/Sorry/Content/Door_Blueprint.uasset'
[2025.09.01-20.41.51:921][256]AssetCheck: New page: Asset Save: Door_Blueprint
[2025.09.01-20.41.51:921][256]LogContentValidation: Display: Validating Blueprint /Game/Door_Blueprint.Door_Blueprint
[2025.09.01-20.42.09:745][932]LogSlate: Window 'Mensagem' being destroyed
[2025.09.01-20.42.09:748][932]Message dialog closed, result: Cancel, title: Mensagem, text: Deseja aplicar as mudanças deste material ao material original?
/Engine/BasicShapes/BasicShapeMaterial.BasicShapeMaterial
(Se não, todas as mudanças serão perdidas!)
[2025.09.01-20.42.25:381][181]LogSlate: Window 'Mensagem' being destroyed
[2025.09.01-20.42.25:383][181]Message dialog closed, result: No, title: Mensagem, text: Deseja aplicar as mudanças deste material ao material original?
/Engine/BasicShapes/BasicShapeMaterial.BasicShapeMaterial
(Se não, todas as mudanças serão perdidas!)
[2025.09.01-20.42.25:410][181]LogUObjectHash: Compacting FUObjectHashTables data took   2.80ms
[2025.09.01-20.42.30:250][181]LogSlate: Window 'Salvar Conteúdo' being destroyed
[2025.09.01-20.42.30:273][181]Cmd: OBJ SAVEPACKAGE PACKAGE="/Game/Cenas/Leonardo" FILE="../../../../../../Users/leonardo.medeiros/Documents/TCC/Sorry/Content/Cenas/Leonardo.umap" SILENT=true AUTOSAVING=false KEEPDIRTY=false
[2025.09.01-20.42.30:296][181]LogUObjectHash: Compacting FUObjectHashTables data took   0.58ms
[2025.09.01-20.42.30:322][181]LogSavePackage: Moving '../../../../../../Users/leonardo.medeiros/Documents/TCC/Sorry/Saved/Leonardo2862A3D44F675FD70A1D30A30380AF78.tmp' to '../../../../../../Users/leonardo.medeiros/Documents/TCC/Sorry/Content/Cenas/Leonardo.umap'
[2025.09.01-20.42.30:333][181]LogFileHelpers: Saving map 'Leonardo' took 0.061
[2025.09.01-20.42.30:354][181]LogWorld: UWorld::CleanupWorld for World_4, bSessionEnded=true, bCleanupResources=true
[2025.09.01-20.42.30:354][181]LogSlate: InvalidateAllWidgets triggered.  All widgets were invalidated
[2025.09.01-20.42.30:413][181]LogWorld: UWorld::CleanupWorld for World_5, bSessionEnded=true, bCleanupResources=true
[2025.09.01-20.42.30:413][181]LogSlate: InvalidateAllWidgets triggered.  All widgets were invalidated
[2025.09.01-20.42.30:425][181]LogSlate: Window 'Door_Blueprint' being destroyed
[2025.09.01-20.42.30:430][181]LogActorComponent: UnregisterComponent: (/Engine/Transient.EditorFloorComp) Not registered. Aborting.
[2025.09.01-20.42.30:430][181]LogWorld: UWorld::CleanupWorld for World_7, bSessionEnded=true, bCleanupResources=true
[2025.09.01-20.42.30:430][181]LogSlate: InvalidateAllWidgets triggered.  All widgets were invalidated
[2025.09.01-20.42.30:489][181]LogSlate: Window 'Sorry - Unreal Editor' being destroyed
[2025.09.01-20.42.30:595][181]AssetCheck: New page: Asset Save: Leonardo
[2025.09.01-20.42.30:595][181]LogContentValidation: Display: Validating World /Game/Cenas/Leonardo.Leonardo
[2025.09.01-20.42.30:596][182]Cmd: QUIT_EDITOR
[2025.09.01-20.42.30:596][182]LogCore: Engine exit requested (reason: UUnrealEdEngine::CloseEditor())
[2025.09.01-20.42.30:599][182]LogCore: Engine exit requested (reason: EngineExit() was called; note: exit was already requested)
[2025.09.01-20.42.31:162][182]LogAudio: Display: Beginning Audio Device Manager Shutdown (Module: AudioMixerXAudio2)...
[2025.09.01-20.42.31:162][182]LogAudio: Display: Destroying 1 Remaining Audio Device(s)...
[2025.09.01-20.42.31:162][182]LogAudio: Display: Audio Device unregistered from world 'Leonardo'.
[2025.09.01-20.42.31:162][182]LogAudioMixer: FMixerPlatformXAudio2::StopAudioStream() called
[2025.09.01-20.42.31:163][182]LogAudioMixer: FMixerPlatformXAudio2::StopAudioStream() called
[2025.09.01-20.42.31:172][182]LogAudio: Display: Audio Device Manager Shutdown
[2025.09.01-20.42.31:172][182]LogWindowsTextInputMethodSystem: Display: IME system deactivated.
[2025.09.01-20.42.31:176][182]LogExit: Preparing to exit.
[2025.09.01-20.42.31:271][182]LogUObjectHash: Compacting FUObjectHashTables data took   2.70ms
[2025.09.01-20.42.31:451][182]LogWorld: UWorld::CleanupWorld for World_6, bSessionEnded=true, bCleanupResources=true
[2025.09.01-20.42.31:454][182]LogWorld: UWorld::CleanupWorld for World_9, bSessionEnded=true, bCleanupResources=true
[2025.09.01-20.42.31:457][182]LogWorld: UWorld::CleanupWorld for World_3, bSessionEnded=true, bCleanupResources=true
[2025.09.01-20.42.31:460][182]LogWorld: UWorld::CleanupWorld for World_8, bSessionEnded=true, bCleanupResources=true
[2025.09.01-20.42.31:462][182]LogWorld: UWorld::CleanupWorld for World_1, bSessionEnded=true, bCleanupResources=true
[2025.09.01-20.42.31:464][182]LogWorld: UWorld::CleanupWorld for World_0, bSessionEnded=true, bCleanupResources=true
[2025.09.01-20.42.31:508][182]LogDemo: Cleaned up 0 splitscreen connections with owner deletion
[2025.09.01-20.42.31:515][182]LogWorld: UWorld::CleanupWorld for None, bSessionEnded=true, bCleanupResources=true
[2025.09.01-20.42.31:515][182]LogExit: Editor shut down
[2025.09.01-20.42.31:515][182]LogExit: Transaction tracking system shut down
[2025.09.01-20.42.31:750][182]LogExit: Object subsystem successfully closed.
[2025.09.01-20.42.31:766][182]LogShaderCompilers: Display: === FShaderJobCache stats ===
[2025.09.01-20.42.31:766][182]LogShaderCompilers: Display: Total job queries 179, among them cache hits 146 (81.56%)
[2025.09.01-20.42.31:766][182]LogShaderCompilers: Display: Tracking 21 distinct input hashes that result in 16 distinct outputs (76.19%)
[2025.09.01-20.42.31:766][182]LogShaderCompilers: Display: RAM used: 0.07 MB (0.00 GB) of 819.20 MB (0.80 GB) budget. Usage: 0.01%
[2025.09.01-20.42.31:766][182]LogShaderCompilers: Display: ================================================
[2025.09.01-20.42.31:781][182]LogShaderCompilers: Display: Shaders left to compile 0
[2025.09.01-20.42.31:811][182]LogModuleManager: Shutting down and abandoning module HierarchicalLODUtilities (878)
[2025.09.01-20.42.31:811][182]LogModuleManager: Shutting down and abandoning module BlueprintGraph (876)
[2025.09.01-20.42.31:811][182]LogModuleManager: Shutting down and abandoning module MovieSceneCapture (874)
[2025.09.01-20.42.31:811][182]LogModuleManager: Shutting down and abandoning module Voice (872)
[2025.09.01-20.42.31:811][182]LogModuleManager: Shutting down and abandoning module HierarchicalLODOutliner (870)
[2025.09.01-20.42.31:811][182]LogModuleManager: Shutting down and abandoning module SceneOutliner (868)
[2025.09.01-20.42.31:811][182]LogModuleManager: Shutting down and abandoning module AddContentDialog (866)
[2025.09.01-20.42.31:811][182]LogModuleManager: Shutting down and abandoning module WidgetCarousel (865)
[2025.09.01-20.42.31:811][182]LogModuleManager: Shutting down and abandoning module EditorWidgets (862)
[2025.09.01-20.42.31:811][182]LogModuleManager: Shutting down and abandoning module StatsViewer (860)
[2025.09.01-20.42.31:811][182]LogModuleManager: Shutting down and abandoning module PIEPreviewDeviceProfileSelector (858)
[2025.09.01-20.42.31:811][182]LogModuleManager: Shutting down and abandoning module SequenceRecorderSections (856)
[2025.09.01-20.42.31:811][182]LogModuleManager: Shutting down and abandoning module AutomationWorker (854)
[2025.09.01-20.42.31:811][182]LogModuleManager: Shutting down and abandoning module SteamVREditor (852)
[2025.09.01-20.42.31:811][182]LogModuleManager: Shutting down and abandoning module OculusMR (850)
[2025.09.01-20.42.31:811][182]LogModuleManager: Shutting down and abandoning module TakeRecorderSources (848)
[2025.09.01-20.42.31:811][182]LogModuleManager: Shutting down and abandoning module TakeRecorder (847)
[2025.09.01-20.42.31:811][182]LogModuleManager: Shutting down and abandoning module TakeTrackRecorders (844)
[2025.09.01-20.42.31:811][182]LogModuleManager: Shutting down and abandoning module TakesCore (842)
[2025.09.01-20.42.31:811][182]LogModuleManager: Shutting down and abandoning module OpenXRInput (840)
[2025.09.01-20.42.31:811][182]LogModuleManager: Shutting down and abandoning module GooglePADEditor (838)
[2025.09.01-20.42.31:811][182]LogModuleManager: Shutting down and abandoning module AudioCaptureEditor (836)
[2025.09.01-20.42.31:811][182]LogModuleManager: Shutting down and abandoning module TemplateSequenceEditor (834)
[2025.09.01-20.42.31:811][182]LogModuleManager: Shutting down and abandoning module LevelSequenceEditor (832)
[2025.09.01-20.42.31:811][182]LogModuleManager: Shutting down and abandoning module MatineeToLevelSequence (830)
[2025.09.01-20.42.31:811][182]LogModuleManager: Shutting down and abandoning module ActorSequenceEditor (828)
[2025.09.01-20.42.31:811][182]LogModuleManager: Shutting down and abandoning module WebMMediaFactory (826)
[2025.09.01-20.42.31:811][182]LogModuleManager: Shutting down and abandoning module WebMMediaEditor (824)
[2025.09.01-20.42.31:811][182]LogModuleManager: Shutting down and abandoning module WebMMedia (822)
[2025.09.01-20.42.31:811][182]LogModuleManager: Shutting down and abandoning module WmfMediaFactory (820)
[2025.09.01-20.42.31:811][182]LogModuleManager: Shutting down and abandoning module WmfMediaEditor (818)
[2025.09.01-20.42.31:811][182]LogModuleManager: Shutting down and abandoning module MediaPlayerEditor (816)
[2025.09.01-20.42.31:811][182]LogModuleManager: Shutting down and abandoning module MediaCompositingEditor (814)
[2025.09.01-20.42.31:811][182]LogModuleManager: Shutting down and abandoning module SequenceRecorder (813)
[2025.09.01-20.42.31:812][182]LogModuleManager: Shutting down and abandoning module OpenExrWrapper (810)
[2025.09.01-20.42.31:812][182]LogModuleManager: Shutting down and abandoning module ImgMediaFactory (808)
[2025.09.01-20.42.31:812][182]LogModuleManager: Shutting down and abandoning module ImgMediaEditor (806)
[2025.09.01-20.42.31:812][182]LogModuleManager: Shutting down and abandoning module AvfMediaFactory (804)
[2025.09.01-20.42.31:812][182]LogModuleManager: Shutting down and abandoning module AvfMediaEditor (802)
[2025.09.01-20.42.31:812][182]LogModuleManager: Shutting down and abandoning module AndroidMediaFactory (800)
[2025.09.01-20.42.31:812][182]LogModuleManager: Shutting down and abandoning module AndroidMediaEditor (798)
[2025.09.01-20.42.31:812][182]LogModuleManager: Shutting down and abandoning module MagicLeapMediaCodecFactory (796)
[2025.09.01-20.42.31:812][182]LogModuleManager: Shutting down and abandoning module MagicLeapMediaFactory (794)
[2025.09.01-20.42.31:812][182]LogModuleManager: Shutting down and abandoning module MagicLeapMediaEditor (792)
[2025.09.01-20.42.31:812][182]LogModuleManager: Shutting down and abandoning module PlanarCut (790)
[2025.09.01-20.42.31:812][182]LogModuleManager: Shutting down and abandoning module CharacterAI (788)
[2025.09.01-20.42.31:812][182]LogModuleManager: Shutting down and abandoning module TextureAlignMode (786)
[2025.09.01-20.42.31:812][182]LogModuleManager: Shutting down and abandoning module BspMode (784)
[2025.09.01-20.42.31:812][182]LogModuleManager: Shutting down and abandoning module GeometryMode (782)
[2025.09.01-20.42.31:812][182]LogModuleManager: Shutting down and abandoning module CameraShakePreviewer (780)
[2025.09.01-20.42.31:812][182]LogModuleManager: Shutting down and abandoning module SmartSnapping (778)
[2025.09.01-20.42.31:812][182]LogModuleManager: Shutting down and abandoning module SessionServices (776)
[2025.09.01-20.42.31:812][182]LogModuleManager: Shutting down and abandoning module MeshPaint (774)
[2025.09.01-20.42.31:812][182]LogModuleManager: Shutting down and abandoning module VirtualTexturingEditor (772)
[2025.09.01-20.42.31:812][182]LogModuleManager: Shutting down and abandoning module FoliageEdit (770)
[2025.09.01-20.42.31:812][182]LogModuleManager: Shutting down and abandoning module LandscapeEditor (768)
[2025.09.01-20.42.31:812][182]LogModuleManager: Shutting down and abandoning module MeshPaintMode (766)
[2025.09.01-20.42.31:812][182]LogModuleManager: Shutting down and abandoning module SceneDepthPickerMode (764)
[2025.09.01-20.42.31:812][182]LogModuleManager: Shutting down and abandoning module ActorPickerMode (762)
[2025.09.01-20.42.31:812][182]LogModuleManager: Shutting down and abandoning module PlacementMode (760)
[2025.09.01-20.42.31:812][182]LogModuleManager: Shutting down and abandoning module ViewportSnapping (758)
[2025.09.01-20.42.31:812][182]LogModuleManager: Shutting down and abandoning module ViewportInteraction (756)
[2025.09.01-20.42.31:812][182]LogModuleManager: Shutting down and abandoning module ClothPainter (754)
[2025.09.01-20.42.31:812][182]LogModuleManager: Shutting down and abandoning module SkeletalMeshEditor (753)
[2025.09.01-20.42.31:812][182]LogModuleManager: Shutting down and abandoning module LogVisualizer (750)
[2025.09.01-20.42.31:812][182]LogModuleManager: Shutting down and abandoning module IntroTutorials (748)
[2025.09.01-20.42.31:812][182]LogModuleManager: Shutting down and abandoning module GameProjectGeneration (747)
[2025.09.01-20.42.31:812][182]LogModuleManager: Shutting down and abandoning module LuminPlatformEditor (744)
[2025.09.01-20.42.31:812][182]LogModuleManager: Shutting down and abandoning module IOSPlatformEditor (742)
[2025.09.01-20.42.31:812][182]LogModuleManager: Shutting down and abandoning module AndroidPlatformEditor (740)
[2025.09.01-20.42.31:812][182]LogModuleManager: Shutting down and abandoning module AndroidDeviceDetection (739)
[2025.09.01-20.42.33:269][182]LogModuleManager: Shutting down and abandoning module WindowsPlatformEditor (736)
[2025.09.01-20.42.33:269][182]LogModuleManager: Shutting down and abandoning module LuminRuntimeSettings (734)
[2025.09.01-20.42.33:269][182]LogModuleManager: Shutting down and abandoning module IOSRuntimeSettings (732)
[2025.09.01-20.42.33:269][182]LogModuleManager: Shutting down and abandoning module AndroidRuntimeSettings (730)
[2025.09.01-20.42.33:269][182]LogModuleManager: Shutting down and abandoning module TraceInsights (728)
[2025.09.01-20.42.33:269][182]MemoryProfiler: Shutdown
[2025.09.01-20.42.33:269][182]NetworkingProfiler: Shutdown
[2025.09.01-20.42.33:269][182]LoadingProfiler: Shutdown
[2025.09.01-20.42.33:269][182]TimingProfiler: Shutdown
[2025.09.01-20.42.33:269][182]LogModuleManager: Shutting down and abandoning module TraceServices (727)
[2025.09.01-20.42.33:269][182]LogModuleManager: Shutting down and abandoning module EditorInteractiveToolsFramework (724)
[2025.09.01-20.42.33:269][182]LogModuleManager: Shutting down and abandoning module TimeManagementEditor (722)
[2025.09.01-20.42.33:269][182]LogModuleManager: Shutting down and abandoning module InputBindingEditor (720)
[2025.09.01-20.42.33:269][182]LogModuleManager: Shutting down and abandoning module MergeActors (718)
[2025.09.01-20.42.33:269][182]LogModuleManager: Shutting down and abandoning module LocalizationDashboard (716)
[2025.09.01-20.42.33:269][182]LogModuleManager: Shutting down and abandoning module LocalizationService (715)
[2025.09.01-20.42.33:269][182]LogModuleManager: Shutting down and abandoning module HardwareTargeting (712)
[2025.09.01-20.42.33:269][182]LogModuleManager: Shutting down and abandoning module DeviceProfileEditor (710)
[2025.09.01-20.42.33:269][182]LogModuleManager: Shutting down and abandoning module UndoHistory (708)
[2025.09.01-20.42.33:269][182]LogModuleManager: Shutting down and abandoning module XmlParser (706)
[2025.09.01-20.42.33:269][182]LogModuleManager: Shutting down and abandoning module Blutility (704)
[2025.09.01-20.42.33:269][182]LogModuleManager: Shutting down and abandoning module ProjectSettingsViewer (702)
[2025.09.01-20.42.33:269][182]LogModuleManager: Shutting down and abandoning module ProjectTargetPlatformEditor (701)
[2025.09.01-20.42.33:269][182]LogModuleManager: Shutting down and abandoning module EditorSettingsViewer (698)
[2025.09.01-20.42.33:269][182]LogModuleManager: Shutting down and abandoning module InternationalizationSettings (697)
[2025.09.01-20.42.33:269][182]LogModuleManager: Shutting down and abandoning module SettingsEditor (694)
[2025.09.01-20.42.33:269][182]LogModuleManager: Shutting down and abandoning module ProjectLauncher (692)
[2025.09.01-20.42.33:269][182]LogModuleManager: Shutting down and abandoning module SessionFrontend (690)
[2025.09.01-20.42.33:269][182]LogModuleManager: Shutting down and abandoning module ProfilerClient (688)
[2025.09.01-20.42.33:269][182]LogModuleManager: Shutting down and abandoning module DeviceManager (686)
[2025.09.01-20.42.33:270][182]LogModuleManager: Shutting down and abandoning module TargetDeviceServices (685)
[2025.09.01-20.42.33:302][182]LogModuleManager: Shutting down and abandoning module AutomationController (682)
[2025.09.01-20.42.33:302][182]LogModuleManager: Shutting down and abandoning module AutomationWindow (680)
[2025.09.01-20.42.33:302][182]LogModuleManager: Shutting down and abandoning module Layers (678)
[2025.09.01-20.42.33:302][182]LogModuleManager: Shutting down and abandoning module ComponentVisualizers (676)
[2025.09.01-20.42.33:302][182]LogModuleManager: Shutting down and abandoning module DetailCustomizations (674)
[2025.09.01-20.42.33:302][182]LogModuleManager: Shutting down and abandoning module PackagesDialog (672)
[2025.09.01-20.42.33:303][182]LogModuleManager: Shutting down and abandoning module AnimationBlueprintEditor (670)
[2025.09.01-20.42.33:303][182]LogModuleManager: Shutting down and abandoning module Persona (668)
[2025.09.01-20.42.33:303][182]LogModuleManager: Shutting down and abandoning module AdvancedPreviewScene (667)
[2025.09.01-20.42.33:303][182]LogModuleManager: Shutting down and abandoning module AnimGraph (665)
[2025.09.01-20.42.33:303][182]LogModuleManager: Shutting down and abandoning module Kismet (662)
[2025.09.01-20.42.33:315][182]LogModuleManager: Shutting down and abandoning module KismetWidgets (661)
[2025.09.01-20.42.33:315][182]LogModuleManager: Shutting down and abandoning module GraphEditor (658)
[2025.09.01-20.42.33:315][182]LogModuleManager: Shutting down and abandoning module StructViewer (656)
[2025.09.01-20.42.33:315][182]LogModuleManager: Shutting down and abandoning module ClassViewer (654)
[2025.09.01-20.42.33:317][182]LogModuleManager: Shutting down and abandoning module Toolbox (652)
[2025.09.01-20.42.33:317][182]LogModuleManager: Shutting down and abandoning module ModuleUI (650)
[2025.09.01-20.42.33:317][182]LogModuleManager: Shutting down and abandoning module OutputLog (648)
[2025.09.01-20.42.33:317][182]LogModuleManager: Shutting down and abandoning module GammaUI (646)
[2025.09.01-20.42.33:317][182]LogModuleManager: Shutting down and abandoning module Documentation (644)
[2025.09.01-20.42.33:317][182]LogModuleManager: Shutting down and abandoning module LiveCoding (642)
[2025.09.01-20.42.33:317][182]LogModuleManager: Shutting down and abandoning module LevelSequence (640)
[2025.09.01-20.42.33:317][182]LogModuleManager: Shutting down and abandoning module MovieSceneTracks (638)
[2025.09.01-20.42.33:318][182]LogModuleManager: Shutting down and abandoning module MovieScene (636)
[2025.09.01-20.42.33:318][182]LogModuleManager: Shutting down and abandoning module StreamingPauseRendering (634)
[2025.09.01-20.42.33:318][182]LogModuleManager: Shutting down and abandoning module LauncherPlatform (632)
[2025.09.01-20.42.33:318][182]LogModuleManager: Shutting down and abandoning module AnalyticsET (630)
[2025.09.01-20.42.33:318][182]LogModuleManager: Shutting down and abandoning module PortalServices (628)
[2025.09.01-20.42.33:318][182]LogModuleManager: Shutting down and abandoning module PortalRpc (626)
[2025.09.01-20.42.33:318][182]LogModuleManager: Shutting down and abandoning module MessagingRpc (624)
[2025.09.01-20.42.33:318][182]LogModuleManager: Shutting down and abandoning module AudioMixerXAudio2 (622)
[2025.09.01-20.42.33:318][182]LogModuleManager: Shutting down and abandoning module AudioMixerCore (621)
[2025.09.01-20.42.33:318][182]LogModuleManager: Shutting down and abandoning module AIModule (618)
[2025.09.01-20.42.33:318][182]LogModuleManager: Shutting down and abandoning module GameplayDebugger (617)
[2025.09.01-20.42.33:318][182]LogModuleManager: Shutting down and abandoning module AITestSuite (615)
[2025.09.01-20.42.33:318][182]LogModuleManager: Shutting down and abandoning module NavigationSystem (613)
[2025.09.01-20.42.33:318][182]LogModuleManager: Shutting down and abandoning module ImageWriteQueue (610)
[2025.09.01-20.42.33:321][182]LogModuleManager: Shutting down and abandoning module ProfilerService (608)
[2025.09.01-20.42.33:492][182]LogModuleManager: Shutting down and abandoning module TaskGraph (606)
[2025.09.01-20.42.33:492][182]LogModuleManager: Shutting down and abandoning module AudioSynesthesiaEditor (604)
[2025.09.01-20.42.33:492][182]LogModuleManager: Shutting down and abandoning module OculusEditor (602)
[2025.09.01-20.42.33:493][182]LogModuleManager: Shutting down and abandoning module OculusInput (600)
[2025.09.01-20.42.33:493][182]LogModuleManager: Shutting down and abandoning module ContentBrowserFileDataSource (598)
[2025.09.01-20.42.33:493][182]LogModuleManager: Shutting down and abandoning module ContentBrowserClassDataSource (596)
[2025.09.01-20.42.33:493][182]LogModuleManager: Shutting down and abandoning module ContentBrowserAssetDataSource (594)
[2025.09.01-20.42.33:494][182]LogModuleManager: Shutting down and abandoning module CollectionManager (593)
[2025.09.01-20.42.33:494][182]LogModuleManager: Shutting down and abandoning module ScreenshotTools (590)
[2025.09.01-20.42.33:494][182]LogModuleManager: Shutting down and abandoning module SynthesisEditor (588)
[2025.09.01-20.42.33:494][182]LogModuleManager: Shutting down and abandoning module Synthesis (586)
[2025.09.01-20.42.33:495][182]LogModuleManager: Shutting down and abandoning module ProceduralMeshComponentEditor (584)
[2025.09.01-20.42.33:495][182]LogModuleManager: Shutting down and abandoning module ProceduralMeshComponent (582)
[2025.09.01-20.42.33:495][182]LogModuleManager: Shutting down and abandoning module TakeSequencer (580)
[2025.09.01-20.42.33:495][182]LogModuleManager: Shutting down and abandoning module TakeMovieScene (578)
[2025.09.01-20.42.33:495][182]LogModuleManager: Shutting down and abandoning module OpenXREditor (576)
[2025.09.01-20.42.33:495][182]LogModuleManager: Shutting down and abandoning module MobilePatchingUtils (574)
[2025.09.01-20.42.33:495][182]LogModuleManager: Shutting down and abandoning module GooglePAD (572)
[2025.09.01-20.42.33:495][182]LogModuleManager: Shutting down and abandoning module EditableMesh (570)
[2025.09.01-20.42.33:495][182]LogModuleManager: Shutting down and abandoning module CustomMeshComponent (568)
[2025.09.01-20.42.33:495][182]LogModuleManager: Shutting down and abandoning module CableComponent (566)
[2025.09.01-20.42.33:495][182]LogModuleManager: Shutting down and abandoning module AudioCapture (564)
[2025.09.01-20.42.33:495][182]LogModuleManager: Shutting down and abandoning module AudioCaptureRtAudio (563)
[2025.09.01-20.42.33:495][182]LogModuleManager: Shutting down and abandoning module AssetTags (560)
[2025.09.01-20.42.33:495][182]LogModuleManager: Shutting down and abandoning module ArchVisCharacter (558)
[2025.09.01-20.42.33:495][182]LogModuleManager: Shutting down and abandoning module AppleImageUtilsBlueprintSupport (556)
[2025.09.01-20.42.33:495][182]LogModuleManager: Shutting down and abandoning module AppleImageUtils (554)
[2025.09.01-20.42.33:495][182]LogModuleManager: Shutting down and abandoning module AndroidPermission (552)
[2025.09.01-20.42.33:495][182]LogModuleManager: Shutting down and abandoning module ActorLayerUtilitiesEditor (550)
[2025.09.01-20.42.33:495][182]LogModuleManager: Shutting down and abandoning module ActorLayerUtilities (548)
[2025.09.01-20.42.33:495][182]LogModuleManager: Shutting down and abandoning module TemplateSequence (546)
[2025.09.01-20.42.33:496][182]LogModuleManager: Shutting down and abandoning module NiagaraEditorWidgets (544)
[2025.09.01-20.42.33:496][182]LogModuleManager: Shutting down and abandoning module MediaCompositing (542)
[2025.09.01-20.42.33:496][182]LogModuleManager: Shutting down and abandoning module ImgMedia (540)
[2025.09.01-20.42.33:496][182]LogModuleManager: Shutting down and abandoning module MagicLeapSharedWorld (538)
[2025.09.01-20.42.33:496][182]LogModuleManager: Shutting down and abandoning module MagicLeapLightEstimation (536)
[2025.09.01-20.42.33:496][182]LogModuleManager: Shutting down and abandoning module MagicLeapHelperVulkan (534)
[2025.09.01-20.42.33:496][182]LogModuleManager: Shutting down and abandoning module MagicLeapHelperOpenGL (532)
[2025.09.01-20.42.33:496][182]LogModuleManager: Shutting down and abandoning module MagicLeapAudio (530)
[2025.09.01-20.42.33:496][182]LogModuleManager: Shutting down and abandoning module OpenImageDenoise (528)
[2025.09.01-20.42.33:496][182]LogOpenImageDenoise: OIDN shutting down
[2025.09.01-20.42.33:496][182]LogModuleManager: Shutting down and abandoning module MotoSynthEditor (526)
[2025.09.01-20.42.33:496][182]LogModuleManager: Shutting down and abandoning module MotoSynth (524)
[2025.09.01-20.42.33:496][182]LogModuleManager: Shutting down and abandoning module VariantManagerContentEditor (522)
[2025.09.01-20.42.33:496][182]LogModuleManager: Shutting down and abandoning module MeshConversion (520)
[2025.09.01-20.42.33:496][182]LogModuleManager: Shutting down and abandoning module DynamicMesh (518)
[2025.09.01-20.42.33:496][182]LogModuleManager: Shutting down and abandoning module GeometryAlgorithms (516)
[2025.09.01-20.42.33:497][182]LogModuleManager: Shutting down and abandoning module GeometricObjects (514)
[2025.09.01-20.42.33:497][182]LogModuleManager: Shutting down and abandoning module DatasmithContentEditor (512)
[2025.09.01-20.42.33:497][182]LogModuleManager: Shutting down and abandoning module GeometryCollectionTracks (510)
[2025.09.01-20.42.33:497][182]LogModuleManager: Shutting down and abandoning module GeometryCollectionSequencer (509)
[2025.09.01-20.42.33:497][182]LogModuleManager: Shutting down and abandoning module GeometryCollectionEditor (506)
[2025.09.01-20.42.33:497][182]LogModuleManager: Shutting down and abandoning module GeometryCacheTracks (504)
[2025.09.01-20.42.33:497][182]LogModuleManager: Shutting down and abandoning module GeometryCacheStreamer (502)
[2025.09.01-20.42.33:497][182]LogModuleManager: Shutting down and abandoning module GeometryCacheSequencer (500)
[2025.09.01-20.42.33:497][182]LogModuleManager: Shutting down and abandoning module ChaosSolverEditor (498)
[2025.09.01-20.42.33:497][182]LogModuleManager: Shutting down and abandoning module ChaosNiagara (496)
[2025.09.01-20.42.33:497][182]LogModuleManager: Shutting down and abandoning module FractureEditor (494)
[2025.09.01-20.42.33:497][182]LogModuleManager: Shutting down and abandoning module FieldSystemEngine (493)
[2025.09.01-20.42.33:497][182]LogModuleManager: Shutting down and abandoning module ChaosClothEditor (490)
[2025.09.01-20.42.33:497][182]LogModuleManager: Shutting down and abandoning module BackChannel (488)
[2025.09.01-20.42.33:497][182]LogModuleManager: Shutting down and abandoning module AutomationUtilsEditor (486)
[2025.09.01-20.42.33:498][182]LogModuleManager: Shutting down and abandoning module AutomationUtils (484)
[2025.09.01-20.42.33:498][182]LogModuleManager: Shutting down and abandoning module AlembicImporter (482)
[2025.09.01-20.42.33:498][182]LogModuleManager: Shutting down and abandoning module AlembicLibrary (481)
[2025.09.01-20.42.33:498][182]LogModuleManager: Shutting down and abandoning module GeometryCache (480)
[2025.09.01-20.42.33:498][182]LogModuleManager: Shutting down and abandoning module GeometryCacheEd (479)
[2025.09.01-20.42.33:498][182]LogModuleManager: Shutting down and abandoning module VisualStudioSourceCodeAccess (474)
[2025.09.01-20.42.33:498][182]LogModuleManager: Shutting down and abandoning module UObjectPlugin (472)
[2025.09.01-20.42.33:498][182]LogModuleManager: Shutting down and abandoning module VisualStudioCodeSourceCodeAccess (470)
[2025.09.01-20.42.33:498][182]LogModuleManager: Shutting down and abandoning module SubversionSourceControl (468)
[2025.09.01-20.42.33:498][182]LogModuleManager: Shutting down and abandoning module RiderSourceCodeAccess (466)
[2025.09.01-20.42.33:498][182]LogModuleManager: Shutting down and abandoning module PlasticSourceControl (464)
[2025.09.01-20.42.33:498][182]LogModuleManager: Shutting down and abandoning module PluginUtils (462)
[2025.09.01-20.42.33:498][182]LogModuleManager: Shutting down and abandoning module PerforceSourceControl (460)
[2025.09.01-20.42.33:498][182]LogModuleManager: Shutting down and abandoning module GitSourceControl (458)
[2025.09.01-20.42.33:498][182]LogModuleManager: Shutting down and abandoning module SourceControl (457)
[2025.09.01-20.42.33:499][182]LogModuleManager: Shutting down and abandoning module CLionSourceCodeAccess (454)
[2025.09.01-20.42.33:499][182]LogModuleManager: Shutting down and abandoning module AnimationSharingEd (452)
[2025.09.01-20.42.33:499][182]LogModuleManager: Shutting down and abandoning module SpeedTreeImporter (450)
[2025.09.01-20.42.33:499][182]LogModuleManager: Shutting down and abandoning module PluginBrowser (448)
[2025.09.01-20.42.33:499][182]LogModuleManager: Shutting down and abandoning module MobileLauncherProfileWizard (446)
[2025.09.01-20.42.33:499][182]LogModuleManager: Shutting down and abandoning module MaterialAnalyzer (444)
[2025.09.01-20.42.33:499][182]LogModuleManager: Shutting down and abandoning module CurveEditorTools (442)
[2025.09.01-20.42.33:499][182]LogModuleManager: Shutting down and abandoning module CryptoKeysOpenSSL (440)
[2025.09.01-20.42.33:499][182]LogModuleManager: Shutting down and abandoning module CryptoKeys (438)
[2025.09.01-20.42.33:499][182]LogModuleManager: Shutting down and abandoning module OodleNetworkHandlerComponent (436)
[2025.09.01-20.42.33:499][182]LogModuleManager: Shutting down and abandoning module LightPropagationVolumeEditor (434)
[2025.09.01-20.42.33:499][182]LogModuleManager: Shutting down and abandoning module LiveLinkSequencer (432)
[2025.09.01-20.42.33:499][182]LogModuleManager: Shutting down and abandoning module LiveLinkMovieScene (430)
[2025.09.01-20.42.33:499][182]LogModuleManager: Shutting down and abandoning module LiveLinkGraphNode (428)
[2025.09.01-20.42.33:499][182]LogModuleManager: Shutting down and abandoning module LiveLinkEditor (426)
[2025.09.01-20.42.33:500][182]LogModuleManager: Shutting down and abandoning module LiveLinkComponents (424)
[2025.09.01-20.42.33:500][182]LogModuleManager: Shutting down and abandoning module LiveLink (422)
[2025.09.01-20.42.34:322][182]LogModuleManager: Shutting down and abandoning module PaperTiledImporter (420)
[2025.09.01-20.42.34:322][182]LogModuleManager: Shutting down and abandoning module PaperSpriteSheetImporter (418)
[2025.09.01-20.42.34:323][182]LogModuleManager: Shutting down and abandoning module Paper2DEditor (416)
[2025.09.01-20.42.34:323][182]LogModuleManager: Shutting down and abandoning module MeshPaintingToolset (414)
[2025.09.01-20.42.34:323][182]LogModuleManager: Shutting down and abandoning module MeshPaintEditorMode (412)
[2025.09.01-20.42.34:323][182]LogModuleManager: Shutting down and abandoning module SoundFields (410)
[2025.09.01-20.42.34:323][182]LogModuleManager: Shutting down and abandoning module SignificanceManager (408)
[2025.09.01-20.42.34:323][182]LogModuleManager: Shutting down and abandoning module RuntimePhysXCooking (406)
[2025.09.01-20.42.34:323][182]LogModuleManager: Shutting down and abandoning module PropertyAccessEditor (404)
[2025.09.01-20.42.34:323][182]LogModuleManager: Shutting down and abandoning module PhysXVehiclesEditor (402)
[2025.09.01-20.42.34:323][182]LogModuleManager: Shutting down and abandoning module LocationServicesBPLibrary (398)
[2025.09.01-20.42.34:323][182]LogModuleManager: Shutting down and abandoning module AudioSynesthesia (396)
[2025.09.01-20.42.34:323][182]LogModuleManager: Shutting down and abandoning module AudioSynesthesiaCore (394)
[2025.09.01-20.42.34:323][182]LogModuleManager: Shutting down and abandoning module ActorSequence (392)
[2025.09.01-20.42.34:323][182]LogModuleManager: Shutting down and abandoning module UdpMessaging (390)
[2025.09.01-20.42.34:424][182]LogModuleManager: Shutting down and abandoning module TcpMessaging (388)
[2025.09.01-20.42.34:525][182]LogModuleManager: Shutting down and abandoning module NiagaraAnimNotifies (386)
[2025.09.01-20.42.34:525][182]LogModuleManager: Shutting down and abandoning module Niagara (384)
[2025.09.01-20.42.34:525][182]LogModuleManager: Shutting down and abandoning module SignalProcessing (383)
[2025.09.01-20.42.34:525][182]LogModuleManager: Shutting down and abandoning module NiagaraEditor (381)
[2025.09.01-20.42.34:525][182]LogModuleManager: Shutting down and abandoning module NiagaraCore (378)
[2025.09.01-20.42.34:525][182]LogModuleManager: Shutting down and abandoning module ImgMediaEngine (376)
[2025.09.01-20.42.34:525][182]LogModuleManager: Shutting down and abandoning module MagicLeapARPin (374)
[2025.09.01-20.42.34:525][182]LogModuleManager: Shutting down and abandoning module MagicLeapHandMeshing (372)
[2025.09.01-20.42.34:525][182]LogModuleManager: Shutting down and abandoning module MagicLeapSecureStorage (370)
[2025.09.01-20.42.34:525][182]LogModuleManager: Shutting down and abandoning module MagicLeapPrivileges (368)
[2025.09.01-20.42.34:525][182]LogModuleManager: Shutting down and abandoning module MagicLeapPlanes (366)
[2025.09.01-20.42.34:525][182]LogMagicLeapPlanes: Planes tracker already destroyed.
[2025.09.01-20.42.34:525][182]LogModuleManager: Shutting down and abandoning module MagicLeapImageTracker (364)
[2025.09.01-20.42.34:525][182]LogModuleManager: Shutting down and abandoning module MagicLeapIdentity (362)
[2025.09.01-20.42.34:525][182]LogModuleManager: Shutting down and abandoning module MagicLeapHandTracking (360)
[2025.09.01-20.42.34:525][182]LogModuleManager: Shutting down and abandoning module MagicLeapEyeTracker (358)
[2025.09.01-20.42.34:525][182]LogModuleManager: Shutting down and abandoning module MagicLeapController (356)
[2025.09.01-20.42.34:525][182]LogModuleManager: Shutting down and abandoning module MagicLeapARPinImpl (354)
[2025.09.01-20.42.34:525][182]LogModuleManager: Shutting down and abandoning module MagicLeapAR (352)
[2025.09.01-20.42.34:525][182]LogModuleManager: Shutting down and abandoning module PythonScriptPlugin (350)
[2025.09.01-20.42.34:525][182]LogModuleManager: Shutting down and abandoning module PropertyAccessNode (348)
[2025.09.01-20.42.34:525][182]LogModuleManager: Shutting down and abandoning module AnimationSharing (346)
[2025.09.01-20.42.34:525][182]LogModuleManager: Shutting down and abandoning module GameplayTagsEditor (344)
[2025.09.01-20.42.34:525][182]LogModuleManager: Shutting down and abandoning module FacialAnimationEditor (342)
[2025.09.01-20.42.34:525][182]LogModuleManager: Shutting down and abandoning module FacialAnimation (340)
[2025.09.01-20.42.34:525][182]LogModuleManager: Shutting down and abandoning module DataValidation (338)
[2025.09.01-20.42.34:525][182]LogModuleManager: Shutting down and abandoning module AssetManagerEditor (336)
[2025.09.01-20.42.34:525][182]LogModuleManager: Shutting down and abandoning module LevelEditor (335)
[2025.09.01-20.42.34:526][182]LogModuleManager: Shutting down and abandoning module PixelInspectorModule (334)
[2025.09.01-20.42.34:526][182]LogModuleManager: Shutting down and abandoning module CommonMenuExtensions (332)
[2025.09.01-20.42.34:526][182]LogModuleManager: Shutting down and abandoning module MainFrame (330)
[2025.09.01-20.42.34:526][182]LogModuleManager: Shutting down and abandoning module HotReload (329)
[2025.09.01-20.42.34:526][182]LogModuleManager: Shutting down and abandoning module ToolMenus (325)
[2025.09.01-20.42.34:526][182]LogModuleManager: Shutting down and abandoning module ContentBrowser (323)
[2025.09.01-20.42.34:526][182]LogModuleManager: Shutting down and abandoning module ContentBrowserData (322)
[2025.09.01-20.42.34:527][182]LogModuleManager: Shutting down and abandoning module TreeMap (319)
[2025.09.01-20.42.34:527][182]LogModuleManager: Shutting down and abandoning module GameplayCameras (316)
[2025.09.01-20.42.34:527][182]LogModuleManager: Shutting down and abandoning module LightPropagationVolumeRuntime (314)
[2025.09.01-20.42.34:527][182]LogModuleManager: Shutting down and abandoning module EnvironmentQueryEditor (312)
[2025.09.01-20.42.34:527][182]LogModuleManager: Shutting down and abandoning module Paper2D (310)
[2025.09.01-20.42.34:527][182]LogModuleManager: Shutting down and abandoning module WindowsMoviePlayer (308)
[2025.09.01-20.42.34:527][182]LogModuleManager: Shutting down and abandoning module WebMMoviePlayer (306)
[2025.09.01-20.42.34:527][182]LogModuleManager: Shutting down and abandoning module NetworkReplayStreaming (304)
[2025.09.01-20.42.34:527][182]LogModuleManager: Shutting down and abandoning module PacketHandler (302)
[2025.09.01-20.42.34:528][182]LogModuleManager: Shutting down and abandoning module ClothingSystemEditor (300)
[2025.09.01-20.42.34:528][182]LogModuleManager: Shutting down and abandoning module ClothingSystemRuntimeNv (298)
[2025.09.01-20.42.34:528][182]LogModuleManager: Shutting down and abandoning module MediaAssets (296)
[2025.09.01-20.42.34:528][182]LogModuleManager: Shutting down and abandoning module Overlay (294)
[2025.09.01-20.42.34:528][182]LogModuleManager: Shutting down and abandoning module OverlayEditor (293)
[2025.09.01-20.42.34:528][182]LogModuleManager: Shutting down and abandoning module VREditor (290)
[2025.09.01-20.42.34:528][182]LogModuleManager: Shutting down and abandoning module StringTableEditor (288)
[2025.09.01-20.42.34:528][182]LogModuleManager: Shutting down and abandoning module GameplayTasksEditor (286)
[2025.09.01-20.42.34:528][182]LogModuleManager: Shutting down and abandoning module BehaviorTreeEditor (284)
[2025.09.01-20.42.34:528][182]LogModuleManager: Shutting down and abandoning module FunctionalTesting (282)
[2025.09.01-20.42.34:528][182]LogModuleManager: Shutting down and abandoning module CollisionAnalyzer (280)
[2025.09.01-20.42.34:528][182]LogModuleManager: Shutting down and abandoning module WorkspaceMenuStructure (279)
[2025.09.01-20.42.34:528][182]LogModuleManager: Shutting down and abandoning module UMG (276)
[2025.09.01-20.42.34:528][182]LogModuleManager: Shutting down and abandoning module UMGEditor (275)
[2025.09.01-20.42.34:528][182]LogModuleManager: Shutting down and abandoning module MessageLog (273)
[2025.09.01-20.42.34:528][182]LogModuleManager: Shutting down and abandoning module SlateReflector (268)
[2025.09.01-20.42.34:528][182]LogModuleManager: Shutting down and abandoning module Slate (266)
[2025.09.01-20.42.34:528][182]LogModuleManager: Shutting down and abandoning module SlateCore (264)
[2025.09.01-20.42.34:529][182]LogModuleManager: Shutting down and abandoning module LandscapeEditorUtilities (262)
[2025.09.01-20.42.34:529][182]LogModuleManager: Shutting down and abandoning module UnrealEd (260)
[2025.09.01-20.42.34:529][182]LogModuleManager: Shutting down and abandoning module MRMesh (258)
[2025.09.01-20.42.34:529][182]LogModuleManager: Shutting down and abandoning module SourceCodeAccess (256)
[2025.09.01-20.42.34:529][182]LogModuleManager: Shutting down and abandoning module HeadMountedDisplay (254)
[2025.09.01-20.42.34:529][182]LogModuleManager: Shutting down and abandoning module XAudio2 (252)
[2025.09.01-20.42.34:529][182]LogModuleManager: Shutting down and abandoning module Networking (250)
[2025.09.01-20.42.34:529][182]LogModuleManager: Shutting down and abandoning module Core (248)
[2025.09.01-20.42.34:529][182]LogModuleManager: Shutting down and abandoning module MaterialEditor (246)
[2025.09.01-20.42.34:529][182]LogModuleManager: Shutting down and abandoning module MovieSceneTools (244)
[2025.09.01-20.42.34:529][182]LogModuleManager: Shutting down and abandoning module CurveEditor (243)
[2025.09.01-20.42.34:529][182]LogModuleManager: Shutting down and abandoning module Sequencer (241)
[2025.09.01-20.42.34:529][182]LogModuleManager: Shutting down and abandoning module EditorStyle (240)
[2025.09.01-20.42.34:530][182]LogModuleManager: Shutting down and abandoning module KismetCompiler (236)
[2025.09.01-20.42.34:530][182]LogModuleManager: Shutting down and abandoning module MeshBuilder (234)
[2025.09.01-20.42.34:530][182]LogModuleManager: Shutting down and abandoning module MeshUtilities (232)
[2025.09.01-20.42.34:530][182]LogModuleManager: Shutting down and abandoning module MeshMergeUtilities (231)
[2025.09.01-20.42.34:530][182]LogModuleManager: Shutting down and abandoning module MeshReductionInterface (230)
[2025.09.01-20.42.34:530][182]LogModuleManager: Shutting down and abandoning module MeshBoneReduction (229)
[2025.09.01-20.42.34:530][182]LogModuleManager: Shutting down and abandoning module SkeletalMeshReduction (227)
[2025.09.01-20.42.34:530][182]LogModuleManager: Shutting down and abandoning module ProxyLODMeshReduction (225)
[2025.09.01-20.42.34:530][182]LogModuleManager: Shutting down and abandoning module QuadricMeshReduction (223)
[2025.09.01-20.42.34:530][182]LogModuleManager: Shutting down and abandoning module MaterialBaking (219)
[2025.09.01-20.42.34:530][182]LogModuleManager: Shutting down and abandoning module NullInstallBundleManager (214)
[2025.09.01-20.42.34:530][182]LogModuleManager: Shutting down and abandoning module DerivedDataCache (212)
[2025.09.01-20.42.34:530][182]LogModuleManager: Shutting down and abandoning module TargetPlatform (210)
[2025.09.01-20.42.34:530][182]LogModuleManager: Shutting down and abandoning module VulkanShaderFormat (209)
[2025.09.01-20.42.34:530][182]LogModuleManager: Shutting down and abandoning module ShaderFormatVectorVM (207)
[2025.09.01-20.42.34:530][182]LogModuleManager: Shutting down and abandoning module ShaderFormatOpenGL (205)
[2025.09.01-20.42.34:530][182]LogModuleManager: Shutting down and abandoning module ShaderFormatD3D (203)
[2025.09.01-20.42.34:530][182]LogModuleManager: Shutting down and abandoning module MetalShaderFormat (201)
[2025.09.01-20.42.34:530][182]LogModuleManager: Shutting down and abandoning module TextureFormatOodle (199)
[2025.09.01-20.42.34:530][182]LogModuleManager: Shutting down and abandoning module TextureFormatUncompressed (197)
[2025.09.01-20.42.34:530][182]LogModuleManager: Shutting down and abandoning module TextureFormatPVR (195)
[2025.09.01-20.42.34:530][182]LogModuleManager: Shutting down and abandoning module TextureFormatETC2 (193)
[2025.09.01-20.42.34:530][182]LogModuleManager: Shutting down and abandoning module TextureFormatDXT (191)
[2025.09.01-20.42.34:530][182]LogModuleManager: Shutting down and abandoning module TextureFormatIntelISPCTexComp (189)
[2025.09.01-20.42.34:530][182]LogModuleManager: Shutting down and abandoning module TextureFormatASTC (187)
[2025.09.01-20.42.34:530][182]LogModuleManager: Shutting down and abandoning module ImageWrapper (186)
[2025.09.01-20.42.34:530][182]LogModuleManager: Shutting down and abandoning module AudioFormatOpus (183)
[2025.09.01-20.42.34:530][182]LogModuleManager: Shutting down and abandoning module AudioFormatOgg (181)
[2025.09.01-20.42.34:530][182]LogModuleManager: Shutting down and abandoning module AudioFormatADPCM (179)
[2025.09.01-20.42.34:530][182]LogModuleManager: Shutting down and abandoning module WindowsServerTargetPlatform (177)
[2025.09.01-20.42.34:530][182]LogModuleManager: Shutting down and abandoning module WindowsClientTargetPlatform (175)
[2025.09.01-20.42.34:530][182]LogModuleManager: Shutting down and abandoning module WindowsTargetPlatform (173)
[2025.09.01-20.42.34:530][182]LogModuleManager: Shutting down and abandoning module WindowsNoEditorTargetPlatform (171)
[2025.09.01-20.42.34:530][182]LogModuleManager: Shutting down and abandoning module TVOSTargetPlatform (169)
[2025.09.01-20.42.34:531][182]LogModuleManager: Shutting down and abandoning module MacServerTargetPlatform (167)
[2025.09.01-20.42.34:531][182]LogModuleManager: Shutting down and abandoning module MacClientTargetPlatform (165)
[2025.09.01-20.42.34:531][182]LogModuleManager: Shutting down and abandoning module MacTargetPlatform (163)
[2025.09.01-20.42.34:531][182]LogModuleManager: Shutting down and abandoning module MacNoEditorTargetPlatform (161)
[2025.09.01-20.42.34:531][182]LogModuleManager: Shutting down and abandoning module LuminTargetPlatform (159)
[2025.09.01-20.42.34:531][182]LogModuleManager: Shutting down and abandoning module LinuxAArch64ServerTargetPlatform (157)
[2025.09.01-20.42.34:531][182]LogModuleManager: Shutting down and abandoning module LinuxAArch64ClientTargetPlatform (155)
[2025.09.01-20.42.34:531][182]LogModuleManager: Shutting down and abandoning module LinuxAArch64NoEditorTargetPlatform (153)
[2025.09.01-20.42.34:531][182]LogModuleManager: Shutting down and abandoning module LinuxServerTargetPlatform (151)
[2025.09.01-20.42.34:531][182]LogModuleManager: Shutting down and abandoning module LinuxClientTargetPlatform (149)
[2025.09.01-20.42.34:531][182]LogModuleManager: Shutting down and abandoning module LinuxNoEditorTargetPlatform (147)
[2025.09.01-20.42.34:531][182]LogModuleManager: Shutting down and abandoning module LinuxTargetPlatform (145)
[2025.09.01-20.42.34:531][182]LogModuleManager: Shutting down and abandoning module Messaging (143)
[2025.09.01-20.42.34:531][182]LogModuleManager: Shutting down and abandoning module IOSTargetPlatform (141)
[2025.09.01-20.42.34:532][182]LogModuleManager: Shutting down and abandoning module AndroidTargetPlatform (139)
[2025.09.01-20.42.34:534][182]LogModuleManager: Shutting down and abandoning module AllDesktopTargetPlatform (137)
[2025.09.01-20.42.34:534][182]LogModuleManager: Shutting down and abandoning module D3D11RHI (134)
[2025.09.01-20.42.34:534][182]LogModuleManager: Shutting down and abandoning module InputCore (132)
[2025.09.01-20.42.34:534][182]LogModuleManager: Shutting down and abandoning module Settings (130)
[2025.09.01-20.42.34:534][182]LogModuleManager: Shutting down and abandoning module DirectoryWatcher (128)
[2025.09.01-20.42.34:535][182]LogModuleManager: Shutting down and abandoning module PhysXCooking (126)
[2025.09.01-20.42.34:535][182]LogModuleManager: Shutting down and abandoning module Chaos (124)
[2025.09.01-20.42.34:535][182]LogModuleManager: Shutting down and abandoning module WindowsPlatformFeatures (122)
[2025.09.01-20.42.34:535][182]LogModuleManager: Shutting down and abandoning module GameplayMediaEncoder (121)
[2025.09.01-20.42.34:535][182]LogModuleManager: Shutting down and abandoning module AVEncoder (120)
[2025.09.01-20.42.34:535][182]LogModuleManager: Shutting down and abandoning module SteamVRInputDevice (116)
[2025.09.01-20.42.34:535][182]LogModuleManager: Shutting down and abandoning module SteamVRInput (114)
[2025.09.01-20.42.34:535][182]LogModuleManager: Shutting down and abandoning module SteamVR (112)
[2025.09.01-20.42.34:535][182]LogHMD: Freeing OpenVRDLLHandle.
[2025.09.01-20.42.34:535][182]LogModuleManager: Shutting down and abandoning module OculusHMD (110)
[2025.09.01-20.42.34:535][182]LogModuleManager: Shutting down and abandoning module OpenXRHandTracking (108)
[2025.09.01-20.42.34:535][182]LogSlate: Slate User Destroyed.  User Index 0, Is Virtual User: 0
[2025.09.01-20.42.34:535][182]LogModuleManager: Shutting down and abandoning module OpenXREyeTracker (106)
[2025.09.01-20.42.34:535][182]LogModuleManager: Shutting down and abandoning module OpenXRAR (104)
[2025.09.01-20.42.34:535][182]LogModuleManager: Shutting down and abandoning module AugmentedReality (103)
[2025.09.01-20.42.34:535][182]LogModuleManager: Shutting down and abandoning module OpenXRHMD (100)
[2025.09.01-20.42.34:535][182]LogModuleManager: Shutting down and abandoning module ExampleDeviceProfileSelector (98)
[2025.09.01-20.42.34:535][182]LogModuleManager: Shutting down and abandoning module ChunkDownloader (96)
[2025.09.01-20.42.34:535][182]LogModuleManager: Shutting down and abandoning module LauncherChunkInstaller (94)
[2025.09.01-20.42.34:535][182]LogModuleManager: Shutting down and abandoning module OnlineBlueprintSupport (92)
[2025.09.01-20.42.34:535][182]LogModuleManager: Shutting down and abandoning module OnlineSubsystem (88)
[2025.09.01-20.42.34:536][182]LogModuleManager: Shutting down and abandoning module XMPP (83)
[2025.09.01-20.42.34:536][182]LogModuleManager: Shutting down and abandoning module WebSockets (82)
[2025.09.01-20.42.34:561][182]LogModuleManager: Shutting down and abandoning module HTTP (79)
[2025.09.01-20.42.34:561][182]LogHttp: Display: Http module shutting down, but needs to wait on 1 outstanding Http requests:
[2025.09.01-20.42.34:561][182]LogHttp: Display: 	verb=[POST] url=[https://datarouter.ol.epicgames.com/datarouter/api/v1/public/data?SessionID=%7B883A185F-4D09-B44C-E4AC-53BE219221F1%7D&AppID=UEEditor.Rocket.Release&AppVersion=4.27.2-18319896%2B%2B%2BUE4%2BRelease-4.27&UserID=9b60e36246df4c956f1c559d2b6c3c7c%7Ce0dd289ee6154cdf8a7ddac8381f6f7e%7C78634fb3-1946-4726-8546-554a4ea237f7&AppEnvironment=datacollector-binary&UploadType=eteventstream] refs=[1] status=Processing
[2025.09.01-20.42.34:561][182]LogHttp: Display: cleaning up 1 outstanding Http requests.
[2025.09.01-20.42.34:586][182]LogModuleManager: Shutting down and abandoning module SSL (78)
[2025.09.01-20.42.34:586][182]LogModuleManager: Shutting down and abandoning module NiagaraVertexFactories (74)
[2025.09.01-20.42.34:586][182]LogModuleManager: Shutting down and abandoning module NiagaraShader (72)
[2025.09.01-20.42.34:586][182]LogModuleManager: Shutting down and abandoning module WmfMedia (70)
[2025.09.01-20.42.34:588][182]LogModuleManager: Shutting down and abandoning module Media (69)
[2025.09.01-20.42.34:589][182]LogModuleManager: Shutting down and abandoning module MediaInfo (68)
[2025.09.01-20.42.34:589][182]LogModuleManager: Shutting down and abandoning module ExrReaderGpu (64)
[2025.09.01-20.42.34:589][182]LogModuleManager: Shutting down and abandoning module MLSDK (62)
[2025.09.01-20.42.34:589][182]LogModuleManager: Shutting down and abandoning module MagicLeap (60)
[2025.09.01-20.42.34:589][182]LogModuleManager: Shutting down and abandoning module VariantManagerContent (58)
[2025.09.01-20.42.34:589][182]LogModuleManager: Shutting down and abandoning module DatasmithContent (56)
[2025.09.01-20.42.34:589][182]LogModuleManager: Shutting down and abandoning module ChaosCloth (54)
[2025.09.01-20.42.34:589][182]LogModuleManager: Shutting down and abandoning module PixWinPlugin (52)
[2025.09.01-20.42.34:589][182]LogModuleManager: Shutting down and abandoning module AISupportModule (50)
[2025.09.01-20.42.34:589][182]LogModuleManager: Shutting down and abandoning module DesktopPlatform (48)
[2025.09.01-20.42.34:589][182]LogModuleManager: Shutting down and abandoning module PythonScriptPluginPreload (46)
[2025.09.01-20.42.34:589][182]LogModuleManager: Shutting down and abandoning module PlatformCryptoOpenSSL (44)
[2025.09.01-20.42.34:589][182]LogModuleManager: Shutting down and abandoning module PlatformCryptoTypes (42)
[2025.09.01-20.42.34:589][182]LogModuleManager: Shutting down and abandoning module PlatformCrypto (40)
[2025.09.01-20.42.34:589][182]LogModuleManager: Shutting down and abandoning module OodleDataCompressionFormat (38)
[2025.09.01-20.42.34:589][182]LogModuleManager: Shutting down and abandoning module XGEController (36)
[2025.09.01-20.42.34:589][182]LogModuleManager: Shutting down and abandoning module AnimationModifiers (34)
[2025.09.01-20.42.34:589][182]LogModuleManager: Shutting down and abandoning module AudioEditor (32)
[2025.09.01-20.42.34:589][182]LogModuleManager: Shutting down and abandoning module PropertyEditor (31)
[2025.09.01-20.42.34:589][182]LogModuleManager: Shutting down and abandoning module TextureCompressor (28)
[2025.09.01-20.42.34:589][182]LogModuleManager: Shutting down and abandoning module RenderCore (26)
[2025.09.01-20.42.34:589][182]LogModuleManager: Shutting down and abandoning module Landscape (24)
[2025.09.01-20.42.34:589][182]LogModuleManager: Shutting down and abandoning module SlateRHIRenderer (22)
[2025.09.01-20.42.34:590][182]LogModuleManager: Shutting down and abandoning module AnimGraphRuntime (20)
[2025.09.01-20.42.34:590][182]LogModuleManager: Shutting down and abandoning module Renderer (18)
[2025.09.01-20.42.34:590][182]LogModuleManager: Shutting down and abandoning module Engine (16)
[2025.09.01-20.42.34:590][182]LogModuleManager: Shutting down and abandoning module CoreUObject (14)
[2025.09.01-20.42.34:590][182]LogModuleManager: Shutting down and abandoning module NetworkFile (12)
[2025.09.01-20.42.34:590][182]LogModuleManager: Shutting down and abandoning module CookedIterativeFile (10)
[2025.09.01-20.42.34:590][182]LogModuleManager: Shutting down and abandoning module StreamingFile (8)
[2025.09.01-20.42.34:590][182]LogModuleManager: Shutting down and abandoning module SandboxFile (6)
[2025.09.01-20.42.34:590][182]LogModuleManager: Shutting down and abandoning module PakFile (4)
[2025.09.01-20.42.34:590][182]LogModuleManager: Shutting down and abandoning module RSA (3)
[2025.09.01-20.42.34:590][182]LogContentStreaming: Display: There are 1 unreleased StreamingManagers
[2025.09.01-20.42.34:607][182]LogD3D11RHI: Shutdown
[2025.09.01-20.42.34:607][182]LogD3D11RHI: CleanupD3DDevice
[2025.09.01-20.42.34:609][182]LogExit: Exiting.
[2025.09.01-20.42.34:618][182]Log file closed, 09/01/25 17:42:34
