Log file open, 08/11/25 17:05:07
LogWindows: Failed to load 'aqProf.dll' (GetLastError=126)
LogWindows: File 'aqProf.dll' does not exist
LogWindows: Failed to load 'VtuneApi.dll' (GetLastError=126)
LogWindows: File 'VtuneApi.dll' does not exist
LogWindows: Failed to load 'VtuneApi32e.dll' (GetLastError=126)
LogWindows: File 'VtuneApi32e.dll' does not exist
LogConsoleResponse: Display: Failed to find resolution value strings in scalability ini. Falling back to default.
LogConsoleResponse: Display: Failed to find resolution value strings in scalability ini. Falling back to default.
LogInit: Display: Running engine for game: Sorry
LogPlatformFile: Not using cached read wrapper
LogTaskGraph: Started task graph with 5 named threads and 35 total threads with 3 sets of task threads.
LogStats: Stats thread started at 0.203759
LogICUInternationalization: ICU TimeZone Detection - Raw Offset: -3:00, Platform Override: ''
LogInit: Display: Loading text-based GConfig....
LogPluginManager: Mounting plugin MeshPainting
LogPluginManager: Mounting plugin XGEController
LogPluginManager: Mounting plugin Paper2D
LogPluginManager: Mounting plugin LiveLink
LogPluginManager: Mounting plugin AISupport
LogPluginManager: Mounting plugin EnvironmentQueryEditor
LogPluginManager: Mounting plugin GameplayCameras
LogPluginManager: Mounting plugin CameraShakePreviewer
LogPluginManager: Mounting plugin LightPropagationVolume
LogPluginManager: Mounting plugin OodleData
LogPluginManager: Mounting plugin AssetManagerEditor
LogPluginManager: Mounting plugin OodleNetwork
LogPluginManager: Mounting plugin CryptoKeys
LogPluginManager: Mounting plugin CurveEditorTools
LogPluginManager: Mounting plugin DataValidation
LogPluginManager: Mounting plugin GameplayTagsEditor
LogPluginManager: Mounting plugin MacGraphicsSwitching
LogPluginManager: Mounting plugin FacialAnimation
LogPluginManager: Mounting plugin GeometryMode
LogPluginManager: Mounting plugin MaterialAnalyzer
LogPluginManager: Mounting plugin MobileLauncherProfileWizard
LogPluginManager: Mounting plugin PluginBrowser
LogPluginManager: Mounting plugin SpeedTreeImporter
LogPluginManager: Mounting plugin Niagara
LogPluginManager: Mounting plugin AnimationSharing
LogPluginManager: Mounting plugin CodeLiteSourceCodeAccess
LogPluginManager: Mounting plugin CLionSourceCodeAccess
LogPluginManager: Mounting plugin GitSourceControl
LogPluginManager: Mounting plugin KDevelopSourceCodeAccess
LogPluginManager: Mounting plugin NullSourceCodeAccess
LogPluginManager: Mounting plugin PerforceSourceControl
LogPluginManager: Mounting plugin PixWinPlugin
LogPluginManager: Mounting plugin PlasticSourceControl
LogPluginManager: Mounting plugin PluginUtils
LogPluginManager: Mounting plugin PropertyAccessNode
LogPluginManager: Mounting plugin RiderSourceCodeAccess
LogPluginManager: Mounting plugin SubversionSourceControl
LogPluginManager: Mounting plugin UObjectPlugin
LogPluginManager: Mounting plugin TextureFormatOodle
LogPluginManager: Mounting plugin VisualStudioSourceCodeAccess
LogPluginManager: Mounting plugin VisualStudioCodeSourceCodeAccess
LogPluginManager: Mounting plugin XCodeSourceCodeAccess
LogPluginManager: Mounting plugin AlembicImporter
LogPluginManager: Mounting plugin AutomationUtils
LogPluginManager: Mounting plugin ChaosCloth
LogPluginManager: Mounting plugin ChaosEditor
LogPluginManager: Mounting plugin ChaosClothEditor
LogPluginManager: Mounting plugin ChaosNiagara
LogPluginManager: Mounting plugin BackChannel
LogPluginManager: Mounting plugin ChaosSolverPlugin
LogPluginManager: Mounting plugin CharacterAI
LogPluginManager: Mounting plugin GeometryCache
LogPluginManager: Mounting plugin GeometryProcessing
LogPluginManager: Mounting plugin GeometryCollectionPlugin
LogPluginManager: Mounting plugin MotoSynth
LogPluginManager: Mounting plugin OpenImageDenoise
LogPluginManager: Mounting plugin PlanarCut
LogPluginManager: Mounting plugin PlatformCrypto
LogPluginManager: Mounting plugin ProxyLODPlugin
LogPluginManager: Mounting plugin PythonScriptPlugin
LogPluginManager: Mounting plugin SkeletalReduction
LogPluginManager: Mounting plugin AndroidMedia
LogPluginManager: Mounting plugin AvfMedia
LogPluginManager: Mounting plugin ImgMedia
LogPluginManager: Mounting plugin MediaCompositing
LogPluginManager: Mounting plugin MediaPlayerEditor
LogPluginManager: Mounting plugin WebMMedia
LogPluginManager: Mounting plugin WmfMedia
LogPluginManager: Mounting plugin DatasmithContent
LogPluginManager: Mounting plugin LuminPlatformFeatures
LogPluginManager: Mounting plugin VariantManagerContent
LogPluginManager: Mounting plugin MagicLeap
LogPluginManager: Mounting plugin MagicLeapLightEstimation
LogPluginManager: Mounting plugin MagicLeapMedia
LogPluginManager: Mounting plugin MagicLeapPassableWorld
LogPluginManager: Mounting plugin MLSDK
LogPluginManager: Mounting plugin ActorSequence
LogPluginManager: Mounting plugin LevelSequenceEditor
LogPluginManager: Mounting plugin MatineeToLevelSequence
LogPluginManager: Mounting plugin TcpMessaging
LogPluginManager: Mounting plugin UdpMessaging
LogPluginManager: Mounting plugin TemplateSequence
LogPluginManager: Mounting plugin OnlineSubsystem
LogPluginManager: Mounting plugin OnlineSubsystemNull
LogPluginManager: Mounting plugin OnlineSubsystemUtils
LogPluginManager: Mounting plugin LauncherChunkInstaller
LogPluginManager: Mounting plugin ActorLayerUtilities
LogPluginManager: Mounting plugin AndroidDeviceProfileSelector
LogPluginManager: Mounting plugin AndroidMoviePlayer
LogPluginManager: Mounting plugin AndroidPermission
LogPluginManager: Mounting plugin AppleImageUtils
LogPluginManager: Mounting plugin AppleMoviePlayer
LogPluginManager: Mounting plugin AssetTags
LogPluginManager: Mounting plugin AudioCapture
LogPluginManager: Mounting plugin ArchVisCharacter
LogPluginManager: Mounting plugin CableComponent
LogPluginManager: Mounting plugin AudioSynesthesia
LogPluginManager: Mounting plugin ChunkDownloader
LogPluginManager: Mounting plugin CustomMeshComponent
LogPluginManager: Mounting plugin EditableMesh
LogPluginManager: Mounting plugin ExampleDeviceProfileSelector
LogPluginManager: Mounting plugin GoogleCloudMessaging
LogPluginManager: Mounting plugin GooglePAD
LogPluginManager: Mounting plugin ScreenshotTools
LogPluginManager: Mounting plugin LinuxDeviceProfileSelector
LogPluginManager: Mounting plugin LocationServicesBPLibrary
LogPluginManager: Mounting plugin IOSDeviceProfileSelector
LogPluginManager: Mounting plugin OpenXREyeTracker
LogPluginManager: Mounting plugin MobilePatchingUtils
LogPluginManager: Mounting plugin OpenXR
LogPluginManager: Mounting plugin OpenXRHandTracking
LogPluginManager: Mounting plugin PhysXVehicles
LogPluginManager: Mounting plugin PostSplashScreen
LogPluginManager: Mounting plugin ProceduralMeshComponent
LogPluginManager: Mounting plugin PropertyAccessEditor
LogPluginManager: Mounting plugin RuntimePhysXCooking
LogPluginManager: Mounting plugin SignificanceManager
LogPluginManager: Mounting plugin Takes
LogPluginManager: Mounting plugin SoundFields
LogPluginManager: Mounting plugin Synthesis
LogPluginManager: Mounting plugin WebMMoviePlayer
LogPluginManager: Mounting plugin WindowsMoviePlayer
LogPluginManager: Mounting plugin ContentBrowserAssetDataSource
LogPluginManager: Mounting plugin ContentBrowserClassDataSource
LogPluginManager: Mounting plugin ContentBrowserFileDataSource
LogPluginManager: Mounting plugin OnlineSubsystemGooglePlay
LogPluginManager: Mounting plugin OnlineSubsystemIOS
LogPluginManager: Mounting plugin OculusVR
LogPluginManager: Mounting plugin SteamVR
PixWinPlugin: PIX capture plugin failed to initialize! Check that the process is launched from PIX.
LogInit: Using libcurl 7.55.1-DEV
LogInit:  - built for x86_64-pc-win32
LogInit:  - supports SSL with OpenSSL/1.1.1
LogInit:  - supports HTTP deflate (compression) using libz 1.2.8
LogInit:  - other features:
LogInit:      CURL_VERSION_SSL
LogInit:      CURL_VERSION_LIBZ
LogInit:      CURL_VERSION_IPV6
LogInit:      CURL_VERSION_ASYNCHDNS
LogInit:      CURL_VERSION_LARGEFILE
LogInit:      CURL_VERSION_IDN
LogInit:  CurlRequestOptions (configurable via config and command line):
LogInit:  - bVerifyPeer = true  - Libcurl will verify peer certificate
LogInit:  - bUseHttpProxy = false  - Libcurl will NOT use HTTP proxy
LogInit:  - bDontReuseConnections = false  - Libcurl will reuse connections
LogInit:  - MaxHostConnections = 16  - Libcurl will limit the number of connections to a host
LogInit:  - LocalHostAddr = Default
LogInit:  - BufferSize = 65536
LogOnline: OSS: Creating online subsystem instance for: NULL
LogInit: WinSock: version 1.1 (2.2), MaxSocks=32767, MaxUdp=65467
LogOnline: OSS: TryLoadSubsystemAndSetDefault: Loaded subsystem for module [NULL]
LogOculusPluginWrapper: OculusPlugin initialized successfully
LogHMD: Failed initializing OVRPlugin 1.59.0
LogInit: Build: ++UE4+Release-4.27-CL-18319896
LogInit: Engine Version: 4.27.2-18319896+++UE4+Release-4.27
LogInit: Compatible Engine Version: 4.27.0-17155196+++UE4+Release-4.27
LogInit: Net CL: 17155196
LogInit: OS: Windows 10 (Release 2009) (), CPU: Intel(R) Core(TM) i5-10400 CPU @ 2.90GHz, GPU: NVIDIA GeForce RTX 3050
LogInit: Compiled (64-bit): Nov 30 2021 07:12:08
LogInit: Compiled with Visual C++: 19.24.28315.00
LogInit: Build Configuration: Development
LogInit: Branch Name: ++UE4+Release-4.27
LogInit: Command Line:  -AUTH_LOGIN=unused -AUTH_PASSWORD=c808e27f19424551bd269e969b17363f -AUTH_TYPE=exchangecode -epicapp=UE_4.27 -epicenv=Prod -EpicPortal -epicusername=lorenzofaias -epicuserid=b6b3a5d3b5a1401a86053e3da5219de6 -epiclocale=pt-BR -epicsandboxid=ue
LogInit: Base Directory: C:/Program Files/Epic Games/UE_4.27/Engine/Binaries/Win64/
LogInit: Allocator: TBB
LogInit: Installed Engine Build: 1
LogDevObjectVersion: Number of dev versions registered: 29
LogDevObjectVersion:   Dev-Blueprints (B0D832E4-1F89-4F0D-ACCF-7EB736FD4AA2): 10
LogDevObjectVersion:   Dev-Build (E1C64328-A22C-4D53-A36C-8E866417BD8C): 0
LogDevObjectVersion:   Dev-Core (375EC13C-06E4-48FB-B500-84F0262A717E): 4
LogDevObjectVersion:   Dev-Editor (E4B068ED-F494-42E9-A231-DA0B2E46BB41): 40
LogDevObjectVersion:   Dev-Framework (CFFC743F-43B0-4480-9391-14DF171D2073): 37
LogDevObjectVersion:   Dev-Mobile (B02B49B5-BB20-44E9-A304-32B752E40360): 3
LogDevObjectVersion:   Dev-Networking (A4E4105C-59A1-49B5-A7C5-40C4547EDFEE): 0
LogDevObjectVersion:   Dev-Online (39C831C9-5AE6-47DC-9A44-9C173E1C8E7C): 0
LogDevObjectVersion:   Dev-Physics (78F01B33-EBEA-4F98-B9B4-84EACCB95AA2): 14
LogDevObjectVersion:   Dev-Platform (6631380F-2D4D-43E0-8009-CF276956A95A): 0
LogDevObjectVersion:   Dev-Rendering (12F88B9F-8875-4AFC-A67C-D90C383ABD29): 45
LogDevObjectVersion:   Dev-Sequencer (7B5AE74C-D270-4C10-A958-57980B212A5A): 13
LogDevObjectVersion:   Dev-VR (D7296918-1DD6-4BDD-9DE2-64A83CC13884): 3
LogDevObjectVersion:   Dev-LoadTimes (C2A15278-BFE7-4AFE-6C17-90FF531DF755): 1
LogDevObjectVersion:   Private-Geometry (6EACA3D4-40EC-4CC1-B786-8BED09428FC5): 3
LogDevObjectVersion:   Dev-AnimPhys (29E575DD-E0A3-4627-9D10-D276232CDCEA): 17
LogDevObjectVersion:   Dev-Anim (AF43A65D-7FD3-4947-9873-3E8ED9C1BB05): 15
LogDevObjectVersion:   Dev-ReflectionCapture (6B266CEC-1EC7-4B8F-A30B-E4D90942FC07): 1
LogDevObjectVersion:   Dev-Automation (0DF73D61-A23F-47EA-B727-89E90C41499A): 1
LogDevObjectVersion:   FortniteMain (601D1886-AC64-4F84-AA16-D3DE0DEAC7D6): 47
LogDevObjectVersion:   FortniteRelease (E7086368-6B23-4C58-8439-1B7016265E91): 1
LogDevObjectVersion:   Dev-Enterprise (9DFFBCD6-494F-0158-E221-12823C92A888): 10
LogDevObjectVersion:   Dev-Niagara (F2AED0AC-9AFE-416F-8664-AA7FFA26D6FC): 1
LogDevObjectVersion:   Dev-Destruction (174F1F0B-B4C6-45A5-B13F-2EE8D0FB917D): 10
LogDevObjectVersion:   Dev-Physics-Ext (35F94A83-E258-406C-A318-09F59610247C): 41
LogDevObjectVersion:   Dev-PhysicsMaterial-Chaos (B68FC16E-8B1B-42E2-B453-215C058844FE): 1
LogDevObjectVersion:   Dev-CineCamera (B2E18506-4273-CFC2-A54E-F4BB758BBA07): 1
LogDevObjectVersion:   Dev-VirtualProduction (64F58936-FD1B-42BA-BA96-7289D5D0FA4E): 1
LogDevObjectVersion:   Dev-MediaFramework (6F0ED827-A609-4895-9C91-998D90180EA4): 2
LogInit: Presizing for max 25165824 objects, including 0 objects not considered by GC, pre-allocating 0 bytes for permanent pool.
LogConfig: Applying CVar settings from Section [/Script/Engine.StreamingSettings] File [C:/Users/lorenzo.holanda/Documents/TCC/Sorry/Saved/Config/Windows/Engine.ini]
LogConfig: Setting CVar [[s.MinBulkDataSizeForAsyncLoading:131072]]
LogConfig: Setting CVar [[s.AsyncLoadingThreadEnabled:0]]
LogConfig: Setting CVar [[s.EventDrivenLoaderEnabled:1]]
LogConfig: Setting CVar [[s.WarnIfTimeLimitExceeded:0]]
LogConfig: Setting CVar [[s.TimeLimitExceededMultiplier:1.5]]
LogConfig: Setting CVar [[s.TimeLimitExceededMinTime:0.005]]
LogConfig: Setting CVar [[s.UseBackgroundLevelStreaming:1]]
LogConfig: Setting CVar [[s.PriorityAsyncLoadingExtraTime:15.0]]
LogConfig: Setting CVar [[s.LevelStreamingActorsUpdateTimeLimit:5.0]]
LogConfig: Setting CVar [[s.PriorityLevelStreamingActorsUpdateExtraTime:5.0]]
LogConfig: Setting CVar [[s.LevelStreamingComponentsRegistrationGranularity:10]]
LogConfig: Setting CVar [[s.UnregisterComponentsTimeLimit:1.0]]
LogConfig: Setting CVar [[s.LevelStreamingComponentsUnregistrationGranularity:5]]
LogConfig: Setting CVar [[s.FlushStreamingOnExit:1]]
LogInit: Object subsystem initialized
LogConfig: Setting CVar [[con.DebugEarlyDefault:1]]
LogConfig: Setting CVar [[r.setres:1280x720]]
[2025.08.11-20.05.08:373][  0]LogConfig: Setting CVar [[r.VSync:0]]
[2025.08.11-20.05.08:373][  0]LogConfig: Setting CVar [[r.RHICmdBypass:0]]
[2025.08.11-20.05.08:373][  0]LogConfig: Applying CVar settings from Section [/Script/Engine.RendererSettings] File [C:/Users/lorenzo.holanda/Documents/TCC/Sorry/Saved/Config/Windows/Engine.ini]
[2025.08.11-20.05.08:373][  0]LogConfig: Setting CVar [[r.GPUCrashDebugging:0]]
[2025.08.11-20.05.08:373][  0]LogConfig: Applying CVar settings from Section [/Script/Engine.RendererOverrideSettings] File [C:/Users/lorenzo.holanda/Documents/TCC/Sorry/Saved/Config/Windows/Engine.ini]
[2025.08.11-20.05.08:373][  0]LogConfig: Applying CVar settings from Section [/Script/Engine.StreamingSettings] File [C:/Users/lorenzo.holanda/Documents/TCC/Sorry/Saved/Config/Windows/Engine.ini]
[2025.08.11-20.05.08:373][  0]LogConfig: Setting CVar [[s.MinBulkDataSizeForAsyncLoading:131072]]
[2025.08.11-20.05.08:373][  0]LogConfig: Setting CVar [[s.AsyncLoadingThreadEnabled:0]]
[2025.08.11-20.05.08:373][  0]LogConfig: Setting CVar [[s.EventDrivenLoaderEnabled:1]]
[2025.08.11-20.05.08:373][  0]LogConfig: Setting CVar [[s.WarnIfTimeLimitExceeded:0]]
[2025.08.11-20.05.08:373][  0]LogConfig: Setting CVar [[s.TimeLimitExceededMultiplier:1.5]]
[2025.08.11-20.05.08:373][  0]LogConfig: Setting CVar [[s.TimeLimitExceededMinTime:0.005]]
[2025.08.11-20.05.08:373][  0]LogConfig: Setting CVar [[s.UseBackgroundLevelStreaming:1]]
[2025.08.11-20.05.08:373][  0]LogConfig: Setting CVar [[s.PriorityAsyncLoadingExtraTime:15.0]]
[2025.08.11-20.05.08:373][  0]LogConfig: Setting CVar [[s.LevelStreamingActorsUpdateTimeLimit:5.0]]
[2025.08.11-20.05.08:373][  0]LogConfig: Setting CVar [[s.PriorityLevelStreamingActorsUpdateExtraTime:5.0]]
[2025.08.11-20.05.08:373][  0]LogConfig: Setting CVar [[s.LevelStreamingComponentsRegistrationGranularity:10]]
[2025.08.11-20.05.08:373][  0]LogConfig: Setting CVar [[s.UnregisterComponentsTimeLimit:1.0]]
[2025.08.11-20.05.08:373][  0]LogConfig: Setting CVar [[s.LevelStreamingComponentsUnregistrationGranularity:5]]
[2025.08.11-20.05.08:373][  0]LogConfig: Setting CVar [[s.FlushStreamingOnExit:1]]
[2025.08.11-20.05.08:373][  0]LogConfig: Applying CVar settings from Section [/Script/Engine.GarbageCollectionSettings] File [C:/Users/lorenzo.holanda/Documents/TCC/Sorry/Saved/Config/Windows/Engine.ini]
[2025.08.11-20.05.08:373][  0]LogConfig: Setting CVar [[gc.MaxObjectsNotConsideredByGC:1]]
[2025.08.11-20.05.08:373][  0]LogConfig: Setting CVar [[gc.SizeOfPermanentObjectPool:0]]
[2025.08.11-20.05.08:373][  0]LogConfig: Setting CVar [[gc.FlushStreamingOnGC:0]]
[2025.08.11-20.05.08:373][  0]LogConfig: Setting CVar [[gc.NumRetriesBeforeForcingGC:10]]
[2025.08.11-20.05.08:373][  0]LogConfig: Setting CVar [[gc.AllowParallelGC:1]]
[2025.08.11-20.05.08:373][  0]LogConfig: Setting CVar [[gc.TimeBetweenPurgingPendingKillObjects:61.1]]
[2025.08.11-20.05.08:373][  0]LogConfig: Setting CVar [[gc.MaxObjectsInEditor:25165824]]
[2025.08.11-20.05.08:373][  0]LogConfig: Setting CVar [[gc.IncrementalBeginDestroyEnabled:1]]
[2025.08.11-20.05.08:373][  0]LogConfig: Setting CVar [[gc.CreateGCClusters:1]]
[2025.08.11-20.05.08:373][  0]LogConfig: Setting CVar [[gc.MinGCClusterSize:5]]
[2025.08.11-20.05.08:373][  0]LogConfig: Setting CVar [[gc.ActorClusteringEnabled:0]]
[2025.08.11-20.05.08:373][  0]LogConfig: Setting CVar [[gc.BlueprintClusteringEnabled:0]]
[2025.08.11-20.05.08:373][  0]LogConfig: Setting CVar [[gc.UseDisregardForGCOnDedicatedServers:0]]
[2025.08.11-20.05.08:373][  0]LogConfig: Setting CVar [[gc.MultithreadedDestructionEnabled:1]]
[2025.08.11-20.05.08:373][  0]LogConfig: Applying CVar settings from Section [/Script/Engine.NetworkSettings] File [C:/Users/lorenzo.holanda/Documents/TCC/Sorry/Saved/Config/Windows/Engine.ini]
[2025.08.11-20.05.08:373][  0]LogConfig: Applying CVar settings from Section [/Script/UnrealEd.CookerSettings] File [C:/Users/lorenzo.holanda/Documents/TCC/Sorry/Saved/Config/Windows/Engine.ini]
[2025.08.11-20.05.08:377][  0]LogConfig: Applying CVar settings from Section [ViewDistanceQuality@3] File [C:/Users/lorenzo.holanda/Documents/TCC/Sorry/Saved/Config/Windows/Scalability.ini]
[2025.08.11-20.05.08:377][  0]LogConfig: Setting CVar [[r.SkeletalMeshLODBias:0]]
[2025.08.11-20.05.08:377][  0]LogConfig: Setting CVar [[r.ViewDistanceScale:1.0]]
[2025.08.11-20.05.08:377][  0]LogConfig: Applying CVar settings from Section [AntiAliasingQuality@3] File [C:/Users/lorenzo.holanda/Documents/TCC/Sorry/Saved/Config/Windows/Scalability.ini]
[2025.08.11-20.05.08:377][  0]LogConfig: Setting CVar [[r.PostProcessAAQuality:4]]
[2025.08.11-20.05.08:377][  0]LogConfig: Applying CVar settings from Section [ShadowQuality@3] File [C:/Users/lorenzo.holanda/Documents/TCC/Sorry/Saved/Config/Windows/Scalability.ini]
[2025.08.11-20.05.08:377][  0]LogConfig: Setting CVar [[r.LightFunctionQuality:1]]
[2025.08.11-20.05.08:377][  0]LogConfig: Setting CVar [[r.ShadowQuality:5]]
[2025.08.11-20.05.08:377][  0]LogConfig: Setting CVar [[r.Shadow.CSM.MaxCascades:10]]
[2025.08.11-20.05.08:377][  0]LogConfig: Setting CVar [[r.Shadow.MaxResolution:2048]]
[2025.08.11-20.05.08:377][  0]LogConfig: Setting CVar [[r.Shadow.MaxCSMResolution:2048]]
[2025.08.11-20.05.08:377][  0]LogConfig: Setting CVar [[r.Shadow.RadiusThreshold:0.01]]
[2025.08.11-20.05.08:377][  0]LogConfig: Setting CVar [[r.Shadow.DistanceScale:1.0]]
[2025.08.11-20.05.08:377][  0]LogConfig: Setting CVar [[r.Shadow.CSM.TransitionScale:1.0]]
[2025.08.11-20.05.08:377][  0]LogConfig: Setting CVar [[r.Shadow.PreShadowResolutionFactor:1.0]]
[2025.08.11-20.05.08:377][  0]LogConfig: Setting CVar [[r.DistanceFieldShadowing:1]]
[2025.08.11-20.05.08:377][  0]LogConfig: Setting CVar [[r.DistanceFieldAO:1]]
[2025.08.11-20.05.08:377][  0]LogConfig: Setting CVar [[r.AOQuality:2]]
[2025.08.11-20.05.08:377][  0]LogConfig: Setting CVar [[r.VolumetricFog:1]]
[2025.08.11-20.05.08:377][  0]LogConfig: Setting CVar [[r.VolumetricFog.GridPixelSize:8]]
[2025.08.11-20.05.08:377][  0]LogConfig: Setting CVar [[r.VolumetricFog.GridSizeZ:128]]
[2025.08.11-20.05.08:377][  0]LogConfig: Setting CVar [[r.VolumetricFog.HistoryMissSupersampleCount:4]]
[2025.08.11-20.05.08:377][  0]LogConfig: Setting CVar [[r.LightMaxDrawDistanceScale:1]]
[2025.08.11-20.05.08:377][  0]LogConfig: Setting CVar [[r.CapsuleShadows:1]]
[2025.08.11-20.05.08:377][  0]LogConfig: Applying CVar settings from Section [PostProcessQuality@3] File [C:/Users/lorenzo.holanda/Documents/TCC/Sorry/Saved/Config/Windows/Scalability.ini]
[2025.08.11-20.05.08:377][  0]LogConfig: Setting CVar [[r.MotionBlurQuality:4]]
[2025.08.11-20.05.08:377][  0]LogConfig: Setting CVar [[r.AmbientOcclusionMipLevelFactor:0.4]]
[2025.08.11-20.05.08:377][  0]LogConfig: Setting CVar [[r.AmbientOcclusionMaxQuality:100]]
[2025.08.11-20.05.08:377][  0]LogConfig: Setting CVar [[r.AmbientOcclusionLevels:-1]]
[2025.08.11-20.05.08:377][  0]LogConfig: Setting CVar [[r.AmbientOcclusionRadiusScale:1.0]]
[2025.08.11-20.05.08:378][  0]LogConfig: Setting CVar [[r.DepthOfFieldQuality:2]]
[2025.08.11-20.05.08:378][  0]LogConfig: Setting CVar [[r.RenderTargetPoolMin:400]]
[2025.08.11-20.05.08:378][  0]LogConfig: Setting CVar [[r.LensFlareQuality:2]]
[2025.08.11-20.05.08:378][  0]LogConfig: Setting CVar [[r.SceneColorFringeQuality:1]]
[2025.08.11-20.05.08:378][  0]LogConfig: Setting CVar [[r.EyeAdaptationQuality:2]]
[2025.08.11-20.05.08:378][  0]LogConfig: Setting CVar [[r.BloomQuality:5]]
[2025.08.11-20.05.08:378][  0]LogConfig: Setting CVar [[r.FastBlurThreshold:100]]
[2025.08.11-20.05.08:378][  0]LogConfig: Setting CVar [[r.Upscale.Quality:3]]
[2025.08.11-20.05.08:378][  0]LogConfig: Setting CVar [[r.Tonemapper.GrainQuantization:1]]
[2025.08.11-20.05.08:378][  0]LogConfig: Setting CVar [[r.LightShaftQuality:1]]
[2025.08.11-20.05.08:378][  0]LogConfig: Setting CVar [[r.Filter.SizeScale:1]]
[2025.08.11-20.05.08:378][  0]LogConfig: Setting CVar [[r.Tonemapper.Quality:5]]
[2025.08.11-20.05.08:378][  0]LogConfig: Setting CVar [[r.DOF.Gather.AccumulatorQuality:1        ; higher gathering accumulator quality]]
[2025.08.11-20.05.08:378][  0]LogConfig: Setting CVar [[r.DOF.Gather.PostfilterMethod:1          ; Median3x3 postfilering method]]
[2025.08.11-20.05.08:378][  0]LogConfig: Setting CVar [[r.DOF.Gather.EnableBokehSettings:0       ; no bokeh simulation when gathering]]
[2025.08.11-20.05.08:378][  0]LogConfig: Setting CVar [[r.DOF.Gather.RingCount:4                 ; medium number of samples when gathering]]
[2025.08.11-20.05.08:378][  0]LogConfig: Setting CVar [[r.DOF.Scatter.ForegroundCompositing:1    ; additive foreground scattering]]
[2025.08.11-20.05.08:378][  0]LogConfig: Setting CVar [[r.DOF.Scatter.BackgroundCompositing:2    ; additive background scattering]]
[2025.08.11-20.05.08:378][  0]LogConfig: Setting CVar [[r.DOF.Scatter.EnableBokehSettings:1      ; bokeh simulation when scattering]]
[2025.08.11-20.05.08:378][  0]LogConfig: Setting CVar [[r.DOF.Scatter.MaxSpriteRatio:0.1         ; only a maximum of 10% of scattered bokeh]]
[2025.08.11-20.05.08:378][  0]LogConfig: Setting CVar [[r.DOF.Recombine.Quality:1                ; cheap slight out of focus]]
[2025.08.11-20.05.08:378][  0]LogConfig: Setting CVar [[r.DOF.Recombine.EnableBokehSettings:0    ; no bokeh simulation on slight out of focus]]
[2025.08.11-20.05.08:378][  0]LogConfig: Setting CVar [[r.DOF.TemporalAAQuality:1                ; more stable temporal accumulation]]
[2025.08.11-20.05.08:378][  0]LogConfig: Setting CVar [[r.DOF.Kernel.MaxForegroundRadius:0.025]]
[2025.08.11-20.05.08:378][  0]LogConfig: Setting CVar [[r.DOF.Kernel.MaxBackgroundRadius:0.025]]
[2025.08.11-20.05.08:378][  0]LogConfig: Applying CVar settings from Section [TextureQuality@3] File [C:/Users/lorenzo.holanda/Documents/TCC/Sorry/Saved/Config/Windows/Scalability.ini]
[2025.08.11-20.05.08:378][  0]LogConfig: Setting CVar [[r.Streaming.MipBias:0]]
[2025.08.11-20.05.08:378][  0]LogConfig: Setting CVar [[r.Streaming.AmortizeCPUToGPUCopy:0]]
[2025.08.11-20.05.08:378][  0]LogConfig: Setting CVar [[r.Streaming.MaxNumTexturesToStreamPerFrame:0]]
[2025.08.11-20.05.08:378][  0]LogConfig: Setting CVar [[r.Streaming.Boost:1]]
[2025.08.11-20.05.08:378][  0]LogConfig: Setting CVar [[r.MaxAnisotropy:8]]
[2025.08.11-20.05.08:378][  0]LogConfig: Setting CVar [[r.VT.MaxAnisotropy:8]]
[2025.08.11-20.05.08:378][  0]LogConfig: Setting CVar [[r.Streaming.LimitPoolSizeToVRAM:0]]
[2025.08.11-20.05.08:378][  0]LogConfig: Setting CVar [[r.Streaming.PoolSize:1000]]
[2025.08.11-20.05.08:378][  0]LogConfig: Setting CVar [[r.Streaming.MaxEffectiveScreenSize:0]]
[2025.08.11-20.05.08:378][  0]LogConfig: Applying CVar settings from Section [EffectsQuality@3] File [C:/Users/lorenzo.holanda/Documents/TCC/Sorry/Saved/Config/Windows/Scalability.ini]
[2025.08.11-20.05.08:378][  0]LogConfig: Setting CVar [[r.TranslucencyLightingVolumeDim:64]]
[2025.08.11-20.05.08:378][  0]LogConfig: Setting CVar [[r.RefractionQuality:2]]
[2025.08.11-20.05.08:378][  0]LogConfig: Setting CVar [[r.SSR.Quality:3]]
[2025.08.11-20.05.08:378][  0]LogConfig: Setting CVar [[r.SSR.HalfResSceneColor:0]]
[2025.08.11-20.05.08:378][  0]LogConfig: Setting CVar [[r.SceneColorFormat:4]]
[2025.08.11-20.05.08:378][  0]LogConfig: Setting CVar [[r.DetailMode:2]]
[2025.08.11-20.05.08:378][  0]LogConfig: Setting CVar [[r.TranslucencyVolumeBlur:1]]
[2025.08.11-20.05.08:378][  0]LogConfig: Setting CVar [[r.MaterialQualityLevel:1 ; High quality]]
[2025.08.11-20.05.08:378][  0]LogConfig: Setting CVar [[r.AnisotropicMaterials:1]]
[2025.08.11-20.05.08:378][  0]LogConfig: Setting CVar [[r.SSS.Scale:1]]
[2025.08.11-20.05.08:378][  0]LogConfig: Setting CVar [[r.SSS.SampleSet:2]]
[2025.08.11-20.05.08:378][  0]LogConfig: Setting CVar [[r.SSS.Quality:1]]
[2025.08.11-20.05.08:378][  0]LogConfig: Setting CVar [[r.SSS.HalfRes:0]]
[2025.08.11-20.05.08:378][  0]LogConfig: Setting CVar [[r.SSGI.Quality:3]]
[2025.08.11-20.05.08:378][  0]LogConfig: Setting CVar [[r.EmitterSpawnRateScale:1.0]]
[2025.08.11-20.05.08:378][  0]LogConfig: Setting CVar [[r.ParticleLightQuality:2]]
[2025.08.11-20.05.08:378][  0]LogConfig: Setting CVar [[r.SkyAtmosphere.AerialPerspectiveLUT.FastApplyOnOpaque:1 ; Always have FastSkyLUT 1 in this case to avoid wrong sky]]
[2025.08.11-20.05.08:378][  0]LogConfig: Setting CVar [[r.SkyAtmosphere.AerialPerspectiveLUT.SampleCountMaxPerSlice:4]]
[2025.08.11-20.05.08:378][  0]LogConfig: Setting CVar [[r.SkyAtmosphere.AerialPerspectiveLUT.DepthResolution:16.0]]
[2025.08.11-20.05.08:378][  0]LogConfig: Setting CVar [[r.SkyAtmosphere.FastSkyLUT:1]]
[2025.08.11-20.05.08:378][  0]LogConfig: Setting CVar [[r.SkyAtmosphere.FastSkyLUT.SampleCountMin:4.0]]
[2025.08.11-20.05.08:378][  0]LogConfig: Setting CVar [[r.SkyAtmosphere.FastSkyLUT.SampleCountMax:128.0]]
[2025.08.11-20.05.08:378][  0]LogConfig: Setting CVar [[r.SkyAtmosphere.SampleCountMin:4.0]]
[2025.08.11-20.05.08:378][  0]LogConfig: Setting CVar [[r.SkyAtmosphere.SampleCountMax:128.0]]
[2025.08.11-20.05.08:378][  0]LogConfig: Setting CVar [[r.SkyAtmosphere.TransmittanceLUT.UseSmallFormat:0]]
[2025.08.11-20.05.08:378][  0]LogConfig: Setting CVar [[r.SkyAtmosphere.TransmittanceLUT.SampleCount:10.0]]
[2025.08.11-20.05.08:378][  0]LogConfig: Setting CVar [[r.SkyAtmosphere.MultiScatteringLUT.SampleCount:15.0]]
[2025.08.11-20.05.08:378][  0]LogConfig: Setting CVar [[r.SkyLight.RealTimeReflectionCapture:1]]
[2025.08.11-20.05.08:378][  0]LogConfig: Applying CVar settings from Section [FoliageQuality@3] File [C:/Users/lorenzo.holanda/Documents/TCC/Sorry/Saved/Config/Windows/Scalability.ini]
[2025.08.11-20.05.08:378][  0]LogConfig: Setting CVar [[foliage.DensityScale:1.0]]
[2025.08.11-20.05.08:378][  0]LogConfig: Setting CVar [[grass.DensityScale:1.0]]
[2025.08.11-20.05.08:378][  0]LogConfig: Applying CVar settings from Section [ShadingQuality@3] File [C:/Users/lorenzo.holanda/Documents/TCC/Sorry/Saved/Config/Windows/Scalability.ini]
[2025.08.11-20.05.08:378][  0]LogConfig: Setting CVar [[r.HairStrands.SkyLighting.IntegrationType:2]]
[2025.08.11-20.05.08:378][  0]LogConfig: Setting CVar [[r.HairStrands.SkyAO.SampleCount:4]]
[2025.08.11-20.05.08:378][  0]LogConfig: Setting CVar [[r.HairStrands.Visibility.MSAA.SamplePerPixel:4]]
[2025.08.11-20.05.08:378][  0]LogInit: Selected Device Profile: [Windows]
[2025.08.11-20.05.08:378][  0]LogInit: Applying CVar settings loaded from the selected device profile: [Windows]
[2025.08.11-20.05.08:378][  0]LogHAL: Display: Platform has ~ 16 GB [17025171456 / 17179869184 / 16], which maps to Larger [LargestMinGB=32, LargerMinGB=12, DefaultMinGB=8, SmallerMinGB=6, SmallestMinGB=0)
[2025.08.11-20.05.08:378][  0]LogInit: Going up to parent DeviceProfile []
[2025.08.11-20.05.08:378][  0]LogConfig: Applying CVar settings from Section [ViewDistanceQuality@0] File [C:/Users/lorenzo.holanda/Documents/TCC/Sorry/Saved/Config/Windows/Scalability.ini]
[2025.08.11-20.05.08:378][  0]LogConfig: Setting CVar [[r.SkeletalMeshLODBias:2]]
[2025.08.11-20.05.08:378][  0]LogConfig: Setting CVar [[r.ViewDistanceScale:0.4]]
[2025.08.11-20.05.08:378][  0]LogConfig: Applying CVar settings from Section [AntiAliasingQuality@0] File [C:/Users/lorenzo.holanda/Documents/TCC/Sorry/Saved/Config/Windows/Scalability.ini]
[2025.08.11-20.05.08:378][  0]LogConfig: Setting CVar [[r.PostProcessAAQuality:0]]
[2025.08.11-20.05.08:378][  0]LogConfig: Applying CVar settings from Section [ShadowQuality@0] File [C:/Users/lorenzo.holanda/Documents/TCC/Sorry/Saved/Config/Windows/Scalability.ini]
[2025.08.11-20.05.08:378][  0]LogConfig: Setting CVar [[r.LightFunctionQuality:0]]
[2025.08.11-20.05.08:378][  0]LogConfig: Setting CVar [[r.ShadowQuality:0]]
[2025.08.11-20.05.08:378][  0]LogConfig: Setting CVar [[r.Shadow.CSM.MaxCascades:1]]
[2025.08.11-20.05.08:378][  0]LogConfig: Setting CVar [[r.Shadow.MaxResolution:512]]
[2025.08.11-20.05.08:378][  0]LogConfig: Setting CVar [[r.Shadow.MaxCSMResolution:512]]
[2025.08.11-20.05.08:378][  0]LogConfig: Setting CVar [[r.Shadow.RadiusThreshold:0.06]]
[2025.08.11-20.05.08:378][  0]LogConfig: Setting CVar [[r.Shadow.DistanceScale:0.6]]
[2025.08.11-20.05.08:378][  0]LogConfig: Setting CVar [[r.Shadow.CSM.TransitionScale:0]]
[2025.08.11-20.05.08:378][  0]LogConfig: Setting CVar [[r.Shadow.PreShadowResolutionFactor:0.5]]
[2025.08.11-20.05.08:378][  0]LogConfig: Setting CVar [[r.DistanceFieldShadowing:0]]
[2025.08.11-20.05.08:378][  0]LogConfig: Setting CVar [[r.DistanceFieldAO:0]]
[2025.08.11-20.05.08:378][  0]LogConfig: Setting CVar [[r.VolumetricFog:0]]
[2025.08.11-20.05.08:378][  0]LogConfig: Setting CVar [[r.LightMaxDrawDistanceScale:0]]
[2025.08.11-20.05.08:378][  0]LogConfig: Setting CVar [[r.CapsuleShadows:0]]
[2025.08.11-20.05.08:378][  0]LogConfig: Applying CVar settings from Section [PostProcessQuality@0] File [C:/Users/lorenzo.holanda/Documents/TCC/Sorry/Saved/Config/Windows/Scalability.ini]
[2025.08.11-20.05.08:378][  0]LogConfig: Setting CVar [[r.MotionBlurQuality:0]]
[2025.08.11-20.05.08:379][  0]LogConfig: Setting CVar [[r.AmbientOcclusionMipLevelFactor:1.0]]
[2025.08.11-20.05.08:379][  0]LogConfig: Setting CVar [[r.AmbientOcclusionMaxQuality:0]]
[2025.08.11-20.05.08:379][  0]LogConfig: Setting CVar [[r.AmbientOcclusionLevels:0]]
[2025.08.11-20.05.08:379][  0]LogConfig: Setting CVar [[r.AmbientOcclusionRadiusScale:1.2]]
[2025.08.11-20.05.08:379][  0]LogConfig: Setting CVar [[r.DepthOfFieldQuality:0]]
[2025.08.11-20.05.08:379][  0]LogConfig: Setting CVar [[r.RenderTargetPoolMin:300]]
[2025.08.11-20.05.08:379][  0]LogConfig: Setting CVar [[r.LensFlareQuality:0]]
[2025.08.11-20.05.08:379][  0]LogConfig: Setting CVar [[r.SceneColorFringeQuality:0]]
[2025.08.11-20.05.08:379][  0]LogConfig: Setting CVar [[r.EyeAdaptationQuality:2]]
[2025.08.11-20.05.08:379][  0]LogConfig: Setting CVar [[r.BloomQuality:4]]
[2025.08.11-20.05.08:379][  0]LogConfig: Setting CVar [[r.FastBlurThreshold:0]]
[2025.08.11-20.05.08:379][  0]LogConfig: Setting CVar [[r.Upscale.Quality:1]]
[2025.08.11-20.05.08:379][  0]LogConfig: Setting CVar [[r.Tonemapper.GrainQuantization:0]]
[2025.08.11-20.05.08:379][  0]LogConfig: Setting CVar [[r.LightShaftQuality:0]]
[2025.08.11-20.05.08:379][  0]LogConfig: Setting CVar [[r.Filter.SizeScale:0.6]]
[2025.08.11-20.05.08:379][  0]LogConfig: Setting CVar [[r.Tonemapper.Quality:0]]
[2025.08.11-20.05.08:379][  0]LogConfig: Applying CVar settings from Section [TextureQuality@0] File [C:/Users/lorenzo.holanda/Documents/TCC/Sorry/Saved/Config/Windows/Scalability.ini]
[2025.08.11-20.05.08:379][  0]LogConfig: Setting CVar [[r.Streaming.MipBias:16]]
[2025.08.11-20.05.08:379][  0]LogConfig: Setting CVar [[r.Streaming.AmortizeCPUToGPUCopy:1]]
[2025.08.11-20.05.08:379][  0]LogConfig: Setting CVar [[r.Streaming.MaxNumTexturesToStreamPerFrame:1]]
[2025.08.11-20.05.08:379][  0]LogConfig: Setting CVar [[r.Streaming.Boost:0.3]]
[2025.08.11-20.05.08:379][  0]LogConfig: Setting CVar [[r.MaxAnisotropy:0]]
[2025.08.11-20.05.08:379][  0]LogConfig: Setting CVar [[r.VT.MaxAnisotropy:4]]
[2025.08.11-20.05.08:379][  0]LogConfig: Setting CVar [[r.Streaming.LimitPoolSizeToVRAM:1]]
[2025.08.11-20.05.08:379][  0]LogConfig: Setting CVar [[r.Streaming.PoolSize:400]]
[2025.08.11-20.05.08:379][  0]LogConfig: Setting CVar [[r.Streaming.MaxEffectiveScreenSize:0]]
[2025.08.11-20.05.08:379][  0]LogConfig: Applying CVar settings from Section [EffectsQuality@0] File [C:/Users/lorenzo.holanda/Documents/TCC/Sorry/Saved/Config/Windows/Scalability.ini]
[2025.08.11-20.05.08:379][  0]LogConfig: Setting CVar [[r.TranslucencyLightingVolumeDim:24]]
[2025.08.11-20.05.08:379][  0]LogConfig: Setting CVar [[r.RefractionQuality:0]]
[2025.08.11-20.05.08:379][  0]LogConfig: Setting CVar [[r.SSR.Quality:0]]
[2025.08.11-20.05.08:379][  0]LogConfig: Setting CVar [[r.SSR.HalfResSceneColor:1]]
[2025.08.11-20.05.08:379][  0]LogConfig: Setting CVar [[r.SceneColorFormat:3]]
[2025.08.11-20.05.08:379][  0]LogConfig: Setting CVar [[r.DetailMode:0]]
[2025.08.11-20.05.08:379][  0]LogConfig: Setting CVar [[r.TranslucencyVolumeBlur:0]]
[2025.08.11-20.05.08:379][  0]LogConfig: Setting CVar [[r.MaterialQualityLevel:0 ; Low quality]]
[2025.08.11-20.05.08:379][  0]LogConfig: Setting CVar [[r.AnisotropicMaterials:0]]
[2025.08.11-20.05.08:379][  0]LogConfig: Setting CVar [[r.SSS.Scale:0]]
[2025.08.11-20.05.08:379][  0]LogConfig: Setting CVar [[r.SSS.SampleSet:0]]
[2025.08.11-20.05.08:379][  0]LogConfig: Setting CVar [[r.SSS.Quality:0]]
[2025.08.11-20.05.08:379][  0]LogConfig: Setting CVar [[r.SSS.HalfRes:1]]
[2025.08.11-20.05.08:379][  0]LogConfig: Setting CVar [[r.SSGI.Quality:0]]
[2025.08.11-20.05.08:379][  0]LogConfig: Setting CVar [[r.EmitterSpawnRateScale:0.125]]
[2025.08.11-20.05.08:379][  0]LogConfig: Setting CVar [[r.ParticleLightQuality:0]]
[2025.08.11-20.05.08:379][  0]LogConfig: Setting CVar [[r.SkyAtmosphere.AerialPerspectiveLUT.FastApplyOnOpaque:1 ; Always have FastSkyLUT 1 in this case to avoid wrong sky]]
[2025.08.11-20.05.08:379][  0]LogConfig: Setting CVar [[r.SkyAtmosphere.AerialPerspectiveLUT.SampleCountMaxPerSlice:1]]
[2025.08.11-20.05.08:379][  0]LogConfig: Setting CVar [[r.SkyAtmosphere.AerialPerspectiveLUT.DepthResolution:8.0]]
[2025.08.11-20.05.08:379][  0]LogConfig: Setting CVar [[r.SkyAtmosphere.FastSkyLUT:1]]
[2025.08.11-20.05.08:379][  0]LogConfig: Setting CVar [[r.SkyAtmosphere.FastSkyLUT.SampleCountMin:2.0]]
[2025.08.11-20.05.08:379][  0]LogConfig: Setting CVar [[r.SkyAtmosphere.FastSkyLUT.SampleCountMax:16.0]]
[2025.08.11-20.05.08:379][  0]LogConfig: Setting CVar [[r.SkyAtmosphere.SampleCountMin:2.0]]
[2025.08.11-20.05.08:379][  0]LogConfig: Setting CVar [[r.SkyAtmosphere.SampleCountMax:16.0]]
[2025.08.11-20.05.08:379][  0]LogConfig: Setting CVar [[r.SkyAtmosphere.TransmittanceLUT.UseSmallFormat:1]]
[2025.08.11-20.05.08:379][  0]LogConfig: Setting CVar [[r.SkyAtmosphere.TransmittanceLUT.SampleCount:10.0]]
[2025.08.11-20.05.08:379][  0]LogConfig: Setting CVar [[r.SkyAtmosphere.MultiScatteringLUT.SampleCount:15.0]]
[2025.08.11-20.05.08:379][  0]LogConfig: Setting CVar [[r.SkyLight.RealTimeReflectionCapture:0]]
[2025.08.11-20.05.08:379][  0]LogConfig: Applying CVar settings from Section [FoliageQuality@0] File [C:/Users/lorenzo.holanda/Documents/TCC/Sorry/Saved/Config/Windows/Scalability.ini]
[2025.08.11-20.05.08:379][  0]LogConfig: Setting CVar [[foliage.DensityScale:0]]
[2025.08.11-20.05.08:379][  0]LogConfig: Setting CVar [[grass.DensityScale:0]]
[2025.08.11-20.05.08:379][  0]LogConfig: Applying CVar settings from Section [ShadingQuality@0] File [C:/Users/lorenzo.holanda/Documents/TCC/Sorry/Saved/Config/Windows/Scalability.ini]
[2025.08.11-20.05.08:379][  0]LogConfig: Setting CVar [[r.HairStrands.SkyLighting.IntegrationType:2]]
[2025.08.11-20.05.08:379][  0]LogConfig: Setting CVar [[r.HairStrands.SkyAO.SampleCount:4]]
[2025.08.11-20.05.08:379][  0]LogConfig: Setting CVar [[r.HairStrands.Visibility.MSAA.SamplePerPixel:1]]
[2025.08.11-20.05.08:379][  0]LogConfig: Applying CVar settings from Section [Startup] File [../../../Engine/Config/ConsoleVariables.ini]
[2025.08.11-20.05.08:379][  0]LogConfig: Setting CVar [[net.UseAdaptiveNetUpdateFrequency:0]]
[2025.08.11-20.05.08:379][  0]LogConfig: Setting CVar [[p.chaos.AllowCreatePhysxBodies:1]]
[2025.08.11-20.05.08:379][  0]LogConfig: Setting CVar [[fx.SkipVectorVMBackendOptimizations:1]]
[2025.08.11-20.05.08:379][  0]LogConfig: Applying CVar settings from Section [ConsoleVariables] File [C:/Users/lorenzo.holanda/Documents/TCC/Sorry/Saved/Config/Windows/Engine.ini]
[2025.08.11-20.05.08:379][  0]LogConfig: Applying CVar settings from Section [ConsoleVariables] File [C:/Users/lorenzo.holanda/Documents/TCC/Sorry/Saved/Config/Windows/Editor.ini]
[2025.08.11-20.05.08:379][  0]LogInit: Computer: SGS1-D02
[2025.08.11-20.05.08:379][  0]LogInit: User: lorenzoholanda
[2025.08.11-20.05.08:379][  0]LogInit: CPU Page size=4096, Cores=6
[2025.08.11-20.05.08:379][  0]LogInit: High frequency timer resolution =10.000000 MHz
[2025.08.11-20.05.08:380][  0]LogMemory: Memory total: Physical=15.9GB (16GB approx)
[2025.08.11-20.05.08:380][  0]LogMemory: Platform Memory Stats for Windows
[2025.08.11-20.05.08:380][  0]LogMemory: Process Physical Memory: 146.10 MB used, 146.11 MB peak
[2025.08.11-20.05.08:380][  0]LogMemory: Process Virtual Memory: 131.69 MB used, 131.69 MB peak
[2025.08.11-20.05.08:380][  0]LogMemory: Physical Memory: 7705.95 MB used,  8530.52 MB free, 16236.47 MB total
[2025.08.11-20.05.08:380][  0]LogMemory: Virtual Memory: 134208968.00 MB used,  8761.17 MB free, 134217728.00 MB total
[2025.08.11-20.05.08:384][  0]LogWindows: WindowsPlatformFeatures enabled
[2025.08.11-20.05.08:419][  0]LogInit: Physics initialised using underlying interface: PhysX
[2025.08.11-20.05.08:420][  0]LogInit: Using OS detected language (pt-BR).
[2025.08.11-20.05.08:420][  0]LogInit: Using OS detected locale (pt-BR).
[2025.08.11-20.05.08:441][  0]LogTextLocalizationResource: LocRes '../../../Engine/Content/Localization/Editor/pt/Editor.locres' could not be opened for reading!
[2025.08.11-20.05.08:441][  0]LogTextLocalizationResource: LocRes '../../../Engine/Content/Localization/EditorTutorials/pt/EditorTutorials.locres' could not be opened for reading!
[2025.08.11-20.05.08:441][  0]LogTextLocalizationResource: LocRes '../../../Engine/Content/Localization/Keywords/pt/Keywords.locres' could not be opened for reading!
[2025.08.11-20.05.08:441][  0]LogTextLocalizationResource: LocRes '../../../Engine/Content/Localization/Category/pt/Category.locres' could not be opened for reading!
[2025.08.11-20.05.08:441][  0]LogTextLocalizationResource: LocRes '../../../Engine/Content/Localization/ToolTips/pt/ToolTips.locres' could not be opened for reading!
[2025.08.11-20.05.08:441][  0]LogTextLocalizationResource: LocRes '../../../Engine/Content/Localization/PropertyNames/pt/PropertyNames.locres' could not be opened for reading!
[2025.08.11-20.05.08:441][  0]LogTextLocalizationResource: LocRes '../../../Engine/Content/Localization/Engine/pt/Engine.locres' could not be opened for reading!
[2025.08.11-20.05.08:441][  0]LogTextLocalizationResource: LocRes '../../../Engine/Plugins/Online/OnlineSubsystem/Content/Localization/OnlineSubsystem/pt/OnlineSubsystem.locres' could not be opened for reading!
[2025.08.11-20.05.08:442][  0]LogTextLocalizationResource: LocRes '../../../Engine/Plugins/Online/OnlineSubsystemUtils/Content/Localization/OnlineSubsystemUtils/pt/OnlineSubsystemUtils.locres' could not be opened for reading!
[2025.08.11-20.05.08:442][  0]LogTextLocalizationResource: LocRes '../../../Engine/Plugins/Online/Android/OnlineSubsystemGooglePlay/Content/Localization/OnlineSubsystemGooglePlay/pt/OnlineSubsystemGooglePlay.locres' could not be opened for reading!
[2025.08.11-20.05.08:442][  0]LogTextLocalizationResource: LocRes '../../../Engine/Plugins/Online/IOS/OnlineSubsystemIOS/Content/Localization/OnlineSubsystemIOS/pt/OnlineSubsystemIOS.locres' could not be opened for reading!
[2025.08.11-20.05.08:449][  0]LogInit: Setting process to per monitor DPI aware
[2025.08.11-20.05.08:459][  0]LogWindowsTextInputMethodSystem: Display: IME system deactivated.
[2025.08.11-20.05.08:469][  0]LogSlate: New Slate User Created.  User Index 0, Is Virtual User: 0
[2025.08.11-20.05.08:469][  0]LogSlate: Slate User Registered.  User Index 0, Is Virtual User: 0
[2025.08.11-20.05.08:585][  0]LogD3D11RHI: Loaded GFSDK_Aftermath_Lib.x64.dll
[2025.08.11-20.05.08:587][  0]LogHMD: Failed to initialize OpenVR with code 110
[2025.08.11-20.05.08:587][  0]LogD3D11RHI: D3D11 min allowed feature level: 11_0
[2025.08.11-20.05.08:587][  0]LogD3D11RHI: D3D11 max allowed feature level: 11_0
[2025.08.11-20.05.08:587][  0]LogD3D11RHI: D3D11 adapters:
[2025.08.11-20.05.08:750][  0]LogD3D11RHI:    0. 'NVIDIA GeForce RTX 3050' (Feature Level 11_0)
[2025.08.11-20.05.08:750][  0]LogD3D11RHI:       6002/0/8118 MB DedicatedVideo/DedicatedSystem/SharedSystem, Outputs:1, VendorId:0x10de
[2025.08.11-20.05.08:752][  0]LogD3D11RHI:    1. 'Microsoft Basic Render Driver' (Feature Level 11_0)
[2025.08.11-20.05.08:752][  0]LogD3D11RHI:       0/0/8118 MB DedicatedVideo/DedicatedSystem/SharedSystem, Outputs:0, VendorId:0x1414
[2025.08.11-20.05.08:752][  0]LogD3D11RHI: Chosen D3D11 Adapter:
[2025.08.11-20.05.08:752][  0]LogD3D11RHI:     Description : NVIDIA GeForce RTX 3050
[2025.08.11-20.05.08:752][  0]LogD3D11RHI:     VendorId    : 10de
[2025.08.11-20.05.08:752][  0]LogD3D11RHI:     DeviceId    : 2584
[2025.08.11-20.05.08:752][  0]LogD3D11RHI:     SubSysId    : 41691458
[2025.08.11-20.05.08:752][  0]LogD3D11RHI:     Revision    : 00a1
[2025.08.11-20.05.08:752][  0]LogD3D11RHI:     DedicatedVideoMemory : 6293553152 bytes
[2025.08.11-20.05.08:752][  0]LogD3D11RHI:     DedicatedSystemMemory : 0 bytes
[2025.08.11-20.05.08:752][  0]LogD3D11RHI:     SharedSystemMemory : 8512585728 bytes
[2025.08.11-20.05.08:752][  0]LogD3D11RHI:     AdapterLuid : 0 49380
[2025.08.11-20.05.08:756][  0]LogD3D11RHI: Creating new Direct3DDevice
[2025.08.11-20.05.08:756][  0]LogD3D11RHI:     GPU DeviceId: 0x2584 (for the marketing name, search the web for "GPU Device Id")
[2025.08.11-20.05.08:756][  0]LogWindows: EnumDisplayDevices:
[2025.08.11-20.05.08:757][  0]LogWindows:    0. 'NVIDIA GeForce RTX 3050' (P:1 D:1)
[2025.08.11-20.05.08:757][  0]LogWindows:    1. 'NVIDIA GeForce RTX 3050' (P:0 D:0)
[2025.08.11-20.05.08:757][  0]LogWindows:    2. 'NVIDIA GeForce RTX 3050' (P:0 D:0)
[2025.08.11-20.05.08:757][  0]LogWindows:    3. 'NVIDIA GeForce RTX 3050' (P:0 D:0)
[2025.08.11-20.05.08:757][  0]LogWindows: DebugString: FoundDriverCount:4 
[2025.08.11-20.05.08:757][  0]LogD3D11RHI:     Adapter Name: NVIDIA GeForce RTX 3050
[2025.08.11-20.05.08:757][  0]LogD3D11RHI:   Driver Version: 577.00 (internal:32.0.15.7700, unified:577.00)
[2025.08.11-20.05.08:757][  0]LogD3D11RHI:      Driver Date: 7-14-2025
[2025.08.11-20.05.08:757][  0]LogRHI: Texture pool is 4201 MB (70% of 6002 MB)
[2025.08.11-20.05.08:757][  0]LogD3D11RHI: Creating D3DDevice using adapter:
[2025.08.11-20.05.08:757][  0]LogD3D11RHI:     Description : NVIDIA GeForce RTX 3050
[2025.08.11-20.05.08:757][  0]LogD3D11RHI:     VendorId    : 10de
[2025.08.11-20.05.08:757][  0]LogD3D11RHI:     DeviceId    : 2584
[2025.08.11-20.05.08:757][  0]LogD3D11RHI:     SubSysId    : 41691458
[2025.08.11-20.05.08:757][  0]LogD3D11RHI:     Revision    : 00a1
[2025.08.11-20.05.08:757][  0]LogD3D11RHI:     DedicatedVideoMemory : 6293553152 bytes
[2025.08.11-20.05.08:757][  0]LogD3D11RHI:     DedicatedSystemMemory : 0 bytes
[2025.08.11-20.05.08:757][  0]LogD3D11RHI:     SharedSystemMemory : 8512585728 bytes
[2025.08.11-20.05.08:757][  0]LogD3D11RHI:     AdapterLuid : 0 49380
[2025.08.11-20.05.08:881][  0]LogD3D11RHI: RHI has support for 64 bit atomics
[2025.08.11-20.05.08:881][  0]LogD3D11RHI: Async texture creation enabled
[2025.08.11-20.05.08:881][  0]LogD3D11RHI: Array index from any shader is supported
[2025.08.11-20.05.08:893][  0]LogD3D11RHI: GPU Timing Frequency: 1000.000000 (Debug: 2 1)
[2025.08.11-20.05.08:926][  0]LogRHI: GeForceNow SDK initialized: 1
[2025.08.11-20.05.09:167][  0]LogTargetPlatformManager: Display: Loaded TargetPlatform 'AllDesktop'
[2025.08.11-20.05.09:184][  0]LogTargetPlatformManager: Display: Loaded TargetPlatform 'Android'
[2025.08.11-20.05.09:184][  0]LogTargetPlatformManager: Display: Loaded TargetPlatform 'Android_ASTC'
[2025.08.11-20.05.09:184][  0]LogTargetPlatformManager: Display: Loaded TargetPlatform 'Android_DXT'
[2025.08.11-20.05.09:184][  0]LogTargetPlatformManager: Display: Loaded TargetPlatform 'Android_ETC2'
[2025.08.11-20.05.09:184][  0]LogTargetPlatformManager: Display: Loaded TargetPlatform 'AndroidClient'
[2025.08.11-20.05.09:184][  0]LogTargetPlatformManager: Display: Loaded TargetPlatform 'Android_ASTCClient'
[2025.08.11-20.05.09:184][  0]LogTargetPlatformManager: Display: Loaded TargetPlatform 'Android_DXTClient'
[2025.08.11-20.05.09:184][  0]LogTargetPlatformManager: Display: Loaded TargetPlatform 'Android_ETC2Client'
[2025.08.11-20.05.09:184][  0]LogTargetPlatformManager: Display: Loaded TargetPlatform 'Android_Multi'
[2025.08.11-20.05.09:184][  0]LogTargetPlatformManager: Display: Loaded TargetPlatform 'Android_MultiClient'
[2025.08.11-20.05.09:200][  0]LogTargetPlatformManager: Display: Loaded TargetPlatform 'IOSClient'
[2025.08.11-20.05.09:200][  0]LogTargetPlatformManager: Display: Loaded TargetPlatform 'IOS'
[2025.08.11-20.05.09:208][  0]LogTargetPlatformManager: Display: Loaded TargetPlatform 'Linux'
[2025.08.11-20.05.09:212][  0]LogTargetPlatformManager: Display: Loaded TargetPlatform 'LinuxNoEditor'
[2025.08.11-20.05.09:216][  0]LogTargetPlatformManager: Display: Loaded TargetPlatform 'LinuxClient'
[2025.08.11-20.05.09:220][  0]LogTargetPlatformManager: Display: Loaded TargetPlatform 'LinuxServer'
[2025.08.11-20.05.09:228][  0]LogTargetPlatformManager: Display: Loaded TargetPlatform 'LinuxAArch64NoEditor'
[2025.08.11-20.05.09:232][  0]LogTargetPlatformManager: Display: Loaded TargetPlatform 'LinuxAArch64Client'
[2025.08.11-20.05.09:235][  0]LogTargetPlatformManager: Display: Loaded TargetPlatform 'LinuxAArch64Server'
[2025.08.11-20.05.09:256][  0]LogTargetPlatformManager: Display: Loaded TargetPlatform 'Lumin'
[2025.08.11-20.05.09:256][  0]LogTargetPlatformManager: Display: Loaded TargetPlatform 'LuminClient'
[2025.08.11-20.05.09:264][  0]LogTargetPlatformManager: Display: Loaded TargetPlatform 'MacNoEditor'
[2025.08.11-20.05.09:268][  0]LogTargetPlatformManager: Display: Loaded TargetPlatform 'Mac'
[2025.08.11-20.05.09:271][  0]LogTargetPlatformManager: Display: Loaded TargetPlatform 'MacClient'
[2025.08.11-20.05.09:275][  0]LogTargetPlatformManager: Display: Loaded TargetPlatform 'MacServer'
[2025.08.11-20.05.09:283][  0]LogTargetPlatformManager: Display: Loaded TargetPlatform 'TVOSClient'
[2025.08.11-20.05.09:283][  0]LogTargetPlatformManager: Display: Loaded TargetPlatform 'TVOS'
[2025.08.11-20.05.09:291][  0]LogTargetPlatformManager: Display: Loaded TargetPlatform 'WindowsNoEditor'
[2025.08.11-20.05.09:295][  0]LogTargetPlatformManager: Display: Loaded TargetPlatform 'Windows'
[2025.08.11-20.05.09:299][  0]LogTargetPlatformManager: Display: Loaded TargetPlatform 'WindowsClient'
[2025.08.11-20.05.09:302][  0]LogTargetPlatformManager: Display: Loaded TargetPlatform 'WindowsServer'
[2025.08.11-20.05.09:302][  0]LogTargetPlatformManager: Display: Building Assets For Windows
[2025.08.11-20.05.09:308][  0]LogAudioDebug: Display: Lib vorbis DLL was dynamically loaded.
[2025.08.11-20.05.09:336][  0]LogTextureFormatOodle: Display: Oodle Texture 2.9.0 init RDO Off
[2025.08.11-20.05.09:361][  0]LogRendererCore: Ray tracing is disabled. Reason: r.RayTracing=0.
[2025.08.11-20.05.09:361][  0]LogShaderCompilers: Guid format shader working directory is -4 characters bigger than the processId version (../../../../../../Users/lorenzo.holanda/Documents/TCC/Sorry/Intermediate/Shaders/WorkingDirectory/17184/).
[2025.08.11-20.05.09:361][  0]LogShaderCompilers: Cleaned the shader compiler working directory 'C:/Users/lorenzo.holanda/AppData/Local/Temp/UnrealShaderWorkingDir/A9402D774656E8CFA3019985434888FE/'.
[2025.08.11-20.05.09:361][  0]LogXGEController: Cannot use XGE Controller as Incredibuild is not installed on this machine.
[2025.08.11-20.05.09:361][  0]LogShaderCompilers: Cannot use XGE Shader Compiler as Incredibuild is not installed on this machine.
[2025.08.11-20.05.09:361][  0]LogShaderCompilers: Display: Using Local Shader Compiler.
[2025.08.11-20.05.10:038][  0]LogDerivedDataCache: Display: Max Cache Size: 512 MB
[2025.08.11-20.05.10:085][  0]LogDerivedDataCache: Loaded boot cache 0.05s 94MB C:/Users/lorenzo.holanda/AppData/Local/UnrealEngine/4.27/DerivedDataCache/Boot.ddc.
[2025.08.11-20.05.10:086][  0]LogDerivedDataCache: Display: Loaded Boot cache: C:/Users/lorenzo.holanda/AppData/Local/UnrealEngine/4.27/DerivedDataCache/Boot.ddc
[2025.08.11-20.05.10:086][  0]LogDerivedDataCache: FDerivedDataBackendGraph:  Pak pak cache file ../../../../../../Users/lorenzo.holanda/Documents/TCC/Sorry/DerivedDataCache/DDC.ddp not found, will not use a pak cache.
[2025.08.11-20.05.10:086][  0]LogDerivedDataCache: Unable to find inner node Pak for hierarchical cache Hierarchy.
[2025.08.11-20.05.10:086][  0]LogDerivedDataCache: FDerivedDataBackendGraph:  CompressedPak pak cache file ../../../../../../Users/lorenzo.holanda/Documents/TCC/Sorry/DerivedDataCache/Compressed.ddp not found, will not use a pak cache.
[2025.08.11-20.05.10:086][  0]LogDerivedDataCache: Unable to find inner node CompressedPak for hierarchical cache Hierarchy.
[2025.08.11-20.05.10:101][  0]LogDerivedDataCache: Display: Pak cache opened for reading ../../../Engine/DerivedDataCache/Compressed.ddp.
[2025.08.11-20.05.10:101][  0]LogDerivedDataCache: FDerivedDataBackendGraph:  EnterprisePak pak cache file ../../../Enterprise/DerivedDataCache/Compressed.ddp not found, will not use a pak cache.
[2025.08.11-20.05.10:101][  0]LogDerivedDataCache: Unable to find inner node EnterprisePak for hierarchical cache Hierarchy.
[2025.08.11-20.05.10:107][  0]LogDerivedDataCache: Speed tests for C:/Users/lorenzo.holanda/AppData/Local/UnrealEngine/Common/DerivedDataCache took 0.01 seconds
[2025.08.11-20.05.10:108][  0]LogDerivedDataCache: Display: Performance to C:/Users/lorenzo.holanda/AppData/Local/UnrealEngine/Common/DerivedDataCache: Latency=0.03ms. RandomReadSpeed=985.57MBs, RandomWriteSpeed=173.93MBs. Assigned SpeedClass 'Local'
[2025.08.11-20.05.10:108][  0]LogDerivedDataCache: Using Local data cache path C:/Users/lorenzo.holanda/AppData/Local/UnrealEngine/Common/DerivedDataCache: Writable
[2025.08.11-20.05.10:108][  0]LogDerivedDataCache: Shared data cache path not found in *engine.ini, will not use an Shared cache.
[2025.08.11-20.05.10:108][  0]LogDerivedDataCache: Unable to find inner node Shared for hierarchical cache Hierarchy.
[2025.08.11-20.05.10:153][  0]LogSlate: Using FreeType 2.10.0
[2025.08.11-20.05.10:154][  0]LogSlate: SlateFontServices - WITH_FREETYPE: 1, WITH_HARFBUZZ: 1
[2025.08.11-20.05.10:174][  0]LogAssetRegistry: FAssetRegistry took 0.0022 seconds to start up
[2025.08.11-20.05.10:370][  0]LogInit: Selected Device Profile: [Windows]
[2025.08.11-20.05.10:370][  0]LogInit: Active device profile: [000001B2240E8900][000001B2236A37C0 49] Windows
[2025.08.11-20.05.10:370][  0]LogInit: Profiles: [000001B2240E8900][000001B2236A37C0 49] Windows, [000001B224077800][000001B221337940 49] WindowsNoEditor, [000001B2240EB500][000001B2236B3AC0 49] WindowsServer, [000001B224074E00][000001B2237060C0 49] WindowsClient, [000001B2240EB800][000001B22372A240 49] IOS, [000001B224076800][000001B22372E3C0 49] iPadAir, [000001B2240EA000][000001B223732540 49] iPadAir2, [000001B22400CA00][000001B2236AE7C0 49] IPadPro, [000001B22400CB00][000001B223736800 49] iPadAir3, [000001B224075700][000001B22373A940 49] iPadAir4, [000001B22400F400][000001B22373EA80 49] iPadMini2, [000001B224076A00][000001B224CA2BC0 49] iPadMini3, [000001B22400D700][000001B224CAAD40 49] iPadMini4, [000001B2240E8F00][000001B224CB2EC0 49] iPadMini5, [000001B224030300][000001B224CBB180 49] iPhone6, [000001B224030400][000001B224CB71C0 49] iPodTouch6, [000001B22400F600][000001B22386F480 49] iPhone7, [000001B22400D800][000001B22386B4C0 49] iPodTouch7, [000001B224033F00][000001B223877640 49] iPhone5S, [000001B224076300][000001B22387B7C0 49] iPhone6Plus, [000001B22400C200][000001B22387F940 49] iPhone6S, [000001B224076200][000001B223883AC0 49] iPhone6SPlus, [000001B22400FC00][000001B2238860C0 49] iPhone7Plus, [000001B224077D00][000001B22388A240 49] iPhoneSE, [000001B22400F500][000001B22388E3C0 49] iPhone8, [000001B224075E00][000001B223892540 49] iPhone8Plus, [000001B22400E600][000001B2238AC6C0 49] iPhoneX, [000001B224076500][000001B2236E6840 49] iPhoneXS, [000001B22400E000][000001B224CA6980 49] iPhoneXSMax, [000001B224077A00][000001B224A32AC0 49] iPhoneXR, [000001B22400F700][000001B224A36C00 49] iPhone11, [000001B224074D00][000001B224A3AD40 49] iPhone11Pro, [000001B22400F800][000001B224A42EC0 49] iPhone11ProMax, [000001B224074F00][000001B224A47040 49] iPhoneSE2, [000001B22400EE00][000001B224A4F1C0 49] iPhone12Mini, [000001B224076700][000001B223789340 49] iPhone12, [000001B22400D100][000001B22378D4C0 49] iPhone12Pro, [000001B224077600][000001B22370B640 49] iPhone12ProMax, [000001B22400E300][000001B22370F7C0 49] iPadPro105, [000001B224074C00][000001B223713940 49] iPadPro129, [000001B22400F300][000001B224A4BAC0 49] iPadPro97, [000001B224075F00][000001B224A3E0C0 49] iPadPro2_129, [000001B22400D400][000001B223722240 49] iPad5, [000001B224077400][000001B2237263C0 49] iPad6, [000001B22400F100][000001B2237E2540 49] iPad7, [000001B224075A00][000001B224CAE6C0 49] iPad8, [000001B22400E800][000001B22369A840 49] iPadPro11, [000001B224075B00][000001B22369E9C0 49] iPadPro2_11, [000001B22400DB00][000001B21C186B40 49] iPadPro3_129, [000001B224077900][000001B2250CCC80 49] iPadPro4_129, [000001B22400D500][000001B21C18ADC0 49] AppleTV, [000001B224076000][000001B21C18EF00 49] AppleTV4K, [000001B22400C100][000001B21C197080 49] TVOS, [000001B224076600][000001B21C19B200 49] Mac, [000001B22400E700][000001B21C19F380 49] MacClient, [000001B224076F00][000001B21C1A3500 49] MacNoEditor, [000001B22400F900][000001B21C1A7680 49] MacServer, [000001B224077500][000001B21C1AB800 49] Linux, [000001B22400E200][000001B2237E7980 49] LinuxAArch64, [000001B224074B00][000001B2237EBB00 49] LinuxNoEditor, [000001B22400FB00][000001B2237EE100 49] LinuxAArch64NoEditor, [000001B224074100][000001B2237F2280 49] LinuxClient, [000001B22400DD00][000001B2237F6400 49] LinuxAArch64Client, [000001B224075600][000001B2237FA580 49] LinuxServer, [000001B22400E100][000001B2237FE700 49] LinuxAArch64Server, [000001B224075300][000001B223802880 49] Android, [000001B22400C500][000001B223806A00 49] Android_Low, [000001B224076B00][000001B22380AB80 49] Android_Mid, [000001B2240EBA00][000001B22380ED00 49] Android_High, [000001B224031C00][000001B21C192E40 49] Android_Default, [000001B2240EA100][000001B223812F80 49] Android_Adreno4xx, [000001B224032700][000001B2238170C0 49] Android_Adreno5xx_Low, [000001B2240E8B00][000001B22381F240 49] Android_Adreno5xx, [000001B224032D00][000001B2238233C0 49] Android_Adreno6xx, [000001B2240E9200][000001B223827540 49] Android_Adreno6xx_Vulkan, [000001B224032800][000001B22382B6C0 49] Android_Mali_T6xx, [000001B2240EB200][000001B224CD1840 49] Android_Mali_T7xx, [000001B224032E00][000001B224CD59C0 49] Android_Mali_T8xx, [000001B2240EA500][000001B224CD9B40 49] Android_Mali_G71, [000001B224033E00][000001B224CDC140 49] Android_Mali_G72, [000001B2240EAA00][000001B224CE02C0 49] Android_Mali_G72_Vulkan, [000001B224031B00][000001B224CE4440 49] Android_Mali_G76, [000001B2240E9D00][000001B224CE85C0 49] Android_Mali_G76_Vulkan, [000001B224033000][000001B224CEC740 49] Android_Mali_G77, [000001B2240EAD00][000001B224CF08C0 49] Android_Mali_G77_Vulkan, [000001B224033A00][000001B224CF4A40 49] Android_Mali_G78, [000001B2240E8D00][000001B224CF8BC0 49] Android_Mali_G78_Vulkan, [000001B224030500][000001B224CFCD40 49] Android_Mali_G710, [000001B2240E9300][000001B224D00EC0 49] Android_Mali_G710_Vulkan, [000001B224033500][000001B22381B000 49] Android_Vulkan_SM5, [000001B2240EB300][000001B224D05140 49] Android_PowerVR_G6xxx, [000001B224032C00][000001B224D09280 49] Android_PowerVR_GT7xxx, [000001B2240EBC00][000001B224D0D3C0 49] Android_PowerVR_GE8xxx, [000001B224031200][000001B224D15540 49] Android_PowerVR_GM9xxx, [000001B2240EB000][000001B224D196C0 49] Android_PowerVR_GM9xxx_Vulkan, [000001B224032900][000001B224D1D840 49] Android_TegraK1, [000001B2240E9100][000001B224D219C0 49] Android_Unknown_Vulkan, [000001B224074600][000001B224D25B40 49] Lumin, [000001B2240EA900][000001B224D28140 49] Lumin_Desktop, [000001B224075200][000001B224D2C2C0 49] HoloLens, 
[2025.08.11-20.05.10:480][  0]LogMeshReduction: Using QuadricMeshReduction for automatic static mesh reduction
[2025.08.11-20.05.10:480][  0]LogMeshReduction: Using SimplygonMeshReduction for automatic skeletal mesh reduction
[2025.08.11-20.05.10:480][  0]LogMeshReduction: Using ProxyLODMeshReduction for automatic mesh merging
[2025.08.11-20.05.10:480][  0]LogMeshReduction: No distributed automatic mesh merging module available
[2025.08.11-20.05.10:480][  0]LogMeshMerging: No distributed automatic mesh merging module available
[2025.08.11-20.05.10:492][  0]LogNetVersion: Sorry 1.0.0, NetCL: 17155196, EngineNetVer: 17, GameNetVer: 0 (Checksum: 3363201869)
[2025.08.11-20.05.10:804][  0]LogTexture: Default maximum texture size for cubemaps generated from long-lat sources has been changed from 512 to unlimited. In order to preserve old behaiour for '/Engine/MapTemplates/Sky/DaylightAmbientCubemap.DaylightAmbientCubemap', its maximum texture size has been explicitly set to 512.
[2025.08.11-20.05.10:849][  0]LogHMD: PokeAHoleMaterial loaded successfully
[2025.08.11-20.05.10:854][  0]LogUObjectArray: 17178 objects as part of root set at end of initial load.
[2025.08.11-20.05.10:854][  0]LogUObjectAllocator: 4302048 out of 0 bytes used by permanent object pool.
[2025.08.11-20.05.10:854][  0]LogUObjectArray: CloseDisregardForGC: 0/0 objects in disregard for GC pool
[2025.08.11-20.05.11:075][  0]LogNiagaraDebuggerClient: Niagara Debugger Client Initialized | Session: 3FDDF5C9464F7F8AAF16B381840E9179 | Instance: 2C18654B44817B2354F204B6DEAB66C4 (SGS1-D02-17184).
[2025.08.11-20.05.11:114][  0]LogPython: Using Python 3.7.7
[2025.08.11-20.05.11:640][  0]LogTcpMessaging: Initializing TcpMessaging bridge
[2025.08.11-20.05.11:643][  0]LogUdpMessaging: Initializing bridge on interface 0.0.0.0:0 to multicast group 230.0.0.1:6666.
[2025.08.11-20.05.11:820][  0]SourceControl: Controle de origem desativado
[2025.08.11-20.05.11:820][  0]SourceControl: Controle de origem desativado
[2025.08.11-20.05.11:822][  0]SourceControl: Controle de origem desativado
[2025.08.11-20.05.11:825][  0]SourceControl: Controle de origem desativado
[2025.08.11-20.05.11:832][  0]SourceControl: Controle de origem desativado
[2025.08.11-20.05.11:837][  0]LogUProjectInfo: Found projects:
[2025.08.11-20.05.11:949][  0]LogOpenImageDenoise: OIDN starting up
[2025.08.11-20.05.11:999][  0]LogAndroidPermission: UAndroidPermissionCallbackProxy::GetInstance
[2025.08.11-20.05.12:013][  0]LogAudioCaptureCore: Display: No Audio Capture implementations found. Audio input will be silent.
[2025.08.11-20.05.12:013][  0]LogAudioCaptureCore: Display: No Audio Capture implementations found. Audio input will be silent.
[2025.08.11-20.05.12:117][  0]LogCollectionManager: Loaded 0 collections in 0.001363 seconds
[2025.08.11-20.05.12:138][  0]LogFileCache: Scanning file cache for directory 'C:/Users/lorenzo.holanda/Documents/TCC/Sorry/Saved/Collections/' took 0.00s
[2025.08.11-20.05.12:138][  0]LogFileCache: Scanning file cache for directory 'C:/Users/lorenzo.holanda/Documents/TCC/Sorry/Content/Developers/lorenzoholanda/Collections/' took 0.00s
[2025.08.11-20.05.12:138][  0]LogFileCache: Scanning file cache for directory 'C:/Users/lorenzo.holanda/Documents/TCC/Sorry/Content/Collections/' took 0.00s
[2025.08.11-20.05.12:138][  0]LogOcInput: OculusInput pre-init called
[2025.08.11-20.05.12:332][  0]LogEngine: Initializing Engine...
[2025.08.11-20.05.12:334][  0]LogHMD: Failed to enumerate extensions. Please check that you have a valid OpenXR runtime installed.
[2025.08.11-20.05.12:334][  0]LogHMD: Failed to initialize OpenVR with code 110
[2025.08.11-20.05.12:334][  0]LogMagicLeap: Warning: VR disabled because ZI is not enabled.  To enable, in the editor, Edit -> Project Settings -> Plugins -> Magic Leap Plugin -> Enable Zero Iteration
[2025.08.11-20.05.12:335][  0]LogStats: UGameplayTagsManager::InitializeManager -  0.000 s
[2025.08.11-20.05.12:432][  0]LogInit: Initializing FReadOnlyCVARCache
[2025.08.11-20.05.12:438][  0]LogAIModule: Creating AISystem for world Untitled
[2025.08.11-20.05.12:445][  0]LogAudio: Display: Initializing Audio Device Manager...
[2025.08.11-20.05.12:448][  0]LogAudio: Display: Loading Default Audio Settings Objects...
[2025.08.11-20.05.12:449][  0]LogAudio: Display: No default SoundConcurrencyObject specified (or failed to load).
[2025.08.11-20.05.12:449][  0]LogAudio: Display: Audio Device Manager Initialized
[2025.08.11-20.05.12:449][  0]LogAudio: Display: Creating Audio Device:                 Id: 1, Scope: Shared, Realtime: True
[2025.08.11-20.05.12:449][  0]LogAudioMixer: Display: Audio Mixer Platform Settings:
[2025.08.11-20.05.12:449][  0]LogAudioMixer: Display: 	Sample Rate:						  48000
[2025.08.11-20.05.12:449][  0]LogAudioMixer: Display: 	Callback Buffer Frame Size Requested: 1024
[2025.08.11-20.05.12:449][  0]LogAudioMixer: Display: 	Callback Buffer Frame Size To Use:	  1024
[2025.08.11-20.05.12:449][  0]LogAudioMixer: Display: 	Number of buffers to queue:			  2
[2025.08.11-20.05.12:449][  0]LogAudioMixer: Display: 	Max Channels (voices):				  32
[2025.08.11-20.05.12:449][  0]LogAudioMixer: Display: 	Number of Async Source Workers:		  0
[2025.08.11-20.05.12:449][  0]LogAudio: Display: AudioDevice MaxSources: 32
[2025.08.11-20.05.12:449][  0]LogAudio: Display: Audio Spatialization Plugin: None (built-in).
[2025.08.11-20.05.12:449][  0]LogAudio: Display: Audio Reverb Plugin: None (built-in).
[2025.08.11-20.05.12:449][  0]LogAudio: Display: Audio Occlusion Plugin: None (built-in).
[2025.08.11-20.05.12:449][  0]LogAudioMixer: Display: Initializing audio mixer.
[2025.08.11-20.05.12:461][  0]LogAudioMixer: Display: 0: FrontLeft
[2025.08.11-20.05.12:461][  0]LogAudioMixer: Display: 1: FrontRight
[2025.08.11-20.05.12:472][  0]LogAudioMixer: Display: Using Audio Device 22B1WG5 (NVIDIA High Definition Audio)
[2025.08.11-20.05.12:474][  0]LogAudioMixer: Display: Initializing Sound Submixes...
[2025.08.11-20.05.12:475][  0]LogAudioMixer: Display: Creating Master Submix 'MasterSubmixDefault'
[2025.08.11-20.05.12:475][  0]LogAudioMixer: Display: Creating Master Submix 'MasterReverbSubmixDefault'
[2025.08.11-20.05.12:476][  0]LogAudioMixer: Display: Creating Master Submix 'MasterEQSubmixDefault'
[2025.08.11-20.05.12:476][  0]LogAudioMixer: FMixerPlatformXAudio2::StartAudioStream() called
[2025.08.11-20.05.12:476][  0]LogAudioMixer: Display: Output buffers initialized: Frames=1024, Channels=2, Samples=2048
[2025.08.11-20.05.12:477][  0]LogAudioMixer: Display: Starting AudioMixerPlatformInterface::RunInternal()
[2025.08.11-20.05.12:477][  0]LogAudioMixer: Display: FMixerPlatformXAudio2::SubmitBuffer() called for the first time
[2025.08.11-20.05.12:477][  0]LogInit: FAudioDevice initialized.
[2025.08.11-20.05.12:477][  0]LogAudio: Display: Audio Device (ID: 1) registered with world 'Untitled'.
[2025.08.11-20.05.12:477][  0]LogNetVersion: Set ProjectVersion to 1.0.0.0. Version Checksum will be recalculated on next use.
[2025.08.11-20.05.12:524][  0]LogDerivedDataCache: Saved boot cache 0.05s 94MB C:/Users/lorenzo.holanda/AppData/Local/UnrealEngine/4.27/DerivedDataCache/Boot.ddc.
[2025.08.11-20.05.12:524][  0]LogInit: Texture streaming: Enabled
[2025.08.11-20.05.12:534][  0]LogAnalytics: Display: [UEEditor.Rocket.Release] APIServer = https://datarouter.ol.epicgames.com/. AppVersion = 4.27.2-18319896+++UE4+Release-4.27
[2025.08.11-20.05.12:537][  0]LogEngineSessionManager: EngineSessionManager initialized
[2025.08.11-20.05.12:537][  0]LogEditorSessionSummary: Verbose: Initializing EditorSessionSummaryWriter for editor session tracking
[2025.08.11-20.05.12:539][  0]LogEditorSessionSummary: EditorSessionSummaryWriter initialized
[2025.08.11-20.05.12:558][  0]LogInit: Transaction tracking system initialized
[2025.08.11-20.05.12:575][  0]BlueprintLog: New page: Carregar Editor
[2025.08.11-20.05.12:625][  0]LocalizationService: Localization service is disabled
[2025.08.11-20.05.12:644][  0]TimingProfiler: Initialize
[2025.08.11-20.05.12:644][  0]TimingProfiler: OnSessionChanged
[2025.08.11-20.05.12:644][  0]LoadingProfiler: Initialize
[2025.08.11-20.05.12:644][  0]LoadingProfiler: OnSessionChanged
[2025.08.11-20.05.12:644][  0]NetworkingProfiler: Initialize
[2025.08.11-20.05.12:644][  0]NetworkingProfiler: OnSessionChanged
[2025.08.11-20.05.12:644][  0]MemoryProfiler: Initialize
[2025.08.11-20.05.12:644][  0]MemoryProfiler: OnSessionChanged
[2025.08.11-20.05.12:765][  0]LogCook: Display: CookSettings for Memory: MemoryMaxUsedVirtual 0MiB, MemoryMaxUsedPhysical 16384MiB, MemoryMinFreeVirtual 0MiB, MemoryMinFreePhysical 1024MiB
[2025.08.11-20.05.12:765][  0]LogCook: Display: Mobile HDR setting 1
[2025.08.11-20.05.12:807][  0]LogFileCache: Scanning file cache for directory 'C:/Users/lorenzo.holanda/Documents/TCC/Sorry/Content/' took 0.00s
[2025.08.11-20.05.13:070][  0]LogInit: Display: Engine is initialized. Leaving FEngineLoop::Init()
[2025.08.11-20.05.13:073][  0]SourceControl: Controle de origem desativado
[2025.08.11-20.05.13:073][  0]LogUnrealEdMisc: Loading editor; pre map load, took 5.643
[2025.08.11-20.05.13:073][  0]Cmd: MAP LOAD FILE="../../../../../../Users/lorenzo.holanda/Documents/TCC/Sorry/Content/StarterContent/Maps/Minimal_Default.umap" TEMPLATE=0 SHOWPROGRESS=1 FEATURELEVEL=3
[2025.08.11-20.05.13:074][  0]LightingResults: New page: Compilação de Iluminação
[2025.08.11-20.05.13:075][  0]LogWorld: UWorld::CleanupWorld for Untitled, bSessionEnded=true, bCleanupResources=true
[2025.08.11-20.05.13:075][  0]LogSlate: InvalidateAllWidgets triggered.  All widgets were invalidated
[2025.08.11-20.05.13:075][  0]MapCheck: New page: Verificação de Mapa
[2025.08.11-20.05.13:075][  0]LightingResults: New page: Compilação de Iluminação
[2025.08.11-20.05.13:078][  0]LogAudio: Display: Audio Device unregistered from world 'None'.
[2025.08.11-20.05.13:081][  0]LogUObjectHash: Compacting FUObjectHashTables data took   0.75ms
[2025.08.11-20.05.13:188][  0]LogAudio: Display: Audio Device (ID: 1) registered with world 'Minimal_Default'.
[2025.08.11-20.05.13:189][  0]LogAIModule: Creating AISystem for world Minimal_Default
[2025.08.11-20.05.13:193][  0]LogEditorServer: Finished looking for orphan Actors (0.000 secs)
[2025.08.11-20.05.13:199][  0]LogUObjectHash: Compacting FUObjectHashTables data took   0.75ms
[2025.08.11-20.05.13:199][  0]Cmd: MAP CHECKDEP NOCLEARLOG
[2025.08.11-20.05.13:200][  0]MapCheck: Map check complete: 0 Error(s), 0 Warning(s), took 0,138ms to complete.
[2025.08.11-20.05.13:200][  0]LogFileHelpers: Loading map 'Minimal_Default' took 0.127
[2025.08.11-20.05.13:201][  0]LogUnrealEdMisc: Total Editor Startup Time, took 5.772
[2025.08.11-20.05.13:316][  0]LogSlate: Updating window title bar state: overlay mode, drag disabled, window buttons hidden, title bar hidden
[2025.08.11-20.05.13:321][  0]LogSlate: Updating window title bar state: overlay mode, drag disabled, window buttons hidden, title bar hidden
[2025.08.11-20.05.13:326][  0]LogSlate: Updating window title bar state: overlay mode, drag disabled, window buttons hidden, title bar hidden
[2025.08.11-20.05.13:331][  0]LogSlate: Updating window title bar state: overlay mode, drag disabled, window buttons hidden, title bar hidden
[2025.08.11-20.05.13:342][  0]LogNativeClassHierarchy: Verbose: Native class hierarchy populated in 0.0080 seconds. Added 3822 classes and 928 folders.
[2025.08.11-20.05.13:344][  0]LogNativeClassHierarchy: Verbose: Native class hierarchy updated for 'WidgetCarousel' in 0.0002 seconds. Added 0 classes and 0 folders.
[2025.08.11-20.05.13:345][  0]LogPakFile: PakFile PrimaryIndexSize=187
[2025.08.11-20.05.13:345][  0]LogPakFile: PakFile PathHashIndexSize=101
[2025.08.11-20.05.13:345][  0]LogPakFile: PakFile FullDirectoryIndexSize=148
[2025.08.11-20.05.13:345][  0]LogShaderLibrary: Display: ShaderCodeLibraryPakFileMountedCallback: PakFile 'C:/Program Files/Epic Games/UE_4.27/FeaturePacks/FP_FirstPerson.upack' (chunk index -1, root 'root:/') mounted
[2025.08.11-20.05.13:345][  0]LogShaderLibrary: Display: ShaderCodeLibraryPakFileMountedCallback: pending pak file info (ChunkID:-1 Root:root:/ File:C:/Program Files/Epic Games/UE_4.27/FeaturePacks/FP_FirstPerson.upack)
[2025.08.11-20.05.13:345][  0]LogPakFile: OnPakFileMounted2Time == 0.000047
[2025.08.11-20.05.13:346][  0]LogPakFile: PakFile PrimaryIndexSize=189
[2025.08.11-20.05.13:346][  0]LogPakFile: PakFile PathHashIndexSize=101
[2025.08.11-20.05.13:346][  0]LogPakFile: PakFile FullDirectoryIndexSize=152
[2025.08.11-20.05.13:346][  0]LogShaderLibrary: Display: ShaderCodeLibraryPakFileMountedCallback: PakFile 'C:/Program Files/Epic Games/UE_4.27/FeaturePacks/FP_FirstPersonBP.upack' (chunk index -1, root 'root:/') mounted
[2025.08.11-20.05.13:346][  0]LogShaderLibrary: Display: ShaderCodeLibraryPakFileMountedCallback: pending pak file info (ChunkID:-1 Root:root:/ File:C:/Program Files/Epic Games/UE_4.27/FeaturePacks/FP_FirstPersonBP.upack)
[2025.08.11-20.05.13:346][  0]LogPakFile: OnPakFileMounted2Time == 0.000032
[2025.08.11-20.05.13:347][  0]LogPakFile: PakFile PrimaryIndexSize=191
[2025.08.11-20.05.13:347][  0]LogPakFile: PakFile PathHashIndexSize=101
[2025.08.11-20.05.13:347][  0]LogPakFile: PakFile FullDirectoryIndexSize=160
[2025.08.11-20.05.13:347][  0]LogShaderLibrary: Display: ShaderCodeLibraryPakFileMountedCallback: PakFile 'C:/Program Files/Epic Games/UE_4.27/FeaturePacks/MobileStarterContent.upack' (chunk index -1, root 'root:/') mounted
[2025.08.11-20.05.13:347][  0]LogShaderLibrary: Display: ShaderCodeLibraryPakFileMountedCallback: pending pak file info (ChunkID:-1 Root:root:/ File:C:/Program Files/Epic Games/UE_4.27/FeaturePacks/MobileStarterContent.upack)
[2025.08.11-20.05.13:347][  0]LogPakFile: OnPakFileMounted2Time == 0.000031
[2025.08.11-20.05.13:347][  0]LogPakFile: PakFile PrimaryIndexSize=185
[2025.08.11-20.05.13:347][  0]LogPakFile: PakFile PathHashIndexSize=101
[2025.08.11-20.05.13:347][  0]LogPakFile: PakFile FullDirectoryIndexSize=148
[2025.08.11-20.05.13:347][  0]LogShaderLibrary: Display: ShaderCodeLibraryPakFileMountedCallback: PakFile 'C:/Program Files/Epic Games/UE_4.27/FeaturePacks/StarterContent.upack' (chunk index -1, root 'root:/') mounted
[2025.08.11-20.05.13:347][  0]LogShaderLibrary: Display: ShaderCodeLibraryPakFileMountedCallback: pending pak file info (ChunkID:-1 Root:root:/ File:C:/Program Files/Epic Games/UE_4.27/FeaturePacks/StarterContent.upack)
[2025.08.11-20.05.13:347][  0]LogPakFile: OnPakFileMounted2Time == 0.000030
[2025.08.11-20.05.13:348][  0]LogPakFile: PakFile PrimaryIndexSize=190
[2025.08.11-20.05.13:348][  0]LogPakFile: PakFile PathHashIndexSize=101
[2025.08.11-20.05.13:348][  0]LogPakFile: PakFile FullDirectoryIndexSize=154
[2025.08.11-20.05.13:348][  0]LogShaderLibrary: Display: ShaderCodeLibraryPakFileMountedCallback: PakFile 'C:/Program Files/Epic Games/UE_4.27/FeaturePacks/TP_2DSideScroller.upack' (chunk index -1, root 'root:/') mounted
[2025.08.11-20.05.13:348][  0]LogShaderLibrary: Display: ShaderCodeLibraryPakFileMountedCallback: pending pak file info (ChunkID:-1 Root:root:/ File:C:/Program Files/Epic Games/UE_4.27/FeaturePacks/TP_2DSideScroller.upack)
[2025.08.11-20.05.13:348][  0]LogPakFile: OnPakFileMounted2Time == 0.000029
[2025.08.11-20.05.13:348][  0]LogPakFile: PakFile PrimaryIndexSize=192
[2025.08.11-20.05.13:348][  0]LogPakFile: PakFile PathHashIndexSize=101
[2025.08.11-20.05.13:348][  0]LogPakFile: PakFile FullDirectoryIndexSize=158
[2025.08.11-20.05.13:348][  0]LogShaderLibrary: Display: ShaderCodeLibraryPakFileMountedCallback: PakFile 'C:/Program Files/Epic Games/UE_4.27/FeaturePacks/TP_2DSideScrollerBP.upack' (chunk index -1, root 'root:/') mounted
[2025.08.11-20.05.13:348][  0]LogShaderLibrary: Display: ShaderCodeLibraryPakFileMountedCallback: pending pak file info (ChunkID:-1 Root:root:/ File:C:/Program Files/Epic Games/UE_4.27/FeaturePacks/TP_2DSideScrollerBP.upack)
[2025.08.11-20.05.13:348][  0]LogPakFile: OnPakFileMounted2Time == 0.000034
[2025.08.11-20.05.13:349][  0]LogPakFile: PakFile PrimaryIndexSize=182
[2025.08.11-20.05.13:349][  0]LogPakFile: PakFile PathHashIndexSize=101
[2025.08.11-20.05.13:349][  0]LogPakFile: PakFile FullDirectoryIndexSize=138
[2025.08.11-20.05.13:349][  0]LogShaderLibrary: Display: ShaderCodeLibraryPakFileMountedCallback: PakFile 'C:/Program Files/Epic Games/UE_4.27/FeaturePacks/TP_Flying.upack' (chunk index -1, root 'root:/') mounted
[2025.08.11-20.05.13:349][  0]LogShaderLibrary: Display: ShaderCodeLibraryPakFileMountedCallback: pending pak file info (ChunkID:-1 Root:root:/ File:C:/Program Files/Epic Games/UE_4.27/FeaturePacks/TP_Flying.upack)
[2025.08.11-20.05.13:349][  0]LogPakFile: OnPakFileMounted2Time == 0.000029
[2025.08.11-20.05.13:349][  0]LogPakFile: PakFile PrimaryIndexSize=184
[2025.08.11-20.05.13:349][  0]LogPakFile: PakFile PathHashIndexSize=101
[2025.08.11-20.05.13:349][  0]LogPakFile: PakFile FullDirectoryIndexSize=142
[2025.08.11-20.05.13:349][  0]LogShaderLibrary: Display: ShaderCodeLibraryPakFileMountedCallback: PakFile 'C:/Program Files/Epic Games/UE_4.27/FeaturePacks/TP_FlyingBP.upack' (chunk index -1, root 'root:/') mounted
[2025.08.11-20.05.13:349][  0]LogShaderLibrary: Display: ShaderCodeLibraryPakFileMountedCallback: pending pak file info (ChunkID:-1 Root:root:/ File:C:/Program Files/Epic Games/UE_4.27/FeaturePacks/TP_FlyingBP.upack)
[2025.08.11-20.05.13:349][  0]LogPakFile: OnPakFileMounted2Time == 0.000028
[2025.08.11-20.05.13:350][  0]LogPakFile: PakFile PrimaryIndexSize=188
[2025.08.11-20.05.13:350][  0]LogPakFile: PakFile PathHashIndexSize=101
[2025.08.11-20.05.13:350][  0]LogPakFile: PakFile FullDirectoryIndexSize=150
[2025.08.11-20.05.13:350][  0]LogShaderLibrary: Display: ShaderCodeLibraryPakFileMountedCallback: PakFile 'C:/Program Files/Epic Games/UE_4.27/FeaturePacks/TP_HandheldARBP.upack' (chunk index -1, root 'root:/') mounted
[2025.08.11-20.05.13:350][  0]LogShaderLibrary: Display: ShaderCodeLibraryPakFileMountedCallback: pending pak file info (ChunkID:-1 Root:root:/ File:C:/Program Files/Epic Games/UE_4.27/FeaturePacks/TP_HandheldARBP.upack)
[2025.08.11-20.05.13:350][  0]LogPakFile: OnPakFileMounted2Time == 0.000030
[2025.08.11-20.05.13:350][  0]LogPakFile: PakFile PrimaryIndexSize=182
[2025.08.11-20.05.13:350][  0]LogPakFile: PakFile PathHashIndexSize=101
[2025.08.11-20.05.13:350][  0]LogPakFile: PakFile FullDirectoryIndexSize=138
[2025.08.11-20.05.13:350][  0]LogShaderLibrary: Display: ShaderCodeLibraryPakFileMountedCallback: PakFile 'C:/Program Files/Epic Games/UE_4.27/FeaturePacks/TP_Puzzle.upack' (chunk index -1, root 'root:/') mounted
[2025.08.11-20.05.13:350][  0]LogShaderLibrary: Display: ShaderCodeLibraryPakFileMountedCallback: pending pak file info (ChunkID:-1 Root:root:/ File:C:/Program Files/Epic Games/UE_4.27/FeaturePacks/TP_Puzzle.upack)
[2025.08.11-20.05.13:350][  0]LogPakFile: OnPakFileMounted2Time == 0.000029
[2025.08.11-20.05.13:351][  0]LogPakFile: PakFile PrimaryIndexSize=184
[2025.08.11-20.05.13:351][  0]LogPakFile: PakFile PathHashIndexSize=101
[2025.08.11-20.05.13:351][  0]LogPakFile: PakFile FullDirectoryIndexSize=142
[2025.08.11-20.05.13:351][  0]LogShaderLibrary: Display: ShaderCodeLibraryPakFileMountedCallback: PakFile 'C:/Program Files/Epic Games/UE_4.27/FeaturePacks/TP_PuzzleBP.upack' (chunk index -1, root 'root:/') mounted
[2025.08.11-20.05.13:351][  0]LogShaderLibrary: Display: ShaderCodeLibraryPakFileMountedCallback: pending pak file info (ChunkID:-1 Root:root:/ File:C:/Program Files/Epic Games/UE_4.27/FeaturePacks/TP_PuzzleBP.upack)
[2025.08.11-20.05.13:351][  0]LogPakFile: OnPakFileMounted2Time == 0.000029
[2025.08.11-20.05.13:351][  0]LogPakFile: PakFile PrimaryIndexSize=183
[2025.08.11-20.05.13:351][  0]LogPakFile: PakFile PathHashIndexSize=101
[2025.08.11-20.05.13:351][  0]LogPakFile: PakFile FullDirectoryIndexSize=140
[2025.08.11-20.05.13:351][  0]LogShaderLibrary: Display: ShaderCodeLibraryPakFileMountedCallback: PakFile 'C:/Program Files/Epic Games/UE_4.27/FeaturePacks/TP_Rolling.upack' (chunk index -1, root 'root:/') mounted
[2025.08.11-20.05.13:351][  0]LogShaderLibrary: Display: ShaderCodeLibraryPakFileMountedCallback: pending pak file info (ChunkID:-1 Root:root:/ File:C:/Program Files/Epic Games/UE_4.27/FeaturePacks/TP_Rolling.upack)
[2025.08.11-20.05.13:351][  0]LogPakFile: OnPakFileMounted2Time == 0.000028
[2025.08.11-20.05.13:352][  0]LogPakFile: PakFile PrimaryIndexSize=185
[2025.08.11-20.05.13:352][  0]LogPakFile: PakFile PathHashIndexSize=101
[2025.08.11-20.05.13:352][  0]LogPakFile: PakFile FullDirectoryIndexSize=144
[2025.08.11-20.05.13:352][  0]LogShaderLibrary: Display: ShaderCodeLibraryPakFileMountedCallback: PakFile 'C:/Program Files/Epic Games/UE_4.27/FeaturePacks/TP_RollingBP.upack' (chunk index -1, root 'root:/') mounted
[2025.08.11-20.05.13:352][  0]LogShaderLibrary: Display: ShaderCodeLibraryPakFileMountedCallback: pending pak file info (ChunkID:-1 Root:root:/ File:C:/Program Files/Epic Games/UE_4.27/FeaturePacks/TP_RollingBP.upack)
[2025.08.11-20.05.13:352][  0]LogPakFile: OnPakFileMounted2Time == 0.000031
[2025.08.11-20.05.13:352][  0]LogPakFile: PakFile PrimaryIndexSize=188
[2025.08.11-20.05.13:352][  0]LogPakFile: PakFile PathHashIndexSize=101
[2025.08.11-20.05.13:353][  0]LogPakFile: PakFile FullDirectoryIndexSize=150
[2025.08.11-20.05.13:353][  0]LogShaderLibrary: Display: ShaderCodeLibraryPakFileMountedCallback: PakFile 'C:/Program Files/Epic Games/UE_4.27/FeaturePacks/TP_SideScroller.upack' (chunk index -1, root 'root:/') mounted
[2025.08.11-20.05.13:353][  0]LogShaderLibrary: Display: ShaderCodeLibraryPakFileMountedCallback: pending pak file info (ChunkID:-1 Root:root:/ File:C:/Program Files/Epic Games/UE_4.27/FeaturePacks/TP_SideScroller.upack)
[2025.08.11-20.05.13:353][  0]LogPakFile: OnPakFileMounted2Time == 0.000029
[2025.08.11-20.05.13:353][  0]LogPakFile: PakFile PrimaryIndexSize=190
[2025.08.11-20.05.13:353][  0]LogPakFile: PakFile PathHashIndexSize=101
[2025.08.11-20.05.13:353][  0]LogPakFile: PakFile FullDirectoryIndexSize=154
[2025.08.11-20.05.13:353][  0]LogShaderLibrary: Display: ShaderCodeLibraryPakFileMountedCallback: PakFile 'C:/Program Files/Epic Games/UE_4.27/FeaturePacks/TP_SideScrollerBP.upack' (chunk index -1, root 'root:/') mounted
[2025.08.11-20.05.13:353][  0]LogShaderLibrary: Display: ShaderCodeLibraryPakFileMountedCallback: pending pak file info (ChunkID:-1 Root:root:/ File:C:/Program Files/Epic Games/UE_4.27/FeaturePacks/TP_SideScrollerBP.upack)
[2025.08.11-20.05.13:353][  0]LogPakFile: OnPakFileMounted2Time == 0.000031
[2025.08.11-20.05.13:354][  0]LogPakFile: PakFile PrimaryIndexSize=187
[2025.08.11-20.05.13:354][  0]LogPakFile: PakFile PathHashIndexSize=101
[2025.08.11-20.05.13:354][  0]LogPakFile: PakFile FullDirectoryIndexSize=148
[2025.08.11-20.05.13:354][  0]LogShaderLibrary: Display: ShaderCodeLibraryPakFileMountedCallback: PakFile 'C:/Program Files/Epic Games/UE_4.27/FeaturePacks/TP_ThirdPerson.upack' (chunk index -1, root 'root:/') mounted
[2025.08.11-20.05.13:354][  0]LogShaderLibrary: Display: ShaderCodeLibraryPakFileMountedCallback: pending pak file info (ChunkID:-1 Root:root:/ File:C:/Program Files/Epic Games/UE_4.27/FeaturePacks/TP_ThirdPerson.upack)
[2025.08.11-20.05.13:354][  0]LogPakFile: OnPakFileMounted2Time == 0.000030
[2025.08.11-20.05.13:354][  0]LogPakFile: PakFile PrimaryIndexSize=189
[2025.08.11-20.05.13:354][  0]LogPakFile: PakFile PathHashIndexSize=101
[2025.08.11-20.05.13:354][  0]LogPakFile: PakFile FullDirectoryIndexSize=152
[2025.08.11-20.05.13:354][  0]LogShaderLibrary: Display: ShaderCodeLibraryPakFileMountedCallback: PakFile 'C:/Program Files/Epic Games/UE_4.27/FeaturePacks/TP_ThirdPersonBP.upack' (chunk index -1, root 'root:/') mounted
[2025.08.11-20.05.13:354][  0]LogShaderLibrary: Display: ShaderCodeLibraryPakFileMountedCallback: pending pak file info (ChunkID:-1 Root:root:/ File:C:/Program Files/Epic Games/UE_4.27/FeaturePacks/TP_ThirdPersonBP.upack)
[2025.08.11-20.05.13:354][  0]LogPakFile: OnPakFileMounted2Time == 0.000031
[2025.08.11-20.05.13:355][  0]LogPakFile: PakFile PrimaryIndexSize=183
[2025.08.11-20.05.13:355][  0]LogPakFile: PakFile PathHashIndexSize=101
[2025.08.11-20.05.13:355][  0]LogPakFile: PakFile FullDirectoryIndexSize=140
[2025.08.11-20.05.13:355][  0]LogShaderLibrary: Display: ShaderCodeLibraryPakFileMountedCallback: PakFile 'C:/Program Files/Epic Games/UE_4.27/FeaturePacks/TP_TopDown.upack' (chunk index -1, root 'root:/') mounted
[2025.08.11-20.05.13:355][  0]LogShaderLibrary: Display: ShaderCodeLibraryPakFileMountedCallback: pending pak file info (ChunkID:-1 Root:root:/ File:C:/Program Files/Epic Games/UE_4.27/FeaturePacks/TP_TopDown.upack)
[2025.08.11-20.05.13:355][  0]LogPakFile: OnPakFileMounted2Time == 0.000034
[2025.08.11-20.05.13:355][  0]LogPakFile: PakFile PrimaryIndexSize=185
[2025.08.11-20.05.13:355][  0]LogPakFile: PakFile PathHashIndexSize=101
[2025.08.11-20.05.13:355][  0]LogPakFile: PakFile FullDirectoryIndexSize=144
[2025.08.11-20.05.13:355][  0]LogShaderLibrary: Display: ShaderCodeLibraryPakFileMountedCallback: PakFile 'C:/Program Files/Epic Games/UE_4.27/FeaturePacks/TP_TopDownBP.upack' (chunk index -1, root 'root:/') mounted
[2025.08.11-20.05.13:355][  0]LogShaderLibrary: Display: ShaderCodeLibraryPakFileMountedCallback: pending pak file info (ChunkID:-1 Root:root:/ File:C:/Program Files/Epic Games/UE_4.27/FeaturePacks/TP_TopDownBP.upack)
[2025.08.11-20.05.13:355][  0]LogPakFile: OnPakFileMounted2Time == 0.000030
[2025.08.11-20.05.13:356][  0]LogPakFile: PakFile PrimaryIndexSize=185
[2025.08.11-20.05.13:356][  0]LogPakFile: PakFile PathHashIndexSize=101
[2025.08.11-20.05.13:356][  0]LogPakFile: PakFile FullDirectoryIndexSize=144
[2025.08.11-20.05.13:356][  0]LogShaderLibrary: Display: ShaderCodeLibraryPakFileMountedCallback: PakFile 'C:/Program Files/Epic Games/UE_4.27/FeaturePacks/TP_TwinStick.upack' (chunk index -1, root 'root:/') mounted
[2025.08.11-20.05.13:356][  0]LogShaderLibrary: Display: ShaderCodeLibraryPakFileMountedCallback: pending pak file info (ChunkID:-1 Root:root:/ File:C:/Program Files/Epic Games/UE_4.27/FeaturePacks/TP_TwinStick.upack)
[2025.08.11-20.05.13:356][  0]LogPakFile: OnPakFileMounted2Time == 0.000028
[2025.08.11-20.05.13:356][  0]LogPakFile: PakFile PrimaryIndexSize=187
[2025.08.11-20.05.13:356][  0]LogPakFile: PakFile PathHashIndexSize=101
[2025.08.11-20.05.13:356][  0]LogPakFile: PakFile FullDirectoryIndexSize=148
[2025.08.11-20.05.13:356][  0]LogShaderLibrary: Display: ShaderCodeLibraryPakFileMountedCallback: PakFile 'C:/Program Files/Epic Games/UE_4.27/FeaturePacks/TP_TwinStickBP.upack' (chunk index -1, root 'root:/') mounted
[2025.08.11-20.05.13:356][  0]LogShaderLibrary: Display: ShaderCodeLibraryPakFileMountedCallback: pending pak file info (ChunkID:-1 Root:root:/ File:C:/Program Files/Epic Games/UE_4.27/FeaturePacks/TP_TwinStickBP.upack)
[2025.08.11-20.05.13:356][  0]LogPakFile: OnPakFileMounted2Time == 0.000029
[2025.08.11-20.05.13:357][  0]LogPakFile: PakFile PrimaryIndexSize=183
[2025.08.11-20.05.13:357][  0]LogPakFile: PakFile PathHashIndexSize=101
[2025.08.11-20.05.13:357][  0]LogPakFile: PakFile FullDirectoryIndexSize=140
[2025.08.11-20.05.13:357][  0]LogShaderLibrary: Display: ShaderCodeLibraryPakFileMountedCallback: PakFile 'C:/Program Files/Epic Games/UE_4.27/FeaturePacks/TP_Vehicle.upack' (chunk index -1, root 'root:/') mounted
[2025.08.11-20.05.13:357][  0]LogShaderLibrary: Display: ShaderCodeLibraryPakFileMountedCallback: pending pak file info (ChunkID:-1 Root:root:/ File:C:/Program Files/Epic Games/UE_4.27/FeaturePacks/TP_Vehicle.upack)
[2025.08.11-20.05.13:357][  0]LogPakFile: OnPakFileMounted2Time == 0.000029
[2025.08.11-20.05.13:357][  0]LogPakFile: PakFile PrimaryIndexSize=186
[2025.08.11-20.05.13:357][  0]LogPakFile: PakFile PathHashIndexSize=101
[2025.08.11-20.05.13:357][  0]LogPakFile: PakFile FullDirectoryIndexSize=146
[2025.08.11-20.05.13:357][  0]LogShaderLibrary: Display: ShaderCodeLibraryPakFileMountedCallback: PakFile 'C:/Program Files/Epic Games/UE_4.27/FeaturePacks/TP_VehicleAdv.upack' (chunk index -1, root 'root:/') mounted
[2025.08.11-20.05.13:357][  0]LogShaderLibrary: Display: ShaderCodeLibraryPakFileMountedCallback: pending pak file info (ChunkID:-1 Root:root:/ File:C:/Program Files/Epic Games/UE_4.27/FeaturePacks/TP_VehicleAdv.upack)
[2025.08.11-20.05.13:357][  0]LogPakFile: OnPakFileMounted2Time == 0.000033
[2025.08.11-20.05.13:358][  0]LogPakFile: PakFile PrimaryIndexSize=188
[2025.08.11-20.05.13:358][  0]LogPakFile: PakFile PathHashIndexSize=101
[2025.08.11-20.05.13:358][  0]LogPakFile: PakFile FullDirectoryIndexSize=150
[2025.08.11-20.05.13:358][  0]LogShaderLibrary: Display: ShaderCodeLibraryPakFileMountedCallback: PakFile 'C:/Program Files/Epic Games/UE_4.27/FeaturePacks/TP_VehicleAdvBP.upack' (chunk index -1, root 'root:/') mounted
[2025.08.11-20.05.13:358][  0]LogShaderLibrary: Display: ShaderCodeLibraryPakFileMountedCallback: pending pak file info (ChunkID:-1 Root:root:/ File:C:/Program Files/Epic Games/UE_4.27/FeaturePacks/TP_VehicleAdvBP.upack)
[2025.08.11-20.05.13:358][  0]LogPakFile: OnPakFileMounted2Time == 0.000034
[2025.08.11-20.05.13:358][  0]LogPakFile: PakFile PrimaryIndexSize=185
[2025.08.11-20.05.13:358][  0]LogPakFile: PakFile PathHashIndexSize=101
[2025.08.11-20.05.13:358][  0]LogPakFile: PakFile FullDirectoryIndexSize=144
[2025.08.11-20.05.13:358][  0]LogShaderLibrary: Display: ShaderCodeLibraryPakFileMountedCallback: PakFile 'C:/Program Files/Epic Games/UE_4.27/FeaturePacks/TP_VehicleBP.upack' (chunk index -1, root 'root:/') mounted
[2025.08.11-20.05.13:358][  0]LogShaderLibrary: Display: ShaderCodeLibraryPakFileMountedCallback: pending pak file info (ChunkID:-1 Root:root:/ File:C:/Program Files/Epic Games/UE_4.27/FeaturePacks/TP_VehicleBP.upack)
[2025.08.11-20.05.13:358][  0]LogPakFile: OnPakFileMounted2Time == 0.000029
[2025.08.11-20.05.13:359][  0]LogPakFile: PakFile PrimaryIndexSize=192
[2025.08.11-20.05.13:359][  0]LogPakFile: PakFile PathHashIndexSize=101
[2025.08.11-20.05.13:359][  0]LogPakFile: PakFile FullDirectoryIndexSize=158
[2025.08.11-20.05.13:359][  0]LogShaderLibrary: Display: ShaderCodeLibraryPakFileMountedCallback: PakFile 'C:/Program Files/Epic Games/UE_4.27/FeaturePacks/TP_VirtualRealityBP.upack' (chunk index -1, root 'root:/') mounted
[2025.08.11-20.05.13:359][  0]LogShaderLibrary: Display: ShaderCodeLibraryPakFileMountedCallback: pending pak file info (ChunkID:-1 Root:root:/ File:C:/Program Files/Epic Games/UE_4.27/FeaturePacks/TP_VirtualRealityBP.upack)
[2025.08.11-20.05.13:359][  0]LogPakFile: OnPakFileMounted2Time == 0.000028
[2025.08.11-20.05.13:397][  0]LogNativeClassHierarchy: Verbose: Native class hierarchy updated for 'AddContentDialog' in 0.0002 seconds. Added 0 classes and 0 folders.
[2025.08.11-20.05.13:398][  0]LogNativeClassHierarchy: Verbose: Native class hierarchy updated for 'SceneOutliner' in 0.0002 seconds. Added 2 classes and 0 folders.
[2025.08.11-20.05.13:427][  0]LogSlate: Took 0.000154 seconds to synchronously load lazily loaded font '../../../Engine/Content/Slate/Fonts/Roboto-Regular.ttf' (155K)
[2025.08.11-20.05.13:428][  0]LogSlate: Took 0.000104 seconds to synchronously load lazily loaded font '../../../Engine/Content/Editor/Slate/Fonts/FontAwesome.ttf' (139K)
[2025.08.11-20.05.13:429][  0]LogSlate: Took 0.000119 seconds to synchronously load lazily loaded font '../../../Engine/Content/Slate/Fonts/Roboto-Bold.ttf' (160K)
[2025.08.11-20.05.13:502][  0]LogRenderer: Reallocating scene render targets to support 1208x572 Format 9 NumSamples 1 (Frame:1).
[2025.08.11-20.05.13:677][  0]LogNativeClassHierarchy: Verbose: Native class hierarchy updated for 'HierarchicalLODOutliner' in 0.0003 seconds. Added 0 classes and 0 folders.
[2025.08.11-20.05.13:677][  0]LogLoad: (Engine Initialization) Total time: 6.25 seconds
[2025.08.11-20.05.13:677][  0]LogLoad: (Engine Initialization) Total Blueprint compile time: 0.00 seconds
[2025.08.11-20.05.13:719][  0]LogAssetRegistry: Asset discovery search completed in 3.5459 seconds
[2025.08.11-20.05.13:724][  0]LogCollectionManager: Fixed up redirectors for 0 collections in 0.000003 seconds (updated 0 objects)
[2025.08.11-20.05.13:725][  0]LogContentStreaming: Texture pool size now 400 MB
[2025.08.11-20.05.13:849][  3]LogSlate: Took 0.000110 seconds to synchronously load lazily loaded font '../../../Engine/Content/Slate/Fonts/Roboto-Light.ttf' (167K)
[2025.08.11-20.05.16:420][283]LogUObjectHash: Compacting FUObjectHashTables data took   0.57ms
[2025.08.11-20.05.16:424][283]LogSlate: Took 0.000119 seconds to synchronously load lazily loaded font '../../../Engine/Content/Slate/Fonts/Roboto-Light.ttf' (167K)
[2025.08.11-20.05.16:466][283]LogAssetEditorSubsystem: Opening Asset editor for World /Game/Cenas/Lorenzo.Lorenzo
[2025.08.11-20.05.16:466][283]Cmd: MAP LOAD FILE="../../../../../../Users/lorenzo.holanda/Documents/TCC/Sorry/Content/Cenas/Lorenzo.umap" TEMPLATE=0 SHOWPROGRESS=1 FEATURELEVEL=3
[2025.08.11-20.05.16:466][283]LightingResults: New page: Compilação de Iluminação
[2025.08.11-20.05.16:466][283]LoadErrors: New page: Carregando mapa: Lorenzo.umap
[2025.08.11-20.05.16:468][283]LogWorld: UWorld::CleanupWorld for Minimal_Default, bSessionEnded=true, bCleanupResources=true
[2025.08.11-20.05.16:468][283]LogSlate: InvalidateAllWidgets triggered.  All widgets were invalidated
[2025.08.11-20.05.16:468][283]MapCheck: New page: Verificação de Mapa
[2025.08.11-20.05.16:468][283]LightingResults: New page: Compilação de Iluminação
[2025.08.11-20.05.16:472][283]LogAudio: Display: Audio Device unregistered from world 'None'.
[2025.08.11-20.05.16:474][283]LogUObjectHash: Compacting FUObjectHashTables data took   1.05ms
[2025.08.11-20.05.16:475][283]LogAudio: Display: Audio Device (ID: 1) registered with world 'Lorenzo'.
[2025.08.11-20.05.16:479][283]LogEditorServer: Finished looking for orphan Actors (0.000 secs)
[2025.08.11-20.05.16:479][283]LogAIModule: Creating AISystem for world Lorenzo
[2025.08.11-20.05.16:487][283]LogUObjectHash: Compacting FUObjectHashTables data took   0.65ms
[2025.08.11-20.05.16:502][283]Cmd: MAP CHECKDEP NOCLEARLOG
[2025.08.11-20.05.16:503][283]MapCheck: Map check complete: 0 Error(s), 0 Warning(s), took 0,189ms to complete.
[2025.08.11-20.05.16:503][283]LogFileHelpers: Loading map 'Lorenzo' took 0.038
[2025.08.11-20.05.52:603][587]LogTemp: Repeating last play command: Selected Viewport
[2025.08.11-20.05.52:610][587]LogPlayLevel: PlayLevel: No blueprints needed recompiling
[2025.08.11-20.05.52:610][587]PIE: New page: Sessão de PIE : Lorenzo (11 de ago de 2025 14:05:52)
[2025.08.11-20.05.52:612][587]LogOnline: OSS: Creating online subsystem instance for: NULL
[2025.08.11-20.05.52:613][587]LogOnline: OSS: TryLoadSubsystemAndSetDefault: Loaded subsystem for module [NULL]
[2025.08.11-20.05.52:613][587]LogPlayLevel: Creating play world package: /Game/Cenas/UEDPIE_0_Lorenzo
[2025.08.11-20.05.52:618][587]LogPlayLevel: PIE: StaticDuplicateObject took: (0.005150s)
[2025.08.11-20.05.52:619][587]LogAIModule: Creating AISystem for world Lorenzo
[2025.08.11-20.05.52:619][587]LogPlayLevel: PIE: World Init took: (0.000897s)
[2025.08.11-20.05.52:619][587]LogPlayLevel: PIE: Created PIE world by copying editor world from /Game/Cenas/Lorenzo.Lorenzo to /Game/Cenas/UEDPIE_0_Lorenzo.Lorenzo (0.006171s)
[2025.08.11-20.05.52:624][587]LogUObjectHash: Compacting FUObjectHashTables data took   0.59ms
[2025.08.11-20.05.52:625][587]LogAudio: Display: Creating Audio Device:                 Id: 2, Scope: Unique, Realtime: True
[2025.08.11-20.05.52:625][587]LogAudioMixer: Display: Audio Mixer Platform Settings:
[2025.08.11-20.05.52:625][587]LogAudioMixer: Display: 	Sample Rate:						  48000
[2025.08.11-20.05.52:625][587]LogAudioMixer: Display: 	Callback Buffer Frame Size Requested: 1024
[2025.08.11-20.05.52:625][587]LogAudioMixer: Display: 	Callback Buffer Frame Size To Use:	  1024
[2025.08.11-20.05.52:625][587]LogAudioMixer: Display: 	Number of buffers to queue:			  2
[2025.08.11-20.05.52:625][587]LogAudioMixer: Display: 	Max Channels (voices):				  32
[2025.08.11-20.05.52:625][587]LogAudioMixer: Display: 	Number of Async Source Workers:		  0
[2025.08.11-20.05.52:625][587]LogAudio: Display: AudioDevice MaxSources: 32
[2025.08.11-20.05.52:626][587]LogAudio: Display: Audio Spatialization Plugin: None (built-in).
[2025.08.11-20.05.52:626][587]LogAudio: Display: Audio Reverb Plugin: None (built-in).
[2025.08.11-20.05.52:626][587]LogAudio: Display: Audio Occlusion Plugin: None (built-in).
[2025.08.11-20.05.52:626][587]LogAudioMixer: Display: Initializing audio mixer.
[2025.08.11-20.05.52:628][587]LogAudioMixer: Display: 0: FrontLeft
[2025.08.11-20.05.52:628][587]LogAudioMixer: Display: 1: FrontRight
[2025.08.11-20.05.52:634][587]LogAudioMixer: Display: Using Audio Device 22B1WG5 (NVIDIA High Definition Audio)
[2025.08.11-20.05.52:634][587]LogAudioMixer: Display: Initializing Sound Submixes...
[2025.08.11-20.05.52:634][587]LogAudioMixer: Display: Creating Master Submix 'MasterSubmixDefault'
[2025.08.11-20.05.52:634][587]LogAudioMixer: Display: Creating Master Submix 'MasterReverbSubmixDefault'
[2025.08.11-20.05.52:635][587]LogAudioMixer: Display: Creating Master Submix 'MasterEQSubmixDefault'
[2025.08.11-20.05.52:635][587]LogAudioMixer: FMixerPlatformXAudio2::StartAudioStream() called
[2025.08.11-20.05.52:635][587]LogAudioMixer: Display: Output buffers initialized: Frames=1024, Channels=2, Samples=2048
[2025.08.11-20.05.52:636][587]LogAudioMixer: Display: Starting AudioMixerPlatformInterface::RunInternal()
[2025.08.11-20.05.52:636][587]LogAudioMixer: Display: FMixerPlatformXAudio2::SubmitBuffer() called for the first time
[2025.08.11-20.05.52:636][587]LogInit: FAudioDevice initialized.
[2025.08.11-20.05.52:636][587]LogAudio: Display: Audio Device (ID: 2) registered with world 'Lorenzo'.
[2025.08.11-20.05.52:676][587]LogLoad: Game class is 'Game_C'
[2025.08.11-20.05.52:679][587]LogWorld: Bringing World /Game/Cenas/UEDPIE_0_Lorenzo.Lorenzo up for play (max tick rate 0) at 2025.08.11-17.05.52
[2025.08.11-20.05.52:679][587]LogWorld: Bringing up level for play took: 0.001617
[2025.08.11-20.05.52:680][587]LogOnline: OSS: Creating online subsystem instance for: :Context_1
[2025.08.11-20.05.52:684][587]LogNativeClassHierarchy: Verbose: Native class hierarchy updated for 'MovieSceneCapture' in 0.0003 seconds. Added 20 classes and 0 folders.
[2025.08.11-20.05.52:686][587]PIE: Servidor conectado
[2025.08.11-20.05.52:687][587]PIE: Play in editor total start time 0,078 seconds.
[2025.08.11-20.05.56:605][ 43]LogSlate: Updating window title bar state: overlay mode, drag disabled, window buttons hidden, title bar hidden
[2025.08.11-20.05.56:605][ 43]LogWorld: BeginTearingDown for /Game/Cenas/UEDPIE_0_Lorenzo
[2025.08.11-20.05.56:605][ 43]LogWorld: UWorld::CleanupWorld for Lorenzo, bSessionEnded=true, bCleanupResources=true
[2025.08.11-20.05.56:606][ 43]LogSlate: InvalidateAllWidgets triggered.  All widgets were invalidated
[2025.08.11-20.05.56:612][ 43]LogPlayLevel: Display: Shutting down PIE online subsystems
[2025.08.11-20.05.56:613][ 43]LogSlate: InvalidateAllWidgets triggered.  All widgets were invalidated
[2025.08.11-20.05.56:618][ 43]LogAudio: Display: Audio Device unregistered from world 'None'.
[2025.08.11-20.05.56:618][ 43]LogAudioMixer: FMixerPlatformXAudio2::StopAudioStream() called
[2025.08.11-20.05.56:619][ 43]LogAudioMixer: FMixerPlatformXAudio2::StopAudioStream() called
[2025.08.11-20.05.56:620][ 43]LogSlate: Updating window title bar state: overlay mode, drag disabled, window buttons hidden, title bar hidden
[2025.08.11-20.05.56:622][ 43]LogUObjectHash: Compacting FUObjectHashTables data took   0.72ms
[2025.08.11-20.05.56:685][ 49]LogPlayLevel: Display: Destroying online subsystem :Context_1
[2025.08.11-20.07.18:947][920]LogEditorViewport: Clicking on Actor (LMB): TextRenderActor (TextRenderActor3)
[2025.08.11-20.07.27:925][893]LogSlate: Took 0.007750 seconds to synchronously load lazily loaded font '../../../Engine/Content/Slate/Fonts/Roboto-Italic.ttf' (157K)
[2025.08.11-20.07.29:453][ 70]LogEditorViewport: Clicking on Actor (LMB): BP_Sky_Sphere_C (BP_Sky_Sphere)
[2025.08.11-20.07.38:744][182]LogEditorViewport: Clicking on Actor (LMB): StaticMeshActor (Cube47)
[2025.08.11-20.07.48:302][322]Cmd: TRANSACTION UNDO
[2025.08.11-20.07.48:302][322]LogEditorTransaction: Undo Move Actors
[2025.08.11-20.07.49:463][387]Cmd: EDIT COPY
[2025.08.11-20.07.49:898][439]Cmd: EDIT PASTE
[2025.08.11-20.08.00:071][652]LogEditorViewport: Clicking on Actor (LMB): BP_Sky_Sphere_C (BP_Sky_Sphere)
[2025.08.11-20.08.02:634][957]LogEditorViewport: Clicking on Actor (LMB): TextRenderActor (TextRenderActor4)
[2025.08.11-20.08.29:712][143]LogEditorViewport: Clicking on Actor (LMB): BP_Sky_Sphere_C (BP_Sky_Sphere)
[2025.08.11-20.10.46:591][538]LogEditorViewport: Clicking on Actor (LMB): StaticMeshActor (Cube48)
[2025.08.11-20.10.49:397][871]Cmd: EDIT COPY
[2025.08.11-20.10.54:915][530]Cmd: EDIT COPY
[2025.08.11-20.10.55:257][571]Cmd: EDIT PASTE
[2025.08.11-20.11.25:052][144]LogEditorViewport: Clicking on Actor (LMB): StaticMeshActor (Cube28)
[2025.08.11-20.11.26:457][309]LogEditorViewport: Clicking on Actor (LMB): TextRenderActor (TextRenderActor5)
[2025.08.11-20.11.43:027][248]LogEditorViewport: Clicking on Actor (LMB): StaticMeshActor (Floor)
[2025.08.11-20.11.44:485][419]LogEditorViewport: Clicking on Actor (LMB): StaticMeshActor (Cube49)
[2025.08.11-20.11.47:767][807]Cmd: EDIT COPY
[2025.08.11-20.11.48:118][849]Cmd: EDIT PASTE
[2025.08.11-20.11.57:260][936]LogEditorViewport: Clicking on Actor (LMB): TextRenderActor (TextRenderActor6)
[2025.08.11-20.12.11:043][517]LogEditorViewport: Clicking on Actor (LMB): StaticMeshActor (Cube34)
[2025.08.11-20.12.12:323][667]LogEditorViewport: Clicking on Actor (LMB): StaticMeshActor (Cube50)
[2025.08.11-20.12.18:090][353]Cmd: EDIT COPY
[2025.08.11-20.12.18:483][400]Cmd: EDIT PASTE
[2025.08.11-20.12.45:801][673]LogEditorViewport: Clicking on Actor (LMB): TextRenderActor (TextRenderActor7)
[2025.08.11-20.12.46:401][742]LogEditorViewport: Clicking on Actor (LMB): TextRenderActor (TextRenderActor7)
[2025.08.11-20.13.02:508][612]LogEditorViewport: Clicking on Actor (LMB): BP_Sky_Sphere_C (BP_Sky_Sphere)
[2025.08.11-20.13.52:230][570]LogEditorViewport: Clicking on Actor (LMB): StaticMeshActor (Cube49)
[2025.08.11-20.14.03:466][909]Cmd: EDIT COPY
[2025.08.11-20.14.03:815][951]Cmd: EDIT PASTE
[2025.08.11-20.14.21:004][  6]LogEditorViewport: Clicking on Actor (LMB): StaticMeshActor (Cube52)
[2025.08.11-20.14.26:837][702]LogEditorViewport: Clicking on Actor (LMB): TextRenderActor (TextRenderActor8)
[2025.08.11-20.14.44:227][655]LogEditorViewport: Clicking on Actor (LMB): BP_Sky_Sphere_C (BP_Sky_Sphere)
[2025.08.11-20.14.47:566][ 53]LogEditorViewport: Clicking on Actor (LMB): StaticMeshActor (Cube52)
[2025.08.11-20.14.51:885][565]Cmd: EDIT COPY
[2025.08.11-20.14.52:368][623]Cmd: EDIT PASTE
[2025.08.11-20.15.03:880][  2]LogEditorViewport: Clicking on Actor (LMB): TextRenderActor (TextRenderActor9)
[2025.08.11-20.15.26:875][728]LogEditorViewport: Clicking on Actor (LMB): StaticMeshActor (Cube22)
[2025.08.11-20.15.28:214][885]LogEditorViewport: Clicking on Actor (LMB): StaticMeshActor (Cube53)
[2025.08.11-20.15.39:643][253]LogEditorViewport: Clicking on Actor (LMB): TextRenderActor (TextRenderActor9)
[2025.08.11-20.15.48:932][294]LogEditorViewport: Clicking on Actor (LMB): StaticMeshActor (Cube22)
[2025.08.11-20.16.13:265][154]LogUObjectHash: Compacting FUObjectHashTables data took   0.70ms
[2025.08.11-20.16.13:287][154]LogSavePackage: Moving '../../../../../../Users/lorenzo.holanda/Documents/TCC/Sorry/Saved/Lorenzo_Auto1CFBAE2AC41905A220712E58699264EF7.tmp' to '../../../../../../Users/lorenzo.holanda/Documents/TCC/Sorry/Saved/Autosaves/Game/Cenas/Lorenzo_Auto1.umap'
[2025.08.11-20.16.13:288][154]LogFileHelpers: Editor autosave (incl. external actors) for '/Game/Cenas/Lorenzo' took 0.028
[2025.08.11-20.16.13:288][154]LogFileHelpers: Editor autosave (incl. sublevels & external actors) for all levels took 0.028
[2025.08.11-20.16.27:836][880]LogEditorViewport: Clicking on Actor (LMB): StaticMeshActor (Cube53)
[2025.08.11-20.16.34:803][707]LogEditorViewport: Clicking on Actor (LMB): StaticMeshActor (Cube19)
[2025.08.11-20.16.35:921][838]LogEditorViewport: Clicking on Actor (LMB): StaticMeshActor (Cube53)
[2025.08.11-20.16.39:764][293]Cmd: EDIT COPY
[2025.08.11-20.16.40:106][334]Cmd: EDIT PASTE
[2025.08.11-20.17.03:828][178]LogEditorViewport: Clicking on Actor (LMB): TextRenderActor (TextRenderActor10)
[2025.08.11-20.17.18:608][914]LogEditorViewport: Clicking on Actor (LMB): BP_Sky_Sphere_C (BP_Sky_Sphere)
[2025.08.11-20.17.24:222][585]LogEditorViewport: Clicking on Actor (LMB): StaticMeshActor (Cube47)
[2025.08.11-20.17.25:701][759]Cmd: EDIT COPY
[2025.08.11-20.17.26:028][798]Cmd: EDIT PASTE
[2025.08.11-20.18.31:848][681]Cmd: OBJ SAVEPACKAGE PACKAGE="/Game/Cenas/Lorenzo" FILE="../../../../../../Users/lorenzo.holanda/Documents/TCC/Sorry/Content/Cenas/Lorenzo.umap" SILENT=true AUTOSAVING=false KEEPDIRTY=false
[2025.08.11-20.18.31:853][681]LogUObjectHash: Compacting FUObjectHashTables data took   0.61ms
[2025.08.11-20.18.31:874][681]LogSavePackage: Moving '../../../../../../Users/lorenzo.holanda/Documents/TCC/Sorry/Saved/Lorenzo1A209402427EE5FC539A168BEFFD7DBC.tmp' to '../../../../../../Users/lorenzo.holanda/Documents/TCC/Sorry/Content/Cenas/Lorenzo.umap'
[2025.08.11-20.18.31:895][681]AssetCheck: New page: Asset Save: Lorenzo
[2025.08.11-20.18.31:895][681]LogContentValidation: Display: Validating World /Game/Cenas/Lorenzo.Lorenzo
[2025.08.11-20.19.01:043][176]Cmd: OBJ SAVEPACKAGE PACKAGE="/Game/Cenas/Lorenzo" FILE="../../../../../../Users/lorenzo.holanda/Documents/TCC/Sorry/Content/Cenas/Lorenzo.umap" SILENT=true AUTOSAVING=false KEEPDIRTY=false
[2025.08.11-20.19.01:048][176]LogUObjectHash: Compacting FUObjectHashTables data took   0.25ms
[2025.08.11-20.19.01:069][176]LogSavePackage: Moving '../../../../../../Users/lorenzo.holanda/Documents/TCC/Sorry/Saved/Lorenzo002D351044BB49C38EDAAEAEC54D9270.tmp' to '../../../../../../Users/lorenzo.holanda/Documents/TCC/Sorry/Content/Cenas/Lorenzo.umap'
[2025.08.11-20.19.01:090][176]AssetCheck: New page: Asset Save: Lorenzo
[2025.08.11-20.19.01:090][176]LogContentValidation: Display: Validating World /Game/Cenas/Lorenzo.Lorenzo
[2025.08.11-20.19.08:267][  8]LogUObjectHash: Compacting FUObjectHashTables data took   0.23ms
[2025.08.11-20.19.08:304][  8]LogSlate: Window 'Sorry - Unreal Editor' being destroyed
[2025.08.11-20.19.08:381][  9]Cmd: QUIT_EDITOR
[2025.08.11-20.19.08:381][  9]LogCore: Engine exit requested (reason: UUnrealEdEngine::CloseEditor())
[2025.08.11-20.19.08:383][  9]LogCore: Engine exit requested (reason: EngineExit() was called; note: exit was already requested)
[2025.08.11-20.19.08:472][  9]LogAudio: Display: Beginning Audio Device Manager Shutdown (Module: AudioMixerXAudio2)...
[2025.08.11-20.19.08:472][  9]LogAudio: Display: Destroying 1 Remaining Audio Device(s)...
[2025.08.11-20.19.08:472][  9]LogAudio: Display: Audio Device unregistered from world 'Lorenzo'.
[2025.08.11-20.19.08:472][  9]LogAudioMixer: FMixerPlatformXAudio2::StopAudioStream() called
[2025.08.11-20.19.08:473][  9]LogAudioMixer: FMixerPlatformXAudio2::StopAudioStream() called
[2025.08.11-20.19.08:476][  9]LogAudio: Display: Audio Device Manager Shutdown
[2025.08.11-20.19.08:476][  9]LogWindowsTextInputMethodSystem: Display: IME system deactivated.
[2025.08.11-20.19.08:480][  9]LogExit: Preparing to exit.
[2025.08.11-20.19.09:071][  9]LogUObjectHash: Compacting FUObjectHashTables data took   0.73ms
[2025.08.11-20.19.09:207][  9]LogWorld: UWorld::CleanupWorld for World_0, bSessionEnded=true, bCleanupResources=true
[2025.08.11-20.19.09:207][  9]LogWorld: UWorld::CleanupWorld for World_1, bSessionEnded=true, bCleanupResources=true
[2025.08.11-20.19.09:228][  9]LogDemo: Cleaned up 0 splitscreen connections with owner deletion
[2025.08.11-20.19.09:233][  9]LogWorld: UWorld::CleanupWorld for None, bSessionEnded=true, bCleanupResources=true
[2025.08.11-20.19.09:233][  9]LogExit: Editor shut down
[2025.08.11-20.19.09:234][  9]LogExit: Transaction tracking system shut down
[2025.08.11-20.19.09:421][  9]LogExit: Object subsystem successfully closed.
[2025.08.11-20.19.09:438][  9]LogShaderCompilers: Display: === FShaderJobCache stats ===
[2025.08.11-20.19.09:438][  9]LogShaderCompilers: Display: Total job queries 0, among them cache hits 0 (0.00%)
[2025.08.11-20.19.09:438][  9]LogShaderCompilers: Display: Tracking 0 distinct input hashes that result in 0 distinct outputs (0.00%)
[2025.08.11-20.19.09:438][  9]LogShaderCompilers: Display: RAM used: 0.00 MB (0.00 GB) of 819.20 MB (0.80 GB) budget. Usage: 0.00%
[2025.08.11-20.19.09:438][  9]LogShaderCompilers: Display: ================================================
[2025.08.11-20.19.09:445][  9]LogShaderCompilers: Display: Shaders left to compile 0
[2025.08.11-20.19.09:476][  9]LogModuleManager: Shutting down and abandoning module MovieSceneCapture (874)
[2025.08.11-20.19.09:476][  9]LogModuleManager: Shutting down and abandoning module Voice (872)
[2025.08.11-20.19.09:476][  9]LogModuleManager: Shutting down and abandoning module HierarchicalLODOutliner (870)
[2025.08.11-20.19.09:476][  9]LogModuleManager: Shutting down and abandoning module SceneOutliner (868)
[2025.08.11-20.19.09:476][  9]LogModuleManager: Shutting down and abandoning module AddContentDialog (866)
[2025.08.11-20.19.09:477][  9]LogModuleManager: Shutting down and abandoning module WidgetCarousel (865)
[2025.08.11-20.19.09:477][  9]LogModuleManager: Shutting down and abandoning module EditorWidgets (862)
[2025.08.11-20.19.09:477][  9]LogModuleManager: Shutting down and abandoning module StatsViewer (860)
[2025.08.11-20.19.09:477][  9]LogModuleManager: Shutting down and abandoning module PIEPreviewDeviceProfileSelector (858)
[2025.08.11-20.19.09:477][  9]LogModuleManager: Shutting down and abandoning module SequenceRecorderSections (856)
[2025.08.11-20.19.09:477][  9]LogModuleManager: Shutting down and abandoning module AutomationWorker (854)
[2025.08.11-20.19.09:477][  9]LogModuleManager: Shutting down and abandoning module SteamVREditor (852)
[2025.08.11-20.19.09:477][  9]LogModuleManager: Shutting down and abandoning module OculusMR (850)
[2025.08.11-20.19.09:477][  9]LogModuleManager: Shutting down and abandoning module TakeRecorderSources (848)
[2025.08.11-20.19.09:477][  9]LogModuleManager: Shutting down and abandoning module TakeRecorder (847)
[2025.08.11-20.19.09:477][  9]LogModuleManager: Shutting down and abandoning module TakeTrackRecorders (844)
[2025.08.11-20.19.09:477][  9]LogModuleManager: Shutting down and abandoning module TakesCore (842)
[2025.08.11-20.19.09:477][  9]LogModuleManager: Shutting down and abandoning module OpenXRInput (840)
[2025.08.11-20.19.09:477][  9]LogModuleManager: Shutting down and abandoning module GooglePADEditor (838)
[2025.08.11-20.19.09:477][  9]LogModuleManager: Shutting down and abandoning module AudioCaptureEditor (836)
[2025.08.11-20.19.09:477][  9]LogModuleManager: Shutting down and abandoning module TemplateSequenceEditor (834)
[2025.08.11-20.19.09:477][  9]LogModuleManager: Shutting down and abandoning module MatineeToLevelSequence (832)
[2025.08.11-20.19.09:477][  9]LogModuleManager: Shutting down and abandoning module LevelSequenceEditor (830)
[2025.08.11-20.19.09:477][  9]LogModuleManager: Shutting down and abandoning module ActorSequenceEditor (828)
[2025.08.11-20.19.09:477][  9]LogModuleManager: Shutting down and abandoning module MagicLeapMediaCodecFactory (826)
[2025.08.11-20.19.09:477][  9]LogModuleManager: Shutting down and abandoning module MagicLeapMediaFactory (824)
[2025.08.11-20.19.09:477][  9]LogModuleManager: Shutting down and abandoning module MagicLeapMediaEditor (822)
[2025.08.11-20.19.09:477][  9]LogModuleManager: Shutting down and abandoning module WmfMediaFactory (820)
[2025.08.11-20.19.09:477][  9]LogModuleManager: Shutting down and abandoning module WmfMediaEditor (818)
[2025.08.11-20.19.09:477][  9]LogModuleManager: Shutting down and abandoning module WebMMediaFactory (816)
[2025.08.11-20.19.09:477][  9]LogModuleManager: Shutting down and abandoning module WebMMediaEditor (814)
[2025.08.11-20.19.09:477][  9]LogModuleManager: Shutting down and abandoning module WebMMedia (812)
[2025.08.11-20.19.09:477][  9]LogModuleManager: Shutting down and abandoning module MediaPlayerEditor (810)
[2025.08.11-20.19.09:477][  9]LogModuleManager: Shutting down and abandoning module MediaCompositingEditor (808)
[2025.08.11-20.19.09:477][  9]LogModuleManager: Shutting down and abandoning module SequenceRecorder (807)
[2025.08.11-20.19.09:477][  9]LogModuleManager: Shutting down and abandoning module OpenExrWrapper (804)
[2025.08.11-20.19.09:477][  9]LogModuleManager: Shutting down and abandoning module ImgMediaFactory (802)
[2025.08.11-20.19.09:477][  9]LogModuleManager: Shutting down and abandoning module ImgMediaEditor (800)
[2025.08.11-20.19.09:477][  9]LogModuleManager: Shutting down and abandoning module AvfMediaFactory (798)
[2025.08.11-20.19.09:477][  9]LogModuleManager: Shutting down and abandoning module AvfMediaEditor (796)
[2025.08.11-20.19.09:477][  9]LogModuleManager: Shutting down and abandoning module AndroidMediaFactory (794)
[2025.08.11-20.19.09:477][  9]LogModuleManager: Shutting down and abandoning module AndroidMediaEditor (792)
[2025.08.11-20.19.09:477][  9]LogModuleManager: Shutting down and abandoning module PlanarCut (790)
[2025.08.11-20.19.09:477][  9]LogModuleManager: Shutting down and abandoning module CharacterAI (788)
[2025.08.11-20.19.09:477][  9]LogModuleManager: Shutting down and abandoning module TextureAlignMode (786)
[2025.08.11-20.19.09:477][  9]LogModuleManager: Shutting down and abandoning module BspMode (784)
[2025.08.11-20.19.09:477][  9]LogModuleManager: Shutting down and abandoning module GeometryMode (782)
[2025.08.11-20.19.09:477][  9]LogModuleManager: Shutting down and abandoning module CameraShakePreviewer (780)
[2025.08.11-20.19.09:477][  9]LogModuleManager: Shutting down and abandoning module SmartSnapping (778)
[2025.08.11-20.19.09:477][  9]LogModuleManager: Shutting down and abandoning module SessionServices (776)
[2025.08.11-20.19.09:478][  9]LogModuleManager: Shutting down and abandoning module MeshPaint (774)
[2025.08.11-20.19.09:478][  9]LogModuleManager: Shutting down and abandoning module VirtualTexturingEditor (772)
[2025.08.11-20.19.09:478][  9]LogModuleManager: Shutting down and abandoning module FoliageEdit (770)
[2025.08.11-20.19.09:478][  9]LogModuleManager: Shutting down and abandoning module LandscapeEditor (768)
[2025.08.11-20.19.09:478][  9]LogModuleManager: Shutting down and abandoning module MeshPaintMode (766)
[2025.08.11-20.19.09:478][  9]LogModuleManager: Shutting down and abandoning module SceneDepthPickerMode (764)
[2025.08.11-20.19.09:478][  9]LogModuleManager: Shutting down and abandoning module ActorPickerMode (762)
[2025.08.11-20.19.09:478][  9]LogModuleManager: Shutting down and abandoning module PlacementMode (760)
[2025.08.11-20.19.09:478][  9]LogModuleManager: Shutting down and abandoning module ViewportSnapping (758)
[2025.08.11-20.19.09:478][  9]LogModuleManager: Shutting down and abandoning module ViewportInteraction (756)
[2025.08.11-20.19.09:478][  9]LogModuleManager: Shutting down and abandoning module ClothPainter (754)
[2025.08.11-20.19.09:478][  9]LogModuleManager: Shutting down and abandoning module SkeletalMeshEditor (753)
[2025.08.11-20.19.09:478][  9]LogModuleManager: Shutting down and abandoning module LogVisualizer (750)
[2025.08.11-20.19.09:478][  9]LogModuleManager: Shutting down and abandoning module IntroTutorials (748)
[2025.08.11-20.19.09:478][  9]LogModuleManager: Shutting down and abandoning module GameProjectGeneration (747)
[2025.08.11-20.19.09:478][  9]LogModuleManager: Shutting down and abandoning module LuminPlatformEditor (744)
[2025.08.11-20.19.09:478][  9]LogModuleManager: Shutting down and abandoning module IOSPlatformEditor (742)
[2025.08.11-20.19.09:478][  9]LogModuleManager: Shutting down and abandoning module AndroidPlatformEditor (740)
[2025.08.11-20.19.09:478][  9]LogModuleManager: Shutting down and abandoning module AndroidDeviceDetection (739)
[2025.08.11-20.19.10:126][  9]LogModuleManager: Shutting down and abandoning module WindowsPlatformEditor (736)
[2025.08.11-20.19.10:126][  9]LogModuleManager: Shutting down and abandoning module LuminRuntimeSettings (734)
[2025.08.11-20.19.10:126][  9]LogModuleManager: Shutting down and abandoning module IOSRuntimeSettings (732)
[2025.08.11-20.19.10:126][  9]LogModuleManager: Shutting down and abandoning module AndroidRuntimeSettings (730)
[2025.08.11-20.19.10:126][  9]LogModuleManager: Shutting down and abandoning module TraceInsights (728)
[2025.08.11-20.19.10:126][  9]MemoryProfiler: Shutdown
[2025.08.11-20.19.10:126][  9]NetworkingProfiler: Shutdown
[2025.08.11-20.19.10:126][  9]LoadingProfiler: Shutdown
[2025.08.11-20.19.10:126][  9]TimingProfiler: Shutdown
[2025.08.11-20.19.10:126][  9]LogModuleManager: Shutting down and abandoning module TraceServices (727)
[2025.08.11-20.19.10:126][  9]LogModuleManager: Shutting down and abandoning module EditorInteractiveToolsFramework (724)
[2025.08.11-20.19.10:126][  9]LogModuleManager: Shutting down and abandoning module TimeManagementEditor (722)
[2025.08.11-20.19.10:126][  9]LogModuleManager: Shutting down and abandoning module InputBindingEditor (720)
[2025.08.11-20.19.10:126][  9]LogModuleManager: Shutting down and abandoning module MergeActors (718)
[2025.08.11-20.19.10:127][  9]LogModuleManager: Shutting down and abandoning module LocalizationDashboard (716)
[2025.08.11-20.19.10:127][  9]LogModuleManager: Shutting down and abandoning module LocalizationService (715)
[2025.08.11-20.19.10:127][  9]LogModuleManager: Shutting down and abandoning module HardwareTargeting (712)
[2025.08.11-20.19.10:127][  9]LogModuleManager: Shutting down and abandoning module DeviceProfileEditor (710)
[2025.08.11-20.19.10:127][  9]LogModuleManager: Shutting down and abandoning module UndoHistory (708)
[2025.08.11-20.19.10:127][  9]LogModuleManager: Shutting down and abandoning module XmlParser (706)
[2025.08.11-20.19.10:127][  9]LogModuleManager: Shutting down and abandoning module Blutility (704)
[2025.08.11-20.19.10:127][  9]LogModuleManager: Shutting down and abandoning module ProjectSettingsViewer (702)
[2025.08.11-20.19.10:127][  9]LogModuleManager: Shutting down and abandoning module ProjectTargetPlatformEditor (701)
[2025.08.11-20.19.10:127][  9]LogModuleManager: Shutting down and abandoning module EditorSettingsViewer (698)
[2025.08.11-20.19.10:127][  9]LogModuleManager: Shutting down and abandoning module InternationalizationSettings (697)
[2025.08.11-20.19.10:127][  9]LogModuleManager: Shutting down and abandoning module SettingsEditor (694)
[2025.08.11-20.19.10:127][  9]LogModuleManager: Shutting down and abandoning module ProjectLauncher (692)
[2025.08.11-20.19.10:127][  9]LogModuleManager: Shutting down and abandoning module SessionFrontend (690)
[2025.08.11-20.19.10:127][  9]LogModuleManager: Shutting down and abandoning module ProfilerClient (688)
[2025.08.11-20.19.10:127][  9]LogModuleManager: Shutting down and abandoning module DeviceManager (686)
[2025.08.11-20.19.10:127][  9]LogModuleManager: Shutting down and abandoning module TargetDeviceServices (685)
[2025.08.11-20.19.10:159][  9]LogModuleManager: Shutting down and abandoning module AutomationController (682)
[2025.08.11-20.19.10:159][  9]LogModuleManager: Shutting down and abandoning module AutomationWindow (680)
[2025.08.11-20.19.10:159][  9]LogModuleManager: Shutting down and abandoning module Layers (678)
[2025.08.11-20.19.10:159][  9]LogModuleManager: Shutting down and abandoning module ComponentVisualizers (676)
[2025.08.11-20.19.10:159][  9]LogModuleManager: Shutting down and abandoning module DetailCustomizations (674)
[2025.08.11-20.19.10:159][  9]LogModuleManager: Shutting down and abandoning module PackagesDialog (672)
[2025.08.11-20.19.10:159][  9]LogModuleManager: Shutting down and abandoning module AnimationBlueprintEditor (670)
[2025.08.11-20.19.10:159][  9]LogModuleManager: Shutting down and abandoning module Persona (668)
[2025.08.11-20.19.10:159][  9]LogModuleManager: Shutting down and abandoning module AdvancedPreviewScene (667)
[2025.08.11-20.19.10:159][  9]LogModuleManager: Shutting down and abandoning module AnimGraph (665)
[2025.08.11-20.19.10:159][  9]LogModuleManager: Shutting down and abandoning module Kismet (662)
[2025.08.11-20.19.10:159][  9]LogModuleManager: Shutting down and abandoning module KismetWidgets (661)
[2025.08.11-20.19.10:159][  9]LogModuleManager: Shutting down and abandoning module GraphEditor (658)
[2025.08.11-20.19.10:159][  9]LogModuleManager: Shutting down and abandoning module StructViewer (656)
[2025.08.11-20.19.10:159][  9]LogModuleManager: Shutting down and abandoning module ClassViewer (654)
[2025.08.11-20.19.10:159][  9]LogModuleManager: Shutting down and abandoning module Toolbox (652)
[2025.08.11-20.19.10:159][  9]LogModuleManager: Shutting down and abandoning module ModuleUI (650)
[2025.08.11-20.19.10:159][  9]LogModuleManager: Shutting down and abandoning module OutputLog (648)
[2025.08.11-20.19.10:159][  9]LogModuleManager: Shutting down and abandoning module GammaUI (646)
[2025.08.11-20.19.10:159][  9]LogModuleManager: Shutting down and abandoning module Documentation (644)
[2025.08.11-20.19.10:159][  9]LogModuleManager: Shutting down and abandoning module LiveCoding (642)
[2025.08.11-20.19.10:160][  9]LogModuleManager: Shutting down and abandoning module LevelSequence (640)
[2025.08.11-20.19.10:160][  9]LogModuleManager: Shutting down and abandoning module MovieSceneTracks (638)
[2025.08.11-20.19.10:160][  9]LogModuleManager: Shutting down and abandoning module MovieScene (636)
[2025.08.11-20.19.10:160][  9]LogModuleManager: Shutting down and abandoning module StreamingPauseRendering (634)
[2025.08.11-20.19.10:160][  9]LogModuleManager: Shutting down and abandoning module LauncherPlatform (632)
[2025.08.11-20.19.10:160][  9]LogModuleManager: Shutting down and abandoning module AnalyticsET (630)
[2025.08.11-20.19.10:160][  9]LogModuleManager: Shutting down and abandoning module PortalServices (628)
[2025.08.11-20.19.10:160][  9]LogModuleManager: Shutting down and abandoning module PortalRpc (626)
[2025.08.11-20.19.10:160][  9]LogModuleManager: Shutting down and abandoning module MessagingRpc (624)
[2025.08.11-20.19.10:160][  9]LogModuleManager: Shutting down and abandoning module AudioMixerXAudio2 (622)
[2025.08.11-20.19.10:160][  9]LogModuleManager: Shutting down and abandoning module AudioMixerCore (621)
[2025.08.11-20.19.10:160][  9]LogModuleManager: Shutting down and abandoning module AIModule (618)
[2025.08.11-20.19.10:160][  9]LogModuleManager: Shutting down and abandoning module GameplayDebugger (617)
[2025.08.11-20.19.10:160][  9]LogModuleManager: Shutting down and abandoning module AITestSuite (615)
[2025.08.11-20.19.10:160][  9]LogModuleManager: Shutting down and abandoning module NavigationSystem (613)
[2025.08.11-20.19.10:160][  9]LogModuleManager: Shutting down and abandoning module ImageWriteQueue (610)
[2025.08.11-20.19.10:164][  9]LogModuleManager: Shutting down and abandoning module ProfilerService (608)
[2025.08.11-20.19.10:401][  9]LogModuleManager: Shutting down and abandoning module TaskGraph (606)
[2025.08.11-20.19.10:401][  9]LogModuleManager: Shutting down and abandoning module AudioSynesthesiaEditor (604)
[2025.08.11-20.19.10:401][  9]LogModuleManager: Shutting down and abandoning module OculusEditor (602)
[2025.08.11-20.19.10:401][  9]LogModuleManager: Shutting down and abandoning module OculusInput (600)
[2025.08.11-20.19.10:401][  9]LogModuleManager: Shutting down and abandoning module ContentBrowserFileDataSource (598)
[2025.08.11-20.19.10:401][  9]LogModuleManager: Shutting down and abandoning module ContentBrowserClassDataSource (596)
[2025.08.11-20.19.10:401][  9]LogModuleManager: Shutting down and abandoning module ContentBrowserAssetDataSource (594)
[2025.08.11-20.19.10:401][  9]LogModuleManager: Shutting down and abandoning module CollectionManager (593)
[2025.08.11-20.19.10:401][  9]LogModuleManager: Shutting down and abandoning module SynthesisEditor (590)
[2025.08.11-20.19.10:401][  9]LogModuleManager: Shutting down and abandoning module Synthesis (588)
[2025.08.11-20.19.10:401][  9]LogModuleManager: Shutting down and abandoning module TakeSequencer (586)
[2025.08.11-20.19.10:401][  9]LogModuleManager: Shutting down and abandoning module TakeMovieScene (584)
[2025.08.11-20.19.10:401][  9]LogModuleManager: Shutting down and abandoning module ProceduralMeshComponentEditor (582)
[2025.08.11-20.19.10:401][  9]LogModuleManager: Shutting down and abandoning module ProceduralMeshComponent (580)
[2025.08.11-20.19.10:401][  9]LogModuleManager: Shutting down and abandoning module OpenXREditor (578)
[2025.08.11-20.19.10:401][  9]LogModuleManager: Shutting down and abandoning module MobilePatchingUtils (576)
[2025.08.11-20.19.10:401][  9]LogModuleManager: Shutting down and abandoning module ScreenshotTools (574)
[2025.08.11-20.19.10:401][  9]LogModuleManager: Shutting down and abandoning module GooglePAD (572)
[2025.08.11-20.19.10:401][  9]LogModuleManager: Shutting down and abandoning module EditableMesh (570)
[2025.08.11-20.19.10:401][  9]LogModuleManager: Shutting down and abandoning module CustomMeshComponent (568)
[2025.08.11-20.19.10:401][  9]LogModuleManager: Shutting down and abandoning module CableComponent (566)
[2025.08.11-20.19.10:401][  9]LogModuleManager: Shutting down and abandoning module ArchVisCharacter (564)
[2025.08.11-20.19.10:401][  9]LogModuleManager: Shutting down and abandoning module AudioCapture (562)
[2025.08.11-20.19.10:401][  9]LogModuleManager: Shutting down and abandoning module AudioCaptureRtAudio (561)
[2025.08.11-20.19.10:401][  9]LogModuleManager: Shutting down and abandoning module AssetTags (558)
[2025.08.11-20.19.10:401][  9]LogModuleManager: Shutting down and abandoning module AppleImageUtilsBlueprintSupport (556)
[2025.08.11-20.19.10:401][  9]LogModuleManager: Shutting down and abandoning module AppleImageUtils (554)
[2025.08.11-20.19.10:401][  9]LogModuleManager: Shutting down and abandoning module AndroidPermission (552)
[2025.08.11-20.19.10:401][  9]LogModuleManager: Shutting down and abandoning module ActorLayerUtilitiesEditor (550)
[2025.08.11-20.19.10:401][  9]LogModuleManager: Shutting down and abandoning module ActorLayerUtilities (548)
[2025.08.11-20.19.10:401][  9]LogModuleManager: Shutting down and abandoning module TemplateSequence (546)
[2025.08.11-20.19.10:401][  9]LogModuleManager: Shutting down and abandoning module MagicLeapSharedWorld (544)
[2025.08.11-20.19.10:401][  9]LogModuleManager: Shutting down and abandoning module MagicLeapLightEstimation (542)
[2025.08.11-20.19.10:401][  9]LogModuleManager: Shutting down and abandoning module MagicLeapHelperVulkan (540)
[2025.08.11-20.19.10:401][  9]LogModuleManager: Shutting down and abandoning module MagicLeapHelperOpenGL (538)
[2025.08.11-20.19.10:401][  9]LogModuleManager: Shutting down and abandoning module MagicLeapAudio (536)
[2025.08.11-20.19.10:401][  9]LogModuleManager: Shutting down and abandoning module VariantManagerContentEditor (534)
[2025.08.11-20.19.10:401][  9]LogModuleManager: Shutting down and abandoning module DatasmithContentEditor (532)
[2025.08.11-20.19.10:401][  9]LogModuleManager: Shutting down and abandoning module MediaCompositing (530)
[2025.08.11-20.19.10:401][  9]LogModuleManager: Shutting down and abandoning module ImgMedia (528)
[2025.08.11-20.19.10:401][  9]LogModuleManager: Shutting down and abandoning module OpenImageDenoise (526)
[2025.08.11-20.19.10:401][  9]LogOpenImageDenoise: OIDN shutting down
[2025.08.11-20.19.10:401][  9]LogModuleManager: Shutting down and abandoning module MotoSynthEditor (524)
[2025.08.11-20.19.10:401][  9]LogModuleManager: Shutting down and abandoning module MotoSynth (522)
[2025.08.11-20.19.10:401][  9]LogModuleManager: Shutting down and abandoning module GeometryCollectionTracks (520)
[2025.08.11-20.19.10:401][  9]LogModuleManager: Shutting down and abandoning module GeometryCollectionSequencer (519)
[2025.08.11-20.19.10:401][  9]LogModuleManager: Shutting down and abandoning module GeometryCollectionEditor (516)
[2025.08.11-20.19.10:401][  9]LogModuleManager: Shutting down and abandoning module MeshConversion (514)
[2025.08.11-20.19.10:401][  9]LogModuleManager: Shutting down and abandoning module DynamicMesh (512)
[2025.08.11-20.19.10:401][  9]LogModuleManager: Shutting down and abandoning module GeometryAlgorithms (510)
[2025.08.11-20.19.10:401][  9]LogModuleManager: Shutting down and abandoning module GeometricObjects (508)
[2025.08.11-20.19.10:401][  9]LogModuleManager: Shutting down and abandoning module GeometryCacheTracks (506)
[2025.08.11-20.19.10:401][  9]LogModuleManager: Shutting down and abandoning module GeometryCacheStreamer (504)
[2025.08.11-20.19.10:401][  9]LogModuleManager: Shutting down and abandoning module GeometryCacheSequencer (502)
[2025.08.11-20.19.10:401][  9]LogModuleManager: Shutting down and abandoning module ChaosSolverEditor (500)
[2025.08.11-20.19.10:401][  9]LogModuleManager: Shutting down and abandoning module BackChannel (498)
[2025.08.11-20.19.10:401][  9]LogModuleManager: Shutting down and abandoning module ChaosNiagara (496)
[2025.08.11-20.19.10:401][  9]LogModuleManager: Shutting down and abandoning module ChaosClothEditor (494)
[2025.08.11-20.19.10:401][  9]LogModuleManager: Shutting down and abandoning module FractureEditor (492)
[2025.08.11-20.19.10:401][  9]LogModuleManager: Shutting down and abandoning module FieldSystemEngine (491)
[2025.08.11-20.19.10:401][  9]LogModuleManager: Shutting down and abandoning module AutomationUtilsEditor (488)
[2025.08.11-20.19.10:401][  9]LogModuleManager: Shutting down and abandoning module AutomationUtils (486)
[2025.08.11-20.19.10:401][  9]LogModuleManager: Shutting down and abandoning module AlembicImporter (484)
[2025.08.11-20.19.10:401][  9]LogModuleManager: Shutting down and abandoning module AlembicLibrary (483)
[2025.08.11-20.19.10:401][  9]LogModuleManager: Shutting down and abandoning module GeometryCache (482)
[2025.08.11-20.19.10:401][  9]LogModuleManager: Shutting down and abandoning module GeometryCacheEd (481)
[2025.08.11-20.19.10:401][  9]LogModuleManager: Shutting down and abandoning module VisualStudioCodeSourceCodeAccess (476)
[2025.08.11-20.19.10:401][  9]LogModuleManager: Shutting down and abandoning module VisualStudioSourceCodeAccess (474)
[2025.08.11-20.19.10:401][  9]LogModuleManager: Shutting down and abandoning module UObjectPlugin (472)
[2025.08.11-20.19.10:401][  9]LogModuleManager: Shutting down and abandoning module SubversionSourceControl (470)
[2025.08.11-20.19.10:401][  9]LogModuleManager: Shutting down and abandoning module RiderSourceCodeAccess (468)
[2025.08.11-20.19.10:401][  9]LogModuleManager: Shutting down and abandoning module PluginUtils (466)
[2025.08.11-20.19.10:401][  9]LogModuleManager: Shutting down and abandoning module PlasticSourceControl (464)
[2025.08.11-20.19.10:401][  9]LogModuleManager: Shutting down and abandoning module PerforceSourceControl (462)
[2025.08.11-20.19.10:401][  9]LogModuleManager: Shutting down and abandoning module GitSourceControl (460)
[2025.08.11-20.19.10:401][  9]LogModuleManager: Shutting down and abandoning module SourceControl (459)
[2025.08.11-20.19.10:401][  9]LogModuleManager: Shutting down and abandoning module CLionSourceCodeAccess (456)
[2025.08.11-20.19.10:401][  9]LogModuleManager: Shutting down and abandoning module AnimationSharingEd (454)
[2025.08.11-20.19.10:401][  9]LogModuleManager: Shutting down and abandoning module NiagaraEditorWidgets (452)
[2025.08.11-20.19.10:401][  9]LogModuleManager: Shutting down and abandoning module SpeedTreeImporter (450)
[2025.08.11-20.19.10:401][  9]LogModuleManager: Shutting down and abandoning module PluginBrowser (448)
[2025.08.11-20.19.10:401][  9]LogModuleManager: Shutting down and abandoning module MobileLauncherProfileWizard (446)
[2025.08.11-20.19.10:401][  9]LogModuleManager: Shutting down and abandoning module MaterialAnalyzer (444)
[2025.08.11-20.19.10:401][  9]LogModuleManager: Shutting down and abandoning module CurveEditorTools (442)
[2025.08.11-20.19.10:401][  9]LogModuleManager: Shutting down and abandoning module CryptoKeysOpenSSL (440)
[2025.08.11-20.19.10:401][  9]LogModuleManager: Shutting down and abandoning module CryptoKeys (438)
[2025.08.11-20.19.10:401][  9]LogModuleManager: Shutting down and abandoning module OodleNetworkHandlerComponent (436)
[2025.08.11-20.19.10:401][  9]LogModuleManager: Shutting down and abandoning module LightPropagationVolumeEditor (434)
[2025.08.11-20.19.10:401][  9]LogModuleManager: Shutting down and abandoning module LiveLinkSequencer (432)
[2025.08.11-20.19.10:401][  9]LogModuleManager: Shutting down and abandoning module LiveLinkMovieScene (430)
[2025.08.11-20.19.10:401][  9]LogModuleManager: Shutting down and abandoning module LiveLinkGraphNode (428)
[2025.08.11-20.19.10:401][  9]LogModuleManager: Shutting down and abandoning module LiveLinkEditor (426)
[2025.08.11-20.19.10:401][  9]LogModuleManager: Shutting down and abandoning module LiveLinkComponents (424)
[2025.08.11-20.19.10:401][  9]LogModuleManager: Shutting down and abandoning module LiveLink (422)
[2025.08.11-20.19.11:159][  9]LogModuleManager: Shutting down and abandoning module PaperTiledImporter (420)
[2025.08.11-20.19.11:159][  9]LogModuleManager: Shutting down and abandoning module PaperSpriteSheetImporter (418)
[2025.08.11-20.19.11:159][  9]LogModuleManager: Shutting down and abandoning module Paper2DEditor (416)
[2025.08.11-20.19.11:159][  9]LogModuleManager: Shutting down and abandoning module MeshPaintingToolset (414)
[2025.08.11-20.19.11:159][  9]LogModuleManager: Shutting down and abandoning module MeshPaintEditorMode (412)
[2025.08.11-20.19.11:159][  9]LogModuleManager: Shutting down and abandoning module SoundFields (410)
[2025.08.11-20.19.11:160][  9]LogModuleManager: Shutting down and abandoning module SignificanceManager (408)
[2025.08.11-20.19.11:160][  9]LogModuleManager: Shutting down and abandoning module RuntimePhysXCooking (406)
[2025.08.11-20.19.11:160][  9]LogModuleManager: Shutting down and abandoning module PropertyAccessEditor (404)
[2025.08.11-20.19.11:160][  9]LogModuleManager: Shutting down and abandoning module PhysXVehiclesEditor (402)
[2025.08.11-20.19.11:160][  9]LogModuleManager: Shutting down and abandoning module LocationServicesBPLibrary (398)
[2025.08.11-20.19.11:160][  9]LogModuleManager: Shutting down and abandoning module AudioSynesthesia (396)
[2025.08.11-20.19.11:160][  9]LogModuleManager: Shutting down and abandoning module AudioSynesthesiaCore (394)
[2025.08.11-20.19.11:160][  9]LogModuleManager: Shutting down and abandoning module UdpMessaging (392)
[2025.08.11-20.19.11:262][  9]LogModuleManager: Shutting down and abandoning module TcpMessaging (390)
[2025.08.11-20.19.11:363][  9]LogModuleManager: Shutting down and abandoning module ActorSequence (388)
[2025.08.11-20.19.11:363][  9]LogModuleManager: Shutting down and abandoning module MagicLeapARPin (386)
[2025.08.11-20.19.11:363][  9]LogModuleManager: Shutting down and abandoning module MagicLeapHandMeshing (384)
[2025.08.11-20.19.11:363][  9]LogModuleManager: Shutting down and abandoning module MagicLeapSecureStorage (382)
[2025.08.11-20.19.11:363][  9]LogModuleManager: Shutting down and abandoning module MagicLeapPrivileges (380)
[2025.08.11-20.19.11:363][  9]LogModuleManager: Shutting down and abandoning module MagicLeapPlanes (378)
[2025.08.11-20.19.11:363][  9]LogMagicLeapPlanes: Planes tracker already destroyed.
[2025.08.11-20.19.11:363][  9]LogModuleManager: Shutting down and abandoning module MagicLeapImageTracker (376)
[2025.08.11-20.19.11:363][  9]LogModuleManager: Shutting down and abandoning module MagicLeapIdentity (374)
[2025.08.11-20.19.11:363][  9]LogModuleManager: Shutting down and abandoning module MagicLeapHandTracking (372)
[2025.08.11-20.19.11:363][  9]LogModuleManager: Shutting down and abandoning module MagicLeapEyeTracker (370)
[2025.08.11-20.19.11:363][  9]LogModuleManager: Shutting down and abandoning module MagicLeapController (368)
[2025.08.11-20.19.11:363][  9]LogModuleManager: Shutting down and abandoning module MagicLeapARPinImpl (366)
[2025.08.11-20.19.11:363][  9]LogModuleManager: Shutting down and abandoning module MagicLeapAR (364)
[2025.08.11-20.19.11:363][  9]LogModuleManager: Shutting down and abandoning module ImgMediaEngine (362)
[2025.08.11-20.19.11:363][  9]LogModuleManager: Shutting down and abandoning module PythonScriptPlugin (360)
[2025.08.11-20.19.11:364][  9]LogModuleManager: Shutting down and abandoning module PropertyAccessNode (358)
[2025.08.11-20.19.11:364][  9]LogModuleManager: Shutting down and abandoning module AnimationSharing (356)
[2025.08.11-20.19.11:364][  9]LogModuleManager: Shutting down and abandoning module NiagaraAnimNotifies (354)
[2025.08.11-20.19.11:364][  9]LogModuleManager: Shutting down and abandoning module Niagara (352)
[2025.08.11-20.19.11:364][  9]LogModuleManager: Shutting down and abandoning module SignalProcessing (351)
[2025.08.11-20.19.11:364][  9]LogModuleManager: Shutting down and abandoning module NiagaraEditor (349)
[2025.08.11-20.19.11:365][  9]LogModuleManager: Shutting down and abandoning module NiagaraCore (346)
[2025.08.11-20.19.11:365][  9]LogModuleManager: Shutting down and abandoning module FacialAnimationEditor (344)
[2025.08.11-20.19.11:365][  9]LogModuleManager: Shutting down and abandoning module FacialAnimation (342)
[2025.08.11-20.19.11:365][  9]LogModuleManager: Shutting down and abandoning module GameplayTagsEditor (340)
[2025.08.11-20.19.11:365][  9]LogModuleManager: Shutting down and abandoning module DataValidation (338)
[2025.08.11-20.19.11:365][  9]LogModuleManager: Shutting down and abandoning module AssetManagerEditor (336)
[2025.08.11-20.19.11:365][  9]LogModuleManager: Shutting down and abandoning module LevelEditor (335)
[2025.08.11-20.19.11:368][  9]LogModuleManager: Shutting down and abandoning module PixelInspectorModule (334)
[2025.08.11-20.19.11:368][  9]LogModuleManager: Shutting down and abandoning module CommonMenuExtensions (332)
[2025.08.11-20.19.11:368][  9]LogModuleManager: Shutting down and abandoning module MainFrame (330)
[2025.08.11-20.19.11:368][  9]LogModuleManager: Shutting down and abandoning module HotReload (329)
[2025.08.11-20.19.11:368][  9]LogModuleManager: Shutting down and abandoning module ToolMenus (325)
[2025.08.11-20.19.11:368][  9]LogModuleManager: Shutting down and abandoning module ContentBrowser (323)
[2025.08.11-20.19.11:368][  9]LogModuleManager: Shutting down and abandoning module ContentBrowserData (322)
[2025.08.11-20.19.11:368][  9]LogModuleManager: Shutting down and abandoning module TreeMap (319)
[2025.08.11-20.19.11:368][  9]LogModuleManager: Shutting down and abandoning module LightPropagationVolumeRuntime (316)
[2025.08.11-20.19.11:368][  9]LogModuleManager: Shutting down and abandoning module GameplayCameras (314)
[2025.08.11-20.19.11:368][  9]LogModuleManager: Shutting down and abandoning module EnvironmentQueryEditor (312)
[2025.08.11-20.19.11:368][  9]LogModuleManager: Shutting down and abandoning module Paper2D (310)
[2025.08.11-20.19.11:368][  9]LogModuleManager: Shutting down and abandoning module WindowsMoviePlayer (308)
[2025.08.11-20.19.11:369][  9]LogModuleManager: Shutting down and abandoning module WebMMoviePlayer (306)
[2025.08.11-20.19.11:369][  9]LogModuleManager: Shutting down and abandoning module NetworkReplayStreaming (304)
[2025.08.11-20.19.11:369][  9]LogModuleManager: Shutting down and abandoning module PacketHandler (302)
[2025.08.11-20.19.11:369][  9]LogModuleManager: Shutting down and abandoning module ClothingSystemEditor (300)
[2025.08.11-20.19.11:369][  9]LogModuleManager: Shutting down and abandoning module ClothingSystemRuntimeNv (298)
[2025.08.11-20.19.11:369][  9]LogModuleManager: Shutting down and abandoning module MediaAssets (296)
[2025.08.11-20.19.11:369][  9]LogModuleManager: Shutting down and abandoning module Overlay (294)
[2025.08.11-20.19.11:369][  9]LogModuleManager: Shutting down and abandoning module OverlayEditor (293)
[2025.08.11-20.19.11:369][  9]LogModuleManager: Shutting down and abandoning module VREditor (290)
[2025.08.11-20.19.11:369][  9]LogModuleManager: Shutting down and abandoning module StringTableEditor (288)
[2025.08.11-20.19.11:369][  9]LogModuleManager: Shutting down and abandoning module GameplayTasksEditor (286)
[2025.08.11-20.19.11:369][  9]LogModuleManager: Shutting down and abandoning module BehaviorTreeEditor (284)
[2025.08.11-20.19.11:369][  9]LogModuleManager: Shutting down and abandoning module FunctionalTesting (282)
[2025.08.11-20.19.11:369][  9]LogModuleManager: Shutting down and abandoning module CollisionAnalyzer (280)
[2025.08.11-20.19.11:369][  9]LogModuleManager: Shutting down and abandoning module WorkspaceMenuStructure (279)
[2025.08.11-20.19.11:369][  9]LogModuleManager: Shutting down and abandoning module UMG (276)
[2025.08.11-20.19.11:369][  9]LogModuleManager: Shutting down and abandoning module UMGEditor (275)
[2025.08.11-20.19.11:369][  9]LogModuleManager: Shutting down and abandoning module MessageLog (273)
[2025.08.11-20.19.11:369][  9]LogModuleManager: Shutting down and abandoning module SlateReflector (268)
[2025.08.11-20.19.11:370][  9]LogModuleManager: Shutting down and abandoning module Slate (266)
[2025.08.11-20.19.11:370][  9]LogModuleManager: Shutting down and abandoning module SlateCore (264)
[2025.08.11-20.19.11:370][  9]LogModuleManager: Shutting down and abandoning module LandscapeEditorUtilities (262)
[2025.08.11-20.19.11:370][  9]LogModuleManager: Shutting down and abandoning module UnrealEd (260)
[2025.08.11-20.19.11:370][  9]LogModuleManager: Shutting down and abandoning module MRMesh (258)
[2025.08.11-20.19.11:370][  9]LogModuleManager: Shutting down and abandoning module SourceCodeAccess (256)
[2025.08.11-20.19.11:370][  9]LogModuleManager: Shutting down and abandoning module HeadMountedDisplay (254)
[2025.08.11-20.19.11:370][  9]LogModuleManager: Shutting down and abandoning module XAudio2 (252)
[2025.08.11-20.19.11:370][  9]LogModuleManager: Shutting down and abandoning module Networking (250)
[2025.08.11-20.19.11:370][  9]LogModuleManager: Shutting down and abandoning module Core (248)
[2025.08.11-20.19.11:370][  9]LogModuleManager: Shutting down and abandoning module MaterialEditor (246)
[2025.08.11-20.19.11:370][  9]LogModuleManager: Shutting down and abandoning module MovieSceneTools (244)
[2025.08.11-20.19.11:370][  9]LogModuleManager: Shutting down and abandoning module CurveEditor (243)
[2025.08.11-20.19.11:370][  9]LogModuleManager: Shutting down and abandoning module Sequencer (241)
[2025.08.11-20.19.11:371][  9]LogModuleManager: Shutting down and abandoning module EditorStyle (240)
[2025.08.11-20.19.11:371][  9]LogModuleManager: Shutting down and abandoning module KismetCompiler (236)
[2025.08.11-20.19.11:371][  9]LogModuleManager: Shutting down and abandoning module MeshBuilder (234)
[2025.08.11-20.19.11:371][  9]LogModuleManager: Shutting down and abandoning module MeshUtilities (232)
[2025.08.11-20.19.11:371][  9]LogModuleManager: Shutting down and abandoning module MeshMergeUtilities (231)
[2025.08.11-20.19.11:371][  9]LogModuleManager: Shutting down and abandoning module MeshReductionInterface (230)
[2025.08.11-20.19.11:371][  9]LogModuleManager: Shutting down and abandoning module MeshBoneReduction (229)
[2025.08.11-20.19.11:371][  9]LogModuleManager: Shutting down and abandoning module SkeletalMeshReduction (227)
[2025.08.11-20.19.11:371][  9]LogModuleManager: Shutting down and abandoning module ProxyLODMeshReduction (225)
[2025.08.11-20.19.11:371][  9]LogModuleManager: Shutting down and abandoning module QuadricMeshReduction (223)
[2025.08.11-20.19.11:371][  9]LogModuleManager: Shutting down and abandoning module MaterialBaking (219)
[2025.08.11-20.19.11:371][  9]LogModuleManager: Shutting down and abandoning module NullInstallBundleManager (214)
[2025.08.11-20.19.11:372][  9]LogModuleManager: Shutting down and abandoning module DerivedDataCache (212)
[2025.08.11-20.19.11:372][  9]LogModuleManager: Shutting down and abandoning module TargetPlatform (210)
[2025.08.11-20.19.11:372][  9]LogModuleManager: Shutting down and abandoning module VulkanShaderFormat (209)
[2025.08.11-20.19.11:372][  9]LogModuleManager: Shutting down and abandoning module ShaderFormatVectorVM (207)
[2025.08.11-20.19.11:372][  9]LogModuleManager: Shutting down and abandoning module ShaderFormatOpenGL (205)
[2025.08.11-20.19.11:372][  9]LogModuleManager: Shutting down and abandoning module ShaderFormatD3D (203)
[2025.08.11-20.19.11:372][  9]LogModuleManager: Shutting down and abandoning module MetalShaderFormat (201)
[2025.08.11-20.19.11:372][  9]LogModuleManager: Shutting down and abandoning module TextureFormatOodle (199)
[2025.08.11-20.19.11:372][  9]LogModuleManager: Shutting down and abandoning module TextureFormatUncompressed (197)
[2025.08.11-20.19.11:372][  9]LogModuleManager: Shutting down and abandoning module TextureFormatPVR (195)
[2025.08.11-20.19.11:372][  9]LogModuleManager: Shutting down and abandoning module TextureFormatETC2 (193)
[2025.08.11-20.19.11:372][  9]LogModuleManager: Shutting down and abandoning module TextureFormatDXT (191)
[2025.08.11-20.19.11:372][  9]LogModuleManager: Shutting down and abandoning module TextureFormatIntelISPCTexComp (189)
[2025.08.11-20.19.11:372][  9]LogModuleManager: Shutting down and abandoning module TextureFormatASTC (187)
[2025.08.11-20.19.11:372][  9]LogModuleManager: Shutting down and abandoning module ImageWrapper (186)
[2025.08.11-20.19.11:372][  9]LogModuleManager: Shutting down and abandoning module AudioFormatOpus (183)
[2025.08.11-20.19.11:372][  9]LogModuleManager: Shutting down and abandoning module AudioFormatOgg (181)
[2025.08.11-20.19.11:372][  9]LogModuleManager: Shutting down and abandoning module AudioFormatADPCM (179)
[2025.08.11-20.19.11:372][  9]LogModuleManager: Shutting down and abandoning module WindowsServerTargetPlatform (177)
[2025.08.11-20.19.11:372][  9]LogModuleManager: Shutting down and abandoning module WindowsClientTargetPlatform (175)
[2025.08.11-20.19.11:372][  9]LogModuleManager: Shutting down and abandoning module WindowsTargetPlatform (173)
[2025.08.11-20.19.11:372][  9]LogModuleManager: Shutting down and abandoning module WindowsNoEditorTargetPlatform (171)
[2025.08.11-20.19.11:372][  9]LogModuleManager: Shutting down and abandoning module TVOSTargetPlatform (169)
[2025.08.11-20.19.11:372][  9]LogModuleManager: Shutting down and abandoning module MacServerTargetPlatform (167)
[2025.08.11-20.19.11:372][  9]LogModuleManager: Shutting down and abandoning module MacClientTargetPlatform (165)
[2025.08.11-20.19.11:372][  9]LogModuleManager: Shutting down and abandoning module MacTargetPlatform (163)
[2025.08.11-20.19.11:373][  9]LogModuleManager: Shutting down and abandoning module MacNoEditorTargetPlatform (161)
[2025.08.11-20.19.11:373][  9]LogModuleManager: Shutting down and abandoning module LuminTargetPlatform (159)
[2025.08.11-20.19.11:373][  9]LogModuleManager: Shutting down and abandoning module LinuxAArch64ServerTargetPlatform (157)
[2025.08.11-20.19.11:373][  9]LogModuleManager: Shutting down and abandoning module LinuxAArch64ClientTargetPlatform (155)
[2025.08.11-20.19.11:373][  9]LogModuleManager: Shutting down and abandoning module LinuxAArch64NoEditorTargetPlatform (153)
[2025.08.11-20.19.11:373][  9]LogModuleManager: Shutting down and abandoning module LinuxServerTargetPlatform (151)
[2025.08.11-20.19.11:373][  9]LogModuleManager: Shutting down and abandoning module LinuxClientTargetPlatform (149)
[2025.08.11-20.19.11:373][  9]LogModuleManager: Shutting down and abandoning module LinuxNoEditorTargetPlatform (147)
[2025.08.11-20.19.11:373][  9]LogModuleManager: Shutting down and abandoning module LinuxTargetPlatform (145)
[2025.08.11-20.19.11:373][  9]LogModuleManager: Shutting down and abandoning module Messaging (143)
[2025.08.11-20.19.11:373][  9]LogModuleManager: Shutting down and abandoning module IOSTargetPlatform (141)
[2025.08.11-20.19.11:374][  9]LogModuleManager: Shutting down and abandoning module AndroidTargetPlatform (139)
[2025.08.11-20.19.11:376][  9]LogModuleManager: Shutting down and abandoning module AllDesktopTargetPlatform (137)
[2025.08.11-20.19.11:376][  9]LogModuleManager: Shutting down and abandoning module D3D11RHI (134)
[2025.08.11-20.19.11:376][  9]LogModuleManager: Shutting down and abandoning module InputCore (132)
[2025.08.11-20.19.11:376][  9]LogModuleManager: Shutting down and abandoning module Settings (130)
[2025.08.11-20.19.11:376][  9]LogModuleManager: Shutting down and abandoning module DirectoryWatcher (128)
[2025.08.11-20.19.11:376][  9]LogModuleManager: Shutting down and abandoning module PhysXCooking (126)
[2025.08.11-20.19.11:376][  9]LogModuleManager: Shutting down and abandoning module Chaos (124)
[2025.08.11-20.19.11:376][  9]LogModuleManager: Shutting down and abandoning module WindowsPlatformFeatures (122)
[2025.08.11-20.19.11:376][  9]LogModuleManager: Shutting down and abandoning module GameplayMediaEncoder (121)
[2025.08.11-20.19.11:376][  9]LogModuleManager: Shutting down and abandoning module AVEncoder (120)
[2025.08.11-20.19.11:376][  9]LogModuleManager: Shutting down and abandoning module SteamVRInputDevice (116)
[2025.08.11-20.19.11:376][  9]LogModuleManager: Shutting down and abandoning module SteamVRInput (114)
[2025.08.11-20.19.11:376][  9]LogModuleManager: Shutting down and abandoning module SteamVR (112)
[2025.08.11-20.19.11:376][  9]LogHMD: Freeing OpenVRDLLHandle.
[2025.08.11-20.19.11:376][  9]LogModuleManager: Shutting down and abandoning module OculusHMD (110)
[2025.08.11-20.19.11:376][  9]LogModuleManager: Shutting down and abandoning module OpenXRHandTracking (108)
[2025.08.11-20.19.11:377][  9]LogSlate: Slate User Destroyed.  User Index 0, Is Virtual User: 0
[2025.08.11-20.19.11:377][  9]LogModuleManager: Shutting down and abandoning module OpenXRAR (106)
[2025.08.11-20.19.11:377][  9]LogModuleManager: Shutting down and abandoning module AugmentedReality (105)
[2025.08.11-20.19.11:377][  9]LogModuleManager: Shutting down and abandoning module OpenXRHMD (102)
[2025.08.11-20.19.11:377][  9]LogModuleManager: Shutting down and abandoning module OpenXREyeTracker (100)
[2025.08.11-20.19.11:377][  9]LogModuleManager: Shutting down and abandoning module ExampleDeviceProfileSelector (98)
[2025.08.11-20.19.11:377][  9]LogModuleManager: Shutting down and abandoning module ChunkDownloader (96)
[2025.08.11-20.19.11:377][  9]LogModuleManager: Shutting down and abandoning module LauncherChunkInstaller (94)
[2025.08.11-20.19.11:377][  9]LogModuleManager: Shutting down and abandoning module OnlineBlueprintSupport (92)
[2025.08.11-20.19.11:377][  9]LogModuleManager: Shutting down and abandoning module OnlineSubsystem (88)
[2025.08.11-20.19.11:378][  9]LogModuleManager: Shutting down and abandoning module XMPP (83)
[2025.08.11-20.19.11:378][  9]LogModuleManager: Shutting down and abandoning module WebSockets (82)
[2025.08.11-20.19.11:386][  9]LogModuleManager: Shutting down and abandoning module HTTP (79)
[2025.08.11-20.19.11:386][  9]LogHttp: Display: Http module shutting down, but needs to wait on 1 outstanding Http requests:
[2025.08.11-20.19.11:386][  9]LogHttp: Display: 	verb=[POST] url=[https://datarouter.ol.epicgames.com/datarouter/api/v1/public/data?SessionID=%7B686F5252-46D0-AE0E-ACD9-F1BAAD57BB03%7D&AppID=UEEditor.Rocket.Release&AppVersion=4.27.2-18319896%2B%2B%2BUE4%2BRelease-4.27&UserID=dd6134914591701d34c616b88214d843%7Cb6b3a5d3b5a1401a86053e3da5219de6%7C78634fb3-1946-4726-8546-554a4ea237f7&AppEnvironment=datacollector-binary&UploadType=eteventstream] refs=[1] status=Processing
[2025.08.11-20.19.11:386][  9]LogHttp: Display: cleaning up 1 outstanding Http requests.
[2025.08.11-20.19.11:405][  9]LogModuleManager: Shutting down and abandoning module SSL (78)
[2025.08.11-20.19.11:406][  9]LogModuleManager: Shutting down and abandoning module MLSDK (74)
[2025.08.11-20.19.11:406][  9]LogModuleManager: Shutting down and abandoning module MagicLeap (72)
[2025.08.11-20.19.11:406][  9]LogModuleManager: Shutting down and abandoning module VariantManagerContent (70)
[2025.08.11-20.19.11:406][  9]LogModuleManager: Shutting down and abandoning module DatasmithContent (68)
[2025.08.11-20.19.11:406][  9]LogModuleManager: Shutting down and abandoning module WmfMedia (66)
[2025.08.11-20.19.11:408][  9]LogModuleManager: Shutting down and abandoning module Media (65)
[2025.08.11-20.19.11:408][  9]LogModuleManager: Shutting down and abandoning module MediaInfo (64)
[2025.08.11-20.19.11:408][  9]LogModuleManager: Shutting down and abandoning module ExrReaderGpu (60)
[2025.08.11-20.19.11:408][  9]LogModuleManager: Shutting down and abandoning module ChaosCloth (58)
[2025.08.11-20.19.11:408][  9]LogModuleManager: Shutting down and abandoning module PixWinPlugin (56)
[2025.08.11-20.19.11:408][  9]LogModuleManager: Shutting down and abandoning module NiagaraVertexFactories (54)
[2025.08.11-20.19.11:408][  9]LogModuleManager: Shutting down and abandoning module NiagaraShader (52)
[2025.08.11-20.19.11:408][  9]LogModuleManager: Shutting down and abandoning module AISupportModule (50)
[2025.08.11-20.19.11:408][  9]LogModuleManager: Shutting down and abandoning module DesktopPlatform (48)
[2025.08.11-20.19.11:408][  9]LogModuleManager: Shutting down and abandoning module PythonScriptPluginPreload (46)
[2025.08.11-20.19.11:408][  9]LogModuleManager: Shutting down and abandoning module PlatformCryptoOpenSSL (44)
[2025.08.11-20.19.11:408][  9]LogModuleManager: Shutting down and abandoning module PlatformCryptoTypes (42)
[2025.08.11-20.19.11:408][  9]LogModuleManager: Shutting down and abandoning module PlatformCrypto (40)
[2025.08.11-20.19.11:408][  9]LogModuleManager: Shutting down and abandoning module OodleDataCompressionFormat (38)
[2025.08.11-20.19.11:408][  9]LogModuleManager: Shutting down and abandoning module XGEController (36)
[2025.08.11-20.19.11:409][  9]LogModuleManager: Shutting down and abandoning module AnimationModifiers (34)
[2025.08.11-20.19.11:409][  9]LogModuleManager: Shutting down and abandoning module AudioEditor (32)
[2025.08.11-20.19.11:409][  9]LogModuleManager: Shutting down and abandoning module PropertyEditor (31)
[2025.08.11-20.19.11:409][  9]LogModuleManager: Shutting down and abandoning module TextureCompressor (28)
[2025.08.11-20.19.11:409][  9]LogModuleManager: Shutting down and abandoning module RenderCore (26)
[2025.08.11-20.19.11:409][  9]LogModuleManager: Shutting down and abandoning module Landscape (24)
[2025.08.11-20.19.11:409][  9]LogModuleManager: Shutting down and abandoning module SlateRHIRenderer (22)
[2025.08.11-20.19.11:409][  9]LogModuleManager: Shutting down and abandoning module AnimGraphRuntime (20)
[2025.08.11-20.19.11:409][  9]LogModuleManager: Shutting down and abandoning module Renderer (18)
[2025.08.11-20.19.11:409][  9]LogModuleManager: Shutting down and abandoning module Engine (16)
[2025.08.11-20.19.11:409][  9]LogModuleManager: Shutting down and abandoning module CoreUObject (14)
[2025.08.11-20.19.11:409][  9]LogModuleManager: Shutting down and abandoning module NetworkFile (12)
[2025.08.11-20.19.11:409][  9]LogModuleManager: Shutting down and abandoning module CookedIterativeFile (10)
[2025.08.11-20.19.11:409][  9]LogModuleManager: Shutting down and abandoning module StreamingFile (8)
[2025.08.11-20.19.11:409][  9]LogModuleManager: Shutting down and abandoning module SandboxFile (6)
[2025.08.11-20.19.11:409][  9]LogModuleManager: Shutting down and abandoning module PakFile (4)
[2025.08.11-20.19.11:409][  9]LogModuleManager: Shutting down and abandoning module RSA (3)
[2025.08.11-20.19.11:409][  9]LogContentStreaming: Display: There are 1 unreleased StreamingManagers
[2025.08.11-20.19.11:425][  9]LogD3D11RHI: Shutdown
[2025.08.11-20.19.11:425][  9]LogD3D11RHI: CleanupD3DDevice
[2025.08.11-20.19.11:427][  9]LogExit: Exiting.
[2025.08.11-20.19.11:436][  9]Log file closed, 08/11/25 17:19:11
