Log file open, 08/25/25 17:49:55
LogWindows: Failed to load 'aqProf.dll' (GetLastError=126)
LogWindows: File 'aqProf.dll' does not exist
LogWindows: Failed to load 'VtuneApi.dll' (GetLastError=126)
LogWindows: File 'VtuneApi.dll' does not exist
LogWindows: Failed to load 'VtuneApi32e.dll' (GetLastError=126)
LogWindows: File 'VtuneApi32e.dll' does not exist
LogConsoleResponse: Display: Failed to find resolution value strings in scalability ini. Falling back to default.
LogConsoleResponse: Display: Failed to find resolution value strings in scalability ini. Falling back to default.
LogInit: Display: Running engine for game: Sorry
LogPlatformFile: Not using cached read wrapper
LogTaskGraph: Started task graph with 5 named threads and 47 total threads with 3 sets of task threads.
LogStats: Stats thread started at 0.252285
LogICUInternationalization: ICU TimeZone Detection - Raw Offset: -3:00, Platform Override: ''
LogInit: Display: Loading text-based GConfig....
LogPluginManager: Mounting plugin MeshPainting
LogPluginManager: Mounting plugin XGEController
LogPluginManager: Mounting plugin Paper2D
LogPluginManager: Mounting plugin LiveLink
LogPluginManager: Mounting plugin AISupport
LogPluginManager: Mounting plugin EnvironmentQueryEditor
LogPluginManager: Mounting plugin OodleData
LogPluginManager: Mounting plugin CameraShakePreviewer
LogPluginManager: Mounting plugin LightPropagationVolume
LogPluginManager: Mounting plugin GameplayCameras
LogPluginManager: Mounting plugin CryptoKeys
LogPluginManager: Mounting plugin DataValidation
LogPluginManager: Mounting plugin OodleNetwork
LogPluginManager: Mounting plugin GeometryMode
LogPluginManager: Mounting plugin AssetManagerEditor
LogPluginManager: Mounting plugin CurveEditorTools
LogPluginManager: Mounting plugin GameplayTagsEditor
LogPluginManager: Mounting plugin FacialAnimation
LogPluginManager: Mounting plugin MobileLauncherProfileWizard
LogPluginManager: Mounting plugin PluginBrowser
LogPluginManager: Mounting plugin MaterialAnalyzer
LogPluginManager: Mounting plugin MacGraphicsSwitching
LogPluginManager: Mounting plugin SpeedTreeImporter
LogPluginManager: Mounting plugin DatasmithContent
LogPluginManager: Mounting plugin AnimationSharing
LogPluginManager: Mounting plugin LuminPlatformFeatures
LogPluginManager: Mounting plugin Niagara
LogPluginManager: Mounting plugin VariantManagerContent
LogPluginManager: Mounting plugin MagicLeap
LogPluginManager: Mounting plugin ActorSequence
LogPluginManager: Mounting plugin LevelSequenceEditor
LogPluginManager: Mounting plugin AutomationUtils
LogPluginManager: Mounting plugin AlembicImporter
LogPluginManager: Mounting plugin BackChannel
LogPluginManager: Mounting plugin MatineeToLevelSequence
LogPluginManager: Mounting plugin TemplateSequence
LogPluginManager: Mounting plugin MagicLeapMedia
LogPluginManager: Mounting plugin MagicLeapLightEstimation
LogPluginManager: Mounting plugin ChaosCloth
LogPluginManager: Mounting plugin MLSDK
LogPluginManager: Mounting plugin ChaosClothEditor
LogPluginManager: Mounting plugin MagicLeapPassableWorld
LogPluginManager: Mounting plugin ChaosNiagara
LogPluginManager: Mounting plugin ChaosSolverPlugin
LogPluginManager: Mounting plugin OnlineSubsystem
LogPluginManager: Mounting plugin ChaosEditor
LogPluginManager: Mounting plugin AvfMedia
LogPluginManager: Mounting plugin AndroidMedia
LogPluginManager: Mounting plugin CLionSourceCodeAccess
LogPluginManager: Mounting plugin TcpMessaging
LogPluginManager: Mounting plugin UdpMessaging
LogPluginManager: Mounting plugin CharacterAI
LogPluginManager: Mounting plugin CodeLiteSourceCodeAccess
LogPluginManager: Mounting plugin GeometryCache
LogPluginManager: Mounting plugin GeometryCollectionPlugin
LogPluginManager: Mounting plugin GitSourceControl
LogPluginManager: Mounting plugin OnlineSubsystemNull
LogPluginManager: Mounting plugin KDevelopSourceCodeAccess
LogPluginManager: Mounting plugin ImgMedia
LogPluginManager: Mounting plugin NullSourceCodeAccess
LogPluginManager: Mounting plugin MediaCompositing
LogPluginManager: Mounting plugin PlasticSourceControl
LogPluginManager: Mounting plugin PluginUtils
LogPluginManager: Mounting plugin PixWinPlugin
LogPluginManager: Mounting plugin PerforceSourceControl
LogPluginManager: Mounting plugin PropertyAccessNode
LogPluginManager: Mounting plugin RiderSourceCodeAccess
LogPluginManager: Mounting plugin OnlineSubsystemUtils
LogPluginManager: Mounting plugin SubversionSourceControl
LogPluginManager: Mounting plugin TextureFormatOodle
LogPluginManager: Mounting plugin UObjectPlugin
LogPluginManager: Mounting plugin XCodeSourceCodeAccess
LogPluginManager: Mounting plugin VisualStudioCodeSourceCodeAccess
LogPluginManager: Mounting plugin VisualStudioSourceCodeAccess
LogPluginManager: Mounting plugin MediaPlayerEditor
LogPluginManager: Mounting plugin GeometryProcessing
LogPluginManager: Mounting plugin WebMMedia
LogPluginManager: Mounting plugin OpenImageDenoise
LogPluginManager: Mounting plugin MotoSynth
LogPluginManager: Mounting plugin ProxyLODPlugin
LogPluginManager: Mounting plugin PlanarCut
LogPluginManager: Mounting plugin PythonScriptPlugin
LogPluginManager: Mounting plugin PlatformCrypto
LogPluginManager: Mounting plugin SkeletalReduction
LogPluginManager: Mounting plugin ActorLayerUtilities
LogPluginManager: Mounting plugin AndroidPermission
LogPluginManager: Mounting plugin AndroidMoviePlayer
LogPluginManager: Mounting plugin AndroidDeviceProfileSelector
LogPluginManager: Mounting plugin AppleMoviePlayer
LogPluginManager: Mounting plugin AppleImageUtils
LogPluginManager: Mounting plugin AudioCapture
LogPluginManager: Mounting plugin ArchVisCharacter
LogPluginManager: Mounting plugin AudioSynesthesia
LogPluginManager: Mounting plugin AssetTags
LogPluginManager: Mounting plugin CableComponent
LogPluginManager: Mounting plugin ChunkDownloader
LogPluginManager: Mounting plugin CustomMeshComponent
LogPluginManager: Mounting plugin ExampleDeviceProfileSelector
LogPluginManager: Mounting plugin EditableMesh
LogPluginManager: Mounting plugin GoogleCloudMessaging
LogPluginManager: Mounting plugin GooglePAD
LogPluginManager: Mounting plugin WmfMedia
LogPluginManager: Mounting plugin LauncherChunkInstaller
LogPluginManager: Mounting plugin IOSDeviceProfileSelector
LogPluginManager: Mounting plugin LinuxDeviceProfileSelector
LogPluginManager: Mounting plugin LocationServicesBPLibrary
LogPluginManager: Mounting plugin MobilePatchingUtils
LogPluginManager: Mounting plugin OpenXREyeTracker
LogPluginManager: Mounting plugin OpenXRHandTracking
LogPluginManager: Mounting plugin OpenXR
LogPluginManager: Mounting plugin PhysXVehicles
LogPluginManager: Mounting plugin ScreenshotTools
LogPluginManager: Mounting plugin PostSplashScreen
LogPluginManager: Mounting plugin ProceduralMeshComponent
LogPluginManager: Mounting plugin PropertyAccessEditor
LogPluginManager: Mounting plugin RuntimePhysXCooking
LogPluginManager: Mounting plugin SignificanceManager
LogPluginManager: Mounting plugin SoundFields
LogPluginManager: Mounting plugin Synthesis
LogPluginManager: Mounting plugin WindowsMoviePlayer
LogPluginManager: Mounting plugin WebMMoviePlayer
LogPluginManager: Mounting plugin Takes
LogPluginManager: Mounting plugin ContentBrowserAssetDataSource
LogPluginManager: Mounting plugin ContentBrowserClassDataSource
LogPluginManager: Mounting plugin ContentBrowserFileDataSource
LogPluginManager: Mounting plugin OnlineSubsystemGooglePlay
LogPluginManager: Mounting plugin OnlineSubsystemIOS
LogPluginManager: Mounting plugin OculusVR
LogPluginManager: Mounting plugin SteamVR
LogInit: Using libcurl 7.55.1-DEV
LogInit:  - built for x86_64-pc-win32
LogInit:  - supports SSL with OpenSSL/1.1.1
LogInit:  - supports HTTP deflate (compression) using libz 1.2.8
LogInit:  - other features:
LogInit:      CURL_VERSION_SSL
LogInit:      CURL_VERSION_LIBZ
LogInit:      CURL_VERSION_IPV6
LogInit:      CURL_VERSION_ASYNCHDNS
LogInit:      CURL_VERSION_LARGEFILE
LogInit:      CURL_VERSION_IDN
LogInit:  CurlRequestOptions (configurable via config and command line):
LogInit:  - bVerifyPeer = true  - Libcurl will verify peer certificate
LogInit:  - bUseHttpProxy = false  - Libcurl will NOT use HTTP proxy
LogInit:  - bDontReuseConnections = false  - Libcurl will reuse connections
LogInit:  - MaxHostConnections = 16  - Libcurl will limit the number of connections to a host
LogInit:  - LocalHostAddr = Default
LogInit:  - BufferSize = 65536
LogOnline: OSS: Creating online subsystem instance for: NULL
LogInit: WinSock: version 1.1 (2.2), MaxSocks=32767, MaxUdp=65467
LogOnline: OSS: TryLoadSubsystemAndSetDefault: Loaded subsystem for module [NULL]
PixWinPlugin: PIX capture plugin failed to initialize! Check that the process is launched from PIX.
LogOculusPluginWrapper: OculusPlugin initialized successfully
LogHMD: Failed initializing OVRPlugin 1.59.0
LogInit: Build: ++UE4+Release-4.27-CL-18319896
LogInit: Engine Version: 4.27.2-18319896+++UE4+Release-4.27
LogInit: Compatible Engine Version: 4.27.0-17155196+++UE4+Release-4.27
LogInit: Net CL: 17155196
LogInit: OS: Windows 10 (Release 2009) (), CPU: AMD Ryzen 7 4800H with Radeon Graphics         , GPU: AMD Radeon(TM) Graphics
LogInit: Compiled (64-bit): Nov 30 2021 07:12:08
LogInit: Compiled with Visual C++: 19.24.28315.00
LogInit: Build Configuration: Development
LogInit: Branch Name: ++UE4+Release-4.27
LogInit: Command Line: 
LogInit: Base Directory: C:/Program Files/Epic Games/UE_4.27/Engine/Binaries/Win64/
LogInit: Allocator: TBB
LogInit: Installed Engine Build: 1
LogDevObjectVersion: Number of dev versions registered: 29
LogDevObjectVersion:   Dev-Blueprints (B0D832E4-1F89-4F0D-ACCF-7EB736FD4AA2): 10
LogDevObjectVersion:   Dev-Build (E1C64328-A22C-4D53-A36C-8E866417BD8C): 0
LogDevObjectVersion:   Dev-Core (375EC13C-06E4-48FB-B500-84F0262A717E): 4
LogDevObjectVersion:   Dev-Editor (E4B068ED-F494-42E9-A231-DA0B2E46BB41): 40
LogDevObjectVersion:   Dev-Framework (CFFC743F-43B0-4480-9391-14DF171D2073): 37
LogDevObjectVersion:   Dev-Mobile (B02B49B5-BB20-44E9-A304-32B752E40360): 3
LogDevObjectVersion:   Dev-Networking (A4E4105C-59A1-49B5-A7C5-40C4547EDFEE): 0
LogDevObjectVersion:   Dev-Online (39C831C9-5AE6-47DC-9A44-9C173E1C8E7C): 0
LogDevObjectVersion:   Dev-Physics (78F01B33-EBEA-4F98-B9B4-84EACCB95AA2): 14
LogDevObjectVersion:   Dev-Platform (6631380F-2D4D-43E0-8009-CF276956A95A): 0
LogDevObjectVersion:   Dev-Rendering (12F88B9F-8875-4AFC-A67C-D90C383ABD29): 45
LogDevObjectVersion:   Dev-Sequencer (7B5AE74C-D270-4C10-A958-57980B212A5A): 13
LogDevObjectVersion:   Dev-VR (D7296918-1DD6-4BDD-9DE2-64A83CC13884): 3
LogDevObjectVersion:   Dev-LoadTimes (C2A15278-BFE7-4AFE-6C17-90FF531DF755): 1
LogDevObjectVersion:   Private-Geometry (6EACA3D4-40EC-4CC1-B786-8BED09428FC5): 3
LogDevObjectVersion:   Dev-AnimPhys (29E575DD-E0A3-4627-9D10-D276232CDCEA): 17
LogDevObjectVersion:   Dev-Anim (AF43A65D-7FD3-4947-9873-3E8ED9C1BB05): 15
LogDevObjectVersion:   Dev-ReflectionCapture (6B266CEC-1EC7-4B8F-A30B-E4D90942FC07): 1
LogDevObjectVersion:   Dev-Automation (0DF73D61-A23F-47EA-B727-89E90C41499A): 1
LogDevObjectVersion:   FortniteMain (601D1886-AC64-4F84-AA16-D3DE0DEAC7D6): 47
LogDevObjectVersion:   FortniteRelease (E7086368-6B23-4C58-8439-1B7016265E91): 1
LogDevObjectVersion:   Dev-Enterprise (9DFFBCD6-494F-0158-E221-12823C92A888): 10
LogDevObjectVersion:   Dev-Niagara (F2AED0AC-9AFE-416F-8664-AA7FFA26D6FC): 1
LogDevObjectVersion:   Dev-Destruction (174F1F0B-B4C6-45A5-B13F-2EE8D0FB917D): 10
LogDevObjectVersion:   Dev-Physics-Ext (35F94A83-E258-406C-A318-09F59610247C): 41
LogDevObjectVersion:   Dev-PhysicsMaterial-Chaos (B68FC16E-8B1B-42E2-B453-215C058844FE): 1
LogDevObjectVersion:   Dev-CineCamera (B2E18506-4273-CFC2-A54E-F4BB758BBA07): 1
LogDevObjectVersion:   Dev-VirtualProduction (64F58936-FD1B-42BA-BA96-7289D5D0FA4E): 1
LogDevObjectVersion:   Dev-MediaFramework (6F0ED827-A609-4895-9C91-998D90180EA4): 2
LogInit: Presizing for max 25165824 objects, including 0 objects not considered by GC, pre-allocating 0 bytes for permanent pool.
LogConfig: Applying CVar settings from Section [/Script/Engine.StreamingSettings] File [C:/Users/Usuário/OneDrive/Documentos/Unreal Projects/Sorry/Saved/Config/Windows/Engine.ini]
LogConfig: Setting CVar [[s.MinBulkDataSizeForAsyncLoading:131072]]
LogConfig: Setting CVar [[s.AsyncLoadingThreadEnabled:0]]
LogConfig: Setting CVar [[s.EventDrivenLoaderEnabled:1]]
LogConfig: Setting CVar [[s.WarnIfTimeLimitExceeded:0]]
LogConfig: Setting CVar [[s.TimeLimitExceededMultiplier:1.5]]
LogConfig: Setting CVar [[s.TimeLimitExceededMinTime:0.005]]
LogConfig: Setting CVar [[s.UseBackgroundLevelStreaming:1]]
LogConfig: Setting CVar [[s.PriorityAsyncLoadingExtraTime:15.0]]
LogConfig: Setting CVar [[s.LevelStreamingActorsUpdateTimeLimit:5.0]]
LogConfig: Setting CVar [[s.PriorityLevelStreamingActorsUpdateExtraTime:5.0]]
LogConfig: Setting CVar [[s.LevelStreamingComponentsRegistrationGranularity:10]]
LogConfig: Setting CVar [[s.UnregisterComponentsTimeLimit:1.0]]
LogConfig: Setting CVar [[s.LevelStreamingComponentsUnregistrationGranularity:5]]
LogConfig: Setting CVar [[s.FlushStreamingOnExit:1]]
LogInit: Object subsystem initialized
LogConfig: Setting CVar [[con.DebugEarlyDefault:1]]
LogConfig: Setting CVar [[r.setres:1280x720]]
[2025.08.25-20.49.55:827][  0]LogConfig: Setting CVar [[r.VSync:0]]
[2025.08.25-20.49.55:827][  0]LogConfig: Setting CVar [[r.RHICmdBypass:0]]
[2025.08.25-20.49.55:827][  0]LogConfig: Applying CVar settings from Section [/Script/Engine.RendererSettings] File [C:/Users/Usuário/OneDrive/Documentos/Unreal Projects/Sorry/Saved/Config/Windows/Engine.ini]
[2025.08.25-20.49.55:827][  0]LogConfig: Setting CVar [[r.GPUCrashDebugging:0]]
[2025.08.25-20.49.55:827][  0]LogConfig: Applying CVar settings from Section [/Script/Engine.RendererOverrideSettings] File [C:/Users/Usuário/OneDrive/Documentos/Unreal Projects/Sorry/Saved/Config/Windows/Engine.ini]
[2025.08.25-20.49.55:827][  0]LogConfig: Applying CVar settings from Section [/Script/Engine.StreamingSettings] File [C:/Users/Usuário/OneDrive/Documentos/Unreal Projects/Sorry/Saved/Config/Windows/Engine.ini]
[2025.08.25-20.49.55:827][  0]LogConfig: Setting CVar [[s.MinBulkDataSizeForAsyncLoading:131072]]
[2025.08.25-20.49.55:827][  0]LogConfig: Setting CVar [[s.AsyncLoadingThreadEnabled:0]]
[2025.08.25-20.49.55:827][  0]LogConfig: Setting CVar [[s.EventDrivenLoaderEnabled:1]]
[2025.08.25-20.49.55:827][  0]LogConfig: Setting CVar [[s.WarnIfTimeLimitExceeded:0]]
[2025.08.25-20.49.55:827][  0]LogConfig: Setting CVar [[s.TimeLimitExceededMultiplier:1.5]]
[2025.08.25-20.49.55:827][  0]LogConfig: Setting CVar [[s.TimeLimitExceededMinTime:0.005]]
[2025.08.25-20.49.55:827][  0]LogConfig: Setting CVar [[s.UseBackgroundLevelStreaming:1]]
[2025.08.25-20.49.55:827][  0]LogConfig: Setting CVar [[s.PriorityAsyncLoadingExtraTime:15.0]]
[2025.08.25-20.49.55:827][  0]LogConfig: Setting CVar [[s.LevelStreamingActorsUpdateTimeLimit:5.0]]
[2025.08.25-20.49.55:827][  0]LogConfig: Setting CVar [[s.PriorityLevelStreamingActorsUpdateExtraTime:5.0]]
[2025.08.25-20.49.55:827][  0]LogConfig: Setting CVar [[s.LevelStreamingComponentsRegistrationGranularity:10]]
[2025.08.25-20.49.55:827][  0]LogConfig: Setting CVar [[s.UnregisterComponentsTimeLimit:1.0]]
[2025.08.25-20.49.55:827][  0]LogConfig: Setting CVar [[s.LevelStreamingComponentsUnregistrationGranularity:5]]
[2025.08.25-20.49.55:827][  0]LogConfig: Setting CVar [[s.FlushStreamingOnExit:1]]
[2025.08.25-20.49.55:827][  0]LogConfig: Applying CVar settings from Section [/Script/Engine.GarbageCollectionSettings] File [C:/Users/Usuário/OneDrive/Documentos/Unreal Projects/Sorry/Saved/Config/Windows/Engine.ini]
[2025.08.25-20.49.55:827][  0]LogConfig: Setting CVar [[gc.MaxObjectsNotConsideredByGC:1]]
[2025.08.25-20.49.55:827][  0]LogConfig: Setting CVar [[gc.SizeOfPermanentObjectPool:0]]
[2025.08.25-20.49.55:828][  0]LogConfig: Setting CVar [[gc.FlushStreamingOnGC:0]]
[2025.08.25-20.49.55:828][  0]LogConfig: Setting CVar [[gc.NumRetriesBeforeForcingGC:10]]
[2025.08.25-20.49.55:828][  0]LogConfig: Setting CVar [[gc.AllowParallelGC:1]]
[2025.08.25-20.49.55:828][  0]LogConfig: Setting CVar [[gc.TimeBetweenPurgingPendingKillObjects:61.1]]
[2025.08.25-20.49.55:828][  0]LogConfig: Setting CVar [[gc.MaxObjectsInEditor:25165824]]
[2025.08.25-20.49.55:828][  0]LogConfig: Setting CVar [[gc.IncrementalBeginDestroyEnabled:1]]
[2025.08.25-20.49.55:828][  0]LogConfig: Setting CVar [[gc.CreateGCClusters:1]]
[2025.08.25-20.49.55:828][  0]LogConfig: Setting CVar [[gc.MinGCClusterSize:5]]
[2025.08.25-20.49.55:828][  0]LogConfig: Setting CVar [[gc.ActorClusteringEnabled:0]]
[2025.08.25-20.49.55:828][  0]LogConfig: Setting CVar [[gc.BlueprintClusteringEnabled:0]]
[2025.08.25-20.49.55:828][  0]LogConfig: Setting CVar [[gc.UseDisregardForGCOnDedicatedServers:0]]
[2025.08.25-20.49.55:828][  0]LogConfig: Setting CVar [[gc.MultithreadedDestructionEnabled:1]]
[2025.08.25-20.49.55:828][  0]LogConfig: Applying CVar settings from Section [/Script/Engine.NetworkSettings] File [C:/Users/Usuário/OneDrive/Documentos/Unreal Projects/Sorry/Saved/Config/Windows/Engine.ini]
[2025.08.25-20.49.55:828][  0]LogConfig: Applying CVar settings from Section [/Script/UnrealEd.CookerSettings] File [C:/Users/Usuário/OneDrive/Documentos/Unreal Projects/Sorry/Saved/Config/Windows/Engine.ini]
[2025.08.25-20.49.55:832][  0]LogConfig: Applying CVar settings from Section [ViewDistanceQuality@3] File [C:/Users/Usuário/OneDrive/Documentos/Unreal Projects/Sorry/Saved/Config/Windows/Scalability.ini]
[2025.08.25-20.49.55:832][  0]LogConfig: Setting CVar [[r.SkeletalMeshLODBias:0]]
[2025.08.25-20.49.55:832][  0]LogConfig: Setting CVar [[r.ViewDistanceScale:1.0]]
[2025.08.25-20.49.55:832][  0]LogConfig: Applying CVar settings from Section [AntiAliasingQuality@3] File [C:/Users/Usuário/OneDrive/Documentos/Unreal Projects/Sorry/Saved/Config/Windows/Scalability.ini]
[2025.08.25-20.49.55:832][  0]LogConfig: Setting CVar [[r.PostProcessAAQuality:4]]
[2025.08.25-20.49.55:832][  0]LogConfig: Applying CVar settings from Section [ShadowQuality@3] File [C:/Users/Usuário/OneDrive/Documentos/Unreal Projects/Sorry/Saved/Config/Windows/Scalability.ini]
[2025.08.25-20.49.55:832][  0]LogConfig: Setting CVar [[r.LightFunctionQuality:1]]
[2025.08.25-20.49.55:832][  0]LogConfig: Setting CVar [[r.ShadowQuality:5]]
[2025.08.25-20.49.55:832][  0]LogConfig: Setting CVar [[r.Shadow.CSM.MaxCascades:10]]
[2025.08.25-20.49.55:832][  0]LogConfig: Setting CVar [[r.Shadow.MaxResolution:2048]]
[2025.08.25-20.49.55:832][  0]LogConfig: Setting CVar [[r.Shadow.MaxCSMResolution:2048]]
[2025.08.25-20.49.55:832][  0]LogConfig: Setting CVar [[r.Shadow.RadiusThreshold:0.01]]
[2025.08.25-20.49.55:832][  0]LogConfig: Setting CVar [[r.Shadow.DistanceScale:1.0]]
[2025.08.25-20.49.55:832][  0]LogConfig: Setting CVar [[r.Shadow.CSM.TransitionScale:1.0]]
[2025.08.25-20.49.55:832][  0]LogConfig: Setting CVar [[r.Shadow.PreShadowResolutionFactor:1.0]]
[2025.08.25-20.49.55:832][  0]LogConfig: Setting CVar [[r.DistanceFieldShadowing:1]]
[2025.08.25-20.49.55:832][  0]LogConfig: Setting CVar [[r.DistanceFieldAO:1]]
[2025.08.25-20.49.55:832][  0]LogConfig: Setting CVar [[r.AOQuality:2]]
[2025.08.25-20.49.55:832][  0]LogConfig: Setting CVar [[r.VolumetricFog:1]]
[2025.08.25-20.49.55:832][  0]LogConfig: Setting CVar [[r.VolumetricFog.GridPixelSize:8]]
[2025.08.25-20.49.55:832][  0]LogConfig: Setting CVar [[r.VolumetricFog.GridSizeZ:128]]
[2025.08.25-20.49.55:832][  0]LogConfig: Setting CVar [[r.VolumetricFog.HistoryMissSupersampleCount:4]]
[2025.08.25-20.49.55:832][  0]LogConfig: Setting CVar [[r.LightMaxDrawDistanceScale:1]]
[2025.08.25-20.49.55:832][  0]LogConfig: Setting CVar [[r.CapsuleShadows:1]]
[2025.08.25-20.49.55:832][  0]LogConfig: Applying CVar settings from Section [PostProcessQuality@3] File [C:/Users/Usuário/OneDrive/Documentos/Unreal Projects/Sorry/Saved/Config/Windows/Scalability.ini]
[2025.08.25-20.49.55:832][  0]LogConfig: Setting CVar [[r.MotionBlurQuality:4]]
[2025.08.25-20.49.55:832][  0]LogConfig: Setting CVar [[r.AmbientOcclusionMipLevelFactor:0.4]]
[2025.08.25-20.49.55:832][  0]LogConfig: Setting CVar [[r.AmbientOcclusionMaxQuality:100]]
[2025.08.25-20.49.55:832][  0]LogConfig: Setting CVar [[r.AmbientOcclusionLevels:-1]]
[2025.08.25-20.49.55:832][  0]LogConfig: Setting CVar [[r.AmbientOcclusionRadiusScale:1.0]]
[2025.08.25-20.49.55:832][  0]LogConfig: Setting CVar [[r.DepthOfFieldQuality:2]]
[2025.08.25-20.49.55:832][  0]LogConfig: Setting CVar [[r.RenderTargetPoolMin:400]]
[2025.08.25-20.49.55:832][  0]LogConfig: Setting CVar [[r.LensFlareQuality:2]]
[2025.08.25-20.49.55:832][  0]LogConfig: Setting CVar [[r.SceneColorFringeQuality:1]]
[2025.08.25-20.49.55:833][  0]LogConfig: Setting CVar [[r.EyeAdaptationQuality:2]]
[2025.08.25-20.49.55:833][  0]LogConfig: Setting CVar [[r.BloomQuality:5]]
[2025.08.25-20.49.55:833][  0]LogConfig: Setting CVar [[r.FastBlurThreshold:100]]
[2025.08.25-20.49.55:833][  0]LogConfig: Setting CVar [[r.Upscale.Quality:3]]
[2025.08.25-20.49.55:833][  0]LogConfig: Setting CVar [[r.Tonemapper.GrainQuantization:1]]
[2025.08.25-20.49.55:833][  0]LogConfig: Setting CVar [[r.LightShaftQuality:1]]
[2025.08.25-20.49.55:833][  0]LogConfig: Setting CVar [[r.Filter.SizeScale:1]]
[2025.08.25-20.49.55:833][  0]LogConfig: Setting CVar [[r.Tonemapper.Quality:5]]
[2025.08.25-20.49.55:833][  0]LogConfig: Setting CVar [[r.DOF.Gather.AccumulatorQuality:1        ; higher gathering accumulator quality]]
[2025.08.25-20.49.55:833][  0]LogConfig: Setting CVar [[r.DOF.Gather.PostfilterMethod:1          ; Median3x3 postfilering method]]
[2025.08.25-20.49.55:833][  0]LogConfig: Setting CVar [[r.DOF.Gather.EnableBokehSettings:0       ; no bokeh simulation when gathering]]
[2025.08.25-20.49.55:833][  0]LogConfig: Setting CVar [[r.DOF.Gather.RingCount:4                 ; medium number of samples when gathering]]
[2025.08.25-20.49.55:833][  0]LogConfig: Setting CVar [[r.DOF.Scatter.ForegroundCompositing:1    ; additive foreground scattering]]
[2025.08.25-20.49.55:833][  0]LogConfig: Setting CVar [[r.DOF.Scatter.BackgroundCompositing:2    ; additive background scattering]]
[2025.08.25-20.49.55:833][  0]LogConfig: Setting CVar [[r.DOF.Scatter.EnableBokehSettings:1      ; bokeh simulation when scattering]]
[2025.08.25-20.49.55:833][  0]LogConfig: Setting CVar [[r.DOF.Scatter.MaxSpriteRatio:0.1         ; only a maximum of 10% of scattered bokeh]]
[2025.08.25-20.49.55:833][  0]LogConfig: Setting CVar [[r.DOF.Recombine.Quality:1                ; cheap slight out of focus]]
[2025.08.25-20.49.55:833][  0]LogConfig: Setting CVar [[r.DOF.Recombine.EnableBokehSettings:0    ; no bokeh simulation on slight out of focus]]
[2025.08.25-20.49.55:833][  0]LogConfig: Setting CVar [[r.DOF.TemporalAAQuality:1                ; more stable temporal accumulation]]
[2025.08.25-20.49.55:833][  0]LogConfig: Setting CVar [[r.DOF.Kernel.MaxForegroundRadius:0.025]]
[2025.08.25-20.49.55:833][  0]LogConfig: Setting CVar [[r.DOF.Kernel.MaxBackgroundRadius:0.025]]
[2025.08.25-20.49.55:833][  0]LogConfig: Applying CVar settings from Section [TextureQuality@3] File [C:/Users/Usuário/OneDrive/Documentos/Unreal Projects/Sorry/Saved/Config/Windows/Scalability.ini]
[2025.08.25-20.49.55:833][  0]LogConfig: Setting CVar [[r.Streaming.MipBias:0]]
[2025.08.25-20.49.55:833][  0]LogConfig: Setting CVar [[r.Streaming.AmortizeCPUToGPUCopy:0]]
[2025.08.25-20.49.55:833][  0]LogConfig: Setting CVar [[r.Streaming.MaxNumTexturesToStreamPerFrame:0]]
[2025.08.25-20.49.55:833][  0]LogConfig: Setting CVar [[r.Streaming.Boost:1]]
[2025.08.25-20.49.55:833][  0]LogConfig: Setting CVar [[r.MaxAnisotropy:8]]
[2025.08.25-20.49.55:833][  0]LogConfig: Setting CVar [[r.VT.MaxAnisotropy:8]]
[2025.08.25-20.49.55:833][  0]LogConfig: Setting CVar [[r.Streaming.LimitPoolSizeToVRAM:0]]
[2025.08.25-20.49.55:833][  0]LogConfig: Setting CVar [[r.Streaming.PoolSize:1000]]
[2025.08.25-20.49.55:833][  0]LogConfig: Setting CVar [[r.Streaming.MaxEffectiveScreenSize:0]]
[2025.08.25-20.49.55:833][  0]LogConfig: Applying CVar settings from Section [EffectsQuality@3] File [C:/Users/Usuário/OneDrive/Documentos/Unreal Projects/Sorry/Saved/Config/Windows/Scalability.ini]
[2025.08.25-20.49.55:833][  0]LogConfig: Setting CVar [[r.TranslucencyLightingVolumeDim:64]]
[2025.08.25-20.49.55:833][  0]LogConfig: Setting CVar [[r.RefractionQuality:2]]
[2025.08.25-20.49.55:833][  0]LogConfig: Setting CVar [[r.SSR.Quality:3]]
[2025.08.25-20.49.55:833][  0]LogConfig: Setting CVar [[r.SSR.HalfResSceneColor:0]]
[2025.08.25-20.49.55:833][  0]LogConfig: Setting CVar [[r.SceneColorFormat:4]]
[2025.08.25-20.49.55:833][  0]LogConfig: Setting CVar [[r.DetailMode:2]]
[2025.08.25-20.49.55:833][  0]LogConfig: Setting CVar [[r.TranslucencyVolumeBlur:1]]
[2025.08.25-20.49.55:833][  0]LogConfig: Setting CVar [[r.MaterialQualityLevel:1 ; High quality]]
[2025.08.25-20.49.55:833][  0]LogConfig: Setting CVar [[r.AnisotropicMaterials:1]]
[2025.08.25-20.49.55:833][  0]LogConfig: Setting CVar [[r.SSS.Scale:1]]
[2025.08.25-20.49.55:833][  0]LogConfig: Setting CVar [[r.SSS.SampleSet:2]]
[2025.08.25-20.49.55:833][  0]LogConfig: Setting CVar [[r.SSS.Quality:1]]
[2025.08.25-20.49.55:833][  0]LogConfig: Setting CVar [[r.SSS.HalfRes:0]]
[2025.08.25-20.49.55:833][  0]LogConfig: Setting CVar [[r.SSGI.Quality:3]]
[2025.08.25-20.49.55:833][  0]LogConfig: Setting CVar [[r.EmitterSpawnRateScale:1.0]]
[2025.08.25-20.49.55:833][  0]LogConfig: Setting CVar [[r.ParticleLightQuality:2]]
[2025.08.25-20.49.55:833][  0]LogConfig: Setting CVar [[r.SkyAtmosphere.AerialPerspectiveLUT.FastApplyOnOpaque:1 ; Always have FastSkyLUT 1 in this case to avoid wrong sky]]
[2025.08.25-20.49.55:833][  0]LogConfig: Setting CVar [[r.SkyAtmosphere.AerialPerspectiveLUT.SampleCountMaxPerSlice:4]]
[2025.08.25-20.49.55:833][  0]LogConfig: Setting CVar [[r.SkyAtmosphere.AerialPerspectiveLUT.DepthResolution:16.0]]
[2025.08.25-20.49.55:833][  0]LogConfig: Setting CVar [[r.SkyAtmosphere.FastSkyLUT:1]]
[2025.08.25-20.49.55:833][  0]LogConfig: Setting CVar [[r.SkyAtmosphere.FastSkyLUT.SampleCountMin:4.0]]
[2025.08.25-20.49.55:833][  0]LogConfig: Setting CVar [[r.SkyAtmosphere.FastSkyLUT.SampleCountMax:128.0]]
[2025.08.25-20.49.55:833][  0]LogConfig: Setting CVar [[r.SkyAtmosphere.SampleCountMin:4.0]]
[2025.08.25-20.49.55:833][  0]LogConfig: Setting CVar [[r.SkyAtmosphere.SampleCountMax:128.0]]
[2025.08.25-20.49.55:833][  0]LogConfig: Setting CVar [[r.SkyAtmosphere.TransmittanceLUT.UseSmallFormat:0]]
[2025.08.25-20.49.55:833][  0]LogConfig: Setting CVar [[r.SkyAtmosphere.TransmittanceLUT.SampleCount:10.0]]
[2025.08.25-20.49.55:833][  0]LogConfig: Setting CVar [[r.SkyAtmosphere.MultiScatteringLUT.SampleCount:15.0]]
[2025.08.25-20.49.55:833][  0]LogConfig: Setting CVar [[r.SkyLight.RealTimeReflectionCapture:1]]
[2025.08.25-20.49.55:833][  0]LogConfig: Applying CVar settings from Section [FoliageQuality@3] File [C:/Users/Usuário/OneDrive/Documentos/Unreal Projects/Sorry/Saved/Config/Windows/Scalability.ini]
[2025.08.25-20.49.55:833][  0]LogConfig: Setting CVar [[foliage.DensityScale:1.0]]
[2025.08.25-20.49.55:833][  0]LogConfig: Setting CVar [[grass.DensityScale:1.0]]
[2025.08.25-20.49.55:833][  0]LogConfig: Applying CVar settings from Section [ShadingQuality@3] File [C:/Users/Usuário/OneDrive/Documentos/Unreal Projects/Sorry/Saved/Config/Windows/Scalability.ini]
[2025.08.25-20.49.55:833][  0]LogConfig: Setting CVar [[r.HairStrands.SkyLighting.IntegrationType:2]]
[2025.08.25-20.49.55:833][  0]LogConfig: Setting CVar [[r.HairStrands.SkyAO.SampleCount:4]]
[2025.08.25-20.49.55:833][  0]LogConfig: Setting CVar [[r.HairStrands.Visibility.MSAA.SamplePerPixel:4]]
[2025.08.25-20.49.55:833][  0]LogInit: Selected Device Profile: [Windows]
[2025.08.25-20.49.55:833][  0]LogInit: Applying CVar settings loaded from the selected device profile: [Windows]
[2025.08.25-20.49.55:833][  0]LogHAL: Display: Platform has ~ 32 GB [33685835776 / 34359738368 / 32], which maps to Largest [LargestMinGB=32, LargerMinGB=12, DefaultMinGB=8, SmallerMinGB=6, SmallestMinGB=0)
[2025.08.25-20.49.55:833][  0]LogInit: Going up to parent DeviceProfile []
[2025.08.25-20.49.55:833][  0]LogConfig: Applying CVar settings from Section [ViewDistanceQuality@3] File [C:/Users/Usuário/OneDrive/Documentos/Unreal Projects/Sorry/Saved/Config/Windows/Scalability.ini]
[2025.08.25-20.49.55:833][  0]LogConfig: Setting CVar [[r.SkeletalMeshLODBias:0]]
[2025.08.25-20.49.55:833][  0]LogConfig: Setting CVar [[r.ViewDistanceScale:1.0]]
[2025.08.25-20.49.55:833][  0]LogConfig: Applying CVar settings from Section [AntiAliasingQuality@3] File [C:/Users/Usuário/OneDrive/Documentos/Unreal Projects/Sorry/Saved/Config/Windows/Scalability.ini]
[2025.08.25-20.49.55:833][  0]LogConfig: Setting CVar [[r.PostProcessAAQuality:4]]
[2025.08.25-20.49.55:833][  0]LogConfig: Applying CVar settings from Section [ShadowQuality@3] File [C:/Users/Usuário/OneDrive/Documentos/Unreal Projects/Sorry/Saved/Config/Windows/Scalability.ini]
[2025.08.25-20.49.55:833][  0]LogConfig: Setting CVar [[r.LightFunctionQuality:1]]
[2025.08.25-20.49.55:833][  0]LogConfig: Setting CVar [[r.ShadowQuality:5]]
[2025.08.25-20.49.55:833][  0]LogConfig: Setting CVar [[r.Shadow.CSM.MaxCascades:10]]
[2025.08.25-20.49.55:833][  0]LogConfig: Setting CVar [[r.Shadow.MaxResolution:2048]]
[2025.08.25-20.49.55:833][  0]LogConfig: Setting CVar [[r.Shadow.MaxCSMResolution:2048]]
[2025.08.25-20.49.55:833][  0]LogConfig: Setting CVar [[r.Shadow.RadiusThreshold:0.01]]
[2025.08.25-20.49.55:833][  0]LogConfig: Setting CVar [[r.Shadow.DistanceScale:1.0]]
[2025.08.25-20.49.55:833][  0]LogConfig: Setting CVar [[r.Shadow.CSM.TransitionScale:1.0]]
[2025.08.25-20.49.55:833][  0]LogConfig: Setting CVar [[r.Shadow.PreShadowResolutionFactor:1.0]]
[2025.08.25-20.49.55:833][  0]LogConfig: Setting CVar [[r.DistanceFieldShadowing:1]]
[2025.08.25-20.49.55:833][  0]LogConfig: Setting CVar [[r.DistanceFieldAO:1]]
[2025.08.25-20.49.55:833][  0]LogConfig: Setting CVar [[r.AOQuality:2]]
[2025.08.25-20.49.55:833][  0]LogConfig: Setting CVar [[r.VolumetricFog:1]]
[2025.08.25-20.49.55:833][  0]LogConfig: Setting CVar [[r.VolumetricFog.GridPixelSize:8]]
[2025.08.25-20.49.55:833][  0]LogConfig: Setting CVar [[r.VolumetricFog.GridSizeZ:128]]
[2025.08.25-20.49.55:833][  0]LogConfig: Setting CVar [[r.VolumetricFog.HistoryMissSupersampleCount:4]]
[2025.08.25-20.49.55:833][  0]LogConfig: Setting CVar [[r.LightMaxDrawDistanceScale:1]]
[2025.08.25-20.49.55:833][  0]LogConfig: Setting CVar [[r.CapsuleShadows:1]]
[2025.08.25-20.49.55:834][  0]LogConfig: Applying CVar settings from Section [PostProcessQuality@3] File [C:/Users/Usuário/OneDrive/Documentos/Unreal Projects/Sorry/Saved/Config/Windows/Scalability.ini]
[2025.08.25-20.49.55:834][  0]LogConfig: Setting CVar [[r.MotionBlurQuality:4]]
[2025.08.25-20.49.55:834][  0]LogConfig: Setting CVar [[r.AmbientOcclusionMipLevelFactor:0.4]]
[2025.08.25-20.49.55:834][  0]LogConfig: Setting CVar [[r.AmbientOcclusionMaxQuality:100]]
[2025.08.25-20.49.55:834][  0]LogConfig: Setting CVar [[r.AmbientOcclusionLevels:-1]]
[2025.08.25-20.49.55:834][  0]LogConfig: Setting CVar [[r.AmbientOcclusionRadiusScale:1.0]]
[2025.08.25-20.49.55:834][  0]LogConfig: Setting CVar [[r.DepthOfFieldQuality:2]]
[2025.08.25-20.49.55:834][  0]LogConfig: Setting CVar [[r.RenderTargetPoolMin:400]]
[2025.08.25-20.49.55:834][  0]LogConfig: Setting CVar [[r.LensFlareQuality:2]]
[2025.08.25-20.49.55:834][  0]LogConfig: Setting CVar [[r.SceneColorFringeQuality:1]]
[2025.08.25-20.49.55:834][  0]LogConfig: Setting CVar [[r.EyeAdaptationQuality:2]]
[2025.08.25-20.49.55:834][  0]LogConfig: Setting CVar [[r.BloomQuality:5]]
[2025.08.25-20.49.55:834][  0]LogConfig: Setting CVar [[r.FastBlurThreshold:100]]
[2025.08.25-20.49.55:834][  0]LogConfig: Setting CVar [[r.Upscale.Quality:3]]
[2025.08.25-20.49.55:834][  0]LogConfig: Setting CVar [[r.Tonemapper.GrainQuantization:1]]
[2025.08.25-20.49.55:834][  0]LogConfig: Setting CVar [[r.LightShaftQuality:1]]
[2025.08.25-20.49.55:834][  0]LogConfig: Setting CVar [[r.Filter.SizeScale:1]]
[2025.08.25-20.49.55:834][  0]LogConfig: Setting CVar [[r.Tonemapper.Quality:5]]
[2025.08.25-20.49.55:834][  0]LogConfig: Setting CVar [[r.DOF.Gather.AccumulatorQuality:1        ; higher gathering accumulator quality]]
[2025.08.25-20.49.55:834][  0]LogConfig: Setting CVar [[r.DOF.Gather.PostfilterMethod:1          ; Median3x3 postfilering method]]
[2025.08.25-20.49.55:834][  0]LogConfig: Setting CVar [[r.DOF.Gather.EnableBokehSettings:0       ; no bokeh simulation when gathering]]
[2025.08.25-20.49.55:834][  0]LogConfig: Setting CVar [[r.DOF.Gather.RingCount:4                 ; medium number of samples when gathering]]
[2025.08.25-20.49.55:834][  0]LogConfig: Setting CVar [[r.DOF.Scatter.ForegroundCompositing:1    ; additive foreground scattering]]
[2025.08.25-20.49.55:834][  0]LogConfig: Setting CVar [[r.DOF.Scatter.BackgroundCompositing:2    ; additive background scattering]]
[2025.08.25-20.49.55:834][  0]LogConfig: Setting CVar [[r.DOF.Scatter.EnableBokehSettings:1      ; bokeh simulation when scattering]]
[2025.08.25-20.49.55:834][  0]LogConfig: Setting CVar [[r.DOF.Scatter.MaxSpriteRatio:0.1         ; only a maximum of 10% of scattered bokeh]]
[2025.08.25-20.49.55:834][  0]LogConfig: Setting CVar [[r.DOF.Recombine.Quality:1                ; cheap slight out of focus]]
[2025.08.25-20.49.55:834][  0]LogConfig: Setting CVar [[r.DOF.Recombine.EnableBokehSettings:0    ; no bokeh simulation on slight out of focus]]
[2025.08.25-20.49.55:834][  0]LogConfig: Setting CVar [[r.DOF.TemporalAAQuality:1                ; more stable temporal accumulation]]
[2025.08.25-20.49.55:834][  0]LogConfig: Setting CVar [[r.DOF.Kernel.MaxForegroundRadius:0.025]]
[2025.08.25-20.49.55:834][  0]LogConfig: Setting CVar [[r.DOF.Kernel.MaxBackgroundRadius:0.025]]
[2025.08.25-20.49.55:834][  0]LogConfig: Applying CVar settings from Section [TextureQuality@3] File [C:/Users/Usuário/OneDrive/Documentos/Unreal Projects/Sorry/Saved/Config/Windows/Scalability.ini]
[2025.08.25-20.49.55:834][  0]LogConfig: Setting CVar [[r.Streaming.MipBias:0]]
[2025.08.25-20.49.55:834][  0]LogConfig: Setting CVar [[r.Streaming.AmortizeCPUToGPUCopy:0]]
[2025.08.25-20.49.55:834][  0]LogConfig: Setting CVar [[r.Streaming.MaxNumTexturesToStreamPerFrame:0]]
[2025.08.25-20.49.55:834][  0]LogConfig: Setting CVar [[r.Streaming.Boost:1]]
[2025.08.25-20.49.55:834][  0]LogConfig: Setting CVar [[r.MaxAnisotropy:8]]
[2025.08.25-20.49.55:834][  0]LogConfig: Setting CVar [[r.VT.MaxAnisotropy:8]]
[2025.08.25-20.49.55:834][  0]LogConfig: Setting CVar [[r.Streaming.LimitPoolSizeToVRAM:0]]
[2025.08.25-20.49.55:834][  0]LogConfig: Setting CVar [[r.Streaming.PoolSize:1000]]
[2025.08.25-20.49.55:834][  0]LogConfig: Setting CVar [[r.Streaming.MaxEffectiveScreenSize:0]]
[2025.08.25-20.49.55:834][  0]LogConfig: Applying CVar settings from Section [EffectsQuality@3] File [C:/Users/Usuário/OneDrive/Documentos/Unreal Projects/Sorry/Saved/Config/Windows/Scalability.ini]
[2025.08.25-20.49.55:834][  0]LogConfig: Setting CVar [[r.TranslucencyLightingVolumeDim:64]]
[2025.08.25-20.49.55:834][  0]LogConfig: Setting CVar [[r.RefractionQuality:2]]
[2025.08.25-20.49.55:834][  0]LogConfig: Setting CVar [[r.SSR.Quality:3]]
[2025.08.25-20.49.55:834][  0]LogConfig: Setting CVar [[r.SSR.HalfResSceneColor:0]]
[2025.08.25-20.49.55:834][  0]LogConfig: Setting CVar [[r.SceneColorFormat:4]]
[2025.08.25-20.49.55:834][  0]LogConfig: Setting CVar [[r.DetailMode:2]]
[2025.08.25-20.49.55:834][  0]LogConfig: Setting CVar [[r.TranslucencyVolumeBlur:1]]
[2025.08.25-20.49.55:834][  0]LogConfig: Setting CVar [[r.MaterialQualityLevel:1 ; High quality]]
[2025.08.25-20.49.55:834][  0]LogConfig: Setting CVar [[r.AnisotropicMaterials:1]]
[2025.08.25-20.49.55:834][  0]LogConfig: Setting CVar [[r.SSS.Scale:1]]
[2025.08.25-20.49.55:834][  0]LogConfig: Setting CVar [[r.SSS.SampleSet:2]]
[2025.08.25-20.49.55:834][  0]LogConfig: Setting CVar [[r.SSS.Quality:1]]
[2025.08.25-20.49.55:834][  0]LogConfig: Setting CVar [[r.SSS.HalfRes:0]]
[2025.08.25-20.49.55:834][  0]LogConfig: Setting CVar [[r.SSGI.Quality:3]]
[2025.08.25-20.49.55:834][  0]LogConfig: Setting CVar [[r.EmitterSpawnRateScale:1.0]]
[2025.08.25-20.49.55:834][  0]LogConfig: Setting CVar [[r.ParticleLightQuality:2]]
[2025.08.25-20.49.55:834][  0]LogConfig: Setting CVar [[r.SkyAtmosphere.AerialPerspectiveLUT.FastApplyOnOpaque:1 ; Always have FastSkyLUT 1 in this case to avoid wrong sky]]
[2025.08.25-20.49.55:834][  0]LogConfig: Setting CVar [[r.SkyAtmosphere.AerialPerspectiveLUT.SampleCountMaxPerSlice:4]]
[2025.08.25-20.49.55:834][  0]LogConfig: Setting CVar [[r.SkyAtmosphere.AerialPerspectiveLUT.DepthResolution:16.0]]
[2025.08.25-20.49.55:834][  0]LogConfig: Setting CVar [[r.SkyAtmosphere.FastSkyLUT:1]]
[2025.08.25-20.49.55:834][  0]LogConfig: Setting CVar [[r.SkyAtmosphere.FastSkyLUT.SampleCountMin:4.0]]
[2025.08.25-20.49.55:834][  0]LogConfig: Setting CVar [[r.SkyAtmosphere.FastSkyLUT.SampleCountMax:128.0]]
[2025.08.25-20.49.55:834][  0]LogConfig: Setting CVar [[r.SkyAtmosphere.SampleCountMin:4.0]]
[2025.08.25-20.49.55:834][  0]LogConfig: Setting CVar [[r.SkyAtmosphere.SampleCountMax:128.0]]
[2025.08.25-20.49.55:834][  0]LogConfig: Setting CVar [[r.SkyAtmosphere.TransmittanceLUT.UseSmallFormat:0]]
[2025.08.25-20.49.55:834][  0]LogConfig: Setting CVar [[r.SkyAtmosphere.TransmittanceLUT.SampleCount:10.0]]
[2025.08.25-20.49.55:834][  0]LogConfig: Setting CVar [[r.SkyAtmosphere.MultiScatteringLUT.SampleCount:15.0]]
[2025.08.25-20.49.55:834][  0]LogConfig: Setting CVar [[r.SkyLight.RealTimeReflectionCapture:1]]
[2025.08.25-20.49.55:834][  0]LogConfig: Applying CVar settings from Section [FoliageQuality@3] File [C:/Users/Usuário/OneDrive/Documentos/Unreal Projects/Sorry/Saved/Config/Windows/Scalability.ini]
[2025.08.25-20.49.55:834][  0]LogConfig: Setting CVar [[foliage.DensityScale:1.0]]
[2025.08.25-20.49.55:834][  0]LogConfig: Setting CVar [[grass.DensityScale:1.0]]
[2025.08.25-20.49.55:834][  0]LogConfig: Applying CVar settings from Section [ShadingQuality@3] File [C:/Users/Usuário/OneDrive/Documentos/Unreal Projects/Sorry/Saved/Config/Windows/Scalability.ini]
[2025.08.25-20.49.55:834][  0]LogConfig: Setting CVar [[r.HairStrands.SkyLighting.IntegrationType:2]]
[2025.08.25-20.49.55:834][  0]LogConfig: Setting CVar [[r.HairStrands.SkyAO.SampleCount:4]]
[2025.08.25-20.49.55:834][  0]LogConfig: Setting CVar [[r.HairStrands.Visibility.MSAA.SamplePerPixel:4]]
[2025.08.25-20.49.55:834][  0]LogConfig: Applying CVar settings from Section [Startup] File [../../../Engine/Config/ConsoleVariables.ini]
[2025.08.25-20.49.55:835][  0]LogConfig: Setting CVar [[net.UseAdaptiveNetUpdateFrequency:0]]
[2025.08.25-20.49.55:835][  0]LogConfig: Setting CVar [[p.chaos.AllowCreatePhysxBodies:1]]
[2025.08.25-20.49.55:835][  0]LogConfig: Setting CVar [[fx.SkipVectorVMBackendOptimizations:1]]
[2025.08.25-20.49.55:835][  0]LogConfig: Applying CVar settings from Section [ConsoleVariables] File [C:/Users/Usuário/OneDrive/Documentos/Unreal Projects/Sorry/Saved/Config/Windows/Engine.ini]
[2025.08.25-20.49.55:835][  0]LogConfig: Applying CVar settings from Section [ConsoleVariables] File [C:/Users/Usuário/OneDrive/Documentos/Unreal Projects/Sorry/Saved/Config/Windows/Editor.ini]
[2025.08.25-20.49.55:835][  0]LogInit: Computer: DESKTOP-0OESQN2
[2025.08.25-20.49.55:835][  0]LogInit: User: Usuário
[2025.08.25-20.49.55:835][  0]LogInit: CPU Page size=4096, Cores=8
[2025.08.25-20.49.55:835][  0]LogInit: High frequency timer resolution =10.000000 MHz
[2025.08.25-20.49.55:835][  0]LogMemory: Memory total: Physical=31.4GB (32GB approx)
[2025.08.25-20.49.55:835][  0]LogMemory: Platform Memory Stats for Windows
[2025.08.25-20.49.55:835][  0]LogMemory: Process Physical Memory: 151.37 MB used, 151.37 MB peak
[2025.08.25-20.49.55:835][  0]LogMemory: Process Virtual Memory: 131.87 MB used, 131.87 MB peak
[2025.08.25-20.49.55:835][  0]LogMemory: Physical Memory: 13922.62 MB used,  18202.70 MB free, 32125.32 MB total
[2025.08.25-20.49.55:835][  0]LogMemory: Virtual Memory: 134200000.00 MB used,  17726.68 MB free, 134217728.00 MB total
[2025.08.25-20.49.55:841][  0]LogWindows: WindowsPlatformFeatures enabled
[2025.08.25-20.49.55:891][  0]LogInit: Physics initialised using underlying interface: PhysX
[2025.08.25-20.49.55:892][  0]LogInit: Using OS detected language (pt-BR).
[2025.08.25-20.49.55:892][  0]LogInit: Using OS detected locale (pt-BR).
[2025.08.25-20.49.55:921][  0]LogTextLocalizationResource: LocRes '../../../Engine/Content/Localization/Editor/pt/Editor.locres' could not be opened for reading!
[2025.08.25-20.49.55:921][  0]LogTextLocalizationResource: LocRes '../../../Engine/Content/Localization/EditorTutorials/pt/EditorTutorials.locres' could not be opened for reading!
[2025.08.25-20.49.55:921][  0]LogTextLocalizationResource: LocRes '../../../Engine/Content/Localization/Keywords/pt/Keywords.locres' could not be opened for reading!
[2025.08.25-20.49.55:921][  0]LogTextLocalizationResource: LocRes '../../../Engine/Content/Localization/Category/pt/Category.locres' could not be opened for reading!
[2025.08.25-20.49.55:921][  0]LogTextLocalizationResource: LocRes '../../../Engine/Content/Localization/ToolTips/pt/ToolTips.locres' could not be opened for reading!
[2025.08.25-20.49.55:921][  0]LogTextLocalizationResource: LocRes '../../../Engine/Content/Localization/PropertyNames/pt/PropertyNames.locres' could not be opened for reading!
[2025.08.25-20.49.55:921][  0]LogTextLocalizationResource: LocRes '../../../Engine/Content/Localization/Engine/pt/Engine.locres' could not be opened for reading!
[2025.08.25-20.49.55:921][  0]LogTextLocalizationResource: LocRes '../../../Engine/Plugins/Online/OnlineSubsystem/Content/Localization/OnlineSubsystem/pt/OnlineSubsystem.locres' could not be opened for reading!
[2025.08.25-20.49.55:921][  0]LogTextLocalizationResource: LocRes '../../../Engine/Plugins/Online/OnlineSubsystemUtils/Content/Localization/OnlineSubsystemUtils/pt/OnlineSubsystemUtils.locres' could not be opened for reading!
[2025.08.25-20.49.55:921][  0]LogTextLocalizationResource: LocRes '../../../Engine/Plugins/Online/Android/OnlineSubsystemGooglePlay/Content/Localization/OnlineSubsystemGooglePlay/pt/OnlineSubsystemGooglePlay.locres' could not be opened for reading!
[2025.08.25-20.49.55:921][  0]LogTextLocalizationResource: LocRes '../../../Engine/Plugins/Online/IOS/OnlineSubsystemIOS/Content/Localization/OnlineSubsystemIOS/pt/OnlineSubsystemIOS.locres' could not be opened for reading!
[2025.08.25-20.49.55:930][  0]LogInit: Setting process to per monitor DPI aware
[2025.08.25-20.49.55:970][  0]LogWindowsTextInputMethodSystem: Display: IME system deactivated.
[2025.08.25-20.49.55:992][  0]LogSlate: New Slate User Created.  User Index 0, Is Virtual User: 0
[2025.08.25-20.49.55:992][  0]LogSlate: Slate User Registered.  User Index 0, Is Virtual User: 0
[2025.08.25-20.49.56:190][  0]LogD3D11RHI: Loaded GFSDK_Aftermath_Lib.x64.dll
[2025.08.25-20.49.56:246][  0]LogHMD: Failed to initialize OpenVR with code 110
[2025.08.25-20.49.56:246][  0]LogD3D11RHI: D3D11 min allowed feature level: 11_0
[2025.08.25-20.49.56:246][  0]LogD3D11RHI: D3D11 max allowed feature level: 11_0
[2025.08.25-20.49.56:246][  0]LogD3D11RHI: D3D11 adapters:
[2025.08.25-20.49.56:443][  0]LogD3D11RHI:    0. 'NVIDIA GeForce GTX 1650 Ti' (Feature Level 11_0)
[2025.08.25-20.49.56:443][  0]LogD3D11RHI:       3935/0/16062 MB DedicatedVideo/DedicatedSystem/SharedSystem, Outputs:1, VendorId:0x10de
[2025.08.25-20.49.56:472][  0]LogD3D11RHI:    1. 'AMD Radeon(TM) Graphics' (Feature Level 11_0)
[2025.08.25-20.49.56:473][  0]LogD3D11RHI:       496/0/16062 MB DedicatedVideo/DedicatedSystem/SharedSystem, Outputs:0, VendorId:0x1002
[2025.08.25-20.49.56:477][  0]LogD3D11RHI:    2. 'Microsoft Basic Render Driver' (Feature Level 11_0)
[2025.08.25-20.49.56:477][  0]LogD3D11RHI:       0/0/16062 MB DedicatedVideo/DedicatedSystem/SharedSystem, Outputs:0, VendorId:0x1414
[2025.08.25-20.49.56:477][  0]LogD3D11RHI: Chosen D3D11 Adapter:
[2025.08.25-20.49.56:477][  0]LogD3D11RHI:     Description : NVIDIA GeForce GTX 1650 Ti
[2025.08.25-20.49.56:477][  0]LogD3D11RHI:     VendorId    : 10de
[2025.08.25-20.49.56:477][  0]LogD3D11RHI:     DeviceId    : 1f95
[2025.08.25-20.49.56:477][  0]LogD3D11RHI:     SubSysId    : 14471025
[2025.08.25-20.49.56:477][  0]LogD3D11RHI:     Revision    : 00a1
[2025.08.25-20.49.56:477][  0]LogD3D11RHI:     DedicatedVideoMemory : 4126146560 bytes
[2025.08.25-20.49.56:477][  0]LogD3D11RHI:     DedicatedSystemMemory : 0 bytes
[2025.08.25-20.49.56:477][  0]LogD3D11RHI:     SharedSystemMemory : 16842917888 bytes
[2025.08.25-20.49.56:477][  0]LogD3D11RHI:     AdapterLuid : 0 57674
[2025.08.25-20.49.56:490][  0]LogD3D11RHI: Creating new Direct3DDevice
[2025.08.25-20.49.56:490][  0]LogD3D11RHI:     GPU DeviceId: 0x1f95 (for the marketing name, search the web for "GPU Device Id")
[2025.08.25-20.49.56:490][  0]LogWindows: EnumDisplayDevices:
[2025.08.25-20.49.56:490][  0]LogWindows:    0. 'AMD Radeon(TM) Graphics' (P:1 D:1)
[2025.08.25-20.49.56:490][  0]LogWindows:    1. 'AMD Radeon(TM) Graphics' (P:0 D:0)
[2025.08.25-20.49.56:491][  0]LogWindows:    2. 'AMD Radeon(TM) Graphics' (P:0 D:0)
[2025.08.25-20.49.56:491][  0]LogWindows:    3. 'NVIDIA GeForce GTX 1650 Ti' (P:0 D:0)
[2025.08.25-20.49.56:492][  0]LogWindows: DebugString: PrimaryIsNotTheChoosenAdapter PrimaryIsNotTheChoosenAdapter PrimaryIsNotTheChoosenAdapter 
[2025.08.25-20.49.56:492][  0]LogD3D11RHI:     Adapter Name: NVIDIA GeForce GTX 1650 Ti
[2025.08.25-20.49.56:492][  0]LogD3D11RHI:   Driver Version: 576.88 (internal:32.0.15.7688, unified:576.88)
[2025.08.25-20.49.56:492][  0]LogD3D11RHI:      Driver Date: 6-24-2025
[2025.08.25-20.49.56:492][  0]LogRHI: Texture pool is 2754 MB (70% of 3935 MB)
[2025.08.25-20.49.56:492][  0]LogD3D11RHI: Creating D3DDevice using adapter:
[2025.08.25-20.49.56:492][  0]LogD3D11RHI:     Description : NVIDIA GeForce GTX 1650 Ti
[2025.08.25-20.49.56:492][  0]LogD3D11RHI:     VendorId    : 10de
[2025.08.25-20.49.56:492][  0]LogD3D11RHI:     DeviceId    : 1f95
[2025.08.25-20.49.56:492][  0]LogD3D11RHI:     SubSysId    : 14471025
[2025.08.25-20.49.56:492][  0]LogD3D11RHI:     Revision    : 00a1
[2025.08.25-20.49.56:492][  0]LogD3D11RHI:     DedicatedVideoMemory : 4126146560 bytes
[2025.08.25-20.49.56:492][  0]LogD3D11RHI:     DedicatedSystemMemory : 0 bytes
[2025.08.25-20.49.56:492][  0]LogD3D11RHI:     SharedSystemMemory : 16842917888 bytes
[2025.08.25-20.49.56:492][  0]LogD3D11RHI:     AdapterLuid : 0 57674
[2025.08.25-20.49.56:647][  0]LogD3D11RHI: RHI has support for 64 bit atomics
[2025.08.25-20.49.56:647][  0]LogD3D11RHI: Async texture creation enabled
[2025.08.25-20.49.56:647][  0]LogD3D11RHI: Array index from any shader is supported
[2025.08.25-20.49.56:680][  0]LogD3D11RHI: GPU Timing Frequency: 1000.000000 (Debug: 2 2)
[2025.08.25-20.49.56:709][  0]LogRHI: GeForceNow SDK initialized: 1
[2025.08.25-20.49.57:015][  0]LogTargetPlatformManager: Display: Loaded TargetPlatform 'AllDesktop'
[2025.08.25-20.49.57:041][  0]LogTargetPlatformManager: Display: Loaded TargetPlatform 'Android'
[2025.08.25-20.49.57:041][  0]LogTargetPlatformManager: Display: Loaded TargetPlatform 'Android_ASTC'
[2025.08.25-20.49.57:041][  0]LogTargetPlatformManager: Display: Loaded TargetPlatform 'Android_DXT'
[2025.08.25-20.49.57:041][  0]LogTargetPlatformManager: Display: Loaded TargetPlatform 'Android_ETC2'
[2025.08.25-20.49.57:041][  0]LogTargetPlatformManager: Display: Loaded TargetPlatform 'AndroidClient'
[2025.08.25-20.49.57:041][  0]LogTargetPlatformManager: Display: Loaded TargetPlatform 'Android_ASTCClient'
[2025.08.25-20.49.57:041][  0]LogTargetPlatformManager: Display: Loaded TargetPlatform 'Android_DXTClient'
[2025.08.25-20.49.57:041][  0]LogTargetPlatformManager: Display: Loaded TargetPlatform 'Android_ETC2Client'
[2025.08.25-20.49.57:041][  0]LogTargetPlatformManager: Display: Loaded TargetPlatform 'Android_Multi'
[2025.08.25-20.49.57:041][  0]LogTargetPlatformManager: Display: Loaded TargetPlatform 'Android_MultiClient'
[2025.08.25-20.49.57:065][  0]LogTargetPlatformManager: Display: Loaded TargetPlatform 'IOSClient'
[2025.08.25-20.49.57:065][  0]LogTargetPlatformManager: Display: Loaded TargetPlatform 'IOS'
[2025.08.25-20.49.57:074][  0]LogTargetPlatformManager: Display: Loaded TargetPlatform 'Linux'
[2025.08.25-20.49.57:079][  0]LogTargetPlatformManager: Display: Loaded TargetPlatform 'LinuxNoEditor'
[2025.08.25-20.49.57:085][  0]LogTargetPlatformManager: Display: Loaded TargetPlatform 'LinuxClient'
[2025.08.25-20.49.57:091][  0]LogTargetPlatformManager: Display: Loaded TargetPlatform 'LinuxServer'
[2025.08.25-20.49.57:101][  0]LogTargetPlatformManager: Display: Loaded TargetPlatform 'LinuxAArch64NoEditor'
[2025.08.25-20.49.57:109][  0]LogTargetPlatformManager: Display: Loaded TargetPlatform 'LinuxAArch64Client'
[2025.08.25-20.49.57:115][  0]LogTargetPlatformManager: Display: Loaded TargetPlatform 'LinuxAArch64Server'
[2025.08.25-20.49.57:145][  0]LogTargetPlatformManager: Display: Loaded TargetPlatform 'Lumin'
[2025.08.25-20.49.57:145][  0]LogTargetPlatformManager: Display: Loaded TargetPlatform 'LuminClient'
[2025.08.25-20.49.57:158][  0]LogTargetPlatformManager: Display: Loaded TargetPlatform 'MacNoEditor'
[2025.08.25-20.49.57:165][  0]LogTargetPlatformManager: Display: Loaded TargetPlatform 'Mac'
[2025.08.25-20.49.57:173][  0]LogTargetPlatformManager: Display: Loaded TargetPlatform 'MacClient'
[2025.08.25-20.49.57:183][  0]LogTargetPlatformManager: Display: Loaded TargetPlatform 'MacServer'
[2025.08.25-20.49.57:198][  0]LogTargetPlatformManager: Display: Loaded TargetPlatform 'TVOSClient'
[2025.08.25-20.49.57:198][  0]LogTargetPlatformManager: Display: Loaded TargetPlatform 'TVOS'
[2025.08.25-20.49.57:209][  0]LogTargetPlatformManager: Display: Loaded TargetPlatform 'WindowsNoEditor'
[2025.08.25-20.49.57:215][  0]LogTargetPlatformManager: Display: Loaded TargetPlatform 'Windows'
[2025.08.25-20.49.57:227][  0]LogTargetPlatformManager: Display: Loaded TargetPlatform 'WindowsClient'
[2025.08.25-20.49.57:234][  0]LogTargetPlatformManager: Display: Loaded TargetPlatform 'WindowsServer'
[2025.08.25-20.49.57:234][  0]LogTargetPlatformManager: Display: Building Assets For Windows
[2025.08.25-20.49.57:250][  0]LogAudioDebug: Display: Lib vorbis DLL was dynamically loaded.
[2025.08.25-20.49.57:293][  0]LogTextureFormatOodle: Display: Oodle Texture 2.9.0 init RDO Off
[2025.08.25-20.49.57:335][  0]LogRendererCore: Ray tracing is disabled. Reason: r.RayTracing=0.
[2025.08.25-20.49.57:335][  0]LogShaderCompilers: Guid format shader working directory is -26 characters bigger than the processId version (../../../../../../Users/Usuário/OneDrive/Documentos/Unreal Projects/Sorry/Intermediate/Shaders/WorkingDirectory/26336/).
[2025.08.25-20.49.57:335][  0]LogShaderCompilers: Cleaned the shader compiler working directory 'C:/Users/Usuário/AppData/Local/Temp/UnrealShaderWorkingDir/B1C957C1482476579DE10297DA8676D1/'.
[2025.08.25-20.49.57:335][  0]LogXGEController: Cannot use XGE Controller as Incredibuild is not installed on this machine.
[2025.08.25-20.49.57:335][  0]LogShaderCompilers: Cannot use XGE Shader Compiler as Incredibuild is not installed on this machine.
[2025.08.25-20.49.57:335][  0]LogShaderCompilers: Display: Using Local Shader Compiler.
[2025.08.25-20.49.58:026][  0]LogDerivedDataCache: Display: Max Cache Size: 512 MB
[2025.08.25-20.49.58:087][  0]LogDerivedDataCache: Loaded boot cache 0.06s 94MB C:/Users/Usuário/AppData/Local/UnrealEngine/4.27/DerivedDataCache/Boot.ddc.
[2025.08.25-20.49.58:087][  0]LogDerivedDataCache: Display: Loaded Boot cache: C:/Users/Usuário/AppData/Local/UnrealEngine/4.27/DerivedDataCache/Boot.ddc
[2025.08.25-20.49.58:087][  0]LogDerivedDataCache: FDerivedDataBackendGraph:  Pak pak cache file ../../../../../../Users/Usuário/OneDrive/Documentos/Unreal Projects/Sorry/DerivedDataCache/DDC.ddp not found, will not use a pak cache.
[2025.08.25-20.49.58:087][  0]LogDerivedDataCache: Unable to find inner node Pak for hierarchical cache Hierarchy.
[2025.08.25-20.49.58:087][  0]LogDerivedDataCache: FDerivedDataBackendGraph:  CompressedPak pak cache file ../../../../../../Users/Usuário/OneDrive/Documentos/Unreal Projects/Sorry/DerivedDataCache/Compressed.ddp not found, will not use a pak cache.
[2025.08.25-20.49.58:087][  0]LogDerivedDataCache: Unable to find inner node CompressedPak for hierarchical cache Hierarchy.
[2025.08.25-20.49.58:106][  0]LogDerivedDataCache: Display: Pak cache opened for reading ../../../Engine/DerivedDataCache/Compressed.ddp.
[2025.08.25-20.49.58:106][  0]LogDerivedDataCache: FDerivedDataBackendGraph:  EnterprisePak pak cache file ../../../Enterprise/DerivedDataCache/Compressed.ddp not found, will not use a pak cache.
[2025.08.25-20.49.58:106][  0]LogDerivedDataCache: Unable to find inner node EnterprisePak for hierarchical cache Hierarchy.
[2025.08.25-20.49.58:128][  0]LogDerivedDataCache: Speed tests for C:/Users/Usuário/AppData/Local/UnrealEngine/Common/DerivedDataCache took 0.02 seconds
[2025.08.25-20.49.58:128][  0]LogDerivedDataCache: Display: Performance to C:/Users/Usuário/AppData/Local/UnrealEngine/Common/DerivedDataCache: Latency=0.03ms. RandomReadSpeed=815.59MBs, RandomWriteSpeed=45.58MBs. Assigned SpeedClass 'Local'
[2025.08.25-20.49.58:129][  0]LogDerivedDataCache: Using Local data cache path C:/Users/Usuário/AppData/Local/UnrealEngine/Common/DerivedDataCache: Writable
[2025.08.25-20.49.58:129][  0]LogDerivedDataCache: Shared data cache path not found in *engine.ini, will not use an Shared cache.
[2025.08.25-20.49.58:129][  0]LogDerivedDataCache: Unable to find inner node Shared for hierarchical cache Hierarchy.
[2025.08.25-20.49.58:174][  0]LogSlate: Using FreeType 2.10.0
[2025.08.25-20.49.58:174][  0]LogSlate: SlateFontServices - WITH_FREETYPE: 1, WITH_HARFBUZZ: 1
[2025.08.25-20.49.58:201][  0]LogAssetRegistry: FAssetRegistry took 0.0033 seconds to start up
[2025.08.25-20.49.58:479][  0]LogInit: Selected Device Profile: [Windows]
[2025.08.25-20.49.58:479][  0]LogInit: Active device profile: [000002AFC5FA6D00][000002AFC6B2A900 49] Windows
[2025.08.25-20.49.58:479][  0]LogInit: Profiles: [000002AFC5FA6D00][000002AFC6B2A900 49] Windows, [000002AFC5F49B00][000002AFBAB34A40 49] WindowsNoEditor, [000002AFC5FA6000][000002AFC4592B80 49] WindowsServer, [000002AFC5F4A700][000002AFBAB12D00 49] WindowsClient, [000002AFC5FA5A00][000002AFC6ABAE80 49] IOS, [000002AFC5F49500][000002AFC6ABF000 49] iPadAir, [000002AFC5FA7000][000002AFC471D180 49] iPadAir2, [000002AFC5EE9200][000002AFBA599440 49] IPadPro, [000002AFC5EE9300][000002AFC6B27480 49] iPadAir3, [000002AFC5F4B400][000002AFBA59D600 49] iPadAir4, [000002AFC5EEA000][000002AFC6AC3780 49] iPadMini2, [000002AFC5F49900][000002AFC6AC7900 49] iPadMini3, [000002AFC5EEAB00][000002AFBAE8DA80 49] iPadMini4, [000002AFC5F4B300][000002AFBAE91C00 49] iPadMini5, [000002AFC5EECB00][000002AFBAE98340 49] iPhone6, [000002AFC5EECC00][000002AFBAE94380 49] iPodTouch6, [000002AFC5FA4500][000002AFBAEA0640 49] iPhone7, [000002AFC5FA7800][000002AFBAE9C680 49] iPodTouch7, [000002AFC5EEBC00][000002AFBAEA4800 49] iPhone5S, [000002AFC5EE9E00][000002AFBAB0E940 49] iPhone6Plus, [000002AFC5EEFD00][000002AFBAEA8A80 49] iPhone6S, [000002AFC5EE8E00][000002AFBAEACBC0 49] iPhone6SPlus, [000002AFC5EEF600][000002AFBAEB0D00 49] iPhone7Plus, [000002AFC5EEAC00][000002AFC468EE80 49] iPhoneSE, [000002AFC5EEE100][000002AFC4693000 49] iPhone8, [000002AFC5EE9B00][000002AFC4697180 49] iPhone8Plus, [000002AFC5EEE700][000002AFC469B300 49] iPhoneX, [000002AFC5EE9F00][000002AFC469F480 49] iPhoneXS, [000002AFC5EECD00][000002AFC46A3600 49] iPhoneXSMax, [000002AFC5FA6A00][000002AFC46A7780 49] iPhoneXR, [000002AFC5EEEA00][000002AFC46AB900 49] iPhone11, [000002AFC5FA5100][000002AFC46AFA80 49] iPhone11Pro, [000002AFC5EEF400][000002AFAA29FC00 49] iPhone11ProMax, [000002AFC5FA7200][000002AFAA2A2200 49] iPhoneSE2, [000002AFC5EED500][000002AFAA2A6380 49] iPhone12Mini, [000002AFC5FA4F00][000002AFAA2AA500 49] iPhone12, [000002AFC5EEF700][000002AFAA2AE680 49] iPhone12Pro, [000002AFC5FA7400][000002AFAA2B2800 49] iPhone12ProMax, [000002AFC5EEC600][000002AFAA2B6980 49] iPadPro105, [000002AFC5FA5500][000002AFAA2BAB00 49] iPadPro129, [000002AFC5EEC200][000002AFC468AC40 49] iPadPro97, [000002AFC5FA4100][000002AFAA2BED80 49] iPadPro2_129, [000002AFC5EED700][000002AFAA2C2EC0 49] iPad5, [000002AFC5FA7600][000002AFAA2CB040 49] iPad6, [000002AFC5EED800][000002AFAA2CF1C0 49] iPad7, [000002AFC5FA5400][000002AFAA2D3340 49] iPad8, [000002AFC5EED900][000002AFAA2D74C0 49] iPadPro11, [000002AFC5FA6300][000002AFAA2DB640 49] iPadPro2_11, [000002AFC5EEE800][000002AFC6EE97C0 49] iPadPro3_129, [000002AFC5FA6400][000002AFC6EED940 49] iPadPro4_129, [000002AFC5EECA00][000002AFC6EF1AC0 49] AppleTV, [000002AFC5FA7A00][000002AFC6EF40C0 49] AppleTV4K, [000002AFC5EEC500][000002AFC6EF8240 49] TVOS, [000002AFC5FA6800][000002AFC6EFC3C0 49] Mac, [000002AFC5EEE400][000002AFC6F00540 49] MacClient, [000002AFC5FA6100][000002AFC6F046C0 49] MacNoEditor, [000002AFC5EEC800][000002AFC6F08840 49] MacServer, [000002AFC5FA5E00][000002AFC6F0C9C0 49] Linux, [000002AFC5EEEF00][000002AFC6F10B40 49] LinuxAArch64, [000002AFC5FA6900][000002AFC6F14CC0 49] LinuxNoEditor, [000002AFC5EEF300][000002AFAA2C6E00 49] LinuxAArch64NoEditor, [000002AFC5FA5700][000002AFC6F18F40 49] LinuxClient, [000002AFC5EED100][000002AFC6F1D080 49] LinuxAArch64Client, [000002AFC5FA5600][000002AFC6F211C0 49] LinuxServer, [000002AFC5EEC400][000002AFC6F29340 49] LinuxAArch64Server, [000002AFC5FA4B00][000002AFC6F2D4C0 49] Android, [000002AFC5EEDF00][000002AFC6F31640 49] Android_Low, [000002AFC5FA4600][000002AFC6F357C0 49] Android_Mid, [000002AFC5EED600][000002AFC6F39940 49] Android_High, [000002AFC5FA5200][000002AFC6F3DAC0 49] Android_Default, [000002AFC5EEE000][000002AFC676C0C0 49] Android_Adreno4xx, [000002AFC5FA4900][000002AFC6770240 49] Android_Adreno5xx_Low, [000002AFC5EEE900][000002AFC67743C0 49] Android_Adreno5xx, [000002AFC5EE9000][000002AFC6778540 49] Android_Adreno6xx, [000002AFC5F49700][000002AFC677C6C0 49] Android_Adreno6xx_Vulkan, [000002AFC5EE9A00][000002AFC6780840 49] Android_Mali_T6xx, [000002AFC5F49E00][000002AFC67849C0 49] Android_Mali_T7xx, [000002AFC5EEB500][000002AFC6788B40 49] Android_Mali_T8xx, [000002AFC5F4BE00][000002AFC678CCC0 49] Android_Mali_G71, [000002AFC5EE8B00][000002AFC6790E40 49] Android_Mali_G72, [000002AFC5F4AC00][000002AFC6F24F80 49] Android_Mali_G72_Vulkan, [000002AFC5EEA500][000002AFC67950C0 49] Android_Mali_G76, [000002AFC5F4A100][000002AFC6799200 49] Android_Mali_G76_Vulkan, [000002AFC5EE8900][000002AFC679D340 49] Android_Mali_G77, [000002AFC5F49400][000002AFC67A54C0 49] Android_Mali_G77_Vulkan, [000002AFC5EEB800][000002AFC67A9640 49] Android_Mali_G78, [000002AFC5F4AD00][000002AFC67AD7C0 49] Android_Mali_G78_Vulkan, [000002AFC5EE8F00][000002AFC67B1940 49] Android_Mali_G710, [000002AFC5F48100][000002AFC67B5AC0 49] Android_Mali_G710_Vulkan, [000002AFC5EE9500][000002AFC67B80C0 49] Android_Vulkan_SM5, [000002AFC5F48700][000002AFC67BC240 49] Android_PowerVR_G6xxx, [000002AFC5EE8C00][000002AFC67C03C0 49] Android_PowerVR_GT7xxx, [000002AFC5F4B800][000002AFC67C4540 49] Android_PowerVR_GE8xxx, [000002AFC5EEB300][000002AFC67C86C0 49] Android_PowerVR_GM9xxx, [000002AFC5F4A500][000002AFC67CC840 49] Android_PowerVR_GM9xxx_Vulkan, [000002AFC5EEA200][000002AFC67D09C0 49] Android_TegraK1, [000002AFC5F4BB00][000002AFC67D4B40 49] Android_Unknown_Vulkan, [000002AFC5EE9100][000002AFC67D8CC0 49] Lumin, [000002AFC5F4A200][000002AFC67DCE40 49] Lumin_Desktop, [000002AFC5EE8700][000002AFC67E0FC0 49] HoloLens, 
[2025.08.25-20.49.58:635][  0]LogMeshReduction: Using QuadricMeshReduction for automatic static mesh reduction
[2025.08.25-20.49.58:635][  0]LogMeshReduction: Using SimplygonMeshReduction for automatic skeletal mesh reduction
[2025.08.25-20.49.58:635][  0]LogMeshReduction: Using ProxyLODMeshReduction for automatic mesh merging
[2025.08.25-20.49.58:635][  0]LogMeshReduction: No distributed automatic mesh merging module available
[2025.08.25-20.49.58:635][  0]LogMeshMerging: No distributed automatic mesh merging module available
[2025.08.25-20.49.58:659][  0]LogNetVersion: Sorry 1.0.0, NetCL: 17155196, EngineNetVer: 17, GameNetVer: 0 (Checksum: 3363201869)
[2025.08.25-20.49.59:105][  0]LogTexture: Default maximum texture size for cubemaps generated from long-lat sources has been changed from 512 to unlimited. In order to preserve old behaiour for '/Engine/MapTemplates/Sky/DaylightAmbientCubemap.DaylightAmbientCubemap', its maximum texture size has been explicitly set to 512.
[2025.08.25-20.49.59:167][  0]LogHMD: PokeAHoleMaterial loaded successfully
[2025.08.25-20.49.59:173][  0]LogUObjectArray: 17178 objects as part of root set at end of initial load.
[2025.08.25-20.49.59:173][  0]LogUObjectAllocator: 4302048 out of 0 bytes used by permanent object pool.
[2025.08.25-20.49.59:173][  0]LogUObjectArray: CloseDisregardForGC: 0/0 objects in disregard for GC pool
[2025.08.25-20.49.59:539][  0]LogNiagaraDebuggerClient: Niagara Debugger Client Initialized | Session: E51282DC4587C76E7C66DEAB48152C5C | Instance: BBF844AD4E90F2582DB922B599639D47 (DESKTOP-0OESQN2-26336).
[2025.08.25-20.49.59:686][  0]LogTcpMessaging: Initializing TcpMessaging bridge
[2025.08.25-20.49.59:693][  0]LogUdpMessaging: Initializing bridge on interface 0.0.0.0:0 to multicast group 230.0.0.1:6666.
[2025.08.25-20.49.59:720][  0]LogPython: Using Python 3.7.7
[2025.08.25-20.50.00:798][  0]SourceControl: Controle de origem desativado
[2025.08.25-20.50.00:798][  0]SourceControl: Controle de origem desativado
[2025.08.25-20.50.00:827][  0]SourceControl: Controle de origem desativado
[2025.08.25-20.50.00:831][  0]SourceControl: Controle de origem desativado
[2025.08.25-20.50.00:840][  0]SourceControl: Controle de origem desativado
[2025.08.25-20.50.00:849][  0]LogUProjectInfo: Found projects:
[2025.08.25-20.50.00:858][  0]LogVSAccessor: Display: Unable to create Visual Studio setup instance: 80040154
[2025.08.25-20.50.00:859][  0]LogVSAccessor: Display: Unable to create Visual Studio setup instance: 80040154
[2025.08.25-20.50.00:861][  0]LogVSAccessor: Display: Unable to create Visual Studio setup instance: 80040154
[2025.08.25-20.50.00:866][  0]LogOpenImageDenoise: OIDN starting up
[2025.08.25-20.50.00:898][  0]LogAndroidPermission: UAndroidPermissionCallbackProxy::GetInstance
[2025.08.25-20.50.00:915][  0]LogAudioCaptureCore: Display: No Audio Capture implementations found. Audio input will be silent.
[2025.08.25-20.50.00:915][  0]LogAudioCaptureCore: Display: No Audio Capture implementations found. Audio input will be silent.
[2025.08.25-20.50.01:077][  0]LogCollectionManager: Loaded 0 collections in 0.001528 seconds
[2025.08.25-20.50.01:110][  0]LogFileCache: Scanning file cache for directory 'C:/Users/Usuário/OneDrive/Documentos/Unreal Projects/Sorry/Saved/Collections/' took 0.00s
[2025.08.25-20.50.01:110][  0]LogFileCache: Scanning file cache for directory 'C:/Users/Usuário/OneDrive/Documentos/Unreal Projects/Sorry/Content/Developers/Usuário/Collections/' took 0.00s
[2025.08.25-20.50.01:110][  0]LogFileCache: Scanning file cache for directory 'C:/Users/Usuário/OneDrive/Documentos/Unreal Projects/Sorry/Content/Collections/' took 0.00s
[2025.08.25-20.50.01:110][  0]LogOcInput: OculusInput pre-init called
[2025.08.25-20.50.01:396][  0]LogEngine: Initializing Engine...
[2025.08.25-20.50.01:400][  0]LogHMD: Failed to enumerate extensions. Please check that you have a valid OpenXR runtime installed.
[2025.08.25-20.50.01:401][  0]LogHMD: Failed to initialize OpenVR with code 110
[2025.08.25-20.50.01:401][  0]LogMagicLeap: Warning: VR disabled because ZI is not enabled.  To enable, in the editor, Edit -> Project Settings -> Plugins -> Magic Leap Plugin -> Enable Zero Iteration
[2025.08.25-20.50.01:402][  0]LogStats: UGameplayTagsManager::InitializeManager -  0.000 s
[2025.08.25-20.50.01:607][  0]LogInit: Initializing FReadOnlyCVARCache
[2025.08.25-20.50.01:619][  0]LogAIModule: Creating AISystem for world Untitled
[2025.08.25-20.50.01:620][  0]LogAudio: Display: Initializing Audio Device Manager...
[2025.08.25-20.50.01:627][  0]LogAudio: Display: Loading Default Audio Settings Objects...
[2025.08.25-20.50.01:628][  0]LogAudio: Display: No default SoundConcurrencyObject specified (or failed to load).
[2025.08.25-20.50.01:628][  0]LogAudio: Display: Audio Device Manager Initialized
[2025.08.25-20.50.01:628][  0]LogAudio: Display: Creating Audio Device:                 Id: 1, Scope: Shared, Realtime: True
[2025.08.25-20.50.01:628][  0]LogAudioMixer: Display: Audio Mixer Platform Settings:
[2025.08.25-20.50.01:628][  0]LogAudioMixer: Display: 	Sample Rate:						  48000
[2025.08.25-20.50.01:628][  0]LogAudioMixer: Display: 	Callback Buffer Frame Size Requested: 1024
[2025.08.25-20.50.01:628][  0]LogAudioMixer: Display: 	Callback Buffer Frame Size To Use:	  1024
[2025.08.25-20.50.01:628][  0]LogAudioMixer: Display: 	Number of buffers to queue:			  2
[2025.08.25-20.50.01:628][  0]LogAudioMixer: Display: 	Max Channels (voices):				  32
[2025.08.25-20.50.01:628][  0]LogAudioMixer: Display: 	Number of Async Source Workers:		  0
[2025.08.25-20.50.01:628][  0]LogAudio: Display: AudioDevice MaxSources: 32
[2025.08.25-20.50.01:630][  0]LogAudio: Display: Audio Spatialization Plugin: None (built-in).
[2025.08.25-20.50.01:630][  0]LogAudio: Display: Audio Reverb Plugin: None (built-in).
[2025.08.25-20.50.01:630][  0]LogAudio: Display: Audio Occlusion Plugin: None (built-in).
[2025.08.25-20.50.01:630][  0]LogAudioMixer: Display: Initializing audio mixer.
[2025.08.25-20.50.01:641][  0]LogAudioMixer: Display: 0: FrontLeft
[2025.08.25-20.50.01:641][  0]LogAudioMixer: Display: 1: FrontRight
[2025.08.25-20.50.01:668][  0]LogAudioMixer: Display: Using Audio Device Alto-falantes (Logi USB Headset)
[2025.08.25-20.50.01:673][  0]LogAudioMixer: Display: Initializing Sound Submixes...
[2025.08.25-20.50.01:678][  0]LogAudioMixer: Display: Creating Master Submix 'MasterSubmixDefault'
[2025.08.25-20.50.01:678][  0]LogAudioMixer: Display: Creating Master Submix 'MasterReverbSubmixDefault'
[2025.08.25-20.50.01:679][  0]LogAudioMixer: Display: Creating Master Submix 'MasterEQSubmixDefault'
[2025.08.25-20.50.01:680][  0]LogAudioMixer: FMixerPlatformXAudio2::StartAudioStream() called
[2025.08.25-20.50.01:680][  0]LogAudioMixer: Display: Output buffers initialized: Frames=1024, Channels=2, Samples=2048
[2025.08.25-20.50.01:680][  0]LogAudioMixer: Display: Starting AudioMixerPlatformInterface::RunInternal()
[2025.08.25-20.50.01:682][  0]LogAudioMixer: Display: FMixerPlatformXAudio2::SubmitBuffer() called for the first time
[2025.08.25-20.50.01:682][  0]LogInit: FAudioDevice initialized.
[2025.08.25-20.50.01:682][  0]LogAudio: Display: Audio Device (ID: 1) registered with world 'Untitled'.
[2025.08.25-20.50.01:682][  0]LogNetVersion: Set ProjectVersion to 1.0.0.0. Version Checksum will be recalculated on next use.
[2025.08.25-20.50.01:767][  0]LogDerivedDataCache: Saved boot cache 0.09s 94MB C:/Users/Usuário/AppData/Local/UnrealEngine/4.27/DerivedDataCache/Boot.ddc.
[2025.08.25-20.50.01:767][  0]LogInit: Texture streaming: Enabled
[2025.08.25-20.50.01:786][  0]LogAnalytics: Display: [UEEditor.Rocket.Release] APIServer = https://datarouter.ol.epicgames.com/. AppVersion = 4.27.2-18319896+++UE4+Release-4.27
[2025.08.25-20.50.01:790][  0]LogEngineSessionManager: EngineSessionManager initialized
[2025.08.25-20.50.01:790][  0]LogEditorSessionSummary: Verbose: Initializing EditorSessionSummaryWriter for editor session tracking
[2025.08.25-20.50.01:792][  0]LogEditorSessionSummary: EditorSessionSummaryWriter initialized
[2025.08.25-20.50.01:830][  0]LogInit: Transaction tracking system initialized
[2025.08.25-20.50.01:860][  0]BlueprintLog: New page: Carregar Editor
[2025.08.25-20.50.01:937][  0]LocalizationService: Localization service is disabled
[2025.08.25-20.50.01:967][  0]TimingProfiler: Initialize
[2025.08.25-20.50.01:967][  0]TimingProfiler: OnSessionChanged
[2025.08.25-20.50.01:967][  0]LoadingProfiler: Initialize
[2025.08.25-20.50.01:968][  0]LoadingProfiler: OnSessionChanged
[2025.08.25-20.50.01:968][  0]NetworkingProfiler: Initialize
[2025.08.25-20.50.01:968][  0]NetworkingProfiler: OnSessionChanged
[2025.08.25-20.50.01:968][  0]MemoryProfiler: Initialize
[2025.08.25-20.50.01:968][  0]MemoryProfiler: OnSessionChanged
[2025.08.25-20.50.02:039][  0]LogVSAccessor: Display: Unable to create Visual Studio setup instance: 80040154
[2025.08.25-20.50.02:040][  0]LogVSAccessor: Display: Unable to create Visual Studio setup instance: 80040154
[2025.08.25-20.50.02:040][  0]LogVSAccessor: Display: Unable to create Visual Studio setup instance: 80040154
[2025.08.25-20.50.02:152][  0]LogCook: Display: CookSettings for Memory: MemoryMaxUsedVirtual 0MiB, MemoryMaxUsedPhysical 16384MiB, MemoryMinFreeVirtual 0MiB, MemoryMinFreePhysical 1024MiB
[2025.08.25-20.50.02:152][  0]LogCook: Display: Mobile HDR setting 1
[2025.08.25-20.50.02:390][  0]LogFileCache: Scanning file cache for directory 'C:/Users/Usuário/OneDrive/Documentos/Unreal Projects/Sorry/Content/' took 0.01s
[2025.08.25-20.50.02:603][  0]LogInit: Display: Engine is initialized. Leaving FEngineLoop::Init()
[2025.08.25-20.50.02:607][  0]SourceControl: Controle de origem desativado
[2025.08.25-20.50.02:607][  0]LogUnrealEdMisc: Loading editor; pre map load, took 7.951
[2025.08.25-20.50.02:607][  0]Cmd: MAP LOAD FILE="../../../../../../Users/Usuário/OneDrive/Documentos/Unreal Projects/Sorry/Content/StarterContent/Maps/Minimal_Default.umap" TEMPLATE=0 SHOWPROGRESS=1 FEATURELEVEL=3
[2025.08.25-20.50.02:608][  0]LightingResults: New page: Compilação de Iluminação
[2025.08.25-20.50.02:610][  0]LogWorld: UWorld::CleanupWorld for Untitled, bSessionEnded=true, bCleanupResources=true
[2025.08.25-20.50.02:610][  0]LogSlate: InvalidateAllWidgets triggered.  All widgets were invalidated
[2025.08.25-20.50.02:610][  0]MapCheck: New page: Verificação de Mapa
[2025.08.25-20.50.02:610][  0]LightingResults: New page: Compilação de Iluminação
[2025.08.25-20.50.02:615][  0]LogAudio: Display: Audio Device unregistered from world 'None'.
[2025.08.25-20.50.02:620][  0]LogUObjectHash: Compacting FUObjectHashTables data took   0.92ms
[2025.08.25-20.50.02:786][  0]LogAudio: Display: Audio Device (ID: 1) registered with world 'Minimal_Default'.
[2025.08.25-20.50.02:786][  0]LogAIModule: Creating AISystem for world Minimal_Default
[2025.08.25-20.50.02:796][  0]LogEditorServer: Finished looking for orphan Actors (0.000 secs)
[2025.08.25-20.50.02:804][  0]LogUObjectHash: Compacting FUObjectHashTables data took   0.94ms
[2025.08.25-20.50.02:804][  0]Cmd: MAP CHECKDEP NOCLEARLOG
[2025.08.25-20.50.02:804][  0]MapCheck: Map check complete: 0 Error(s), 0 Warning(s), took 0,366ms to complete.
[2025.08.25-20.50.02:805][  0]LogFileHelpers: Loading map 'Minimal_Default' took 0.198
[2025.08.25-20.50.02:807][  0]LogUnrealEdMisc: Total Editor Startup Time, took 8.152
[2025.08.25-20.50.02:885][  0]LogSlate: Updating window title bar state: overlay mode, drag disabled, window buttons hidden, title bar hidden
[2025.08.25-20.50.02:894][  0]LogSlate: Updating window title bar state: overlay mode, drag disabled, window buttons hidden, title bar hidden
[2025.08.25-20.50.02:903][  0]LogSlate: Updating window title bar state: overlay mode, drag disabled, window buttons hidden, title bar hidden
[2025.08.25-20.50.02:911][  0]LogSlate: Updating window title bar state: overlay mode, drag disabled, window buttons hidden, title bar hidden
[2025.08.25-20.50.02:930][  0]LogNativeClassHierarchy: Verbose: Native class hierarchy populated in 0.0125 seconds. Added 3822 classes and 928 folders.
[2025.08.25-20.50.02:934][  0]LogNativeClassHierarchy: Verbose: Native class hierarchy updated for 'WidgetCarousel' in 0.0004 seconds. Added 0 classes and 0 folders.
[2025.08.25-20.50.02:938][  0]LogPakFile: PakFile PrimaryIndexSize=187
[2025.08.25-20.50.02:938][  0]LogPakFile: PakFile PathHashIndexSize=101
[2025.08.25-20.50.02:938][  0]LogPakFile: PakFile FullDirectoryIndexSize=148
[2025.08.25-20.50.02:938][  0]LogShaderLibrary: Display: ShaderCodeLibraryPakFileMountedCallback: PakFile 'C:/Program Files/Epic Games/UE_4.27/FeaturePacks/FP_FirstPerson.upack' (chunk index -1, root 'root:/') mounted
[2025.08.25-20.50.02:938][  0]LogShaderLibrary: Display: ShaderCodeLibraryPakFileMountedCallback: pending pak file info (ChunkID:-1 Root:root:/ File:C:/Program Files/Epic Games/UE_4.27/FeaturePacks/FP_FirstPerson.upack)
[2025.08.25-20.50.02:938][  0]LogPakFile: OnPakFileMounted2Time == 0.000054
[2025.08.25-20.50.02:939][  0]LogPakFile: PakFile PrimaryIndexSize=189
[2025.08.25-20.50.02:939][  0]LogPakFile: PakFile PathHashIndexSize=101
[2025.08.25-20.50.02:939][  0]LogPakFile: PakFile FullDirectoryIndexSize=152
[2025.08.25-20.50.02:939][  0]LogShaderLibrary: Display: ShaderCodeLibraryPakFileMountedCallback: PakFile 'C:/Program Files/Epic Games/UE_4.27/FeaturePacks/FP_FirstPersonBP.upack' (chunk index -1, root 'root:/') mounted
[2025.08.25-20.50.02:939][  0]LogShaderLibrary: Display: ShaderCodeLibraryPakFileMountedCallback: pending pak file info (ChunkID:-1 Root:root:/ File:C:/Program Files/Epic Games/UE_4.27/FeaturePacks/FP_FirstPersonBP.upack)
[2025.08.25-20.50.02:939][  0]LogPakFile: OnPakFileMounted2Time == 0.000067
[2025.08.25-20.50.02:940][  0]LogPakFile: PakFile PrimaryIndexSize=191
[2025.08.25-20.50.02:940][  0]LogPakFile: PakFile PathHashIndexSize=101
[2025.08.25-20.50.02:940][  0]LogPakFile: PakFile FullDirectoryIndexSize=160
[2025.08.25-20.50.02:940][  0]LogShaderLibrary: Display: ShaderCodeLibraryPakFileMountedCallback: PakFile 'C:/Program Files/Epic Games/UE_4.27/FeaturePacks/MobileStarterContent.upack' (chunk index -1, root 'root:/') mounted
[2025.08.25-20.50.02:940][  0]LogShaderLibrary: Display: ShaderCodeLibraryPakFileMountedCallback: pending pak file info (ChunkID:-1 Root:root:/ File:C:/Program Files/Epic Games/UE_4.27/FeaturePacks/MobileStarterContent.upack)
[2025.08.25-20.50.02:940][  0]LogPakFile: OnPakFileMounted2Time == 0.000050
[2025.08.25-20.50.02:941][  0]LogPakFile: PakFile PrimaryIndexSize=185
[2025.08.25-20.50.02:941][  0]LogPakFile: PakFile PathHashIndexSize=101
[2025.08.25-20.50.02:941][  0]LogPakFile: PakFile FullDirectoryIndexSize=148
[2025.08.25-20.50.02:941][  0]LogShaderLibrary: Display: ShaderCodeLibraryPakFileMountedCallback: PakFile 'C:/Program Files/Epic Games/UE_4.27/FeaturePacks/StarterContent.upack' (chunk index -1, root 'root:/') mounted
[2025.08.25-20.50.02:941][  0]LogShaderLibrary: Display: ShaderCodeLibraryPakFileMountedCallback: pending pak file info (ChunkID:-1 Root:root:/ File:C:/Program Files/Epic Games/UE_4.27/FeaturePacks/StarterContent.upack)
[2025.08.25-20.50.02:941][  0]LogPakFile: OnPakFileMounted2Time == 0.000049
[2025.08.25-20.50.02:942][  0]LogPakFile: PakFile PrimaryIndexSize=190
[2025.08.25-20.50.02:942][  0]LogPakFile: PakFile PathHashIndexSize=101
[2025.08.25-20.50.02:942][  0]LogPakFile: PakFile FullDirectoryIndexSize=154
[2025.08.25-20.50.02:942][  0]LogShaderLibrary: Display: ShaderCodeLibraryPakFileMountedCallback: PakFile 'C:/Program Files/Epic Games/UE_4.27/FeaturePacks/TP_2DSideScroller.upack' (chunk index -1, root 'root:/') mounted
[2025.08.25-20.50.02:942][  0]LogShaderLibrary: Display: ShaderCodeLibraryPakFileMountedCallback: pending pak file info (ChunkID:-1 Root:root:/ File:C:/Program Files/Epic Games/UE_4.27/FeaturePacks/TP_2DSideScroller.upack)
[2025.08.25-20.50.02:942][  0]LogPakFile: OnPakFileMounted2Time == 0.000115
[2025.08.25-20.50.02:943][  0]LogPakFile: PakFile PrimaryIndexSize=192
[2025.08.25-20.50.02:943][  0]LogPakFile: PakFile PathHashIndexSize=101
[2025.08.25-20.50.02:943][  0]LogPakFile: PakFile FullDirectoryIndexSize=158
[2025.08.25-20.50.02:943][  0]LogShaderLibrary: Display: ShaderCodeLibraryPakFileMountedCallback: PakFile 'C:/Program Files/Epic Games/UE_4.27/FeaturePacks/TP_2DSideScrollerBP.upack' (chunk index -1, root 'root:/') mounted
[2025.08.25-20.50.02:943][  0]LogShaderLibrary: Display: ShaderCodeLibraryPakFileMountedCallback: pending pak file info (ChunkID:-1 Root:root:/ File:C:/Program Files/Epic Games/UE_4.27/FeaturePacks/TP_2DSideScrollerBP.upack)
[2025.08.25-20.50.02:943][  0]LogPakFile: OnPakFileMounted2Time == 0.000051
[2025.08.25-20.50.02:944][  0]LogPakFile: PakFile PrimaryIndexSize=182
[2025.08.25-20.50.02:944][  0]LogPakFile: PakFile PathHashIndexSize=101
[2025.08.25-20.50.02:944][  0]LogPakFile: PakFile FullDirectoryIndexSize=138
[2025.08.25-20.50.02:944][  0]LogShaderLibrary: Display: ShaderCodeLibraryPakFileMountedCallback: PakFile 'C:/Program Files/Epic Games/UE_4.27/FeaturePacks/TP_Flying.upack' (chunk index -1, root 'root:/') mounted
[2025.08.25-20.50.02:944][  0]LogShaderLibrary: Display: ShaderCodeLibraryPakFileMountedCallback: pending pak file info (ChunkID:-1 Root:root:/ File:C:/Program Files/Epic Games/UE_4.27/FeaturePacks/TP_Flying.upack)
[2025.08.25-20.50.02:944][  0]LogPakFile: OnPakFileMounted2Time == 0.000037
[2025.08.25-20.50.02:945][  0]LogPakFile: PakFile PrimaryIndexSize=184
[2025.08.25-20.50.02:945][  0]LogPakFile: PakFile PathHashIndexSize=101
[2025.08.25-20.50.02:945][  0]LogPakFile: PakFile FullDirectoryIndexSize=142
[2025.08.25-20.50.02:945][  0]LogShaderLibrary: Display: ShaderCodeLibraryPakFileMountedCallback: PakFile 'C:/Program Files/Epic Games/UE_4.27/FeaturePacks/TP_FlyingBP.upack' (chunk index -1, root 'root:/') mounted
[2025.08.25-20.50.02:945][  0]LogShaderLibrary: Display: ShaderCodeLibraryPakFileMountedCallback: pending pak file info (ChunkID:-1 Root:root:/ File:C:/Program Files/Epic Games/UE_4.27/FeaturePacks/TP_FlyingBP.upack)
[2025.08.25-20.50.02:945][  0]LogPakFile: OnPakFileMounted2Time == 0.000038
[2025.08.25-20.50.02:945][  0]LogPakFile: PakFile PrimaryIndexSize=188
[2025.08.25-20.50.02:945][  0]LogPakFile: PakFile PathHashIndexSize=101
[2025.08.25-20.50.02:945][  0]LogPakFile: PakFile FullDirectoryIndexSize=150
[2025.08.25-20.50.02:945][  0]LogShaderLibrary: Display: ShaderCodeLibraryPakFileMountedCallback: PakFile 'C:/Program Files/Epic Games/UE_4.27/FeaturePacks/TP_HandheldARBP.upack' (chunk index -1, root 'root:/') mounted
[2025.08.25-20.50.02:945][  0]LogShaderLibrary: Display: ShaderCodeLibraryPakFileMountedCallback: pending pak file info (ChunkID:-1 Root:root:/ File:C:/Program Files/Epic Games/UE_4.27/FeaturePacks/TP_HandheldARBP.upack)
[2025.08.25-20.50.02:945][  0]LogPakFile: OnPakFileMounted2Time == 0.000052
[2025.08.25-20.50.02:947][  0]LogPakFile: PakFile PrimaryIndexSize=182
[2025.08.25-20.50.02:948][  0]LogPakFile: PakFile PathHashIndexSize=101
[2025.08.25-20.50.02:948][  0]LogPakFile: PakFile FullDirectoryIndexSize=138
[2025.08.25-20.50.02:948][  0]LogShaderLibrary: Display: ShaderCodeLibraryPakFileMountedCallback: PakFile 'C:/Program Files/Epic Games/UE_4.27/FeaturePacks/TP_Puzzle.upack' (chunk index -1, root 'root:/') mounted
[2025.08.25-20.50.02:948][  0]LogShaderLibrary: Display: ShaderCodeLibraryPakFileMountedCallback: pending pak file info (ChunkID:-1 Root:root:/ File:C:/Program Files/Epic Games/UE_4.27/FeaturePacks/TP_Puzzle.upack)
[2025.08.25-20.50.02:948][  0]LogPakFile: OnPakFileMounted2Time == 0.000042
[2025.08.25-20.50.02:949][  0]LogPakFile: PakFile PrimaryIndexSize=184
[2025.08.25-20.50.02:949][  0]LogPakFile: PakFile PathHashIndexSize=101
[2025.08.25-20.50.02:949][  0]LogPakFile: PakFile FullDirectoryIndexSize=142
[2025.08.25-20.50.02:949][  0]LogShaderLibrary: Display: ShaderCodeLibraryPakFileMountedCallback: PakFile 'C:/Program Files/Epic Games/UE_4.27/FeaturePacks/TP_PuzzleBP.upack' (chunk index -1, root 'root:/') mounted
[2025.08.25-20.50.02:949][  0]LogShaderLibrary: Display: ShaderCodeLibraryPakFileMountedCallback: pending pak file info (ChunkID:-1 Root:root:/ File:C:/Program Files/Epic Games/UE_4.27/FeaturePacks/TP_PuzzleBP.upack)
[2025.08.25-20.50.02:949][  0]LogPakFile: OnPakFileMounted2Time == 0.000057
[2025.08.25-20.50.02:950][  0]LogPakFile: PakFile PrimaryIndexSize=183
[2025.08.25-20.50.02:950][  0]LogPakFile: PakFile PathHashIndexSize=101
[2025.08.25-20.50.02:950][  0]LogPakFile: PakFile FullDirectoryIndexSize=140
[2025.08.25-20.50.02:950][  0]LogShaderLibrary: Display: ShaderCodeLibraryPakFileMountedCallback: PakFile 'C:/Program Files/Epic Games/UE_4.27/FeaturePacks/TP_Rolling.upack' (chunk index -1, root 'root:/') mounted
[2025.08.25-20.50.02:950][  0]LogShaderLibrary: Display: ShaderCodeLibraryPakFileMountedCallback: pending pak file info (ChunkID:-1 Root:root:/ File:C:/Program Files/Epic Games/UE_4.27/FeaturePacks/TP_Rolling.upack)
[2025.08.25-20.50.02:950][  0]LogPakFile: OnPakFileMounted2Time == 0.000043
[2025.08.25-20.50.02:951][  0]LogPakFile: PakFile PrimaryIndexSize=185
[2025.08.25-20.50.02:951][  0]LogPakFile: PakFile PathHashIndexSize=101
[2025.08.25-20.50.02:951][  0]LogPakFile: PakFile FullDirectoryIndexSize=144
[2025.08.25-20.50.02:951][  0]LogShaderLibrary: Display: ShaderCodeLibraryPakFileMountedCallback: PakFile 'C:/Program Files/Epic Games/UE_4.27/FeaturePacks/TP_RollingBP.upack' (chunk index -1, root 'root:/') mounted
[2025.08.25-20.50.02:951][  0]LogShaderLibrary: Display: ShaderCodeLibraryPakFileMountedCallback: pending pak file info (ChunkID:-1 Root:root:/ File:C:/Program Files/Epic Games/UE_4.27/FeaturePacks/TP_RollingBP.upack)
[2025.08.25-20.50.02:951][  0]LogPakFile: OnPakFileMounted2Time == 0.000058
[2025.08.25-20.50.02:953][  0]LogPakFile: PakFile PrimaryIndexSize=188
[2025.08.25-20.50.02:953][  0]LogPakFile: PakFile PathHashIndexSize=101
[2025.08.25-20.50.02:953][  0]LogPakFile: PakFile FullDirectoryIndexSize=150
[2025.08.25-20.50.02:953][  0]LogShaderLibrary: Display: ShaderCodeLibraryPakFileMountedCallback: PakFile 'C:/Program Files/Epic Games/UE_4.27/FeaturePacks/TP_SideScroller.upack' (chunk index -1, root 'root:/') mounted
[2025.08.25-20.50.02:953][  0]LogShaderLibrary: Display: ShaderCodeLibraryPakFileMountedCallback: pending pak file info (ChunkID:-1 Root:root:/ File:C:/Program Files/Epic Games/UE_4.27/FeaturePacks/TP_SideScroller.upack)
[2025.08.25-20.50.02:953][  0]LogPakFile: OnPakFileMounted2Time == 0.000070
[2025.08.25-20.50.02:954][  0]LogPakFile: PakFile PrimaryIndexSize=190
[2025.08.25-20.50.02:954][  0]LogPakFile: PakFile PathHashIndexSize=101
[2025.08.25-20.50.02:954][  0]LogPakFile: PakFile FullDirectoryIndexSize=154
[2025.08.25-20.50.02:954][  0]LogShaderLibrary: Display: ShaderCodeLibraryPakFileMountedCallback: PakFile 'C:/Program Files/Epic Games/UE_4.27/FeaturePacks/TP_SideScrollerBP.upack' (chunk index -1, root 'root:/') mounted
[2025.08.25-20.50.02:954][  0]LogShaderLibrary: Display: ShaderCodeLibraryPakFileMountedCallback: pending pak file info (ChunkID:-1 Root:root:/ File:C:/Program Files/Epic Games/UE_4.27/FeaturePacks/TP_SideScrollerBP.upack)
[2025.08.25-20.50.02:954][  0]LogPakFile: OnPakFileMounted2Time == 0.000065
[2025.08.25-20.50.02:955][  0]LogPakFile: PakFile PrimaryIndexSize=187
[2025.08.25-20.50.02:955][  0]LogPakFile: PakFile PathHashIndexSize=101
[2025.08.25-20.50.02:955][  0]LogPakFile: PakFile FullDirectoryIndexSize=148
[2025.08.25-20.50.02:955][  0]LogShaderLibrary: Display: ShaderCodeLibraryPakFileMountedCallback: PakFile 'C:/Program Files/Epic Games/UE_4.27/FeaturePacks/TP_ThirdPerson.upack' (chunk index -1, root 'root:/') mounted
[2025.08.25-20.50.02:955][  0]LogShaderLibrary: Display: ShaderCodeLibraryPakFileMountedCallback: pending pak file info (ChunkID:-1 Root:root:/ File:C:/Program Files/Epic Games/UE_4.27/FeaturePacks/TP_ThirdPerson.upack)
[2025.08.25-20.50.02:955][  0]LogPakFile: OnPakFileMounted2Time == 0.000055
[2025.08.25-20.50.02:956][  0]LogPakFile: PakFile PrimaryIndexSize=189
[2025.08.25-20.50.02:956][  0]LogPakFile: PakFile PathHashIndexSize=101
[2025.08.25-20.50.02:956][  0]LogPakFile: PakFile FullDirectoryIndexSize=152
[2025.08.25-20.50.02:956][  0]LogShaderLibrary: Display: ShaderCodeLibraryPakFileMountedCallback: PakFile 'C:/Program Files/Epic Games/UE_4.27/FeaturePacks/TP_ThirdPersonBP.upack' (chunk index -1, root 'root:/') mounted
[2025.08.25-20.50.02:956][  0]LogShaderLibrary: Display: ShaderCodeLibraryPakFileMountedCallback: pending pak file info (ChunkID:-1 Root:root:/ File:C:/Program Files/Epic Games/UE_4.27/FeaturePacks/TP_ThirdPersonBP.upack)
[2025.08.25-20.50.02:956][  0]LogPakFile: OnPakFileMounted2Time == 0.000039
[2025.08.25-20.50.02:957][  0]LogPakFile: PakFile PrimaryIndexSize=183
[2025.08.25-20.50.02:957][  0]LogPakFile: PakFile PathHashIndexSize=101
[2025.08.25-20.50.02:957][  0]LogPakFile: PakFile FullDirectoryIndexSize=140
[2025.08.25-20.50.02:957][  0]LogShaderLibrary: Display: ShaderCodeLibraryPakFileMountedCallback: PakFile 'C:/Program Files/Epic Games/UE_4.27/FeaturePacks/TP_TopDown.upack' (chunk index -1, root 'root:/') mounted
[2025.08.25-20.50.02:957][  0]LogShaderLibrary: Display: ShaderCodeLibraryPakFileMountedCallback: pending pak file info (ChunkID:-1 Root:root:/ File:C:/Program Files/Epic Games/UE_4.27/FeaturePacks/TP_TopDown.upack)
[2025.08.25-20.50.02:957][  0]LogPakFile: OnPakFileMounted2Time == 0.000051
[2025.08.25-20.50.02:958][  0]LogPakFile: PakFile PrimaryIndexSize=185
[2025.08.25-20.50.02:958][  0]LogPakFile: PakFile PathHashIndexSize=101
[2025.08.25-20.50.02:958][  0]LogPakFile: PakFile FullDirectoryIndexSize=144
[2025.08.25-20.50.02:958][  0]LogShaderLibrary: Display: ShaderCodeLibraryPakFileMountedCallback: PakFile 'C:/Program Files/Epic Games/UE_4.27/FeaturePacks/TP_TopDownBP.upack' (chunk index -1, root 'root:/') mounted
[2025.08.25-20.50.02:958][  0]LogShaderLibrary: Display: ShaderCodeLibraryPakFileMountedCallback: pending pak file info (ChunkID:-1 Root:root:/ File:C:/Program Files/Epic Games/UE_4.27/FeaturePacks/TP_TopDownBP.upack)
[2025.08.25-20.50.02:958][  0]LogPakFile: OnPakFileMounted2Time == 0.000071
[2025.08.25-20.50.02:959][  0]LogPakFile: PakFile PrimaryIndexSize=185
[2025.08.25-20.50.02:959][  0]LogPakFile: PakFile PathHashIndexSize=101
[2025.08.25-20.50.02:959][  0]LogPakFile: PakFile FullDirectoryIndexSize=144
[2025.08.25-20.50.02:959][  0]LogShaderLibrary: Display: ShaderCodeLibraryPakFileMountedCallback: PakFile 'C:/Program Files/Epic Games/UE_4.27/FeaturePacks/TP_TwinStick.upack' (chunk index -1, root 'root:/') mounted
[2025.08.25-20.50.02:959][  0]LogShaderLibrary: Display: ShaderCodeLibraryPakFileMountedCallback: pending pak file info (ChunkID:-1 Root:root:/ File:C:/Program Files/Epic Games/UE_4.27/FeaturePacks/TP_TwinStick.upack)
[2025.08.25-20.50.02:959][  0]LogPakFile: OnPakFileMounted2Time == 0.000052
[2025.08.25-20.50.02:960][  0]LogPakFile: PakFile PrimaryIndexSize=187
[2025.08.25-20.50.02:960][  0]LogPakFile: PakFile PathHashIndexSize=101
[2025.08.25-20.50.02:960][  0]LogPakFile: PakFile FullDirectoryIndexSize=148
[2025.08.25-20.50.02:960][  0]LogShaderLibrary: Display: ShaderCodeLibraryPakFileMountedCallback: PakFile 'C:/Program Files/Epic Games/UE_4.27/FeaturePacks/TP_TwinStickBP.upack' (chunk index -1, root 'root:/') mounted
[2025.08.25-20.50.02:960][  0]LogShaderLibrary: Display: ShaderCodeLibraryPakFileMountedCallback: pending pak file info (ChunkID:-1 Root:root:/ File:C:/Program Files/Epic Games/UE_4.27/FeaturePacks/TP_TwinStickBP.upack)
[2025.08.25-20.50.02:960][  0]LogPakFile: OnPakFileMounted2Time == 0.000055
[2025.08.25-20.50.02:961][  0]LogPakFile: PakFile PrimaryIndexSize=183
[2025.08.25-20.50.02:961][  0]LogPakFile: PakFile PathHashIndexSize=101
[2025.08.25-20.50.02:961][  0]LogPakFile: PakFile FullDirectoryIndexSize=140
[2025.08.25-20.50.02:961][  0]LogShaderLibrary: Display: ShaderCodeLibraryPakFileMountedCallback: PakFile 'C:/Program Files/Epic Games/UE_4.27/FeaturePacks/TP_Vehicle.upack' (chunk index -1, root 'root:/') mounted
[2025.08.25-20.50.02:961][  0]LogShaderLibrary: Display: ShaderCodeLibraryPakFileMountedCallback: pending pak file info (ChunkID:-1 Root:root:/ File:C:/Program Files/Epic Games/UE_4.27/FeaturePacks/TP_Vehicle.upack)
[2025.08.25-20.50.02:961][  0]LogPakFile: OnPakFileMounted2Time == 0.000042
[2025.08.25-20.50.02:963][  0]LogPakFile: PakFile PrimaryIndexSize=186
[2025.08.25-20.50.02:963][  0]LogPakFile: PakFile PathHashIndexSize=101
[2025.08.25-20.50.02:963][  0]LogPakFile: PakFile FullDirectoryIndexSize=146
[2025.08.25-20.50.02:963][  0]LogShaderLibrary: Display: ShaderCodeLibraryPakFileMountedCallback: PakFile 'C:/Program Files/Epic Games/UE_4.27/FeaturePacks/TP_VehicleAdv.upack' (chunk index -1, root 'root:/') mounted
[2025.08.25-20.50.02:963][  0]LogShaderLibrary: Display: ShaderCodeLibraryPakFileMountedCallback: pending pak file info (ChunkID:-1 Root:root:/ File:C:/Program Files/Epic Games/UE_4.27/FeaturePacks/TP_VehicleAdv.upack)
[2025.08.25-20.50.02:963][  0]LogPakFile: OnPakFileMounted2Time == 0.000040
[2025.08.25-20.50.02:963][  0]LogPakFile: PakFile PrimaryIndexSize=188
[2025.08.25-20.50.02:963][  0]LogPakFile: PakFile PathHashIndexSize=101
[2025.08.25-20.50.02:963][  0]LogPakFile: PakFile FullDirectoryIndexSize=150
[2025.08.25-20.50.02:963][  0]LogShaderLibrary: Display: ShaderCodeLibraryPakFileMountedCallback: PakFile 'C:/Program Files/Epic Games/UE_4.27/FeaturePacks/TP_VehicleAdvBP.upack' (chunk index -1, root 'root:/') mounted
[2025.08.25-20.50.02:963][  0]LogShaderLibrary: Display: ShaderCodeLibraryPakFileMountedCallback: pending pak file info (ChunkID:-1 Root:root:/ File:C:/Program Files/Epic Games/UE_4.27/FeaturePacks/TP_VehicleAdvBP.upack)
[2025.08.25-20.50.02:963][  0]LogPakFile: OnPakFileMounted2Time == 0.000040
[2025.08.25-20.50.02:964][  0]LogPakFile: PakFile PrimaryIndexSize=185
[2025.08.25-20.50.02:964][  0]LogPakFile: PakFile PathHashIndexSize=101
[2025.08.25-20.50.02:964][  0]LogPakFile: PakFile FullDirectoryIndexSize=144
[2025.08.25-20.50.02:964][  0]LogShaderLibrary: Display: ShaderCodeLibraryPakFileMountedCallback: PakFile 'C:/Program Files/Epic Games/UE_4.27/FeaturePacks/TP_VehicleBP.upack' (chunk index -1, root 'root:/') mounted
[2025.08.25-20.50.02:964][  0]LogShaderLibrary: Display: ShaderCodeLibraryPakFileMountedCallback: pending pak file info (ChunkID:-1 Root:root:/ File:C:/Program Files/Epic Games/UE_4.27/FeaturePacks/TP_VehicleBP.upack)
[2025.08.25-20.50.02:964][  0]LogPakFile: OnPakFileMounted2Time == 0.000069
[2025.08.25-20.50.02:966][  0]LogPakFile: PakFile PrimaryIndexSize=192
[2025.08.25-20.50.02:966][  0]LogPakFile: PakFile PathHashIndexSize=101
[2025.08.25-20.50.02:966][  0]LogPakFile: PakFile FullDirectoryIndexSize=158
[2025.08.25-20.50.02:966][  0]LogShaderLibrary: Display: ShaderCodeLibraryPakFileMountedCallback: PakFile 'C:/Program Files/Epic Games/UE_4.27/FeaturePacks/TP_VirtualRealityBP.upack' (chunk index -1, root 'root:/') mounted
[2025.08.25-20.50.02:966][  0]LogShaderLibrary: Display: ShaderCodeLibraryPakFileMountedCallback: pending pak file info (ChunkID:-1 Root:root:/ File:C:/Program Files/Epic Games/UE_4.27/FeaturePacks/TP_VirtualRealityBP.upack)
[2025.08.25-20.50.02:966][  0]LogPakFile: OnPakFileMounted2Time == 0.000038
[2025.08.25-20.50.03:044][  0]LogNativeClassHierarchy: Verbose: Native class hierarchy updated for 'AddContentDialog' in 0.0003 seconds. Added 0 classes and 0 folders.
[2025.08.25-20.50.03:047][  0]LogNativeClassHierarchy: Verbose: Native class hierarchy updated for 'SceneOutliner' in 0.0003 seconds. Added 2 classes and 0 folders.
[2025.08.25-20.50.03:111][  0]LogSlate: Took 0.000342 seconds to synchronously load lazily loaded font '../../../Engine/Content/Slate/Fonts/Roboto-Regular.ttf' (155K)
[2025.08.25-20.50.03:112][  0]LogSlate: Took 0.000340 seconds to synchronously load lazily loaded font '../../../Engine/Content/Editor/Slate/Fonts/FontAwesome.ttf' (139K)
[2025.08.25-20.50.03:113][  0]LogSlate: Took 0.000338 seconds to synchronously load lazily loaded font '../../../Engine/Content/Slate/Fonts/Roboto-Bold.ttf' (160K)
[2025.08.25-20.50.03:223][  0]LogRenderer: Reallocating scene render targets to support 992x372 Format 10 NumSamples 1 (Frame:1).
[2025.08.25-20.50.03:603][  0]LogNativeClassHierarchy: Verbose: Native class hierarchy updated for 'HierarchicalLODOutliner' in 0.0003 seconds. Added 0 classes and 0 folders.
[2025.08.25-20.50.03:603][  0]LogLoad: (Engine Initialization) Total time: 8.95 seconds
[2025.08.25-20.50.03:603][  0]LogLoad: (Engine Initialization) Total Blueprint compile time: 0.00 seconds
[2025.08.25-20.50.03:659][  0]LogAssetRegistry: Asset discovery search completed in 5.4592 seconds
[2025.08.25-20.50.03:667][  0]LogCollectionManager: Fixed up redirectors for 0 collections in 0.000005 seconds (updated 0 objects)
[2025.08.25-20.50.03:669][  0]LogContentStreaming: Texture pool size now 1000 MB
[2025.08.25-20.50.04:297][  2]LogSlate: Took 0.000430 seconds to synchronously load lazily loaded font '../../../Engine/Content/Slate/Fonts/Roboto-Light.ttf' (167K)
[2025.08.25-20.50.10:093][301]LogUObjectHash: Compacting FUObjectHashTables data took   1.29ms
[2025.08.25-20.50.10:145][301]LogSlate: Window 'Sorry - Unreal Editor' being destroyed
[2025.08.25-20.50.10:146][301]LogWindowsTextInputMethodSystem: Display: IME system deactivated.
[2025.08.25-20.50.10:266][302]Cmd: QUIT_EDITOR
[2025.08.25-20.50.10:267][302]LogCore: Engine exit requested (reason: UUnrealEdEngine::CloseEditor())
[2025.08.25-20.50.10:271][302]LogCore: Engine exit requested (reason: EngineExit() was called; note: exit was already requested)
[2025.08.25-20.50.10:274][302]LogAudio: Display: Beginning Audio Device Manager Shutdown (Module: AudioMixerXAudio2)...
[2025.08.25-20.50.10:274][302]LogAudio: Display: Destroying 1 Remaining Audio Device(s)...
[2025.08.25-20.50.10:274][302]LogAudio: Display: Audio Device unregistered from world 'Minimal_Default'.
[2025.08.25-20.50.10:274][302]LogAudioMixer: FMixerPlatformXAudio2::StopAudioStream() called
[2025.08.25-20.50.10:276][302]LogAudioMixer: FMixerPlatformXAudio2::StopAudioStream() called
[2025.08.25-20.50.10:277][302]LogAudio: Display: Audio Device Manager Shutdown
[2025.08.25-20.50.10:287][302]LogExit: Preparing to exit.
[2025.08.25-20.50.10:298][302]LogUObjectHash: Compacting FUObjectHashTables data took   1.51ms
[2025.08.25-20.50.10:840][302]LogDemo: Cleaned up 0 splitscreen connections with owner deletion
[2025.08.25-20.50.10:845][302]LogExit: Transaction tracking system shut down
[2025.08.25-20.50.10:848][302]LogExit: Editor shut down
[2025.08.25-20.50.11:071][302]LogExit: Object subsystem successfully closed.
[2025.08.25-20.50.11:119][302]LogShaderCompilers: Display: === FShaderJobCache stats ===
[2025.08.25-20.50.11:119][302]LogShaderCompilers: Display: Total job queries 0, among them cache hits 0 (0.00%)
[2025.08.25-20.50.11:119][302]LogShaderCompilers: Display: Tracking 0 distinct input hashes that result in 0 distinct outputs (0.00%)
[2025.08.25-20.50.11:119][302]LogShaderCompilers: Display: RAM used: 0.00 MB (0.00 GB) of 1638.40 MB (1.60 GB) budget. Usage: 0.00%
[2025.08.25-20.50.11:119][302]LogShaderCompilers: Display: ================================================
[2025.08.25-20.50.11:133][302]LogShaderCompilers: Display: Shaders left to compile 0
[2025.08.25-20.50.11:169][302]LogModuleManager: Shutting down and abandoning module HierarchicalLODOutliner (870)
[2025.08.25-20.50.11:169][302]LogModuleManager: Shutting down and abandoning module SceneOutliner (868)
[2025.08.25-20.50.11:169][302]LogModuleManager: Shutting down and abandoning module AddContentDialog (866)
[2025.08.25-20.50.11:169][302]LogModuleManager: Shutting down and abandoning module WidgetCarousel (865)
[2025.08.25-20.50.11:169][302]LogModuleManager: Shutting down and abandoning module EditorWidgets (862)
[2025.08.25-20.50.11:169][302]LogModuleManager: Shutting down and abandoning module StatsViewer (860)
[2025.08.25-20.50.11:169][302]LogModuleManager: Shutting down and abandoning module PIEPreviewDeviceProfileSelector (858)
[2025.08.25-20.50.11:169][302]LogModuleManager: Shutting down and abandoning module SequenceRecorderSections (856)
[2025.08.25-20.50.11:169][302]LogModuleManager: Shutting down and abandoning module AutomationWorker (854)
[2025.08.25-20.50.11:169][302]LogModuleManager: Shutting down and abandoning module SteamVREditor (852)
[2025.08.25-20.50.11:169][302]LogModuleManager: Shutting down and abandoning module OculusMR (850)
[2025.08.25-20.50.11:169][302]LogModuleManager: Shutting down and abandoning module TakeRecorderSources (848)
[2025.08.25-20.50.11:169][302]LogModuleManager: Shutting down and abandoning module TakeRecorder (847)
[2025.08.25-20.50.11:170][302]LogModuleManager: Shutting down and abandoning module TakeTrackRecorders (844)
[2025.08.25-20.50.11:170][302]LogModuleManager: Shutting down and abandoning module TakesCore (842)
[2025.08.25-20.50.11:170][302]LogModuleManager: Shutting down and abandoning module OpenXRInput (840)
[2025.08.25-20.50.11:170][302]LogModuleManager: Shutting down and abandoning module WmfMediaFactory (838)
[2025.08.25-20.50.11:170][302]LogModuleManager: Shutting down and abandoning module WmfMediaEditor (836)
[2025.08.25-20.50.11:170][302]LogModuleManager: Shutting down and abandoning module GooglePADEditor (834)
[2025.08.25-20.50.11:170][302]LogModuleManager: Shutting down and abandoning module AudioCaptureEditor (832)
[2025.08.25-20.50.11:170][302]LogModuleManager: Shutting down and abandoning module PlanarCut (830)
[2025.08.25-20.50.11:170][302]LogModuleManager: Shutting down and abandoning module WebMMediaFactory (828)
[2025.08.25-20.50.11:170][302]LogModuleManager: Shutting down and abandoning module WebMMediaEditor (826)
[2025.08.25-20.50.11:170][302]LogModuleManager: Shutting down and abandoning module WebMMedia (824)
[2025.08.25-20.50.11:170][302]LogModuleManager: Shutting down and abandoning module MediaPlayerEditor (822)
[2025.08.25-20.50.11:170][302]LogModuleManager: Shutting down and abandoning module MediaCompositingEditor (820)
[2025.08.25-20.50.11:170][302]LogModuleManager: Shutting down and abandoning module SequenceRecorder (819)
[2025.08.25-20.50.11:170][302]LogModuleManager: Shutting down and abandoning module OpenExrWrapper (816)
[2025.08.25-20.50.11:170][302]LogModuleManager: Shutting down and abandoning module ImgMediaFactory (814)
[2025.08.25-20.50.11:170][302]LogModuleManager: Shutting down and abandoning module ImgMediaEditor (812)
[2025.08.25-20.50.11:170][302]LogModuleManager: Shutting down and abandoning module CharacterAI (810)
[2025.08.25-20.50.11:170][302]LogModuleManager: Shutting down and abandoning module AndroidMediaFactory (808)
[2025.08.25-20.50.11:170][302]LogModuleManager: Shutting down and abandoning module AndroidMediaEditor (806)
[2025.08.25-20.50.11:170][302]LogModuleManager: Shutting down and abandoning module AvfMediaFactory (804)
[2025.08.25-20.50.11:170][302]LogModuleManager: Shutting down and abandoning module AvfMediaEditor (802)
[2025.08.25-20.50.11:170][302]LogModuleManager: Shutting down and abandoning module MagicLeapMediaCodecFactory (800)
[2025.08.25-20.50.11:170][302]LogModuleManager: Shutting down and abandoning module MagicLeapMediaFactory (798)
[2025.08.25-20.50.11:170][302]LogModuleManager: Shutting down and abandoning module MagicLeapMediaEditor (796)
[2025.08.25-20.50.11:170][302]LogModuleManager: Shutting down and abandoning module TemplateSequenceEditor (794)
[2025.08.25-20.50.11:170][302]LogModuleManager: Shutting down and abandoning module MatineeToLevelSequence (792)
[2025.08.25-20.50.11:170][302]LogModuleManager: Shutting down and abandoning module LevelSequenceEditor (790)
[2025.08.25-20.50.11:170][302]LogModuleManager: Shutting down and abandoning module ActorSequenceEditor (788)
[2025.08.25-20.50.11:170][302]LogModuleManager: Shutting down and abandoning module TextureAlignMode (786)
[2025.08.25-20.50.11:170][302]LogModuleManager: Shutting down and abandoning module BspMode (784)
[2025.08.25-20.50.11:170][302]LogModuleManager: Shutting down and abandoning module GeometryMode (782)
[2025.08.25-20.50.11:170][302]LogModuleManager: Shutting down and abandoning module CameraShakePreviewer (780)
[2025.08.25-20.50.11:170][302]LogModuleManager: Shutting down and abandoning module SmartSnapping (778)
[2025.08.25-20.50.11:170][302]LogModuleManager: Shutting down and abandoning module SessionServices (776)
[2025.08.25-20.50.11:170][302]LogModuleManager: Shutting down and abandoning module MeshPaint (774)
[2025.08.25-20.50.11:170][302]LogModuleManager: Shutting down and abandoning module VirtualTexturingEditor (772)
[2025.08.25-20.50.11:170][302]LogModuleManager: Shutting down and abandoning module FoliageEdit (770)
[2025.08.25-20.50.11:170][302]LogModuleManager: Shutting down and abandoning module LandscapeEditor (768)
[2025.08.25-20.50.11:171][302]LogModuleManager: Shutting down and abandoning module MeshPaintMode (766)
[2025.08.25-20.50.11:171][302]LogModuleManager: Shutting down and abandoning module SceneDepthPickerMode (764)
[2025.08.25-20.50.11:171][302]LogModuleManager: Shutting down and abandoning module ActorPickerMode (762)
[2025.08.25-20.50.11:171][302]LogModuleManager: Shutting down and abandoning module PlacementMode (760)
[2025.08.25-20.50.11:171][302]LogModuleManager: Shutting down and abandoning module ViewportSnapping (758)
[2025.08.25-20.50.11:171][302]LogModuleManager: Shutting down and abandoning module ViewportInteraction (756)
[2025.08.25-20.50.11:171][302]LogModuleManager: Shutting down and abandoning module ClothPainter (754)
[2025.08.25-20.50.11:171][302]LogModuleManager: Shutting down and abandoning module SkeletalMeshEditor (753)
[2025.08.25-20.50.11:171][302]LogModuleManager: Shutting down and abandoning module LogVisualizer (750)
[2025.08.25-20.50.11:171][302]LogModuleManager: Shutting down and abandoning module IntroTutorials (748)
[2025.08.25-20.50.11:171][302]LogModuleManager: Shutting down and abandoning module GameProjectGeneration (747)
[2025.08.25-20.50.11:171][302]LogModuleManager: Shutting down and abandoning module LuminPlatformEditor (744)
[2025.08.25-20.50.11:171][302]LogModuleManager: Shutting down and abandoning module IOSPlatformEditor (742)
[2025.08.25-20.50.11:171][302]LogModuleManager: Shutting down and abandoning module AndroidPlatformEditor (740)
[2025.08.25-20.50.11:171][302]LogModuleManager: Shutting down and abandoning module AndroidDeviceDetection (739)
[2025.08.25-20.50.12:016][302]LogModuleManager: Shutting down and abandoning module WindowsPlatformEditor (736)
[2025.08.25-20.50.12:016][302]LogModuleManager: Shutting down and abandoning module LuminRuntimeSettings (734)
[2025.08.25-20.50.12:016][302]LogModuleManager: Shutting down and abandoning module IOSRuntimeSettings (732)
[2025.08.25-20.50.12:016][302]LogModuleManager: Shutting down and abandoning module AndroidRuntimeSettings (730)
[2025.08.25-20.50.12:016][302]LogModuleManager: Shutting down and abandoning module TraceInsights (728)
[2025.08.25-20.50.12:016][302]MemoryProfiler: Shutdown
[2025.08.25-20.50.12:016][302]NetworkingProfiler: Shutdown
[2025.08.25-20.50.12:016][302]LoadingProfiler: Shutdown
[2025.08.25-20.50.12:016][302]TimingProfiler: Shutdown
[2025.08.25-20.50.12:016][302]LogModuleManager: Shutting down and abandoning module TraceServices (727)
[2025.08.25-20.50.12:017][302]LogModuleManager: Shutting down and abandoning module EditorInteractiveToolsFramework (724)
[2025.08.25-20.50.12:017][302]LogModuleManager: Shutting down and abandoning module TimeManagementEditor (722)
[2025.08.25-20.50.12:017][302]LogModuleManager: Shutting down and abandoning module InputBindingEditor (720)
[2025.08.25-20.50.12:017][302]LogModuleManager: Shutting down and abandoning module MergeActors (718)
[2025.08.25-20.50.12:017][302]LogModuleManager: Shutting down and abandoning module LocalizationDashboard (716)
[2025.08.25-20.50.12:017][302]LogModuleManager: Shutting down and abandoning module LocalizationService (715)
[2025.08.25-20.50.12:017][302]LogModuleManager: Shutting down and abandoning module HardwareTargeting (712)
[2025.08.25-20.50.12:017][302]LogModuleManager: Shutting down and abandoning module DeviceProfileEditor (710)
[2025.08.25-20.50.12:017][302]LogModuleManager: Shutting down and abandoning module UndoHistory (708)
[2025.08.25-20.50.12:017][302]LogModuleManager: Shutting down and abandoning module XmlParser (706)
[2025.08.25-20.50.12:017][302]LogModuleManager: Shutting down and abandoning module Blutility (704)
[2025.08.25-20.50.12:017][302]LogModuleManager: Shutting down and abandoning module ProjectSettingsViewer (702)
[2025.08.25-20.50.12:017][302]LogModuleManager: Shutting down and abandoning module ProjectTargetPlatformEditor (701)
[2025.08.25-20.50.12:017][302]LogModuleManager: Shutting down and abandoning module EditorSettingsViewer (698)
[2025.08.25-20.50.12:017][302]LogModuleManager: Shutting down and abandoning module InternationalizationSettings (697)
[2025.08.25-20.50.12:017][302]LogModuleManager: Shutting down and abandoning module SettingsEditor (694)
[2025.08.25-20.50.12:017][302]LogModuleManager: Shutting down and abandoning module ProjectLauncher (692)
[2025.08.25-20.50.12:017][302]LogModuleManager: Shutting down and abandoning module SessionFrontend (690)
[2025.08.25-20.50.12:017][302]LogModuleManager: Shutting down and abandoning module ProfilerClient (688)
[2025.08.25-20.50.12:017][302]LogModuleManager: Shutting down and abandoning module DeviceManager (686)
[2025.08.25-20.50.12:017][302]LogModuleManager: Shutting down and abandoning module TargetDeviceServices (685)
[2025.08.25-20.50.12:050][302]LogModuleManager: Shutting down and abandoning module AutomationController (682)
[2025.08.25-20.50.12:050][302]LogModuleManager: Shutting down and abandoning module AutomationWindow (680)
[2025.08.25-20.50.12:050][302]LogModuleManager: Shutting down and abandoning module Layers (678)
[2025.08.25-20.50.12:050][302]LogModuleManager: Shutting down and abandoning module ComponentVisualizers (676)
[2025.08.25-20.50.12:050][302]LogModuleManager: Shutting down and abandoning module DetailCustomizations (674)
[2025.08.25-20.50.12:050][302]LogModuleManager: Shutting down and abandoning module PackagesDialog (672)
[2025.08.25-20.50.12:050][302]LogModuleManager: Shutting down and abandoning module AnimationBlueprintEditor (670)
[2025.08.25-20.50.12:050][302]LogModuleManager: Shutting down and abandoning module Persona (668)
[2025.08.25-20.50.12:050][302]LogModuleManager: Shutting down and abandoning module AdvancedPreviewScene (667)
[2025.08.25-20.50.12:050][302]LogModuleManager: Shutting down and abandoning module AnimGraph (665)
[2025.08.25-20.50.12:050][302]LogModuleManager: Shutting down and abandoning module Kismet (662)
[2025.08.25-20.50.12:051][302]LogModuleManager: Shutting down and abandoning module KismetWidgets (661)
[2025.08.25-20.50.12:051][302]LogModuleManager: Shutting down and abandoning module GraphEditor (658)
[2025.08.25-20.50.12:051][302]LogModuleManager: Shutting down and abandoning module StructViewer (656)
[2025.08.25-20.50.12:051][302]LogModuleManager: Shutting down and abandoning module ClassViewer (654)
[2025.08.25-20.50.12:051][302]LogModuleManager: Shutting down and abandoning module Toolbox (652)
[2025.08.25-20.50.12:051][302]LogModuleManager: Shutting down and abandoning module ModuleUI (650)
[2025.08.25-20.50.12:051][302]LogModuleManager: Shutting down and abandoning module OutputLog (648)
[2025.08.25-20.50.12:051][302]LogModuleManager: Shutting down and abandoning module GammaUI (646)
[2025.08.25-20.50.12:051][302]LogModuleManager: Shutting down and abandoning module Documentation (644)
[2025.08.25-20.50.12:051][302]LogModuleManager: Shutting down and abandoning module LiveCoding (642)
[2025.08.25-20.50.12:051][302]LogModuleManager: Shutting down and abandoning module LevelSequence (640)
[2025.08.25-20.50.12:051][302]LogModuleManager: Shutting down and abandoning module MovieSceneTracks (638)
[2025.08.25-20.50.12:051][302]LogModuleManager: Shutting down and abandoning module MovieScene (636)
[2025.08.25-20.50.12:051][302]LogModuleManager: Shutting down and abandoning module StreamingPauseRendering (634)
[2025.08.25-20.50.12:051][302]LogModuleManager: Shutting down and abandoning module LauncherPlatform (632)
[2025.08.25-20.50.12:051][302]LogModuleManager: Shutting down and abandoning module AnalyticsET (630)
[2025.08.25-20.50.12:051][302]LogModuleManager: Shutting down and abandoning module PortalServices (628)
[2025.08.25-20.50.12:051][302]LogModuleManager: Shutting down and abandoning module PortalRpc (626)
[2025.08.25-20.50.12:051][302]LogModuleManager: Shutting down and abandoning module MessagingRpc (624)
[2025.08.25-20.50.12:051][302]LogModuleManager: Shutting down and abandoning module AudioMixerXAudio2 (622)
[2025.08.25-20.50.12:051][302]LogModuleManager: Shutting down and abandoning module AudioMixerCore (621)
[2025.08.25-20.50.12:051][302]LogModuleManager: Shutting down and abandoning module AIModule (618)
[2025.08.25-20.50.12:051][302]LogModuleManager: Shutting down and abandoning module GameplayDebugger (617)
[2025.08.25-20.50.12:051][302]LogModuleManager: Shutting down and abandoning module AITestSuite (615)
[2025.08.25-20.50.12:051][302]LogModuleManager: Shutting down and abandoning module NavigationSystem (613)
[2025.08.25-20.50.12:051][302]LogModuleManager: Shutting down and abandoning module ImageWriteQueue (610)
[2025.08.25-20.50.12:061][302]LogModuleManager: Shutting down and abandoning module ProfilerService (608)
[2025.08.25-20.50.12:119][302]LogModuleManager: Shutting down and abandoning module TaskGraph (606)
[2025.08.25-20.50.12:119][302]LogModuleManager: Shutting down and abandoning module AudioSynesthesiaEditor (604)
[2025.08.25-20.50.12:119][302]LogModuleManager: Shutting down and abandoning module OculusEditor (602)
[2025.08.25-20.50.12:119][302]LogModuleManager: Shutting down and abandoning module OculusInput (600)
[2025.08.25-20.50.12:119][302]LogModuleManager: Shutting down and abandoning module ContentBrowserFileDataSource (598)
[2025.08.25-20.50.12:119][302]LogModuleManager: Shutting down and abandoning module ContentBrowserClassDataSource (596)
[2025.08.25-20.50.12:119][302]LogModuleManager: Shutting down and abandoning module ContentBrowserAssetDataSource (594)
[2025.08.25-20.50.12:119][302]LogModuleManager: Shutting down and abandoning module CollectionManager (593)
[2025.08.25-20.50.12:120][302]LogModuleManager: Shutting down and abandoning module TakeSequencer (590)
[2025.08.25-20.50.12:120][302]LogModuleManager: Shutting down and abandoning module TakeMovieScene (588)
[2025.08.25-20.50.12:120][302]LogModuleManager: Shutting down and abandoning module SynthesisEditor (586)
[2025.08.25-20.50.12:120][302]LogModuleManager: Shutting down and abandoning module Synthesis (584)
[2025.08.25-20.50.12:120][302]LogModuleManager: Shutting down and abandoning module ProceduralMeshComponentEditor (582)
[2025.08.25-20.50.12:120][302]LogModuleManager: Shutting down and abandoning module ProceduralMeshComponent (580)
[2025.08.25-20.50.12:120][302]LogModuleManager: Shutting down and abandoning module ScreenshotTools (578)
[2025.08.25-20.50.12:120][302]LogModuleManager: Shutting down and abandoning module OpenXREditor (576)
[2025.08.25-20.50.12:120][302]LogModuleManager: Shutting down and abandoning module MobilePatchingUtils (574)
[2025.08.25-20.50.12:120][302]LogModuleManager: Shutting down and abandoning module GooglePAD (572)
[2025.08.25-20.50.12:120][302]LogModuleManager: Shutting down and abandoning module EditableMesh (570)
[2025.08.25-20.50.12:120][302]LogModuleManager: Shutting down and abandoning module CustomMeshComponent (568)
[2025.08.25-20.50.12:120][302]LogModuleManager: Shutting down and abandoning module CableComponent (566)
[2025.08.25-20.50.12:120][302]LogModuleManager: Shutting down and abandoning module AssetTags (564)
[2025.08.25-20.50.12:120][302]LogModuleManager: Shutting down and abandoning module ArchVisCharacter (562)
[2025.08.25-20.50.12:120][302]LogModuleManager: Shutting down and abandoning module AudioCapture (560)
[2025.08.25-20.50.12:120][302]LogModuleManager: Shutting down and abandoning module AudioCaptureRtAudio (559)
[2025.08.25-20.50.12:120][302]LogModuleManager: Shutting down and abandoning module AppleImageUtilsBlueprintSupport (556)
[2025.08.25-20.50.12:120][302]LogModuleManager: Shutting down and abandoning module AppleImageUtils (554)
[2025.08.25-20.50.12:120][302]LogModuleManager: Shutting down and abandoning module AndroidPermission (552)
[2025.08.25-20.50.12:120][302]LogModuleManager: Shutting down and abandoning module ActorLayerUtilitiesEditor (550)
[2025.08.25-20.50.12:120][302]LogModuleManager: Shutting down and abandoning module ActorLayerUtilities (548)
[2025.08.25-20.50.12:120][302]LogModuleManager: Shutting down and abandoning module MotoSynthEditor (546)
[2025.08.25-20.50.12:120][302]LogModuleManager: Shutting down and abandoning module MotoSynth (544)
[2025.08.25-20.50.12:120][302]LogModuleManager: Shutting down and abandoning module OpenImageDenoise (542)
[2025.08.25-20.50.12:120][302]LogOpenImageDenoise: OIDN shutting down
[2025.08.25-20.50.12:120][302]LogModuleManager: Shutting down and abandoning module MeshConversion (540)
[2025.08.25-20.50.12:120][302]LogModuleManager: Shutting down and abandoning module DynamicMesh (538)
[2025.08.25-20.50.12:120][302]LogModuleManager: Shutting down and abandoning module GeometryAlgorithms (536)
[2025.08.25-20.50.12:120][302]LogModuleManager: Shutting down and abandoning module GeometricObjects (534)
[2025.08.25-20.50.12:120][302]LogModuleManager: Shutting down and abandoning module VisualStudioSourceCodeAccess (532)
[2025.08.25-20.50.12:120][302]LogModuleManager: Shutting down and abandoning module VisualStudioCodeSourceCodeAccess (530)
[2025.08.25-20.50.12:120][302]LogModuleManager: Shutting down and abandoning module UObjectPlugin (528)
[2025.08.25-20.50.12:120][302]LogModuleManager: Shutting down and abandoning module SubversionSourceControl (526)
[2025.08.25-20.50.12:120][302]LogModuleManager: Shutting down and abandoning module RiderSourceCodeAccess (524)
[2025.08.25-20.50.12:120][302]LogModuleManager: Shutting down and abandoning module PerforceSourceControl (522)
[2025.08.25-20.50.12:120][302]LogModuleManager: Shutting down and abandoning module PluginUtils (520)
[2025.08.25-20.50.12:120][302]LogModuleManager: Shutting down and abandoning module PlasticSourceControl (518)
[2025.08.25-20.50.12:120][302]LogModuleManager: Shutting down and abandoning module MediaCompositing (516)
[2025.08.25-20.50.12:120][302]LogModuleManager: Shutting down and abandoning module ImgMedia (514)
[2025.08.25-20.50.12:120][302]LogModuleManager: Shutting down and abandoning module GitSourceControl (512)
[2025.08.25-20.50.12:120][302]LogModuleManager: Shutting down and abandoning module SourceControl (511)
[2025.08.25-20.50.12:120][302]LogModuleManager: Shutting down and abandoning module GeometryCollectionTracks (508)
[2025.08.25-20.50.12:120][302]LogModuleManager: Shutting down and abandoning module GeometryCollectionSequencer (507)
[2025.08.25-20.50.12:120][302]LogModuleManager: Shutting down and abandoning module GeometryCollectionEditor (504)
[2025.08.25-20.50.12:120][302]LogModuleManager: Shutting down and abandoning module GeometryCacheTracks (502)
[2025.08.25-20.50.12:120][302]LogModuleManager: Shutting down and abandoning module GeometryCacheStreamer (500)
[2025.08.25-20.50.12:120][302]LogModuleManager: Shutting down and abandoning module GeometryCacheSequencer (498)
[2025.08.25-20.50.12:120][302]LogModuleManager: Shutting down and abandoning module CLionSourceCodeAccess (496)
[2025.08.25-20.50.12:120][302]LogModuleManager: Shutting down and abandoning module FractureEditor (494)
[2025.08.25-20.50.12:120][302]LogModuleManager: Shutting down and abandoning module ChaosSolverEditor (492)
[2025.08.25-20.50.12:120][302]LogModuleManager: Shutting down and abandoning module ChaosNiagara (490)
[2025.08.25-20.50.12:120][302]LogModuleManager: Shutting down and abandoning module FieldSystemEngine (489)
[2025.08.25-20.50.12:120][302]LogModuleManager: Shutting down and abandoning module MagicLeapSharedWorld (486)
[2025.08.25-20.50.12:120][302]LogModuleManager: Shutting down and abandoning module ChaosClothEditor (484)
[2025.08.25-20.50.12:120][302]LogModuleManager: Shutting down and abandoning module MagicLeapLightEstimation (482)
[2025.08.25-20.50.12:120][302]LogModuleManager: Shutting down and abandoning module TemplateSequence (480)
[2025.08.25-20.50.12:120][302]LogModuleManager: Shutting down and abandoning module BackChannel (478)
[2025.08.25-20.50.12:120][302]LogModuleManager: Shutting down and abandoning module AlembicImporter (476)
[2025.08.25-20.50.12:120][302]LogModuleManager: Shutting down and abandoning module AlembicLibrary (475)
[2025.08.25-20.50.12:120][302]LogModuleManager: Shutting down and abandoning module GeometryCache (474)
[2025.08.25-20.50.12:120][302]LogModuleManager: Shutting down and abandoning module GeometryCacheEd (473)
[2025.08.25-20.50.12:120][302]LogModuleManager: Shutting down and abandoning module AutomationUtilsEditor (468)
[2025.08.25-20.50.12:120][302]LogModuleManager: Shutting down and abandoning module AutomationUtils (466)
[2025.08.25-20.50.12:120][302]LogModuleManager: Shutting down and abandoning module MagicLeapHelperVulkan (464)
[2025.08.25-20.50.12:120][302]LogModuleManager: Shutting down and abandoning module MagicLeapHelperOpenGL (462)
[2025.08.25-20.50.12:120][302]LogModuleManager: Shutting down and abandoning module MagicLeapAudio (460)
[2025.08.25-20.50.12:120][302]LogModuleManager: Shutting down and abandoning module VariantManagerContentEditor (458)
[2025.08.25-20.50.12:120][302]LogModuleManager: Shutting down and abandoning module NiagaraEditorWidgets (456)
[2025.08.25-20.50.12:121][302]LogModuleManager: Shutting down and abandoning module AnimationSharingEd (454)
[2025.08.25-20.50.12:121][302]LogModuleManager: Shutting down and abandoning module DatasmithContentEditor (452)
[2025.08.25-20.50.12:121][302]LogModuleManager: Shutting down and abandoning module SpeedTreeImporter (450)
[2025.08.25-20.50.12:121][302]LogModuleManager: Shutting down and abandoning module MaterialAnalyzer (448)
[2025.08.25-20.50.12:121][302]LogModuleManager: Shutting down and abandoning module PluginBrowser (446)
[2025.08.25-20.50.12:121][302]LogModuleManager: Shutting down and abandoning module MobileLauncherProfileWizard (444)
[2025.08.25-20.50.12:121][302]LogModuleManager: Shutting down and abandoning module CurveEditorTools (442)
[2025.08.25-20.50.12:121][302]LogModuleManager: Shutting down and abandoning module OodleNetworkHandlerComponent (440)
[2025.08.25-20.50.12:121][302]LogModuleManager: Shutting down and abandoning module CryptoKeysOpenSSL (438)
[2025.08.25-20.50.12:121][302]LogModuleManager: Shutting down and abandoning module CryptoKeys (436)
[2025.08.25-20.50.12:121][302]LogModuleManager: Shutting down and abandoning module LightPropagationVolumeEditor (434)
[2025.08.25-20.50.12:121][302]LogModuleManager: Shutting down and abandoning module LiveLinkSequencer (432)
[2025.08.25-20.50.12:121][302]LogModuleManager: Shutting down and abandoning module LiveLinkMovieScene (430)
[2025.08.25-20.50.12:121][302]LogModuleManager: Shutting down and abandoning module LiveLinkGraphNode (428)
[2025.08.25-20.50.12:121][302]LogModuleManager: Shutting down and abandoning module LiveLinkEditor (426)
[2025.08.25-20.50.12:121][302]LogModuleManager: Shutting down and abandoning module LiveLinkComponents (424)
[2025.08.25-20.50.12:121][302]LogModuleManager: Shutting down and abandoning module LiveLink (422)
[2025.08.25-20.50.12:380][302]LogModuleManager: Shutting down and abandoning module PaperTiledImporter (420)
[2025.08.25-20.50.12:380][302]LogModuleManager: Shutting down and abandoning module PaperSpriteSheetImporter (418)
[2025.08.25-20.50.12:380][302]LogModuleManager: Shutting down and abandoning module Paper2DEditor (416)
[2025.08.25-20.50.12:381][302]LogModuleManager: Shutting down and abandoning module MeshPaintingToolset (414)
[2025.08.25-20.50.12:381][302]LogModuleManager: Shutting down and abandoning module MeshPaintEditorMode (412)
[2025.08.25-20.50.12:381][302]LogModuleManager: Shutting down and abandoning module SoundFields (410)
[2025.08.25-20.50.12:381][302]LogModuleManager: Shutting down and abandoning module SignificanceManager (408)
[2025.08.25-20.50.12:381][302]LogModuleManager: Shutting down and abandoning module RuntimePhysXCooking (406)
[2025.08.25-20.50.12:381][302]LogModuleManager: Shutting down and abandoning module PropertyAccessEditor (404)
[2025.08.25-20.50.12:381][302]LogModuleManager: Shutting down and abandoning module PhysXVehiclesEditor (402)
[2025.08.25-20.50.12:381][302]LogModuleManager: Shutting down and abandoning module LocationServicesBPLibrary (398)
[2025.08.25-20.50.12:381][302]LogModuleManager: Shutting down and abandoning module AudioSynesthesia (396)
[2025.08.25-20.50.12:381][302]LogModuleManager: Shutting down and abandoning module AudioSynesthesiaCore (394)
[2025.08.25-20.50.12:381][302]LogModuleManager: Shutting down and abandoning module PythonScriptPlugin (392)
[2025.08.25-20.50.12:381][302]LogModuleManager: Shutting down and abandoning module PropertyAccessNode (390)
[2025.08.25-20.50.12:381][302]LogModuleManager: Shutting down and abandoning module ImgMediaEngine (388)
[2025.08.25-20.50.12:381][302]LogModuleManager: Shutting down and abandoning module UdpMessaging (386)
[2025.08.25-20.50.12:482][302]LogModuleManager: Shutting down and abandoning module TcpMessaging (384)
[2025.08.25-20.50.12:583][302]LogModuleManager: Shutting down and abandoning module MagicLeapARPin (382)
[2025.08.25-20.50.12:583][302]LogModuleManager: Shutting down and abandoning module ActorSequence (380)
[2025.08.25-20.50.12:583][302]LogModuleManager: Shutting down and abandoning module MagicLeapHandMeshing (378)
[2025.08.25-20.50.12:583][302]LogModuleManager: Shutting down and abandoning module MagicLeapSecureStorage (376)
[2025.08.25-20.50.12:583][302]LogModuleManager: Shutting down and abandoning module MagicLeapPrivileges (374)
[2025.08.25-20.50.12:583][302]LogModuleManager: Shutting down and abandoning module MagicLeapPlanes (372)
[2025.08.25-20.50.12:583][302]LogMagicLeapPlanes: Planes tracker already destroyed.
[2025.08.25-20.50.12:583][302]LogModuleManager: Shutting down and abandoning module MagicLeapImageTracker (370)
[2025.08.25-20.50.12:583][302]LogModuleManager: Shutting down and abandoning module MagicLeapIdentity (368)
[2025.08.25-20.50.12:583][302]LogModuleManager: Shutting down and abandoning module MagicLeapHandTracking (366)
[2025.08.25-20.50.12:583][302]LogModuleManager: Shutting down and abandoning module MagicLeapEyeTracker (364)
[2025.08.25-20.50.12:583][302]LogModuleManager: Shutting down and abandoning module MagicLeapController (362)
[2025.08.25-20.50.12:583][302]LogModuleManager: Shutting down and abandoning module MagicLeapARPinImpl (360)
[2025.08.25-20.50.12:583][302]LogModuleManager: Shutting down and abandoning module MagicLeapAR (358)
[2025.08.25-20.50.12:583][302]LogModuleManager: Shutting down and abandoning module NiagaraAnimNotifies (356)
[2025.08.25-20.50.12:583][302]LogModuleManager: Shutting down and abandoning module Niagara (354)
[2025.08.25-20.50.12:583][302]LogModuleManager: Shutting down and abandoning module SignalProcessing (353)
[2025.08.25-20.50.12:583][302]LogModuleManager: Shutting down and abandoning module NiagaraEditor (351)
[2025.08.25-20.50.12:584][302]LogModuleManager: Shutting down and abandoning module NiagaraCore (348)
[2025.08.25-20.50.12:584][302]LogModuleManager: Shutting down and abandoning module AnimationSharing (346)
[2025.08.25-20.50.12:584][302]LogModuleManager: Shutting down and abandoning module FacialAnimationEditor (344)
[2025.08.25-20.50.12:584][302]LogModuleManager: Shutting down and abandoning module FacialAnimation (342)
[2025.08.25-20.50.12:584][302]LogModuleManager: Shutting down and abandoning module GameplayTagsEditor (340)
[2025.08.25-20.50.12:584][302]LogModuleManager: Shutting down and abandoning module AssetManagerEditor (338)
[2025.08.25-20.50.12:584][302]LogModuleManager: Shutting down and abandoning module LevelEditor (337)
[2025.08.25-20.50.12:586][302]LogModuleManager: Shutting down and abandoning module PixelInspectorModule (336)
[2025.08.25-20.50.12:586][302]LogModuleManager: Shutting down and abandoning module CommonMenuExtensions (334)
[2025.08.25-20.50.12:586][302]LogModuleManager: Shutting down and abandoning module MainFrame (332)
[2025.08.25-20.50.12:586][302]LogModuleManager: Shutting down and abandoning module HotReload (331)
[2025.08.25-20.50.12:587][302]LogModuleManager: Shutting down and abandoning module ToolMenus (327)
[2025.08.25-20.50.12:587][302]LogModuleManager: Shutting down and abandoning module TreeMap (325)
[2025.08.25-20.50.12:587][302]LogModuleManager: Shutting down and abandoning module DataValidation (322)
[2025.08.25-20.50.12:587][302]LogModuleManager: Shutting down and abandoning module ContentBrowser (321)
[2025.08.25-20.50.12:587][302]LogModuleManager: Shutting down and abandoning module ContentBrowserData (320)
[2025.08.25-20.50.12:587][302]LogModuleManager: Shutting down and abandoning module GameplayCameras (316)
[2025.08.25-20.50.12:587][302]LogModuleManager: Shutting down and abandoning module LightPropagationVolumeRuntime (314)
[2025.08.25-20.50.12:587][302]LogModuleManager: Shutting down and abandoning module EnvironmentQueryEditor (312)
[2025.08.25-20.50.12:587][302]LogModuleManager: Shutting down and abandoning module Paper2D (310)
[2025.08.25-20.50.12:587][302]LogModuleManager: Shutting down and abandoning module WebMMoviePlayer (308)
[2025.08.25-20.50.12:587][302]LogModuleManager: Shutting down and abandoning module WindowsMoviePlayer (306)
[2025.08.25-20.50.12:587][302]LogModuleManager: Shutting down and abandoning module NetworkReplayStreaming (304)
[2025.08.25-20.50.12:587][302]LogModuleManager: Shutting down and abandoning module PacketHandler (302)
[2025.08.25-20.50.12:587][302]LogModuleManager: Shutting down and abandoning module ClothingSystemEditor (300)
[2025.08.25-20.50.12:587][302]LogModuleManager: Shutting down and abandoning module ClothingSystemRuntimeNv (298)
[2025.08.25-20.50.12:587][302]LogModuleManager: Shutting down and abandoning module MediaAssets (296)
[2025.08.25-20.50.12:587][302]LogModuleManager: Shutting down and abandoning module Overlay (294)
[2025.08.25-20.50.12:587][302]LogModuleManager: Shutting down and abandoning module OverlayEditor (293)
[2025.08.25-20.50.12:587][302]LogModuleManager: Shutting down and abandoning module VREditor (290)
[2025.08.25-20.50.12:587][302]LogModuleManager: Shutting down and abandoning module StringTableEditor (288)
[2025.08.25-20.50.12:587][302]LogModuleManager: Shutting down and abandoning module GameplayTasksEditor (286)
[2025.08.25-20.50.12:587][302]LogModuleManager: Shutting down and abandoning module BehaviorTreeEditor (284)
[2025.08.25-20.50.12:587][302]LogModuleManager: Shutting down and abandoning module FunctionalTesting (282)
[2025.08.25-20.50.12:587][302]LogModuleManager: Shutting down and abandoning module CollisionAnalyzer (280)
[2025.08.25-20.50.12:587][302]LogModuleManager: Shutting down and abandoning module WorkspaceMenuStructure (279)
[2025.08.25-20.50.12:587][302]LogModuleManager: Shutting down and abandoning module UMG (276)
[2025.08.25-20.50.12:587][302]LogModuleManager: Shutting down and abandoning module UMGEditor (275)
[2025.08.25-20.50.12:587][302]LogModuleManager: Shutting down and abandoning module MessageLog (273)
[2025.08.25-20.50.12:587][302]LogModuleManager: Shutting down and abandoning module SlateReflector (268)
[2025.08.25-20.50.12:587][302]LogModuleManager: Shutting down and abandoning module Slate (266)
[2025.08.25-20.50.12:587][302]LogModuleManager: Shutting down and abandoning module SlateCore (264)
[2025.08.25-20.50.12:589][302]LogModuleManager: Shutting down and abandoning module LandscapeEditorUtilities (262)
[2025.08.25-20.50.12:589][302]LogModuleManager: Shutting down and abandoning module UnrealEd (260)
[2025.08.25-20.50.12:589][302]LogModuleManager: Shutting down and abandoning module MRMesh (258)
[2025.08.25-20.50.12:589][302]LogModuleManager: Shutting down and abandoning module SourceCodeAccess (256)
[2025.08.25-20.50.12:589][302]LogModuleManager: Shutting down and abandoning module HeadMountedDisplay (254)
[2025.08.25-20.50.12:589][302]LogModuleManager: Shutting down and abandoning module XAudio2 (252)
[2025.08.25-20.50.12:589][302]LogModuleManager: Shutting down and abandoning module Networking (250)
[2025.08.25-20.50.12:590][302]LogModuleManager: Shutting down and abandoning module Core (248)
[2025.08.25-20.50.12:590][302]LogModuleManager: Shutting down and abandoning module MaterialEditor (246)
[2025.08.25-20.50.12:590][302]LogModuleManager: Shutting down and abandoning module MovieSceneTools (244)
[2025.08.25-20.50.12:590][302]LogModuleManager: Shutting down and abandoning module CurveEditor (243)
[2025.08.25-20.50.12:590][302]LogModuleManager: Shutting down and abandoning module Sequencer (241)
[2025.08.25-20.50.12:590][302]LogModuleManager: Shutting down and abandoning module EditorStyle (240)
[2025.08.25-20.50.12:591][302]LogModuleManager: Shutting down and abandoning module KismetCompiler (236)
[2025.08.25-20.50.12:591][302]LogModuleManager: Shutting down and abandoning module MeshBuilder (234)
[2025.08.25-20.50.12:591][302]LogModuleManager: Shutting down and abandoning module MeshUtilities (232)
[2025.08.25-20.50.12:591][302]LogModuleManager: Shutting down and abandoning module MeshMergeUtilities (231)
[2025.08.25-20.50.12:591][302]LogModuleManager: Shutting down and abandoning module MeshReductionInterface (230)
[2025.08.25-20.50.12:591][302]LogModuleManager: Shutting down and abandoning module MeshBoneReduction (229)
[2025.08.25-20.50.12:591][302]LogModuleManager: Shutting down and abandoning module SkeletalMeshReduction (227)
[2025.08.25-20.50.12:591][302]LogModuleManager: Shutting down and abandoning module ProxyLODMeshReduction (225)
[2025.08.25-20.50.12:591][302]LogModuleManager: Shutting down and abandoning module QuadricMeshReduction (223)
[2025.08.25-20.50.12:591][302]LogModuleManager: Shutting down and abandoning module MaterialBaking (219)
[2025.08.25-20.50.12:591][302]LogModuleManager: Shutting down and abandoning module NullInstallBundleManager (214)
[2025.08.25-20.50.12:591][302]LogModuleManager: Shutting down and abandoning module DerivedDataCache (212)
[2025.08.25-20.50.12:591][302]LogModuleManager: Shutting down and abandoning module TargetPlatform (210)
[2025.08.25-20.50.12:591][302]LogModuleManager: Shutting down and abandoning module VulkanShaderFormat (209)
[2025.08.25-20.50.12:591][302]LogModuleManager: Shutting down and abandoning module ShaderFormatVectorVM (207)
[2025.08.25-20.50.12:591][302]LogModuleManager: Shutting down and abandoning module ShaderFormatOpenGL (205)
[2025.08.25-20.50.12:591][302]LogModuleManager: Shutting down and abandoning module ShaderFormatD3D (203)
[2025.08.25-20.50.12:591][302]LogModuleManager: Shutting down and abandoning module MetalShaderFormat (201)
[2025.08.25-20.50.12:591][302]LogModuleManager: Shutting down and abandoning module TextureFormatOodle (199)
[2025.08.25-20.50.12:591][302]LogModuleManager: Shutting down and abandoning module TextureFormatUncompressed (197)
[2025.08.25-20.50.12:591][302]LogModuleManager: Shutting down and abandoning module TextureFormatPVR (195)
[2025.08.25-20.50.12:591][302]LogModuleManager: Shutting down and abandoning module TextureFormatETC2 (193)
[2025.08.25-20.50.12:591][302]LogModuleManager: Shutting down and abandoning module TextureFormatDXT (191)
[2025.08.25-20.50.12:591][302]LogModuleManager: Shutting down and abandoning module TextureFormatIntelISPCTexComp (189)
[2025.08.25-20.50.12:591][302]LogModuleManager: Shutting down and abandoning module TextureFormatASTC (187)
[2025.08.25-20.50.12:591][302]LogModuleManager: Shutting down and abandoning module ImageWrapper (186)
[2025.08.25-20.50.12:591][302]LogModuleManager: Shutting down and abandoning module AudioFormatOpus (183)
[2025.08.25-20.50.12:591][302]LogModuleManager: Shutting down and abandoning module AudioFormatOgg (181)
[2025.08.25-20.50.12:591][302]LogModuleManager: Shutting down and abandoning module AudioFormatADPCM (179)
[2025.08.25-20.50.12:591][302]LogModuleManager: Shutting down and abandoning module WindowsServerTargetPlatform (177)
[2025.08.25-20.50.12:591][302]LogModuleManager: Shutting down and abandoning module WindowsClientTargetPlatform (175)
[2025.08.25-20.50.12:591][302]LogModuleManager: Shutting down and abandoning module WindowsTargetPlatform (173)
[2025.08.25-20.50.12:591][302]LogModuleManager: Shutting down and abandoning module WindowsNoEditorTargetPlatform (171)
[2025.08.25-20.50.12:591][302]LogModuleManager: Shutting down and abandoning module TVOSTargetPlatform (169)
[2025.08.25-20.50.12:592][302]LogModuleManager: Shutting down and abandoning module MacServerTargetPlatform (167)
[2025.08.25-20.50.12:592][302]LogModuleManager: Shutting down and abandoning module MacClientTargetPlatform (165)
[2025.08.25-20.50.12:592][302]LogModuleManager: Shutting down and abandoning module MacTargetPlatform (163)
[2025.08.25-20.50.12:592][302]LogModuleManager: Shutting down and abandoning module MacNoEditorTargetPlatform (161)
[2025.08.25-20.50.12:592][302]LogModuleManager: Shutting down and abandoning module LuminTargetPlatform (159)
[2025.08.25-20.50.12:592][302]LogModuleManager: Shutting down and abandoning module LinuxAArch64ServerTargetPlatform (157)
[2025.08.25-20.50.12:593][302]LogModuleManager: Shutting down and abandoning module LinuxAArch64ClientTargetPlatform (155)
[2025.08.25-20.50.12:593][302]LogModuleManager: Shutting down and abandoning module LinuxAArch64NoEditorTargetPlatform (153)
[2025.08.25-20.50.12:593][302]LogModuleManager: Shutting down and abandoning module LinuxServerTargetPlatform (151)
[2025.08.25-20.50.12:593][302]LogModuleManager: Shutting down and abandoning module LinuxClientTargetPlatform (149)
[2025.08.25-20.50.12:593][302]LogModuleManager: Shutting down and abandoning module LinuxNoEditorTargetPlatform (147)
[2025.08.25-20.50.12:593][302]LogModuleManager: Shutting down and abandoning module LinuxTargetPlatform (145)
[2025.08.25-20.50.12:593][302]LogModuleManager: Shutting down and abandoning module Messaging (143)
[2025.08.25-20.50.12:593][302]LogModuleManager: Shutting down and abandoning module IOSTargetPlatform (141)
[2025.08.25-20.50.12:593][302]LogModuleManager: Shutting down and abandoning module AndroidTargetPlatform (139)
[2025.08.25-20.50.12:596][302]LogModuleManager: Shutting down and abandoning module AllDesktopTargetPlatform (137)
[2025.08.25-20.50.12:596][302]LogModuleManager: Shutting down and abandoning module D3D11RHI (134)
[2025.08.25-20.50.12:596][302]LogModuleManager: Shutting down and abandoning module InputCore (132)
[2025.08.25-20.50.12:596][302]LogModuleManager: Shutting down and abandoning module Settings (130)
[2025.08.25-20.50.12:596][302]LogModuleManager: Shutting down and abandoning module DirectoryWatcher (128)
[2025.08.25-20.50.12:597][302]LogModuleManager: Shutting down and abandoning module PhysXCooking (126)
[2025.08.25-20.50.12:597][302]LogModuleManager: Shutting down and abandoning module Chaos (124)
[2025.08.25-20.50.12:597][302]LogModuleManager: Shutting down and abandoning module WindowsPlatformFeatures (122)
[2025.08.25-20.50.12:597][302]LogModuleManager: Shutting down and abandoning module GameplayMediaEncoder (121)
[2025.08.25-20.50.12:597][302]LogModuleManager: Shutting down and abandoning module AVEncoder (120)
[2025.08.25-20.50.12:597][302]LogModuleManager: Shutting down and abandoning module SteamVRInputDevice (116)
[2025.08.25-20.50.12:597][302]LogModuleManager: Shutting down and abandoning module SteamVRInput (114)
[2025.08.25-20.50.12:597][302]LogModuleManager: Shutting down and abandoning module SteamVR (112)
[2025.08.25-20.50.12:597][302]LogHMD: Freeing OpenVRDLLHandle.
[2025.08.25-20.50.12:597][302]LogModuleManager: Shutting down and abandoning module OculusHMD (110)
[2025.08.25-20.50.12:597][302]LogModuleManager: Shutting down and abandoning module OpenXRAR (108)
[2025.08.25-20.50.12:597][302]LogModuleManager: Shutting down and abandoning module AugmentedReality (107)
[2025.08.25-20.50.12:597][302]LogModuleManager: Shutting down and abandoning module OpenXRHandTracking (104)
[2025.08.25-20.50.12:597][302]LogSlate: Slate User Destroyed.  User Index 0, Is Virtual User: 0
[2025.08.25-20.50.12:597][302]LogModuleManager: Shutting down and abandoning module OpenXRHMD (103)
[2025.08.25-20.50.12:597][302]LogModuleManager: Shutting down and abandoning module OpenXREyeTracker (100)
[2025.08.25-20.50.12:597][302]LogModuleManager: Shutting down and abandoning module LauncherChunkInstaller (98)
[2025.08.25-20.50.12:597][302]LogModuleManager: Shutting down and abandoning module WmfMedia (96)
[2025.08.25-20.50.12:600][302]LogModuleManager: Shutting down and abandoning module Media (95)
[2025.08.25-20.50.12:601][302]LogModuleManager: Shutting down and abandoning module MediaInfo (94)
[2025.08.25-20.50.12:601][302]LogModuleManager: Shutting down and abandoning module ExampleDeviceProfileSelector (90)
[2025.08.25-20.50.12:601][302]LogModuleManager: Shutting down and abandoning module ChunkDownloader (88)
[2025.08.25-20.50.12:601][302]LogModuleManager: Shutting down and abandoning module OnlineBlueprintSupport (86)
[2025.08.25-20.50.12:601][302]LogModuleManager: Shutting down and abandoning module PixWinPlugin (82)
[2025.08.25-20.50.12:601][302]LogModuleManager: Shutting down and abandoning module ExrReaderGpu (80)
[2025.08.25-20.50.12:602][302]LogModuleManager: Shutting down and abandoning module OnlineSubsystem (78)
[2025.08.25-20.50.12:603][302]LogModuleManager: Shutting down and abandoning module XMPP (73)
[2025.08.25-20.50.12:603][302]LogModuleManager: Shutting down and abandoning module WebSockets (72)
[2025.08.25-20.50.12:638][302]LogModuleManager: Shutting down and abandoning module HTTP (69)
[2025.08.25-20.50.12:638][302]LogHttp: Display: Http module shutting down, but needs to wait on 1 outstanding Http requests:
[2025.08.25-20.50.12:638][302]LogHttp: Display: 	verb=[POST] url=[https://datarouter.ol.epicgames.com/datarouter/api/v1/public/data?SessionID=%7BCD912069-4C89-2373-6C8F-ED81823EC5A4%7D&AppID=UEEditor.Rocket.Release&AppVersion=4.27.2-18319896%2B%2B%2BUE4%2BRelease-4.27&UserID=281bd30944feeefc738421a9c0fb3710%7C31ee306e7b2644e9836e5fff1678d891%7C350c1c9d-929c-4d1d-9056-8d766201dd98&AppEnvironment=datacollector-binary&UploadType=eteventstream] refs=[1] status=Processing
[2025.08.25-20.50.12:638][302]LogHttp: Display: cleaning up 1 outstanding Http requests.
[2025.08.25-20.50.12:673][302]LogModuleManager: Shutting down and abandoning module SSL (68)
[2025.08.25-20.50.12:674][302]LogModuleManager: Shutting down and abandoning module MLSDK (64)
[2025.08.25-20.50.12:674][302]LogModuleManager: Shutting down and abandoning module ChaosCloth (62)
[2025.08.25-20.50.12:674][302]LogModuleManager: Shutting down and abandoning module MagicLeap (60)
[2025.08.25-20.50.12:674][302]LogModuleManager: Shutting down and abandoning module VariantManagerContent (58)
[2025.08.25-20.50.12:674][302]LogModuleManager: Shutting down and abandoning module NiagaraVertexFactories (56)
[2025.08.25-20.50.12:674][302]LogModuleManager: Shutting down and abandoning module NiagaraShader (54)
[2025.08.25-20.50.12:674][302]LogModuleManager: Shutting down and abandoning module DatasmithContent (52)
[2025.08.25-20.50.12:675][302]LogModuleManager: Shutting down and abandoning module AISupportModule (50)
[2025.08.25-20.50.12:675][302]LogModuleManager: Shutting down and abandoning module DesktopPlatform (48)
[2025.08.25-20.50.12:675][302]LogModuleManager: Shutting down and abandoning module PlatformCryptoOpenSSL (46)
[2025.08.25-20.50.12:675][302]LogModuleManager: Shutting down and abandoning module PlatformCryptoTypes (44)
[2025.08.25-20.50.12:675][302]LogModuleManager: Shutting down and abandoning module PlatformCrypto (42)
[2025.08.25-20.50.12:675][302]LogModuleManager: Shutting down and abandoning module PythonScriptPluginPreload (40)
[2025.08.25-20.50.12:675][302]LogModuleManager: Shutting down and abandoning module OodleDataCompressionFormat (38)
[2025.08.25-20.50.12:675][302]LogModuleManager: Shutting down and abandoning module XGEController (36)
[2025.08.25-20.50.12:675][302]LogModuleManager: Shutting down and abandoning module AnimationModifiers (34)
[2025.08.25-20.50.12:675][302]LogModuleManager: Shutting down and abandoning module AudioEditor (32)
[2025.08.25-20.50.12:675][302]LogModuleManager: Shutting down and abandoning module PropertyEditor (31)
[2025.08.25-20.50.12:675][302]LogModuleManager: Shutting down and abandoning module TextureCompressor (28)
[2025.08.25-20.50.12:675][302]LogModuleManager: Shutting down and abandoning module RenderCore (26)
[2025.08.25-20.50.12:675][302]LogModuleManager: Shutting down and abandoning module Landscape (24)
[2025.08.25-20.50.12:675][302]LogModuleManager: Shutting down and abandoning module SlateRHIRenderer (22)
[2025.08.25-20.50.12:676][302]LogModuleManager: Shutting down and abandoning module AnimGraphRuntime (20)
[2025.08.25-20.50.12:676][302]LogModuleManager: Shutting down and abandoning module Renderer (18)
[2025.08.25-20.50.12:676][302]LogModuleManager: Shutting down and abandoning module Engine (16)
[2025.08.25-20.50.12:676][302]LogModuleManager: Shutting down and abandoning module CoreUObject (14)
[2025.08.25-20.50.12:676][302]LogModuleManager: Shutting down and abandoning module NetworkFile (12)
[2025.08.25-20.50.12:676][302]LogModuleManager: Shutting down and abandoning module CookedIterativeFile (10)
[2025.08.25-20.50.12:676][302]LogModuleManager: Shutting down and abandoning module StreamingFile (8)
[2025.08.25-20.50.12:676][302]LogModuleManager: Shutting down and abandoning module SandboxFile (6)
[2025.08.25-20.50.12:676][302]LogModuleManager: Shutting down and abandoning module PakFile (4)
[2025.08.25-20.50.12:676][302]LogModuleManager: Shutting down and abandoning module RSA (3)
[2025.08.25-20.50.13:003][302]LogContentStreaming: Display: There are 1 unreleased StreamingManagers
[2025.08.25-20.50.13:056][302]LogD3D11RHI: Shutdown
[2025.08.25-20.50.13:056][302]LogD3D11RHI: CleanupD3DDevice
[2025.08.25-20.50.13:059][302]LogExit: Exiting.
[2025.08.25-20.50.13:066][302]Log file closed, 08/25/25 17:50:13
