Log file open, 08/25/25 16:47:15
LogWindows: Failed to load 'aqProf.dll' (GetLastError=126)
LogWindows: File 'aqProf.dll' does not exist
LogWindows: Failed to load 'VtuneApi.dll' (GetLastError=126)
LogWindows: File 'VtuneApi.dll' does not exist
LogWindows: Failed to load 'VtuneApi32e.dll' (GetLastError=126)
LogWindows: File 'VtuneApi32e.dll' does not exist
LogConsoleResponse: Display: Failed to find resolution value strings in scalability ini. Falling back to default.
LogConsoleResponse: Display: Failed to find resolution value strings in scalability ini. Falling back to default.
LogInit: Display: Running engine for game: Sorry
LogPlatformFile: Not using cached read wrapper
LogTaskGraph: Started task graph with 5 named threads and 47 total threads with 3 sets of task threads.
LogStats: Stats thread started at 0.276719
LogICUInternationalization: ICU TimeZone Detection - Raw Offset: -3:00, Platform Override: ''
LogInit: Display: Loading text-based GConfig....
LogPluginManager: Mounting plugin MeshPainting
LogPluginManager: Mounting plugin XGEController
LogPluginManager: Mounting plugin AISupport
LogPluginManager: Mounting plugin Paper2D
LogPluginManager: Mounting plugin EnvironmentQueryEditor
LogPluginManager: Mounting plugin LightPropagationVolume
LogPluginManager: Mounting plugin GameplayCameras
LogPluginManager: Mounting plugin CameraShakePreviewer
LogPluginManager: Mounting plugin LiveLink
LogPluginManager: Mounting plugin OodleData
LogPluginManager: Mounting plugin CodeLiteSourceCodeAccess
LogPluginManager: Mounting plugin NullSourceCodeAccess
LogPluginManager: Mounting plugin CLionSourceCodeAccess
LogPluginManager: Mounting plugin PerforceSourceControl
LogPluginManager: Mounting plugin GitSourceControl
LogPluginManager: Mounting plugin RiderSourceCodeAccess
LogPluginManager: Mounting plugin KDevelopSourceCodeAccess
LogPluginManager: Mounting plugin AnimationSharing
LogPluginManager: Mounting plugin PluginUtils
LogPluginManager: Mounting plugin PlasticSourceControl
LogPluginManager: Mounting plugin SubversionSourceControl
LogPluginManager: Mounting plugin PixWinPlugin
LogPluginManager: Mounting plugin PropertyAccessNode
LogPluginManager: Mounting plugin VisualStudioCodeSourceCodeAccess
LogPluginManager: Mounting plugin VisualStudioSourceCodeAccess
LogPluginManager: Mounting plugin XCodeSourceCodeAccess
LogPluginManager: Mounting plugin UObjectPlugin
LogPluginManager: Mounting plugin TextureFormatOodle
LogPluginManager: Mounting plugin VariantManagerContent
LogPluginManager: Mounting plugin DatasmithContent
LogPluginManager: Mounting plugin CryptoKeys
LogPluginManager: Mounting plugin DataValidation
LogPluginManager: Mounting plugin FacialAnimation
LogPluginManager: Mounting plugin CurveEditorTools
LogPluginManager: Mounting plugin GameplayTagsEditor
LogPluginManager: Mounting plugin GeometryMode
LogPluginManager: Mounting plugin MaterialAnalyzer
LogPluginManager: Mounting plugin MobileLauncherProfileWizard
LogPluginManager: Mounting plugin PluginBrowser
LogPluginManager: Mounting plugin Niagara
LogPluginManager: Mounting plugin SpeedTreeImporter
LogPluginManager: Mounting plugin MacGraphicsSwitching
LogPluginManager: Mounting plugin AssetManagerEditor
LogPluginManager: Mounting plugin LuminPlatformFeatures
LogPluginManager: Mounting plugin MagicLeap
LogPluginManager: Mounting plugin MagicLeapLightEstimation
LogPluginManager: Mounting plugin MagicLeapMedia
LogPluginManager: Mounting plugin MLSDK
LogPluginManager: Mounting plugin MagicLeapPassableWorld
LogPluginManager: Mounting plugin ActorSequence
LogPluginManager: Mounting plugin LevelSequenceEditor
LogPluginManager: Mounting plugin MatineeToLevelSequence
LogPluginManager: Mounting plugin TemplateSequence
LogPluginManager: Mounting plugin AlembicImporter
LogPluginManager: Mounting plugin AutomationUtils
LogPluginManager: Mounting plugin BackChannel
LogPluginManager: Mounting plugin ChaosClothEditor
LogPluginManager: Mounting plugin ChaosEditor
LogPluginManager: Mounting plugin ChaosNiagara
LogPluginManager: Mounting plugin CharacterAI
LogPluginManager: Mounting plugin ChaosCloth
LogPluginManager: Mounting plugin ChaosSolverPlugin
LogPluginManager: Mounting plugin OnlineSubsystem
LogPluginManager: Mounting plugin GeometryCollectionPlugin
LogPluginManager: Mounting plugin GeometryCache
LogPluginManager: Mounting plugin OnlineSubsystemNull
LogPluginManager: Mounting plugin OnlineSubsystemUtils
LogPluginManager: Mounting plugin AndroidMedia
LogPluginManager: Mounting plugin AvfMedia
LogPluginManager: Mounting plugin MediaCompositing
LogPluginManager: Mounting plugin ImgMedia
LogPluginManager: Mounting plugin GeometryProcessing
LogPluginManager: Mounting plugin MediaPlayerEditor
LogPluginManager: Mounting plugin LauncherChunkInstaller
LogPluginManager: Mounting plugin ActorLayerUtilities
LogPluginManager: Mounting plugin MotoSynth
LogPluginManager: Mounting plugin OpenImageDenoise
LogPluginManager: Mounting plugin AndroidDeviceProfileSelector
LogPluginManager: Mounting plugin AndroidMoviePlayer
LogPluginManager: Mounting plugin AndroidPermission
LogPluginManager: Mounting plugin PlanarCut
LogPluginManager: Mounting plugin AppleImageUtils
LogPluginManager: Mounting plugin PlatformCrypto
LogPluginManager: Mounting plugin AppleMoviePlayer
LogPluginManager: Mounting plugin ProxyLODPlugin
LogPluginManager: Mounting plugin AssetTags
LogPluginManager: Mounting plugin AudioCapture
LogPluginManager: Mounting plugin AudioSynesthesia
LogPluginManager: Mounting plugin ArchVisCharacter
LogPluginManager: Mounting plugin CableComponent
LogPluginManager: Mounting plugin PythonScriptPlugin
LogPluginManager: Mounting plugin ChunkDownloader
LogPluginManager: Mounting plugin CustomMeshComponent
LogPluginManager: Mounting plugin EditableMesh
LogPluginManager: Mounting plugin ExampleDeviceProfileSelector
LogPluginManager: Mounting plugin GooglePAD
LogPluginManager: Mounting plugin GoogleCloudMessaging
LogPluginManager: Mounting plugin SkeletalReduction
LogPluginManager: Mounting plugin TcpMessaging
LogPluginManager: Mounting plugin WmfMedia
LogPluginManager: Mounting plugin UdpMessaging
LogPluginManager: Mounting plugin WebMMedia
LogPluginManager: Mounting plugin IOSDeviceProfileSelector
LogPluginManager: Mounting plugin LocationServicesBPLibrary
LogPluginManager: Mounting plugin LinuxDeviceProfileSelector
LogPluginManager: Mounting plugin MobilePatchingUtils
LogPluginManager: Mounting plugin OpenXR
LogPluginManager: Mounting plugin OpenXRHandTracking
LogPluginManager: Mounting plugin OpenXREyeTracker
LogPluginManager: Mounting plugin PostSplashScreen
LogPluginManager: Mounting plugin ProceduralMeshComponent
LogPluginManager: Mounting plugin PhysXVehicles
LogPluginManager: Mounting plugin RuntimePhysXCooking
LogPluginManager: Mounting plugin SignificanceManager
LogPluginManager: Mounting plugin PropertyAccessEditor
LogPluginManager: Mounting plugin Synthesis
LogPluginManager: Mounting plugin SoundFields
LogPluginManager: Mounting plugin WebMMoviePlayer
LogPluginManager: Mounting plugin WindowsMoviePlayer
LogPluginManager: Mounting plugin Takes
LogPluginManager: Mounting plugin ScreenshotTools
LogPluginManager: Mounting plugin OodleNetwork
LogPluginManager: Mounting plugin ContentBrowserAssetDataSource
LogPluginManager: Mounting plugin ContentBrowserClassDataSource
LogPluginManager: Mounting plugin ContentBrowserFileDataSource
LogPluginManager: Mounting plugin OnlineSubsystemGooglePlay
LogPluginManager: Mounting plugin OnlineSubsystemIOS
LogPluginManager: Mounting plugin OculusVR
LogPluginManager: Mounting plugin SteamVR
PixWinPlugin: PIX capture plugin failed to initialize! Check that the process is launched from PIX.
LogInit: Using libcurl 7.55.1-DEV
LogInit:  - built for x86_64-pc-win32
LogInit:  - supports SSL with OpenSSL/1.1.1
LogInit:  - supports HTTP deflate (compression) using libz 1.2.8
LogInit:  - other features:
LogInit:      CURL_VERSION_SSL
LogInit:      CURL_VERSION_LIBZ
LogInit:      CURL_VERSION_IPV6
LogInit:      CURL_VERSION_ASYNCHDNS
LogInit:      CURL_VERSION_LARGEFILE
LogInit:      CURL_VERSION_IDN
LogInit:  CurlRequestOptions (configurable via config and command line):
LogInit:  - bVerifyPeer = true  - Libcurl will verify peer certificate
LogInit:  - bUseHttpProxy = false  - Libcurl will NOT use HTTP proxy
LogInit:  - bDontReuseConnections = false  - Libcurl will reuse connections
LogInit:  - MaxHostConnections = 16  - Libcurl will limit the number of connections to a host
LogInit:  - LocalHostAddr = Default
LogInit:  - BufferSize = 65536
LogOnline: OSS: Creating online subsystem instance for: NULL
LogInit: WinSock: version 1.1 (2.2), MaxSocks=32767, MaxUdp=65467
LogOnline: OSS: TryLoadSubsystemAndSetDefault: Loaded subsystem for module [NULL]
LogOculusPluginWrapper: OculusPlugin initialized successfully
LogHMD: Failed initializing OVRPlugin 1.59.0
LogInit: Build: ++UE4+Release-4.27-CL-18319896
LogInit: Engine Version: 4.27.2-18319896+++UE4+Release-4.27
LogInit: Compatible Engine Version: 4.27.0-17155196+++UE4+Release-4.27
LogInit: Net CL: 17155196
LogInit: OS: Windows 10 (Release 2009) (), CPU: AMD Ryzen 7 4800H with Radeon Graphics         , GPU: AMD Radeon(TM) Graphics
LogInit: Compiled (64-bit): Nov 30 2021 07:12:08
LogInit: Compiled with Visual C++: 19.24.28315.00
LogInit: Build Configuration: Development
LogInit: Branch Name: ++UE4+Release-4.27
LogInit: Command Line: 
LogInit: Base Directory: C:/Program Files/Epic Games/UE_4.27/Engine/Binaries/Win64/
LogInit: Allocator: TBB
LogInit: Installed Engine Build: 1
LogDevObjectVersion: Number of dev versions registered: 29
LogDevObjectVersion:   Dev-Blueprints (B0D832E4-1F89-4F0D-ACCF-7EB736FD4AA2): 10
LogDevObjectVersion:   Dev-Build (E1C64328-A22C-4D53-A36C-8E866417BD8C): 0
LogDevObjectVersion:   Dev-Core (375EC13C-06E4-48FB-B500-84F0262A717E): 4
LogDevObjectVersion:   Dev-Editor (E4B068ED-F494-42E9-A231-DA0B2E46BB41): 40
LogDevObjectVersion:   Dev-Framework (CFFC743F-43B0-4480-9391-14DF171D2073): 37
LogDevObjectVersion:   Dev-Mobile (B02B49B5-BB20-44E9-A304-32B752E40360): 3
LogDevObjectVersion:   Dev-Networking (A4E4105C-59A1-49B5-A7C5-40C4547EDFEE): 0
LogDevObjectVersion:   Dev-Online (39C831C9-5AE6-47DC-9A44-9C173E1C8E7C): 0
LogDevObjectVersion:   Dev-Physics (78F01B33-EBEA-4F98-B9B4-84EACCB95AA2): 14
LogDevObjectVersion:   Dev-Platform (6631380F-2D4D-43E0-8009-CF276956A95A): 0
LogDevObjectVersion:   Dev-Rendering (12F88B9F-8875-4AFC-A67C-D90C383ABD29): 45
LogDevObjectVersion:   Dev-Sequencer (7B5AE74C-D270-4C10-A958-57980B212A5A): 13
LogDevObjectVersion:   Dev-VR (D7296918-1DD6-4BDD-9DE2-64A83CC13884): 3
LogDevObjectVersion:   Dev-LoadTimes (C2A15278-BFE7-4AFE-6C17-90FF531DF755): 1
LogDevObjectVersion:   Private-Geometry (6EACA3D4-40EC-4CC1-B786-8BED09428FC5): 3
LogDevObjectVersion:   Dev-AnimPhys (29E575DD-E0A3-4627-9D10-D276232CDCEA): 17
LogDevObjectVersion:   Dev-Anim (AF43A65D-7FD3-4947-9873-3E8ED9C1BB05): 15
LogDevObjectVersion:   Dev-ReflectionCapture (6B266CEC-1EC7-4B8F-A30B-E4D90942FC07): 1
LogDevObjectVersion:   Dev-Automation (0DF73D61-A23F-47EA-B727-89E90C41499A): 1
LogDevObjectVersion:   FortniteMain (601D1886-AC64-4F84-AA16-D3DE0DEAC7D6): 47
LogDevObjectVersion:   FortniteRelease (E7086368-6B23-4C58-8439-1B7016265E91): 1
LogDevObjectVersion:   Dev-Enterprise (9DFFBCD6-494F-0158-E221-12823C92A888): 10
LogDevObjectVersion:   Dev-Niagara (F2AED0AC-9AFE-416F-8664-AA7FFA26D6FC): 1
LogDevObjectVersion:   Dev-Destruction (174F1F0B-B4C6-45A5-B13F-2EE8D0FB917D): 10
LogDevObjectVersion:   Dev-Physics-Ext (35F94A83-E258-406C-A318-09F59610247C): 41
LogDevObjectVersion:   Dev-PhysicsMaterial-Chaos (B68FC16E-8B1B-42E2-B453-215C058844FE): 1
LogDevObjectVersion:   Dev-CineCamera (B2E18506-4273-CFC2-A54E-F4BB758BBA07): 1
LogDevObjectVersion:   Dev-VirtualProduction (64F58936-FD1B-42BA-BA96-7289D5D0FA4E): 1
LogDevObjectVersion:   Dev-MediaFramework (6F0ED827-A609-4895-9C91-998D90180EA4): 2
LogInit: Presizing for max 25165824 objects, including 0 objects not considered by GC, pre-allocating 0 bytes for permanent pool.
LogConfig: Applying CVar settings from Section [/Script/Engine.StreamingSettings] File [C:/Users/Usuário/OneDrive/Documentos/Unreal Projects/Sorry/Saved/Config/Windows/Engine.ini]
LogConfig: Setting CVar [[s.MinBulkDataSizeForAsyncLoading:131072]]
LogConfig: Setting CVar [[s.AsyncLoadingThreadEnabled:0]]
LogConfig: Setting CVar [[s.EventDrivenLoaderEnabled:1]]
LogConfig: Setting CVar [[s.WarnIfTimeLimitExceeded:0]]
LogConfig: Setting CVar [[s.TimeLimitExceededMultiplier:1.5]]
LogConfig: Setting CVar [[s.TimeLimitExceededMinTime:0.005]]
LogConfig: Setting CVar [[s.UseBackgroundLevelStreaming:1]]
LogConfig: Setting CVar [[s.PriorityAsyncLoadingExtraTime:15.0]]
LogConfig: Setting CVar [[s.LevelStreamingActorsUpdateTimeLimit:5.0]]
LogConfig: Setting CVar [[s.PriorityLevelStreamingActorsUpdateExtraTime:5.0]]
LogConfig: Setting CVar [[s.LevelStreamingComponentsRegistrationGranularity:10]]
LogConfig: Setting CVar [[s.UnregisterComponentsTimeLimit:1.0]]
LogConfig: Setting CVar [[s.LevelStreamingComponentsUnregistrationGranularity:5]]
LogConfig: Setting CVar [[s.FlushStreamingOnExit:1]]
LogInit: Object subsystem initialized
LogConfig: Setting CVar [[con.DebugEarlyDefault:1]]
LogConfig: Setting CVar [[r.setres:1280x720]]
[2025.08.25-19.47.16:356][  0]LogConfig: Setting CVar [[r.VSync:0]]
[2025.08.25-19.47.16:356][  0]LogConfig: Setting CVar [[r.RHICmdBypass:0]]
[2025.08.25-19.47.16:356][  0]LogConfig: Applying CVar settings from Section [/Script/Engine.RendererSettings] File [C:/Users/Usuário/OneDrive/Documentos/Unreal Projects/Sorry/Saved/Config/Windows/Engine.ini]
[2025.08.25-19.47.16:357][  0]LogConfig: Setting CVar [[r.GPUCrashDebugging:0]]
[2025.08.25-19.47.16:357][  0]LogConfig: Applying CVar settings from Section [/Script/Engine.RendererOverrideSettings] File [C:/Users/Usuário/OneDrive/Documentos/Unreal Projects/Sorry/Saved/Config/Windows/Engine.ini]
[2025.08.25-19.47.16:357][  0]LogConfig: Applying CVar settings from Section [/Script/Engine.StreamingSettings] File [C:/Users/Usuário/OneDrive/Documentos/Unreal Projects/Sorry/Saved/Config/Windows/Engine.ini]
[2025.08.25-19.47.16:357][  0]LogConfig: Setting CVar [[s.MinBulkDataSizeForAsyncLoading:131072]]
[2025.08.25-19.47.16:357][  0]LogConfig: Setting CVar [[s.AsyncLoadingThreadEnabled:0]]
[2025.08.25-19.47.16:357][  0]LogConfig: Setting CVar [[s.EventDrivenLoaderEnabled:1]]
[2025.08.25-19.47.16:357][  0]LogConfig: Setting CVar [[s.WarnIfTimeLimitExceeded:0]]
[2025.08.25-19.47.16:357][  0]LogConfig: Setting CVar [[s.TimeLimitExceededMultiplier:1.5]]
[2025.08.25-19.47.16:357][  0]LogConfig: Setting CVar [[s.TimeLimitExceededMinTime:0.005]]
[2025.08.25-19.47.16:357][  0]LogConfig: Setting CVar [[s.UseBackgroundLevelStreaming:1]]
[2025.08.25-19.47.16:357][  0]LogConfig: Setting CVar [[s.PriorityAsyncLoadingExtraTime:15.0]]
[2025.08.25-19.47.16:357][  0]LogConfig: Setting CVar [[s.LevelStreamingActorsUpdateTimeLimit:5.0]]
[2025.08.25-19.47.16:357][  0]LogConfig: Setting CVar [[s.PriorityLevelStreamingActorsUpdateExtraTime:5.0]]
[2025.08.25-19.47.16:357][  0]LogConfig: Setting CVar [[s.LevelStreamingComponentsRegistrationGranularity:10]]
[2025.08.25-19.47.16:357][  0]LogConfig: Setting CVar [[s.UnregisterComponentsTimeLimit:1.0]]
[2025.08.25-19.47.16:357][  0]LogConfig: Setting CVar [[s.LevelStreamingComponentsUnregistrationGranularity:5]]
[2025.08.25-19.47.16:357][  0]LogConfig: Setting CVar [[s.FlushStreamingOnExit:1]]
[2025.08.25-19.47.16:357][  0]LogConfig: Applying CVar settings from Section [/Script/Engine.GarbageCollectionSettings] File [C:/Users/Usuário/OneDrive/Documentos/Unreal Projects/Sorry/Saved/Config/Windows/Engine.ini]
[2025.08.25-19.47.16:357][  0]LogConfig: Setting CVar [[gc.MaxObjectsNotConsideredByGC:1]]
[2025.08.25-19.47.16:357][  0]LogConfig: Setting CVar [[gc.SizeOfPermanentObjectPool:0]]
[2025.08.25-19.47.16:357][  0]LogConfig: Setting CVar [[gc.FlushStreamingOnGC:0]]
[2025.08.25-19.47.16:357][  0]LogConfig: Setting CVar [[gc.NumRetriesBeforeForcingGC:10]]
[2025.08.25-19.47.16:357][  0]LogConfig: Setting CVar [[gc.AllowParallelGC:1]]
[2025.08.25-19.47.16:357][  0]LogConfig: Setting CVar [[gc.TimeBetweenPurgingPendingKillObjects:61.1]]
[2025.08.25-19.47.16:357][  0]LogConfig: Setting CVar [[gc.MaxObjectsInEditor:25165824]]
[2025.08.25-19.47.16:357][  0]LogConfig: Setting CVar [[gc.IncrementalBeginDestroyEnabled:1]]
[2025.08.25-19.47.16:357][  0]LogConfig: Setting CVar [[gc.CreateGCClusters:1]]
[2025.08.25-19.47.16:357][  0]LogConfig: Setting CVar [[gc.MinGCClusterSize:5]]
[2025.08.25-19.47.16:357][  0]LogConfig: Setting CVar [[gc.ActorClusteringEnabled:0]]
[2025.08.25-19.47.16:357][  0]LogConfig: Setting CVar [[gc.BlueprintClusteringEnabled:0]]
[2025.08.25-19.47.16:357][  0]LogConfig: Setting CVar [[gc.UseDisregardForGCOnDedicatedServers:0]]
[2025.08.25-19.47.16:357][  0]LogConfig: Setting CVar [[gc.MultithreadedDestructionEnabled:1]]
[2025.08.25-19.47.16:357][  0]LogConfig: Applying CVar settings from Section [/Script/Engine.NetworkSettings] File [C:/Users/Usuário/OneDrive/Documentos/Unreal Projects/Sorry/Saved/Config/Windows/Engine.ini]
[2025.08.25-19.47.16:357][  0]LogConfig: Applying CVar settings from Section [/Script/UnrealEd.CookerSettings] File [C:/Users/Usuário/OneDrive/Documentos/Unreal Projects/Sorry/Saved/Config/Windows/Engine.ini]
[2025.08.25-19.47.16:360][  0]LogConfig: Applying CVar settings from Section [ViewDistanceQuality@3] File [C:/Users/Usuário/OneDrive/Documentos/Unreal Projects/Sorry/Saved/Config/Windows/Scalability.ini]
[2025.08.25-19.47.16:360][  0]LogConfig: Setting CVar [[r.SkeletalMeshLODBias:0]]
[2025.08.25-19.47.16:360][  0]LogConfig: Setting CVar [[r.ViewDistanceScale:1.0]]
[2025.08.25-19.47.16:360][  0]LogConfig: Applying CVar settings from Section [AntiAliasingQuality@3] File [C:/Users/Usuário/OneDrive/Documentos/Unreal Projects/Sorry/Saved/Config/Windows/Scalability.ini]
[2025.08.25-19.47.16:360][  0]LogConfig: Setting CVar [[r.PostProcessAAQuality:4]]
[2025.08.25-19.47.16:360][  0]LogConfig: Applying CVar settings from Section [ShadowQuality@3] File [C:/Users/Usuário/OneDrive/Documentos/Unreal Projects/Sorry/Saved/Config/Windows/Scalability.ini]
[2025.08.25-19.47.16:360][  0]LogConfig: Setting CVar [[r.LightFunctionQuality:1]]
[2025.08.25-19.47.16:360][  0]LogConfig: Setting CVar [[r.ShadowQuality:5]]
[2025.08.25-19.47.16:360][  0]LogConfig: Setting CVar [[r.Shadow.CSM.MaxCascades:10]]
[2025.08.25-19.47.16:360][  0]LogConfig: Setting CVar [[r.Shadow.MaxResolution:2048]]
[2025.08.25-19.47.16:360][  0]LogConfig: Setting CVar [[r.Shadow.MaxCSMResolution:2048]]
[2025.08.25-19.47.16:361][  0]LogConfig: Setting CVar [[r.Shadow.RadiusThreshold:0.01]]
[2025.08.25-19.47.16:361][  0]LogConfig: Setting CVar [[r.Shadow.DistanceScale:1.0]]
[2025.08.25-19.47.16:361][  0]LogConfig: Setting CVar [[r.Shadow.CSM.TransitionScale:1.0]]
[2025.08.25-19.47.16:361][  0]LogConfig: Setting CVar [[r.Shadow.PreShadowResolutionFactor:1.0]]
[2025.08.25-19.47.16:361][  0]LogConfig: Setting CVar [[r.DistanceFieldShadowing:1]]
[2025.08.25-19.47.16:361][  0]LogConfig: Setting CVar [[r.DistanceFieldAO:1]]
[2025.08.25-19.47.16:361][  0]LogConfig: Setting CVar [[r.AOQuality:2]]
[2025.08.25-19.47.16:361][  0]LogConfig: Setting CVar [[r.VolumetricFog:1]]
[2025.08.25-19.47.16:361][  0]LogConfig: Setting CVar [[r.VolumetricFog.GridPixelSize:8]]
[2025.08.25-19.47.16:361][  0]LogConfig: Setting CVar [[r.VolumetricFog.GridSizeZ:128]]
[2025.08.25-19.47.16:361][  0]LogConfig: Setting CVar [[r.VolumetricFog.HistoryMissSupersampleCount:4]]
[2025.08.25-19.47.16:361][  0]LogConfig: Setting CVar [[r.LightMaxDrawDistanceScale:1]]
[2025.08.25-19.47.16:361][  0]LogConfig: Setting CVar [[r.CapsuleShadows:1]]
[2025.08.25-19.47.16:361][  0]LogConfig: Applying CVar settings from Section [PostProcessQuality@3] File [C:/Users/Usuário/OneDrive/Documentos/Unreal Projects/Sorry/Saved/Config/Windows/Scalability.ini]
[2025.08.25-19.47.16:361][  0]LogConfig: Setting CVar [[r.MotionBlurQuality:4]]
[2025.08.25-19.47.16:361][  0]LogConfig: Setting CVar [[r.AmbientOcclusionMipLevelFactor:0.4]]
[2025.08.25-19.47.16:361][  0]LogConfig: Setting CVar [[r.AmbientOcclusionMaxQuality:100]]
[2025.08.25-19.47.16:361][  0]LogConfig: Setting CVar [[r.AmbientOcclusionLevels:-1]]
[2025.08.25-19.47.16:361][  0]LogConfig: Setting CVar [[r.AmbientOcclusionRadiusScale:1.0]]
[2025.08.25-19.47.16:361][  0]LogConfig: Setting CVar [[r.DepthOfFieldQuality:2]]
[2025.08.25-19.47.16:361][  0]LogConfig: Setting CVar [[r.RenderTargetPoolMin:400]]
[2025.08.25-19.47.16:361][  0]LogConfig: Setting CVar [[r.LensFlareQuality:2]]
[2025.08.25-19.47.16:361][  0]LogConfig: Setting CVar [[r.SceneColorFringeQuality:1]]
[2025.08.25-19.47.16:361][  0]LogConfig: Setting CVar [[r.EyeAdaptationQuality:2]]
[2025.08.25-19.47.16:361][  0]LogConfig: Setting CVar [[r.BloomQuality:5]]
[2025.08.25-19.47.16:361][  0]LogConfig: Setting CVar [[r.FastBlurThreshold:100]]
[2025.08.25-19.47.16:361][  0]LogConfig: Setting CVar [[r.Upscale.Quality:3]]
[2025.08.25-19.47.16:361][  0]LogConfig: Setting CVar [[r.Tonemapper.GrainQuantization:1]]
[2025.08.25-19.47.16:361][  0]LogConfig: Setting CVar [[r.LightShaftQuality:1]]
[2025.08.25-19.47.16:361][  0]LogConfig: Setting CVar [[r.Filter.SizeScale:1]]
[2025.08.25-19.47.16:361][  0]LogConfig: Setting CVar [[r.Tonemapper.Quality:5]]
[2025.08.25-19.47.16:361][  0]LogConfig: Setting CVar [[r.DOF.Gather.AccumulatorQuality:1        ; higher gathering accumulator quality]]
[2025.08.25-19.47.16:361][  0]LogConfig: Setting CVar [[r.DOF.Gather.PostfilterMethod:1          ; Median3x3 postfilering method]]
[2025.08.25-19.47.16:361][  0]LogConfig: Setting CVar [[r.DOF.Gather.EnableBokehSettings:0       ; no bokeh simulation when gathering]]
[2025.08.25-19.47.16:361][  0]LogConfig: Setting CVar [[r.DOF.Gather.RingCount:4                 ; medium number of samples when gathering]]
[2025.08.25-19.47.16:361][  0]LogConfig: Setting CVar [[r.DOF.Scatter.ForegroundCompositing:1    ; additive foreground scattering]]
[2025.08.25-19.47.16:361][  0]LogConfig: Setting CVar [[r.DOF.Scatter.BackgroundCompositing:2    ; additive background scattering]]
[2025.08.25-19.47.16:361][  0]LogConfig: Setting CVar [[r.DOF.Scatter.EnableBokehSettings:1      ; bokeh simulation when scattering]]
[2025.08.25-19.47.16:361][  0]LogConfig: Setting CVar [[r.DOF.Scatter.MaxSpriteRatio:0.1         ; only a maximum of 10% of scattered bokeh]]
[2025.08.25-19.47.16:361][  0]LogConfig: Setting CVar [[r.DOF.Recombine.Quality:1                ; cheap slight out of focus]]
[2025.08.25-19.47.16:361][  0]LogConfig: Setting CVar [[r.DOF.Recombine.EnableBokehSettings:0    ; no bokeh simulation on slight out of focus]]
[2025.08.25-19.47.16:361][  0]LogConfig: Setting CVar [[r.DOF.TemporalAAQuality:1                ; more stable temporal accumulation]]
[2025.08.25-19.47.16:361][  0]LogConfig: Setting CVar [[r.DOF.Kernel.MaxForegroundRadius:0.025]]
[2025.08.25-19.47.16:361][  0]LogConfig: Setting CVar [[r.DOF.Kernel.MaxBackgroundRadius:0.025]]
[2025.08.25-19.47.16:361][  0]LogConfig: Applying CVar settings from Section [TextureQuality@3] File [C:/Users/Usuário/OneDrive/Documentos/Unreal Projects/Sorry/Saved/Config/Windows/Scalability.ini]
[2025.08.25-19.47.16:361][  0]LogConfig: Setting CVar [[r.Streaming.MipBias:0]]
[2025.08.25-19.47.16:361][  0]LogConfig: Setting CVar [[r.Streaming.AmortizeCPUToGPUCopy:0]]
[2025.08.25-19.47.16:361][  0]LogConfig: Setting CVar [[r.Streaming.MaxNumTexturesToStreamPerFrame:0]]
[2025.08.25-19.47.16:361][  0]LogConfig: Setting CVar [[r.Streaming.Boost:1]]
[2025.08.25-19.47.16:361][  0]LogConfig: Setting CVar [[r.MaxAnisotropy:8]]
[2025.08.25-19.47.16:361][  0]LogConfig: Setting CVar [[r.VT.MaxAnisotropy:8]]
[2025.08.25-19.47.16:361][  0]LogConfig: Setting CVar [[r.Streaming.LimitPoolSizeToVRAM:0]]
[2025.08.25-19.47.16:361][  0]LogConfig: Setting CVar [[r.Streaming.PoolSize:1000]]
[2025.08.25-19.47.16:361][  0]LogConfig: Setting CVar [[r.Streaming.MaxEffectiveScreenSize:0]]
[2025.08.25-19.47.16:361][  0]LogConfig: Applying CVar settings from Section [EffectsQuality@3] File [C:/Users/Usuário/OneDrive/Documentos/Unreal Projects/Sorry/Saved/Config/Windows/Scalability.ini]
[2025.08.25-19.47.16:361][  0]LogConfig: Setting CVar [[r.TranslucencyLightingVolumeDim:64]]
[2025.08.25-19.47.16:361][  0]LogConfig: Setting CVar [[r.RefractionQuality:2]]
[2025.08.25-19.47.16:361][  0]LogConfig: Setting CVar [[r.SSR.Quality:3]]
[2025.08.25-19.47.16:361][  0]LogConfig: Setting CVar [[r.SSR.HalfResSceneColor:0]]
[2025.08.25-19.47.16:361][  0]LogConfig: Setting CVar [[r.SceneColorFormat:4]]
[2025.08.25-19.47.16:361][  0]LogConfig: Setting CVar [[r.DetailMode:2]]
[2025.08.25-19.47.16:361][  0]LogConfig: Setting CVar [[r.TranslucencyVolumeBlur:1]]
[2025.08.25-19.47.16:361][  0]LogConfig: Setting CVar [[r.MaterialQualityLevel:1 ; High quality]]
[2025.08.25-19.47.16:361][  0]LogConfig: Setting CVar [[r.AnisotropicMaterials:1]]
[2025.08.25-19.47.16:361][  0]LogConfig: Setting CVar [[r.SSS.Scale:1]]
[2025.08.25-19.47.16:361][  0]LogConfig: Setting CVar [[r.SSS.SampleSet:2]]
[2025.08.25-19.47.16:361][  0]LogConfig: Setting CVar [[r.SSS.Quality:1]]
[2025.08.25-19.47.16:361][  0]LogConfig: Setting CVar [[r.SSS.HalfRes:0]]
[2025.08.25-19.47.16:361][  0]LogConfig: Setting CVar [[r.SSGI.Quality:3]]
[2025.08.25-19.47.16:361][  0]LogConfig: Setting CVar [[r.EmitterSpawnRateScale:1.0]]
[2025.08.25-19.47.16:361][  0]LogConfig: Setting CVar [[r.ParticleLightQuality:2]]
[2025.08.25-19.47.16:361][  0]LogConfig: Setting CVar [[r.SkyAtmosphere.AerialPerspectiveLUT.FastApplyOnOpaque:1 ; Always have FastSkyLUT 1 in this case to avoid wrong sky]]
[2025.08.25-19.47.16:361][  0]LogConfig: Setting CVar [[r.SkyAtmosphere.AerialPerspectiveLUT.SampleCountMaxPerSlice:4]]
[2025.08.25-19.47.16:361][  0]LogConfig: Setting CVar [[r.SkyAtmosphere.AerialPerspectiveLUT.DepthResolution:16.0]]
[2025.08.25-19.47.16:361][  0]LogConfig: Setting CVar [[r.SkyAtmosphere.FastSkyLUT:1]]
[2025.08.25-19.47.16:361][  0]LogConfig: Setting CVar [[r.SkyAtmosphere.FastSkyLUT.SampleCountMin:4.0]]
[2025.08.25-19.47.16:361][  0]LogConfig: Setting CVar [[r.SkyAtmosphere.FastSkyLUT.SampleCountMax:128.0]]
[2025.08.25-19.47.16:361][  0]LogConfig: Setting CVar [[r.SkyAtmosphere.SampleCountMin:4.0]]
[2025.08.25-19.47.16:361][  0]LogConfig: Setting CVar [[r.SkyAtmosphere.SampleCountMax:128.0]]
[2025.08.25-19.47.16:361][  0]LogConfig: Setting CVar [[r.SkyAtmosphere.TransmittanceLUT.UseSmallFormat:0]]
[2025.08.25-19.47.16:361][  0]LogConfig: Setting CVar [[r.SkyAtmosphere.TransmittanceLUT.SampleCount:10.0]]
[2025.08.25-19.47.16:361][  0]LogConfig: Setting CVar [[r.SkyAtmosphere.MultiScatteringLUT.SampleCount:15.0]]
[2025.08.25-19.47.16:361][  0]LogConfig: Setting CVar [[r.SkyLight.RealTimeReflectionCapture:1]]
[2025.08.25-19.47.16:361][  0]LogConfig: Applying CVar settings from Section [FoliageQuality@3] File [C:/Users/Usuário/OneDrive/Documentos/Unreal Projects/Sorry/Saved/Config/Windows/Scalability.ini]
[2025.08.25-19.47.16:361][  0]LogConfig: Setting CVar [[foliage.DensityScale:1.0]]
[2025.08.25-19.47.16:361][  0]LogConfig: Setting CVar [[grass.DensityScale:1.0]]
[2025.08.25-19.47.16:361][  0]LogConfig: Applying CVar settings from Section [ShadingQuality@3] File [C:/Users/Usuário/OneDrive/Documentos/Unreal Projects/Sorry/Saved/Config/Windows/Scalability.ini]
[2025.08.25-19.47.16:361][  0]LogConfig: Setting CVar [[r.HairStrands.SkyLighting.IntegrationType:2]]
[2025.08.25-19.47.16:361][  0]LogConfig: Setting CVar [[r.HairStrands.SkyAO.SampleCount:4]]
[2025.08.25-19.47.16:361][  0]LogConfig: Setting CVar [[r.HairStrands.Visibility.MSAA.SamplePerPixel:4]]
[2025.08.25-19.47.16:361][  0]LogInit: Selected Device Profile: [Windows]
[2025.08.25-19.47.16:361][  0]LogInit: Applying CVar settings loaded from the selected device profile: [Windows]
[2025.08.25-19.47.16:361][  0]LogHAL: Display: Platform has ~ 32 GB [33685835776 / 34359738368 / 32], which maps to Largest [LargestMinGB=32, LargerMinGB=12, DefaultMinGB=8, SmallerMinGB=6, SmallestMinGB=0)
[2025.08.25-19.47.16:362][  0]LogInit: Going up to parent DeviceProfile []
[2025.08.25-19.47.16:362][  0]LogConfig: Applying CVar settings from Section [ViewDistanceQuality@3] File [C:/Users/Usuário/OneDrive/Documentos/Unreal Projects/Sorry/Saved/Config/Windows/Scalability.ini]
[2025.08.25-19.47.16:362][  0]LogConfig: Setting CVar [[r.SkeletalMeshLODBias:0]]
[2025.08.25-19.47.16:362][  0]LogConfig: Setting CVar [[r.ViewDistanceScale:1.0]]
[2025.08.25-19.47.16:362][  0]LogConfig: Applying CVar settings from Section [AntiAliasingQuality@3] File [C:/Users/Usuário/OneDrive/Documentos/Unreal Projects/Sorry/Saved/Config/Windows/Scalability.ini]
[2025.08.25-19.47.16:362][  0]LogConfig: Setting CVar [[r.PostProcessAAQuality:4]]
[2025.08.25-19.47.16:362][  0]LogConfig: Applying CVar settings from Section [ShadowQuality@3] File [C:/Users/Usuário/OneDrive/Documentos/Unreal Projects/Sorry/Saved/Config/Windows/Scalability.ini]
[2025.08.25-19.47.16:362][  0]LogConfig: Setting CVar [[r.LightFunctionQuality:1]]
[2025.08.25-19.47.16:362][  0]LogConfig: Setting CVar [[r.ShadowQuality:5]]
[2025.08.25-19.47.16:362][  0]LogConfig: Setting CVar [[r.Shadow.CSM.MaxCascades:10]]
[2025.08.25-19.47.16:362][  0]LogConfig: Setting CVar [[r.Shadow.MaxResolution:2048]]
[2025.08.25-19.47.16:362][  0]LogConfig: Setting CVar [[r.Shadow.MaxCSMResolution:2048]]
[2025.08.25-19.47.16:362][  0]LogConfig: Setting CVar [[r.Shadow.RadiusThreshold:0.01]]
[2025.08.25-19.47.16:362][  0]LogConfig: Setting CVar [[r.Shadow.DistanceScale:1.0]]
[2025.08.25-19.47.16:362][  0]LogConfig: Setting CVar [[r.Shadow.CSM.TransitionScale:1.0]]
[2025.08.25-19.47.16:362][  0]LogConfig: Setting CVar [[r.Shadow.PreShadowResolutionFactor:1.0]]
[2025.08.25-19.47.16:362][  0]LogConfig: Setting CVar [[r.DistanceFieldShadowing:1]]
[2025.08.25-19.47.16:362][  0]LogConfig: Setting CVar [[r.DistanceFieldAO:1]]
[2025.08.25-19.47.16:362][  0]LogConfig: Setting CVar [[r.AOQuality:2]]
[2025.08.25-19.47.16:362][  0]LogConfig: Setting CVar [[r.VolumetricFog:1]]
[2025.08.25-19.47.16:362][  0]LogConfig: Setting CVar [[r.VolumetricFog.GridPixelSize:8]]
[2025.08.25-19.47.16:362][  0]LogConfig: Setting CVar [[r.VolumetricFog.GridSizeZ:128]]
[2025.08.25-19.47.16:362][  0]LogConfig: Setting CVar [[r.VolumetricFog.HistoryMissSupersampleCount:4]]
[2025.08.25-19.47.16:362][  0]LogConfig: Setting CVar [[r.LightMaxDrawDistanceScale:1]]
[2025.08.25-19.47.16:362][  0]LogConfig: Setting CVar [[r.CapsuleShadows:1]]
[2025.08.25-19.47.16:362][  0]LogConfig: Applying CVar settings from Section [PostProcessQuality@3] File [C:/Users/Usuário/OneDrive/Documentos/Unreal Projects/Sorry/Saved/Config/Windows/Scalability.ini]
[2025.08.25-19.47.16:362][  0]LogConfig: Setting CVar [[r.MotionBlurQuality:4]]
[2025.08.25-19.47.16:362][  0]LogConfig: Setting CVar [[r.AmbientOcclusionMipLevelFactor:0.4]]
[2025.08.25-19.47.16:362][  0]LogConfig: Setting CVar [[r.AmbientOcclusionMaxQuality:100]]
[2025.08.25-19.47.16:362][  0]LogConfig: Setting CVar [[r.AmbientOcclusionLevels:-1]]
[2025.08.25-19.47.16:362][  0]LogConfig: Setting CVar [[r.AmbientOcclusionRadiusScale:1.0]]
[2025.08.25-19.47.16:362][  0]LogConfig: Setting CVar [[r.DepthOfFieldQuality:2]]
[2025.08.25-19.47.16:362][  0]LogConfig: Setting CVar [[r.RenderTargetPoolMin:400]]
[2025.08.25-19.47.16:362][  0]LogConfig: Setting CVar [[r.LensFlareQuality:2]]
[2025.08.25-19.47.16:362][  0]LogConfig: Setting CVar [[r.SceneColorFringeQuality:1]]
[2025.08.25-19.47.16:362][  0]LogConfig: Setting CVar [[r.EyeAdaptationQuality:2]]
[2025.08.25-19.47.16:362][  0]LogConfig: Setting CVar [[r.BloomQuality:5]]
[2025.08.25-19.47.16:362][  0]LogConfig: Setting CVar [[r.FastBlurThreshold:100]]
[2025.08.25-19.47.16:362][  0]LogConfig: Setting CVar [[r.Upscale.Quality:3]]
[2025.08.25-19.47.16:362][  0]LogConfig: Setting CVar [[r.Tonemapper.GrainQuantization:1]]
[2025.08.25-19.47.16:362][  0]LogConfig: Setting CVar [[r.LightShaftQuality:1]]
[2025.08.25-19.47.16:362][  0]LogConfig: Setting CVar [[r.Filter.SizeScale:1]]
[2025.08.25-19.47.16:362][  0]LogConfig: Setting CVar [[r.Tonemapper.Quality:5]]
[2025.08.25-19.47.16:362][  0]LogConfig: Setting CVar [[r.DOF.Gather.AccumulatorQuality:1        ; higher gathering accumulator quality]]
[2025.08.25-19.47.16:362][  0]LogConfig: Setting CVar [[r.DOF.Gather.PostfilterMethod:1          ; Median3x3 postfilering method]]
[2025.08.25-19.47.16:362][  0]LogConfig: Setting CVar [[r.DOF.Gather.EnableBokehSettings:0       ; no bokeh simulation when gathering]]
[2025.08.25-19.47.16:362][  0]LogConfig: Setting CVar [[r.DOF.Gather.RingCount:4                 ; medium number of samples when gathering]]
[2025.08.25-19.47.16:362][  0]LogConfig: Setting CVar [[r.DOF.Scatter.ForegroundCompositing:1    ; additive foreground scattering]]
[2025.08.25-19.47.16:362][  0]LogConfig: Setting CVar [[r.DOF.Scatter.BackgroundCompositing:2    ; additive background scattering]]
[2025.08.25-19.47.16:362][  0]LogConfig: Setting CVar [[r.DOF.Scatter.EnableBokehSettings:1      ; bokeh simulation when scattering]]
[2025.08.25-19.47.16:362][  0]LogConfig: Setting CVar [[r.DOF.Scatter.MaxSpriteRatio:0.1         ; only a maximum of 10% of scattered bokeh]]
[2025.08.25-19.47.16:362][  0]LogConfig: Setting CVar [[r.DOF.Recombine.Quality:1                ; cheap slight out of focus]]
[2025.08.25-19.47.16:362][  0]LogConfig: Setting CVar [[r.DOF.Recombine.EnableBokehSettings:0    ; no bokeh simulation on slight out of focus]]
[2025.08.25-19.47.16:362][  0]LogConfig: Setting CVar [[r.DOF.TemporalAAQuality:1                ; more stable temporal accumulation]]
[2025.08.25-19.47.16:362][  0]LogConfig: Setting CVar [[r.DOF.Kernel.MaxForegroundRadius:0.025]]
[2025.08.25-19.47.16:362][  0]LogConfig: Setting CVar [[r.DOF.Kernel.MaxBackgroundRadius:0.025]]
[2025.08.25-19.47.16:362][  0]LogConfig: Applying CVar settings from Section [TextureQuality@3] File [C:/Users/Usuário/OneDrive/Documentos/Unreal Projects/Sorry/Saved/Config/Windows/Scalability.ini]
[2025.08.25-19.47.16:362][  0]LogConfig: Setting CVar [[r.Streaming.MipBias:0]]
[2025.08.25-19.47.16:362][  0]LogConfig: Setting CVar [[r.Streaming.AmortizeCPUToGPUCopy:0]]
[2025.08.25-19.47.16:362][  0]LogConfig: Setting CVar [[r.Streaming.MaxNumTexturesToStreamPerFrame:0]]
[2025.08.25-19.47.16:362][  0]LogConfig: Setting CVar [[r.Streaming.Boost:1]]
[2025.08.25-19.47.16:362][  0]LogConfig: Setting CVar [[r.MaxAnisotropy:8]]
[2025.08.25-19.47.16:362][  0]LogConfig: Setting CVar [[r.VT.MaxAnisotropy:8]]
[2025.08.25-19.47.16:362][  0]LogConfig: Setting CVar [[r.Streaming.LimitPoolSizeToVRAM:0]]
[2025.08.25-19.47.16:362][  0]LogConfig: Setting CVar [[r.Streaming.PoolSize:1000]]
[2025.08.25-19.47.16:362][  0]LogConfig: Setting CVar [[r.Streaming.MaxEffectiveScreenSize:0]]
[2025.08.25-19.47.16:362][  0]LogConfig: Applying CVar settings from Section [EffectsQuality@3] File [C:/Users/Usuário/OneDrive/Documentos/Unreal Projects/Sorry/Saved/Config/Windows/Scalability.ini]
[2025.08.25-19.47.16:362][  0]LogConfig: Setting CVar [[r.TranslucencyLightingVolumeDim:64]]
[2025.08.25-19.47.16:362][  0]LogConfig: Setting CVar [[r.RefractionQuality:2]]
[2025.08.25-19.47.16:362][  0]LogConfig: Setting CVar [[r.SSR.Quality:3]]
[2025.08.25-19.47.16:362][  0]LogConfig: Setting CVar [[r.SSR.HalfResSceneColor:0]]
[2025.08.25-19.47.16:362][  0]LogConfig: Setting CVar [[r.SceneColorFormat:4]]
[2025.08.25-19.47.16:362][  0]LogConfig: Setting CVar [[r.DetailMode:2]]
[2025.08.25-19.47.16:362][  0]LogConfig: Setting CVar [[r.TranslucencyVolumeBlur:1]]
[2025.08.25-19.47.16:362][  0]LogConfig: Setting CVar [[r.MaterialQualityLevel:1 ; High quality]]
[2025.08.25-19.47.16:362][  0]LogConfig: Setting CVar [[r.AnisotropicMaterials:1]]
[2025.08.25-19.47.16:362][  0]LogConfig: Setting CVar [[r.SSS.Scale:1]]
[2025.08.25-19.47.16:362][  0]LogConfig: Setting CVar [[r.SSS.SampleSet:2]]
[2025.08.25-19.47.16:362][  0]LogConfig: Setting CVar [[r.SSS.Quality:1]]
[2025.08.25-19.47.16:362][  0]LogConfig: Setting CVar [[r.SSS.HalfRes:0]]
[2025.08.25-19.47.16:362][  0]LogConfig: Setting CVar [[r.SSGI.Quality:3]]
[2025.08.25-19.47.16:362][  0]LogConfig: Setting CVar [[r.EmitterSpawnRateScale:1.0]]
[2025.08.25-19.47.16:362][  0]LogConfig: Setting CVar [[r.ParticleLightQuality:2]]
[2025.08.25-19.47.16:362][  0]LogConfig: Setting CVar [[r.SkyAtmosphere.AerialPerspectiveLUT.FastApplyOnOpaque:1 ; Always have FastSkyLUT 1 in this case to avoid wrong sky]]
[2025.08.25-19.47.16:362][  0]LogConfig: Setting CVar [[r.SkyAtmosphere.AerialPerspectiveLUT.SampleCountMaxPerSlice:4]]
[2025.08.25-19.47.16:362][  0]LogConfig: Setting CVar [[r.SkyAtmosphere.AerialPerspectiveLUT.DepthResolution:16.0]]
[2025.08.25-19.47.16:362][  0]LogConfig: Setting CVar [[r.SkyAtmosphere.FastSkyLUT:1]]
[2025.08.25-19.47.16:362][  0]LogConfig: Setting CVar [[r.SkyAtmosphere.FastSkyLUT.SampleCountMin:4.0]]
[2025.08.25-19.47.16:362][  0]LogConfig: Setting CVar [[r.SkyAtmosphere.FastSkyLUT.SampleCountMax:128.0]]
[2025.08.25-19.47.16:362][  0]LogConfig: Setting CVar [[r.SkyAtmosphere.SampleCountMin:4.0]]
[2025.08.25-19.47.16:362][  0]LogConfig: Setting CVar [[r.SkyAtmosphere.SampleCountMax:128.0]]
[2025.08.25-19.47.16:362][  0]LogConfig: Setting CVar [[r.SkyAtmosphere.TransmittanceLUT.UseSmallFormat:0]]
[2025.08.25-19.47.16:362][  0]LogConfig: Setting CVar [[r.SkyAtmosphere.TransmittanceLUT.SampleCount:10.0]]
[2025.08.25-19.47.16:362][  0]LogConfig: Setting CVar [[r.SkyAtmosphere.MultiScatteringLUT.SampleCount:15.0]]
[2025.08.25-19.47.16:362][  0]LogConfig: Setting CVar [[r.SkyLight.RealTimeReflectionCapture:1]]
[2025.08.25-19.47.16:362][  0]LogConfig: Applying CVar settings from Section [FoliageQuality@3] File [C:/Users/Usuário/OneDrive/Documentos/Unreal Projects/Sorry/Saved/Config/Windows/Scalability.ini]
[2025.08.25-19.47.16:362][  0]LogConfig: Setting CVar [[foliage.DensityScale:1.0]]
[2025.08.25-19.47.16:362][  0]LogConfig: Setting CVar [[grass.DensityScale:1.0]]
[2025.08.25-19.47.16:362][  0]LogConfig: Applying CVar settings from Section [ShadingQuality@3] File [C:/Users/Usuário/OneDrive/Documentos/Unreal Projects/Sorry/Saved/Config/Windows/Scalability.ini]
[2025.08.25-19.47.16:362][  0]LogConfig: Setting CVar [[r.HairStrands.SkyLighting.IntegrationType:2]]
[2025.08.25-19.47.16:362][  0]LogConfig: Setting CVar [[r.HairStrands.SkyAO.SampleCount:4]]
[2025.08.25-19.47.16:362][  0]LogConfig: Setting CVar [[r.HairStrands.Visibility.MSAA.SamplePerPixel:4]]
[2025.08.25-19.47.16:362][  0]LogConfig: Applying CVar settings from Section [Startup] File [../../../Engine/Config/ConsoleVariables.ini]
[2025.08.25-19.47.16:363][  0]LogConfig: Setting CVar [[net.UseAdaptiveNetUpdateFrequency:0]]
[2025.08.25-19.47.16:363][  0]LogConfig: Setting CVar [[p.chaos.AllowCreatePhysxBodies:1]]
[2025.08.25-19.47.16:363][  0]LogConfig: Setting CVar [[fx.SkipVectorVMBackendOptimizations:1]]
[2025.08.25-19.47.16:363][  0]LogConfig: Applying CVar settings from Section [ConsoleVariables] File [C:/Users/Usuário/OneDrive/Documentos/Unreal Projects/Sorry/Saved/Config/Windows/Engine.ini]
[2025.08.25-19.47.16:363][  0]LogConfig: Applying CVar settings from Section [ConsoleVariables] File [C:/Users/Usuário/OneDrive/Documentos/Unreal Projects/Sorry/Saved/Config/Windows/Editor.ini]
[2025.08.25-19.47.16:363][  0]LogInit: Computer: DESKTOP-0OESQN2
[2025.08.25-19.47.16:363][  0]LogInit: User: Usuário
[2025.08.25-19.47.16:363][  0]LogInit: CPU Page size=4096, Cores=8
[2025.08.25-19.47.16:363][  0]LogInit: High frequency timer resolution =10.000000 MHz
[2025.08.25-19.47.16:363][  0]LogMemory: Memory total: Physical=31.4GB (32GB approx)
[2025.08.25-19.47.16:363][  0]LogMemory: Platform Memory Stats for Windows
[2025.08.25-19.47.16:363][  0]LogMemory: Process Physical Memory: 156.00 MB used, 156.00 MB peak
[2025.08.25-19.47.16:363][  0]LogMemory: Process Virtual Memory: 131.59 MB used, 131.59 MB peak
[2025.08.25-19.47.16:363][  0]LogMemory: Physical Memory: 13036.74 MB used,  19088.57 MB free, 32125.32 MB total
[2025.08.25-19.47.16:363][  0]LogMemory: Virtual Memory: 134199392.00 MB used,  18336.20 MB free, 134217728.00 MB total
[2025.08.25-19.47.16:371][  0]LogWindows: WindowsPlatformFeatures enabled
[2025.08.25-19.47.16:419][  0]LogInit: Physics initialised using underlying interface: PhysX
[2025.08.25-19.47.16:420][  0]LogInit: Using OS detected language (pt-BR).
[2025.08.25-19.47.16:421][  0]LogInit: Using OS detected locale (pt-BR).
[2025.08.25-19.47.16:450][  0]LogTextLocalizationResource: LocRes '../../../Engine/Content/Localization/Editor/pt/Editor.locres' could not be opened for reading!
[2025.08.25-19.47.16:450][  0]LogTextLocalizationResource: LocRes '../../../Engine/Content/Localization/EditorTutorials/pt/EditorTutorials.locres' could not be opened for reading!
[2025.08.25-19.47.16:450][  0]LogTextLocalizationResource: LocRes '../../../Engine/Content/Localization/Keywords/pt/Keywords.locres' could not be opened for reading!
[2025.08.25-19.47.16:450][  0]LogTextLocalizationResource: LocRes '../../../Engine/Content/Localization/Category/pt/Category.locres' could not be opened for reading!
[2025.08.25-19.47.16:451][  0]LogTextLocalizationResource: LocRes '../../../Engine/Content/Localization/ToolTips/pt/ToolTips.locres' could not be opened for reading!
[2025.08.25-19.47.16:451][  0]LogTextLocalizationResource: LocRes '../../../Engine/Content/Localization/PropertyNames/pt/PropertyNames.locres' could not be opened for reading!
[2025.08.25-19.47.16:451][  0]LogTextLocalizationResource: LocRes '../../../Engine/Content/Localization/Engine/pt/Engine.locres' could not be opened for reading!
[2025.08.25-19.47.16:451][  0]LogTextLocalizationResource: LocRes '../../../Engine/Plugins/Online/OnlineSubsystem/Content/Localization/OnlineSubsystem/pt/OnlineSubsystem.locres' could not be opened for reading!
[2025.08.25-19.47.16:451][  0]LogTextLocalizationResource: LocRes '../../../Engine/Plugins/Online/OnlineSubsystemUtils/Content/Localization/OnlineSubsystemUtils/pt/OnlineSubsystemUtils.locres' could not be opened for reading!
[2025.08.25-19.47.16:451][  0]LogTextLocalizationResource: LocRes '../../../Engine/Plugins/Online/Android/OnlineSubsystemGooglePlay/Content/Localization/OnlineSubsystemGooglePlay/pt/OnlineSubsystemGooglePlay.locres' could not be opened for reading!
[2025.08.25-19.47.16:451][  0]LogTextLocalizationResource: LocRes '../../../Engine/Plugins/Online/IOS/OnlineSubsystemIOS/Content/Localization/OnlineSubsystemIOS/pt/OnlineSubsystemIOS.locres' could not be opened for reading!
[2025.08.25-19.47.16:460][  0]LogInit: Setting process to per monitor DPI aware
[2025.08.25-19.47.16:492][  0]LogWindowsTextInputMethodSystem: Display: IME system deactivated.
[2025.08.25-19.47.16:512][  0]LogSlate: New Slate User Created.  User Index 0, Is Virtual User: 0
[2025.08.25-19.47.16:512][  0]LogSlate: Slate User Registered.  User Index 0, Is Virtual User: 0
[2025.08.25-19.47.16:693][  0]LogD3D11RHI: Loaded GFSDK_Aftermath_Lib.x64.dll
[2025.08.25-19.47.16:755][  0]LogHMD: Failed to initialize OpenVR with code 110
[2025.08.25-19.47.16:755][  0]LogD3D11RHI: D3D11 min allowed feature level: 11_0
[2025.08.25-19.47.16:755][  0]LogD3D11RHI: D3D11 max allowed feature level: 11_0
[2025.08.25-19.47.16:755][  0]LogD3D11RHI: D3D11 adapters:
[2025.08.25-19.47.16:944][  0]LogD3D11RHI:    0. 'NVIDIA GeForce GTX 1650 Ti' (Feature Level 11_0)
[2025.08.25-19.47.16:944][  0]LogD3D11RHI:       3935/0/16062 MB DedicatedVideo/DedicatedSystem/SharedSystem, Outputs:1, VendorId:0x10de
[2025.08.25-19.47.16:981][  0]LogD3D11RHI:    1. 'AMD Radeon(TM) Graphics' (Feature Level 11_0)
[2025.08.25-19.47.16:981][  0]LogD3D11RHI:       496/0/16062 MB DedicatedVideo/DedicatedSystem/SharedSystem, Outputs:0, VendorId:0x1002
[2025.08.25-19.47.16:990][  0]LogD3D11RHI:    2. 'Microsoft Basic Render Driver' (Feature Level 11_0)
[2025.08.25-19.47.16:990][  0]LogD3D11RHI:       0/0/16062 MB DedicatedVideo/DedicatedSystem/SharedSystem, Outputs:0, VendorId:0x1414
[2025.08.25-19.47.16:990][  0]LogD3D11RHI: Chosen D3D11 Adapter:
[2025.08.25-19.47.16:990][  0]LogD3D11RHI:     Description : NVIDIA GeForce GTX 1650 Ti
[2025.08.25-19.47.16:990][  0]LogD3D11RHI:     VendorId    : 10de
[2025.08.25-19.47.16:990][  0]LogD3D11RHI:     DeviceId    : 1f95
[2025.08.25-19.47.16:990][  0]LogD3D11RHI:     SubSysId    : 14471025
[2025.08.25-19.47.16:990][  0]LogD3D11RHI:     Revision    : 00a1
[2025.08.25-19.47.16:990][  0]LogD3D11RHI:     DedicatedVideoMemory : 4126146560 bytes
[2025.08.25-19.47.16:990][  0]LogD3D11RHI:     DedicatedSystemMemory : 0 bytes
[2025.08.25-19.47.16:990][  0]LogD3D11RHI:     SharedSystemMemory : 16842917888 bytes
[2025.08.25-19.47.16:990][  0]LogD3D11RHI:     AdapterLuid : 0 57674
[2025.08.25-19.47.16:999][  0]LogD3D11RHI: Creating new Direct3DDevice
[2025.08.25-19.47.16:999][  0]LogD3D11RHI:     GPU DeviceId: 0x1f95 (for the marketing name, search the web for "GPU Device Id")
[2025.08.25-19.47.16:999][  0]LogWindows: EnumDisplayDevices:
[2025.08.25-19.47.17:000][  0]LogWindows:    0. 'AMD Radeon(TM) Graphics' (P:1 D:1)
[2025.08.25-19.47.17:000][  0]LogWindows:    1. 'AMD Radeon(TM) Graphics' (P:0 D:0)
[2025.08.25-19.47.17:001][  0]LogWindows:    2. 'AMD Radeon(TM) Graphics' (P:0 D:0)
[2025.08.25-19.47.17:002][  0]LogWindows:    3. 'NVIDIA GeForce GTX 1650 Ti' (P:0 D:0)
[2025.08.25-19.47.17:002][  0]LogWindows: DebugString: PrimaryIsNotTheChoosenAdapter PrimaryIsNotTheChoosenAdapter PrimaryIsNotTheChoosenAdapter 
[2025.08.25-19.47.17:002][  0]LogD3D11RHI:     Adapter Name: NVIDIA GeForce GTX 1650 Ti
[2025.08.25-19.47.17:002][  0]LogD3D11RHI:   Driver Version: 576.88 (internal:32.0.15.7688, unified:576.88)
[2025.08.25-19.47.17:002][  0]LogD3D11RHI:      Driver Date: 6-24-2025
[2025.08.25-19.47.17:002][  0]LogRHI: Texture pool is 2754 MB (70% of 3935 MB)
[2025.08.25-19.47.17:002][  0]LogD3D11RHI: Creating D3DDevice using adapter:
[2025.08.25-19.47.17:002][  0]LogD3D11RHI:     Description : NVIDIA GeForce GTX 1650 Ti
[2025.08.25-19.47.17:002][  0]LogD3D11RHI:     VendorId    : 10de
[2025.08.25-19.47.17:002][  0]LogD3D11RHI:     DeviceId    : 1f95
[2025.08.25-19.47.17:002][  0]LogD3D11RHI:     SubSysId    : 14471025
[2025.08.25-19.47.17:002][  0]LogD3D11RHI:     Revision    : 00a1
[2025.08.25-19.47.17:002][  0]LogD3D11RHI:     DedicatedVideoMemory : 4126146560 bytes
[2025.08.25-19.47.17:002][  0]LogD3D11RHI:     DedicatedSystemMemory : 0 bytes
[2025.08.25-19.47.17:002][  0]LogD3D11RHI:     SharedSystemMemory : 16842917888 bytes
[2025.08.25-19.47.17:002][  0]LogD3D11RHI:     AdapterLuid : 0 57674
[2025.08.25-19.47.17:144][  0]LogD3D11RHI: RHI has support for 64 bit atomics
[2025.08.25-19.47.17:144][  0]LogD3D11RHI: Async texture creation enabled
[2025.08.25-19.47.17:144][  0]LogD3D11RHI: Array index from any shader is supported
[2025.08.25-19.47.17:169][  0]LogD3D11RHI: GPU Timing Frequency: 1000.000000 (Debug: 2 1)
[2025.08.25-19.47.17:201][  0]LogRHI: GeForceNow SDK initialized: 1
[2025.08.25-19.47.17:503][  0]LogTargetPlatformManager: Display: Loaded TargetPlatform 'AllDesktop'
[2025.08.25-19.47.17:525][  0]LogTargetPlatformManager: Display: Loaded TargetPlatform 'Android'
[2025.08.25-19.47.17:525][  0]LogTargetPlatformManager: Display: Loaded TargetPlatform 'Android_ASTC'
[2025.08.25-19.47.17:525][  0]LogTargetPlatformManager: Display: Loaded TargetPlatform 'Android_DXT'
[2025.08.25-19.47.17:525][  0]LogTargetPlatformManager: Display: Loaded TargetPlatform 'Android_ETC2'
[2025.08.25-19.47.17:525][  0]LogTargetPlatformManager: Display: Loaded TargetPlatform 'AndroidClient'
[2025.08.25-19.47.17:525][  0]LogTargetPlatformManager: Display: Loaded TargetPlatform 'Android_ASTCClient'
[2025.08.25-19.47.17:525][  0]LogTargetPlatformManager: Display: Loaded TargetPlatform 'Android_DXTClient'
[2025.08.25-19.47.17:525][  0]LogTargetPlatformManager: Display: Loaded TargetPlatform 'Android_ETC2Client'
[2025.08.25-19.47.17:525][  0]LogTargetPlatformManager: Display: Loaded TargetPlatform 'Android_Multi'
[2025.08.25-19.47.17:525][  0]LogTargetPlatformManager: Display: Loaded TargetPlatform 'Android_MultiClient'
[2025.08.25-19.47.17:546][  0]LogTargetPlatformManager: Display: Loaded TargetPlatform 'IOSClient'
[2025.08.25-19.47.17:547][  0]LogTargetPlatformManager: Display: Loaded TargetPlatform 'IOS'
[2025.08.25-19.47.17:557][  0]LogTargetPlatformManager: Display: Loaded TargetPlatform 'Linux'
[2025.08.25-19.47.17:562][  0]LogTargetPlatformManager: Display: Loaded TargetPlatform 'LinuxNoEditor'
[2025.08.25-19.47.17:567][  0]LogTargetPlatformManager: Display: Loaded TargetPlatform 'LinuxClient'
[2025.08.25-19.47.17:573][  0]LogTargetPlatformManager: Display: Loaded TargetPlatform 'LinuxServer'
[2025.08.25-19.47.17:582][  0]LogTargetPlatformManager: Display: Loaded TargetPlatform 'LinuxAArch64NoEditor'
[2025.08.25-19.47.17:587][  0]LogTargetPlatformManager: Display: Loaded TargetPlatform 'LinuxAArch64Client'
[2025.08.25-19.47.17:594][  0]LogTargetPlatformManager: Display: Loaded TargetPlatform 'LinuxAArch64Server'
[2025.08.25-19.47.17:618][  0]LogTargetPlatformManager: Display: Loaded TargetPlatform 'Lumin'
[2025.08.25-19.47.17:618][  0]LogTargetPlatformManager: Display: Loaded TargetPlatform 'LuminClient'
[2025.08.25-19.47.17:627][  0]LogTargetPlatformManager: Display: Loaded TargetPlatform 'MacNoEditor'
[2025.08.25-19.47.17:634][  0]LogTargetPlatformManager: Display: Loaded TargetPlatform 'Mac'
[2025.08.25-19.47.17:639][  0]LogTargetPlatformManager: Display: Loaded TargetPlatform 'MacClient'
[2025.08.25-19.47.17:645][  0]LogTargetPlatformManager: Display: Loaded TargetPlatform 'MacServer'
[2025.08.25-19.47.17:655][  0]LogTargetPlatformManager: Display: Loaded TargetPlatform 'TVOSClient'
[2025.08.25-19.47.17:656][  0]LogTargetPlatformManager: Display: Loaded TargetPlatform 'TVOS'
[2025.08.25-19.47.17:666][  0]LogTargetPlatformManager: Display: Loaded TargetPlatform 'WindowsNoEditor'
[2025.08.25-19.47.17:671][  0]LogTargetPlatformManager: Display: Loaded TargetPlatform 'Windows'
[2025.08.25-19.47.17:677][  0]LogTargetPlatformManager: Display: Loaded TargetPlatform 'WindowsClient'
[2025.08.25-19.47.17:682][  0]LogTargetPlatformManager: Display: Loaded TargetPlatform 'WindowsServer'
[2025.08.25-19.47.17:682][  0]LogTargetPlatformManager: Display: Building Assets For Windows
[2025.08.25-19.47.17:692][  0]LogAudioDebug: Display: Lib vorbis DLL was dynamically loaded.
[2025.08.25-19.47.17:731][  0]LogTextureFormatOodle: Display: Oodle Texture 2.9.0 init RDO Off
[2025.08.25-19.47.17:772][  0]LogRendererCore: Ray tracing is disabled. Reason: r.RayTracing=0.
[2025.08.25-19.47.17:772][  0]LogShaderCompilers: Guid format shader working directory is -26 characters bigger than the processId version (../../../../../../Users/Usuário/OneDrive/Documentos/Unreal Projects/Sorry/Intermediate/Shaders/WorkingDirectory/15916/).
[2025.08.25-19.47.17:772][  0]LogShaderCompilers: Cleaned the shader compiler working directory 'C:/Users/Usuário/AppData/Local/Temp/UnrealShaderWorkingDir/68AFCBA7432B48F66058AA94B5B67774/'.
[2025.08.25-19.47.17:773][  0]LogXGEController: Cannot use XGE Controller as Incredibuild is not installed on this machine.
[2025.08.25-19.47.17:773][  0]LogShaderCompilers: Cannot use XGE Shader Compiler as Incredibuild is not installed on this machine.
[2025.08.25-19.47.17:773][  0]LogShaderCompilers: Display: Using Local Shader Compiler.
[2025.08.25-19.47.18:431][  0]LogDerivedDataCache: Display: Max Cache Size: 512 MB
[2025.08.25-19.47.18:489][  0]LogDerivedDataCache: Loaded boot cache 0.06s 96MB C:/Users/Usuário/AppData/Local/UnrealEngine/4.27/DerivedDataCache/Boot.ddc.
[2025.08.25-19.47.18:489][  0]LogDerivedDataCache: Display: Loaded Boot cache: C:/Users/Usuário/AppData/Local/UnrealEngine/4.27/DerivedDataCache/Boot.ddc
[2025.08.25-19.47.18:489][  0]LogDerivedDataCache: FDerivedDataBackendGraph:  Pak pak cache file ../../../../../../Users/Usuário/OneDrive/Documentos/Unreal Projects/Sorry/DerivedDataCache/DDC.ddp not found, will not use a pak cache.
[2025.08.25-19.47.18:489][  0]LogDerivedDataCache: Unable to find inner node Pak for hierarchical cache Hierarchy.
[2025.08.25-19.47.18:489][  0]LogDerivedDataCache: FDerivedDataBackendGraph:  CompressedPak pak cache file ../../../../../../Users/Usuário/OneDrive/Documentos/Unreal Projects/Sorry/DerivedDataCache/Compressed.ddp not found, will not use a pak cache.
[2025.08.25-19.47.18:489][  0]LogDerivedDataCache: Unable to find inner node CompressedPak for hierarchical cache Hierarchy.
[2025.08.25-19.47.18:508][  0]LogDerivedDataCache: Display: Pak cache opened for reading ../../../Engine/DerivedDataCache/Compressed.ddp.
[2025.08.25-19.47.18:508][  0]LogDerivedDataCache: FDerivedDataBackendGraph:  EnterprisePak pak cache file ../../../Enterprise/DerivedDataCache/Compressed.ddp not found, will not use a pak cache.
[2025.08.25-19.47.18:508][  0]LogDerivedDataCache: Unable to find inner node EnterprisePak for hierarchical cache Hierarchy.
[2025.08.25-19.47.18:518][  0]LogDerivedDataCache: Speed tests for C:/Users/Usuário/AppData/Local/UnrealEngine/Common/DerivedDataCache took 0.01 seconds
[2025.08.25-19.47.18:518][  0]LogDerivedDataCache: Display: Performance to C:/Users/Usuário/AppData/Local/UnrealEngine/Common/DerivedDataCache: Latency=0.03ms. RandomReadSpeed=949.53MBs, RandomWriteSpeed=108.72MBs. Assigned SpeedClass 'Local'
[2025.08.25-19.47.18:519][  0]LogDerivedDataCache: Using Local data cache path C:/Users/Usuário/AppData/Local/UnrealEngine/Common/DerivedDataCache: Writable
[2025.08.25-19.47.18:519][  0]LogDerivedDataCache: Shared data cache path not found in *engine.ini, will not use an Shared cache.
[2025.08.25-19.47.18:520][  0]LogDerivedDataCache: Unable to find inner node Shared for hierarchical cache Hierarchy.
[2025.08.25-19.47.18:565][  0]LogSlate: Using FreeType 2.10.0
[2025.08.25-19.47.18:565][  0]LogSlate: SlateFontServices - WITH_FREETYPE: 1, WITH_HARFBUZZ: 1
[2025.08.25-19.47.18:593][  0]LogAssetRegistry: FAssetRegistry took 0.0032 seconds to start up
[2025.08.25-19.47.18:843][  0]LogInit: Selected Device Profile: [Windows]
[2025.08.25-19.47.18:844][  0]LogInit: Active device profile: [000001F4D2A4ED00][000001F4D3764780 49] Windows
[2025.08.25-19.47.18:844][  0]LogInit: Profiles: [000001F4D2A4ED00][000001F4D3764780 49] Windows, [000001F4D29CDB00][000001F4D3BBC8C0 49] WindowsNoEditor, [000001F4D2A4E000][000001F4CBAE2A00 49] WindowsServer, [000001F4D29CE700][000001F4CBDA8B40 49] WindowsClient, [000001F4D2A4DA00][000001F4D376CCC0 49] IOS, [000001F4D29CD500][000001F4D3770E40 49] iPadAir, [000001F4D2A4F000][000001F4CD5E4FC0 49] iPadAir2, [000001F4D295D200][000001F4D35E9280 49] IPadPro, [000001F4D295D300][000001F4CD5E92C0 49] iPadAir3, [000001F4D29CF400][000001F4D35ED440 49] iPadAir4, [000001F4D295E000][000001F4D35F15C0 49] iPadMini2, [000001F4D29CD900][000001F4D35F5740 49] iPadMini3, [000001F4D295EB00][000001F4D35F98C0 49] iPadMini4, [000001F4D29CF300][000001F4D35FDA40 49] iPadMini5, [000001F4D2998B00][000001F4D3FBA180 49] iPhone6, [000001F4D2998C00][000001F4D3FB61C0 49] iPodTouch6, [000001F4D2A4C500][000001F4D3FC2480 49] iPhone7, [000001F4D2A4F800][000001F4D3FBE4C0 49] iPodTouch7, [000001F4D295FC00][000001F4D3FC6640 49] iPhone5S, [000001F4D295DE00][000001F4CBD2C7C0 49] iPhone6Plus, [000001F4D299BD00][000001F4CBD30940 49] iPhone6S, [000001F4D295CE00][000001F4CBDACA80 49] iPhone6SPlus, [000001F4D299B600][000001F4CBD38BC0 49] iPhone7Plus, [000001F4D295EC00][000001F4CBD3CD00 49] iPhoneSE, [000001F4D299A100][000001F4D3FCAE80 49] iPhone8, [000001F4D295DB00][000001F4CBD63000 49] iPhone8Plus, [000001F4D299A700][000001F4CBD67180 49] iPhoneX, [000001F4D295DF00][000001F4CBD6B300 49] iPhoneXS, [000001F4D2998D00][000001F4D382D480 49] iPhoneXSMax, [000001F4D2A4EA00][000001F4D3831600 49] iPhoneXR, [000001F4D299AA00][000001F4D3835780 49] iPhone11, [000001F4D2A4D100][000001F4D3769900 49] iPhone11Pro, [000001F4D299B400][000001F4D3BB9A80 49] iPhone11ProMax, [000001F4D2A4F200][000001F4D356BC00 49] iPhoneSE2, [000001F4D2999500][000001F4D356E200 49] iPhone12Mini, [000001F4D2A4CF00][000001F4D3838380 49] iPhone12, [000001F4D299B700][000001F4D383C500 49] iPhone12Pro, [000001F4D2A4F400][000001F4D3840680 49] iPhone12ProMax, [000001F4D2998600][000001F4D3844800 49] iPadPro105, [000001F4D2A4D500][000001F4D3848980 49] iPadPro129, [000001F4D2998200][000001F4D384CB00 49] iPadPro97, [000001F4D2A4C100][000001F4CBD34C40 49] iPadPro2_129, [000001F4D2999700][000001F4D3850D80 49] iPad5, [000001F4D2A4F600][000001F4D39D0EC0 49] iPad6, [000001F4D2999800][000001F4D39D9040 49] iPad7, [000001F4D2A4D400][000001F4D39DD1C0 49] iPad8, [000001F4D2999900][000001F4D39E1340 49] iPadPro11, [000001F4D2A4E300][000001F4D39E54C0 49] iPadPro2_11, [000001F4D299A800][000001F4D39E9640 49] iPadPro3_129, [000001F4D2A4E400][000001F4D39ED7C0 49] iPadPro4_129, [000001F4D2998A00][000001F4D39F1940 49] AppleTV, [000001F4D2A4FA00][000001F4D39F5AC0 49] AppleTV4K, [000001F4D2998500][000001F4D39F80C0 49] TVOS, [000001F4D2A4E800][000001F4D39FC240 49] Mac, [000001F4D299A400][000001F4D3A003C0 49] MacClient, [000001F4D2A4E100][000001F4D3A04540 49] MacNoEditor, [000001F4D2998800][000001F4D3A086C0 49] MacServer, [000001F4D2A4DE00][000001F4D35A6840 49] Linux, [000001F4D299AF00][000001F4D35AA9C0 49] LinuxAArch64, [000001F4D2A4E900][000001F4D35AEB40 49] LinuxNoEditor, [000001F4D299B300][000001F4D35B2CC0 49] LinuxAArch64NoEditor, [000001F4D2A4D700][000001F4D39D4E00 49] LinuxClient, [000001F4D2999100][000001F4D35B6F40 49] LinuxAArch64Client, [000001F4D2A4D600][000001F4D35BB080 49] LinuxServer, [000001F4D2998400][000001F4D35BF1C0 49] LinuxAArch64Server, [000001F4D2A4CB00][000001F4D35C7340 49] Android, [000001F4D2999F00][000001F4D35CB4C0 49] Android_Low, [000001F4D2A4C600][000001F4D35CF640 49] Android_Mid, [000001F4D2999600][000001F4D35D37C0 49] Android_High, [000001F4D2A4D200][000001F4D35D7940 49] Android_Default, [000001F4D299A000][000001F4D35DBAC0 49] Android_Adreno4xx, [000001F4D2A4C900][000001F4D35DE0C0 49] Android_Adreno5xx_Low, [000001F4D299A900][000001F4D35E2240 49] Android_Adreno5xx, [000001F4D295D000][000001F4D3FE03C0 49] Android_Adreno6xx, [000001F4D29CD700][000001F4D3FE4540 49] Android_Adreno6xx_Vulkan, [000001F4D295DA00][000001F4D3FE86C0 49] Android_Mali_T6xx, [000001F4D29CDE00][000001F4D3FEC840 49] Android_Mali_T7xx, [000001F4D295F500][000001F4D3FF09C0 49] Android_Mali_T8xx, [000001F4D29CFE00][000001F4D3FF4B40 49] Android_Mali_G71, [000001F4D295CB00][000001F4D3FF8CC0 49] Android_Mali_G72, [000001F4D29CEC00][000001F4D3FFCE40 49] Android_Mali_G72_Vulkan, [000001F4D295E500][000001F4D35C2F80 49] Android_Mali_G76, [000001F4D29CE100][000001F4D40010C0 49] Android_Mali_G76_Vulkan, [000001F4D295C900][000001F4D4005200 49] Android_Mali_G77, [000001F4D29CD400][000001F4D4009340 49] Android_Mali_G77_Vulkan, [000001F4D295F800][000001F4D40114C0 49] Android_Mali_G78, [000001F4D29CED00][000001F4D4015640 49] Android_Mali_G78_Vulkan, [000001F4D295CF00][000001F4D40197C0 49] Android_Mali_G710, [000001F4D29CC100][000001F4D401D940 49] Android_Mali_G710_Vulkan, [000001F4D295D500][000001F4D4021AC0 49] Android_Vulkan_SM5, [000001F4D29CC700][000001F4D40240C0 49] Android_PowerVR_G6xxx, [000001F4D295CC00][000001F4D4028240 49] Android_PowerVR_GT7xxx, [000001F4D29CF800][000001F4D402C3C0 49] Android_PowerVR_GE8xxx, [000001F4D295F300][000001F4D4030540 49] Android_PowerVR_GM9xxx, [000001F4D29CE500][000001F4D40346C0 49] Android_PowerVR_GM9xxx_Vulkan, [000001F4D295E200][000001F4D4038840 49] Android_TegraK1, [000001F4D29CFB00][000001F4D403C9C0 49] Android_Unknown_Vulkan, [000001F4D295D100][000001F4D4040B40 49] Lumin, [000001F4D29CE200][000001F4D4044CC0 49] Lumin_Desktop, [000001F4D295C700][000001F4D4048E40 49] HoloLens, 
[2025.08.25-19.47.18:968][  0]LogMeshReduction: Using QuadricMeshReduction for automatic static mesh reduction
[2025.08.25-19.47.18:968][  0]LogMeshReduction: Using SimplygonMeshReduction for automatic skeletal mesh reduction
[2025.08.25-19.47.18:968][  0]LogMeshReduction: Using ProxyLODMeshReduction for automatic mesh merging
[2025.08.25-19.47.18:968][  0]LogMeshReduction: No distributed automatic mesh merging module available
[2025.08.25-19.47.18:968][  0]LogMeshMerging: No distributed automatic mesh merging module available
[2025.08.25-19.47.18:985][  0]LogNetVersion: Sorry 1.0.0, NetCL: 17155196, EngineNetVer: 17, GameNetVer: 0 (Checksum: 3363201869)
[2025.08.25-19.47.19:403][  0]LogTexture: Default maximum texture size for cubemaps generated from long-lat sources has been changed from 512 to unlimited. In order to preserve old behaiour for '/Engine/MapTemplates/Sky/DaylightAmbientCubemap.DaylightAmbientCubemap', its maximum texture size has been explicitly set to 512.
[2025.08.25-19.47.19:457][  0]LogHMD: PokeAHoleMaterial loaded successfully
[2025.08.25-19.47.19:465][  0]LogUObjectArray: 17178 objects as part of root set at end of initial load.
[2025.08.25-19.47.19:465][  0]LogUObjectAllocator: 4302048 out of 0 bytes used by permanent object pool.
[2025.08.25-19.47.19:465][  0]LogUObjectArray: CloseDisregardForGC: 0/0 objects in disregard for GC pool
[2025.08.25-19.47.19:696][  0]LogNiagaraDebuggerClient: Niagara Debugger Client Initialized | Session: 6D49FB1943A07E53D6DA9C9AD2781EE1 | Instance: 457A2AD848EA7449F0C078868D9B1D5F (DESKTOP-0OESQN2-15916).
[2025.08.25-19.47.19:952][  0]LogPython: Using Python 3.7.7
[2025.08.25-19.47.20:463][  0]LogTcpMessaging: Initializing TcpMessaging bridge
[2025.08.25-19.47.20:468][  0]LogUdpMessaging: Initializing bridge on interface 0.0.0.0:0 to multicast group 230.0.0.1:6666.
[2025.08.25-19.47.20:622][  0]SourceControl: Controle de origem desativado
[2025.08.25-19.47.20:623][  0]SourceControl: Controle de origem desativado
[2025.08.25-19.47.20:627][  0]SourceControl: Controle de origem desativado
[2025.08.25-19.47.20:644][  0]SourceControl: Controle de origem desativado
[2025.08.25-19.47.20:648][  0]SourceControl: Controle de origem desativado
[2025.08.25-19.47.20:651][  0]LogUProjectInfo: Found projects:
[2025.08.25-19.47.20:661][  0]LogVSAccessor: Display: Unable to create Visual Studio setup instance: 80040154
[2025.08.25-19.47.20:662][  0]LogVSAccessor: Display: Unable to create Visual Studio setup instance: 80040154
[2025.08.25-19.47.20:662][  0]LogVSAccessor: Display: Unable to create Visual Studio setup instance: 80040154
[2025.08.25-19.47.20:958][  0]LogOpenImageDenoise: OIDN starting up
[2025.08.25-19.47.20:962][  0]LogAndroidPermission: UAndroidPermissionCallbackProxy::GetInstance
[2025.08.25-19.47.20:986][  0]LogAudioCaptureCore: Display: No Audio Capture implementations found. Audio input will be silent.
[2025.08.25-19.47.20:986][  0]LogAudioCaptureCore: Display: No Audio Capture implementations found. Audio input will be silent.
[2025.08.25-19.47.21:152][  0]LogCollectionManager: Loaded 0 collections in 0.001532 seconds
[2025.08.25-19.47.21:183][  0]LogFileCache: Scanning file cache for directory 'C:/Users/Usuário/OneDrive/Documentos/Unreal Projects/Sorry/Saved/Collections/' took 0.00s
[2025.08.25-19.47.21:183][  0]LogFileCache: Scanning file cache for directory 'C:/Users/Usuário/OneDrive/Documentos/Unreal Projects/Sorry/Content/Developers/Usuário/Collections/' took 0.00s
[2025.08.25-19.47.21:183][  0]LogFileCache: Scanning file cache for directory 'C:/Users/Usuário/OneDrive/Documentos/Unreal Projects/Sorry/Content/Collections/' took 0.00s
[2025.08.25-19.47.21:183][  0]LogOcInput: OculusInput pre-init called
[2025.08.25-19.47.21:418][  0]LogEngine: Initializing Engine...
[2025.08.25-19.47.21:510][  0]LogHMD: Failed to enumerate extensions. Please check that you have a valid OpenXR runtime installed.
[2025.08.25-19.47.21:511][  0]LogHMD: Failed to initialize OpenVR with code 110
[2025.08.25-19.47.21:511][  0]LogMagicLeap: Warning: VR disabled because ZI is not enabled.  To enable, in the editor, Edit -> Project Settings -> Plugins -> Magic Leap Plugin -> Enable Zero Iteration
[2025.08.25-19.47.21:512][  0]LogStats: UGameplayTagsManager::InitializeManager -  0.000 s
[2025.08.25-19.47.21:649][  0]LogInit: Initializing FReadOnlyCVARCache
[2025.08.25-19.47.21:658][  0]LogAIModule: Creating AISystem for world Untitled
[2025.08.25-19.47.21:658][  0]LogAudio: Display: Initializing Audio Device Manager...
[2025.08.25-19.47.21:663][  0]LogAudio: Display: Loading Default Audio Settings Objects...
[2025.08.25-19.47.21:663][  0]LogAudio: Display: No default SoundConcurrencyObject specified (or failed to load).
[2025.08.25-19.47.21:664][  0]LogAudio: Display: Audio Device Manager Initialized
[2025.08.25-19.47.21:664][  0]LogAudio: Display: Creating Audio Device:                 Id: 1, Scope: Shared, Realtime: True
[2025.08.25-19.47.21:664][  0]LogAudioMixer: Display: Audio Mixer Platform Settings:
[2025.08.25-19.47.21:664][  0]LogAudioMixer: Display: 	Sample Rate:						  48000
[2025.08.25-19.47.21:664][  0]LogAudioMixer: Display: 	Callback Buffer Frame Size Requested: 1024
[2025.08.25-19.47.21:664][  0]LogAudioMixer: Display: 	Callback Buffer Frame Size To Use:	  1024
[2025.08.25-19.47.21:664][  0]LogAudioMixer: Display: 	Number of buffers to queue:			  2
[2025.08.25-19.47.21:664][  0]LogAudioMixer: Display: 	Max Channels (voices):				  32
[2025.08.25-19.47.21:664][  0]LogAudioMixer: Display: 	Number of Async Source Workers:		  0
[2025.08.25-19.47.21:664][  0]LogAudio: Display: AudioDevice MaxSources: 32
[2025.08.25-19.47.21:664][  0]LogAudio: Display: Audio Spatialization Plugin: None (built-in).
[2025.08.25-19.47.21:664][  0]LogAudio: Display: Audio Reverb Plugin: None (built-in).
[2025.08.25-19.47.21:664][  0]LogAudio: Display: Audio Occlusion Plugin: None (built-in).
[2025.08.25-19.47.21:664][  0]LogAudioMixer: Display: Initializing audio mixer.
[2025.08.25-19.47.21:675][  0]LogAudioMixer: Display: 0: FrontLeft
[2025.08.25-19.47.21:675][  0]LogAudioMixer: Display: 1: FrontRight
[2025.08.25-19.47.21:700][  0]LogAudioMixer: Display: Using Audio Device Alto-falantes (Logi USB Headset)
[2025.08.25-19.47.21:700][  0]LogAudioMixer: Display: Initializing Sound Submixes...
[2025.08.25-19.47.21:702][  0]LogAudioMixer: Display: Creating Master Submix 'MasterSubmixDefault'
[2025.08.25-19.47.21:702][  0]LogAudioMixer: Display: Creating Master Submix 'MasterReverbSubmixDefault'
[2025.08.25-19.47.21:703][  0]LogAudioMixer: Display: Creating Master Submix 'MasterEQSubmixDefault'
[2025.08.25-19.47.21:703][  0]LogAudioMixer: FMixerPlatformXAudio2::StartAudioStream() called
[2025.08.25-19.47.21:703][  0]LogAudioMixer: Display: Output buffers initialized: Frames=1024, Channels=2, Samples=2048
[2025.08.25-19.47.21:704][  0]LogAudioMixer: Display: Starting AudioMixerPlatformInterface::RunInternal()
[2025.08.25-19.47.21:705][  0]LogAudioMixer: Display: FMixerPlatformXAudio2::SubmitBuffer() called for the first time
[2025.08.25-19.47.21:705][  0]LogInit: FAudioDevice initialized.
[2025.08.25-19.47.21:705][  0]LogAudio: Display: Audio Device (ID: 1) registered with world 'Untitled'.
[2025.08.25-19.47.21:705][  0]LogNetVersion: Set ProjectVersion to 1.0.0.0. Version Checksum will be recalculated on next use.
[2025.08.25-19.47.21:775][  0]LogDerivedDataCache: Saved boot cache 0.07s 94MB C:/Users/Usuário/AppData/Local/UnrealEngine/4.27/DerivedDataCache/Boot.ddc.
[2025.08.25-19.47.21:776][  0]LogInit: Texture streaming: Enabled
[2025.08.25-19.47.21:792][  0]LogAnalytics: Display: [UEEditor.Rocket.Release] APIServer = https://datarouter.ol.epicgames.com/. AppVersion = 4.27.2-18319896+++UE4+Release-4.27
[2025.08.25-19.47.21:796][  0]LogEngineSessionManager: EngineSessionManager initialized
[2025.08.25-19.47.21:797][  0]LogEditorSessionSummary: Verbose: Initializing EditorSessionSummaryWriter for editor session tracking
[2025.08.25-19.47.21:798][  0]LogEditorSessionSummary: EditorSessionSummaryWriter initialized
[2025.08.25-19.47.21:832][  0]LogInit: Transaction tracking system initialized
[2025.08.25-19.47.21:860][  0]BlueprintLog: New page: Carregar Editor
[2025.08.25-19.47.21:936][  0]LocalizationService: Localization service is disabled
[2025.08.25-19.47.21:975][  0]TimingProfiler: Initialize
[2025.08.25-19.47.21:975][  0]TimingProfiler: OnSessionChanged
[2025.08.25-19.47.21:975][  0]LoadingProfiler: Initialize
[2025.08.25-19.47.21:975][  0]LoadingProfiler: OnSessionChanged
[2025.08.25-19.47.21:975][  0]NetworkingProfiler: Initialize
[2025.08.25-19.47.21:975][  0]NetworkingProfiler: OnSessionChanged
[2025.08.25-19.47.21:975][  0]MemoryProfiler: Initialize
[2025.08.25-19.47.21:975][  0]MemoryProfiler: OnSessionChanged
[2025.08.25-19.47.22:044][  0]LogVSAccessor: Display: Unable to create Visual Studio setup instance: 80040154
[2025.08.25-19.47.22:045][  0]LogVSAccessor: Display: Unable to create Visual Studio setup instance: 80040154
[2025.08.25-19.47.22:046][  0]LogVSAccessor: Display: Unable to create Visual Studio setup instance: 80040154
[2025.08.25-19.47.22:159][  0]LogCook: Display: CookSettings for Memory: MemoryMaxUsedVirtual 0MiB, MemoryMaxUsedPhysical 16384MiB, MemoryMinFreeVirtual 0MiB, MemoryMinFreePhysical 1024MiB
[2025.08.25-19.47.22:159][  0]LogCook: Display: Mobile HDR setting 1
[2025.08.25-19.47.22:408][  0]LogFileCache: Scanning file cache for directory 'C:/Users/Usuário/OneDrive/Documentos/Unreal Projects/Sorry/Content/' took 0.01s
[2025.08.25-19.47.22:598][  0]LogInit: Display: Engine is initialized. Leaving FEngineLoop::Init()
[2025.08.25-19.47.22:602][  0]SourceControl: Controle de origem desativado
[2025.08.25-19.47.22:602][  0]LogUnrealEdMisc: Loading editor; pre map load, took 7.547
[2025.08.25-19.47.22:602][  0]Cmd: MAP LOAD FILE="../../../../../../Users/Usuário/OneDrive/Documentos/Unreal Projects/Sorry/Content/StarterContent/Maps/Minimal_Default.umap" TEMPLATE=0 SHOWPROGRESS=1 FEATURELEVEL=3
[2025.08.25-19.47.22:612][  0]LightingResults: New page: Compilação de Iluminação
[2025.08.25-19.47.22:614][  0]LogWorld: UWorld::CleanupWorld for Untitled, bSessionEnded=true, bCleanupResources=true
[2025.08.25-19.47.22:614][  0]LogSlate: InvalidateAllWidgets triggered.  All widgets were invalidated
[2025.08.25-19.47.22:614][  0]MapCheck: New page: Verificação de Mapa
[2025.08.25-19.47.22:614][  0]LightingResults: New page: Compilação de Iluminação
[2025.08.25-19.47.22:620][  0]LogAudio: Display: Audio Device unregistered from world 'None'.
[2025.08.25-19.47.22:623][  0]LogUObjectHash: Compacting FUObjectHashTables data took   0.82ms
[2025.08.25-19.47.23:038][  0]LogAudio: Display: Audio Device (ID: 1) registered with world 'Minimal_Default'.
[2025.08.25-19.47.23:038][  0]LogAIModule: Creating AISystem for world Minimal_Default
[2025.08.25-19.47.23:060][  0]LogEditorServer: Finished looking for orphan Actors (0.000 secs)
[2025.08.25-19.47.23:068][  0]LogUObjectHash: Compacting FUObjectHashTables data took   0.92ms
[2025.08.25-19.47.23:068][  0]Cmd: MAP CHECKDEP NOCLEARLOG
[2025.08.25-19.47.23:069][  0]MapCheck: Map check complete: 0 Error(s), 0 Warning(s), took 0,224ms to complete.
[2025.08.25-19.47.23:069][  0]LogFileHelpers: Loading map 'Minimal_Default' took 0.466
[2025.08.25-19.47.23:070][  0]LogUnrealEdMisc: Total Editor Startup Time, took 8.015
[2025.08.25-19.47.23:278][  0]LogSlate: Updating window title bar state: overlay mode, drag disabled, window buttons hidden, title bar hidden
[2025.08.25-19.47.23:287][  0]LogSlate: Updating window title bar state: overlay mode, drag disabled, window buttons hidden, title bar hidden
[2025.08.25-19.47.23:294][  0]LogSlate: Updating window title bar state: overlay mode, drag disabled, window buttons hidden, title bar hidden
[2025.08.25-19.47.23:301][  0]LogSlate: Updating window title bar state: overlay mode, drag disabled, window buttons hidden, title bar hidden
[2025.08.25-19.47.23:344][  0]LogNativeClassHierarchy: Verbose: Native class hierarchy populated in 0.0141 seconds. Added 3822 classes and 928 folders.
[2025.08.25-19.47.23:354][  0]LogNativeClassHierarchy: Verbose: Native class hierarchy updated for 'WidgetCarousel' in 0.0006 seconds. Added 0 classes and 0 folders.
[2025.08.25-19.47.23:376][  0]LogPakFile: PakFile PrimaryIndexSize=187
[2025.08.25-19.47.23:376][  0]LogPakFile: PakFile PathHashIndexSize=101
[2025.08.25-19.47.23:376][  0]LogPakFile: PakFile FullDirectoryIndexSize=148
[2025.08.25-19.47.23:377][  0]LogShaderLibrary: Display: ShaderCodeLibraryPakFileMountedCallback: PakFile 'C:/Program Files/Epic Games/UE_4.27/FeaturePacks/FP_FirstPerson.upack' (chunk index -1, root 'root:/') mounted
[2025.08.25-19.47.23:377][  0]LogShaderLibrary: Display: ShaderCodeLibraryPakFileMountedCallback: pending pak file info (ChunkID:-1 Root:root:/ File:C:/Program Files/Epic Games/UE_4.27/FeaturePacks/FP_FirstPerson.upack)
[2025.08.25-19.47.23:379][  0]LogPakFile: OnPakFileMounted2Time == 0.002134
[2025.08.25-19.47.23:395][  0]LogPakFile: PakFile PrimaryIndexSize=189
[2025.08.25-19.47.23:395][  0]LogPakFile: PakFile PathHashIndexSize=101
[2025.08.25-19.47.23:395][  0]LogPakFile: PakFile FullDirectoryIndexSize=152
[2025.08.25-19.47.23:395][  0]LogShaderLibrary: Display: ShaderCodeLibraryPakFileMountedCallback: PakFile 'C:/Program Files/Epic Games/UE_4.27/FeaturePacks/FP_FirstPersonBP.upack' (chunk index -1, root 'root:/') mounted
[2025.08.25-19.47.23:395][  0]LogShaderLibrary: Display: ShaderCodeLibraryPakFileMountedCallback: pending pak file info (ChunkID:-1 Root:root:/ File:C:/Program Files/Epic Games/UE_4.27/FeaturePacks/FP_FirstPersonBP.upack)
[2025.08.25-19.47.23:395][  0]LogPakFile: OnPakFileMounted2Time == 0.000047
[2025.08.25-19.47.23:405][  0]LogPakFile: PakFile PrimaryIndexSize=191
[2025.08.25-19.47.23:405][  0]LogPakFile: PakFile PathHashIndexSize=101
[2025.08.25-19.47.23:405][  0]LogPakFile: PakFile FullDirectoryIndexSize=160
[2025.08.25-19.47.23:405][  0]LogShaderLibrary: Display: ShaderCodeLibraryPakFileMountedCallback: PakFile 'C:/Program Files/Epic Games/UE_4.27/FeaturePacks/MobileStarterContent.upack' (chunk index -1, root 'root:/') mounted
[2025.08.25-19.47.23:406][  0]LogShaderLibrary: Display: ShaderCodeLibraryPakFileMountedCallback: pending pak file info (ChunkID:-1 Root:root:/ File:C:/Program Files/Epic Games/UE_4.27/FeaturePacks/MobileStarterContent.upack)
[2025.08.25-19.47.23:406][  0]LogPakFile: OnPakFileMounted2Time == 0.000051
[2025.08.25-19.47.23:419][  0]LogPakFile: PakFile PrimaryIndexSize=185
[2025.08.25-19.47.23:419][  0]LogPakFile: PakFile PathHashIndexSize=101
[2025.08.25-19.47.23:419][  0]LogPakFile: PakFile FullDirectoryIndexSize=148
[2025.08.25-19.47.23:419][  0]LogShaderLibrary: Display: ShaderCodeLibraryPakFileMountedCallback: PakFile 'C:/Program Files/Epic Games/UE_4.27/FeaturePacks/StarterContent.upack' (chunk index -1, root 'root:/') mounted
[2025.08.25-19.47.23:419][  0]LogShaderLibrary: Display: ShaderCodeLibraryPakFileMountedCallback: pending pak file info (ChunkID:-1 Root:root:/ File:C:/Program Files/Epic Games/UE_4.27/FeaturePacks/StarterContent.upack)
[2025.08.25-19.47.23:419][  0]LogPakFile: OnPakFileMounted2Time == 0.000044
[2025.08.25-19.47.23:431][  0]LogPakFile: PakFile PrimaryIndexSize=190
[2025.08.25-19.47.23:431][  0]LogPakFile: PakFile PathHashIndexSize=101
[2025.08.25-19.47.23:431][  0]LogPakFile: PakFile FullDirectoryIndexSize=154
[2025.08.25-19.47.23:431][  0]LogShaderLibrary: Display: ShaderCodeLibraryPakFileMountedCallback: PakFile 'C:/Program Files/Epic Games/UE_4.27/FeaturePacks/TP_2DSideScroller.upack' (chunk index -1, root 'root:/') mounted
[2025.08.25-19.47.23:431][  0]LogShaderLibrary: Display: ShaderCodeLibraryPakFileMountedCallback: pending pak file info (ChunkID:-1 Root:root:/ File:C:/Program Files/Epic Games/UE_4.27/FeaturePacks/TP_2DSideScroller.upack)
[2025.08.25-19.47.23:431][  0]LogPakFile: OnPakFileMounted2Time == 0.000047
[2025.08.25-19.47.23:442][  0]LogPakFile: PakFile PrimaryIndexSize=192
[2025.08.25-19.47.23:442][  0]LogPakFile: PakFile PathHashIndexSize=101
[2025.08.25-19.47.23:443][  0]LogPakFile: PakFile FullDirectoryIndexSize=158
[2025.08.25-19.47.23:443][  0]LogShaderLibrary: Display: ShaderCodeLibraryPakFileMountedCallback: PakFile 'C:/Program Files/Epic Games/UE_4.27/FeaturePacks/TP_2DSideScrollerBP.upack' (chunk index -1, root 'root:/') mounted
[2025.08.25-19.47.23:443][  0]LogShaderLibrary: Display: ShaderCodeLibraryPakFileMountedCallback: pending pak file info (ChunkID:-1 Root:root:/ File:C:/Program Files/Epic Games/UE_4.27/FeaturePacks/TP_2DSideScrollerBP.upack)
[2025.08.25-19.47.23:443][  0]LogPakFile: OnPakFileMounted2Time == 0.000047
[2025.08.25-19.47.23:452][  0]LogPakFile: PakFile PrimaryIndexSize=182
[2025.08.25-19.47.23:452][  0]LogPakFile: PakFile PathHashIndexSize=101
[2025.08.25-19.47.23:452][  0]LogPakFile: PakFile FullDirectoryIndexSize=138
[2025.08.25-19.47.23:452][  0]LogShaderLibrary: Display: ShaderCodeLibraryPakFileMountedCallback: PakFile 'C:/Program Files/Epic Games/UE_4.27/FeaturePacks/TP_Flying.upack' (chunk index -1, root 'root:/') mounted
[2025.08.25-19.47.23:452][  0]LogShaderLibrary: Display: ShaderCodeLibraryPakFileMountedCallback: pending pak file info (ChunkID:-1 Root:root:/ File:C:/Program Files/Epic Games/UE_4.27/FeaturePacks/TP_Flying.upack)
[2025.08.25-19.47.23:452][  0]LogPakFile: OnPakFileMounted2Time == 0.000043
[2025.08.25-19.47.23:463][  0]LogPakFile: PakFile PrimaryIndexSize=184
[2025.08.25-19.47.23:463][  0]LogPakFile: PakFile PathHashIndexSize=101
[2025.08.25-19.47.23:463][  0]LogPakFile: PakFile FullDirectoryIndexSize=142
[2025.08.25-19.47.23:463][  0]LogShaderLibrary: Display: ShaderCodeLibraryPakFileMountedCallback: PakFile 'C:/Program Files/Epic Games/UE_4.27/FeaturePacks/TP_FlyingBP.upack' (chunk index -1, root 'root:/') mounted
[2025.08.25-19.47.23:464][  0]LogShaderLibrary: Display: ShaderCodeLibraryPakFileMountedCallback: pending pak file info (ChunkID:-1 Root:root:/ File:C:/Program Files/Epic Games/UE_4.27/FeaturePacks/TP_FlyingBP.upack)
[2025.08.25-19.47.23:464][  0]LogPakFile: OnPakFileMounted2Time == 0.000050
[2025.08.25-19.47.23:476][  0]LogPakFile: PakFile PrimaryIndexSize=188
[2025.08.25-19.47.23:476][  0]LogPakFile: PakFile PathHashIndexSize=101
[2025.08.25-19.47.23:476][  0]LogPakFile: PakFile FullDirectoryIndexSize=150
[2025.08.25-19.47.23:476][  0]LogShaderLibrary: Display: ShaderCodeLibraryPakFileMountedCallback: PakFile 'C:/Program Files/Epic Games/UE_4.27/FeaturePacks/TP_HandheldARBP.upack' (chunk index -1, root 'root:/') mounted
[2025.08.25-19.47.23:476][  0]LogShaderLibrary: Display: ShaderCodeLibraryPakFileMountedCallback: pending pak file info (ChunkID:-1 Root:root:/ File:C:/Program Files/Epic Games/UE_4.27/FeaturePacks/TP_HandheldARBP.upack)
[2025.08.25-19.47.23:476][  0]LogPakFile: OnPakFileMounted2Time == 0.000046
[2025.08.25-19.47.23:487][  0]LogPakFile: PakFile PrimaryIndexSize=182
[2025.08.25-19.47.23:487][  0]LogPakFile: PakFile PathHashIndexSize=101
[2025.08.25-19.47.23:487][  0]LogPakFile: PakFile FullDirectoryIndexSize=138
[2025.08.25-19.47.23:487][  0]LogShaderLibrary: Display: ShaderCodeLibraryPakFileMountedCallback: PakFile 'C:/Program Files/Epic Games/UE_4.27/FeaturePacks/TP_Puzzle.upack' (chunk index -1, root 'root:/') mounted
[2025.08.25-19.47.23:487][  0]LogShaderLibrary: Display: ShaderCodeLibraryPakFileMountedCallback: pending pak file info (ChunkID:-1 Root:root:/ File:C:/Program Files/Epic Games/UE_4.27/FeaturePacks/TP_Puzzle.upack)
[2025.08.25-19.47.23:487][  0]LogPakFile: OnPakFileMounted2Time == 0.000037
[2025.08.25-19.47.23:498][  0]LogPakFile: PakFile PrimaryIndexSize=184
[2025.08.25-19.47.23:498][  0]LogPakFile: PakFile PathHashIndexSize=101
[2025.08.25-19.47.23:498][  0]LogPakFile: PakFile FullDirectoryIndexSize=142
[2025.08.25-19.47.23:498][  0]LogShaderLibrary: Display: ShaderCodeLibraryPakFileMountedCallback: PakFile 'C:/Program Files/Epic Games/UE_4.27/FeaturePacks/TP_PuzzleBP.upack' (chunk index -1, root 'root:/') mounted
[2025.08.25-19.47.23:498][  0]LogShaderLibrary: Display: ShaderCodeLibraryPakFileMountedCallback: pending pak file info (ChunkID:-1 Root:root:/ File:C:/Program Files/Epic Games/UE_4.27/FeaturePacks/TP_PuzzleBP.upack)
[2025.08.25-19.47.23:498][  0]LogPakFile: OnPakFileMounted2Time == 0.000039
[2025.08.25-19.47.23:509][  0]LogPakFile: PakFile PrimaryIndexSize=183
[2025.08.25-19.47.23:509][  0]LogPakFile: PakFile PathHashIndexSize=101
[2025.08.25-19.47.23:509][  0]LogPakFile: PakFile FullDirectoryIndexSize=140
[2025.08.25-19.47.23:509][  0]LogShaderLibrary: Display: ShaderCodeLibraryPakFileMountedCallback: PakFile 'C:/Program Files/Epic Games/UE_4.27/FeaturePacks/TP_Rolling.upack' (chunk index -1, root 'root:/') mounted
[2025.08.25-19.47.23:509][  0]LogShaderLibrary: Display: ShaderCodeLibraryPakFileMountedCallback: pending pak file info (ChunkID:-1 Root:root:/ File:C:/Program Files/Epic Games/UE_4.27/FeaturePacks/TP_Rolling.upack)
[2025.08.25-19.47.23:509][  0]LogPakFile: OnPakFileMounted2Time == 0.000048
[2025.08.25-19.47.23:518][  0]LogPakFile: PakFile PrimaryIndexSize=185
[2025.08.25-19.47.23:519][  0]LogPakFile: PakFile PathHashIndexSize=101
[2025.08.25-19.47.23:519][  0]LogPakFile: PakFile FullDirectoryIndexSize=144
[2025.08.25-19.47.23:519][  0]LogShaderLibrary: Display: ShaderCodeLibraryPakFileMountedCallback: PakFile 'C:/Program Files/Epic Games/UE_4.27/FeaturePacks/TP_RollingBP.upack' (chunk index -1, root 'root:/') mounted
[2025.08.25-19.47.23:519][  0]LogShaderLibrary: Display: ShaderCodeLibraryPakFileMountedCallback: pending pak file info (ChunkID:-1 Root:root:/ File:C:/Program Files/Epic Games/UE_4.27/FeaturePacks/TP_RollingBP.upack)
[2025.08.25-19.47.23:519][  0]LogPakFile: OnPakFileMounted2Time == 0.000048
[2025.08.25-19.47.23:529][  0]LogPakFile: PakFile PrimaryIndexSize=188
[2025.08.25-19.47.23:529][  0]LogPakFile: PakFile PathHashIndexSize=101
[2025.08.25-19.47.23:529][  0]LogPakFile: PakFile FullDirectoryIndexSize=150
[2025.08.25-19.47.23:529][  0]LogShaderLibrary: Display: ShaderCodeLibraryPakFileMountedCallback: PakFile 'C:/Program Files/Epic Games/UE_4.27/FeaturePacks/TP_SideScroller.upack' (chunk index -1, root 'root:/') mounted
[2025.08.25-19.47.23:529][  0]LogShaderLibrary: Display: ShaderCodeLibraryPakFileMountedCallback: pending pak file info (ChunkID:-1 Root:root:/ File:C:/Program Files/Epic Games/UE_4.27/FeaturePacks/TP_SideScroller.upack)
[2025.08.25-19.47.23:529][  0]LogPakFile: OnPakFileMounted2Time == 0.000098
[2025.08.25-19.47.23:540][  0]LogPakFile: PakFile PrimaryIndexSize=190
[2025.08.25-19.47.23:540][  0]LogPakFile: PakFile PathHashIndexSize=101
[2025.08.25-19.47.23:540][  0]LogPakFile: PakFile FullDirectoryIndexSize=154
[2025.08.25-19.47.23:540][  0]LogShaderLibrary: Display: ShaderCodeLibraryPakFileMountedCallback: PakFile 'C:/Program Files/Epic Games/UE_4.27/FeaturePacks/TP_SideScrollerBP.upack' (chunk index -1, root 'root:/') mounted
[2025.08.25-19.47.23:540][  0]LogShaderLibrary: Display: ShaderCodeLibraryPakFileMountedCallback: pending pak file info (ChunkID:-1 Root:root:/ File:C:/Program Files/Epic Games/UE_4.27/FeaturePacks/TP_SideScrollerBP.upack)
[2025.08.25-19.47.23:540][  0]LogPakFile: OnPakFileMounted2Time == 0.000049
[2025.08.25-19.47.23:551][  0]LogPakFile: PakFile PrimaryIndexSize=187
[2025.08.25-19.47.23:551][  0]LogPakFile: PakFile PathHashIndexSize=101
[2025.08.25-19.47.23:551][  0]LogPakFile: PakFile FullDirectoryIndexSize=148
[2025.08.25-19.47.23:551][  0]LogShaderLibrary: Display: ShaderCodeLibraryPakFileMountedCallback: PakFile 'C:/Program Files/Epic Games/UE_4.27/FeaturePacks/TP_ThirdPerson.upack' (chunk index -1, root 'root:/') mounted
[2025.08.25-19.47.23:551][  0]LogShaderLibrary: Display: ShaderCodeLibraryPakFileMountedCallback: pending pak file info (ChunkID:-1 Root:root:/ File:C:/Program Files/Epic Games/UE_4.27/FeaturePacks/TP_ThirdPerson.upack)
[2025.08.25-19.47.23:551][  0]LogPakFile: OnPakFileMounted2Time == 0.000039
[2025.08.25-19.47.23:563][  0]LogPakFile: PakFile PrimaryIndexSize=189
[2025.08.25-19.47.23:563][  0]LogPakFile: PakFile PathHashIndexSize=101
[2025.08.25-19.47.23:563][  0]LogPakFile: PakFile FullDirectoryIndexSize=152
[2025.08.25-19.47.23:563][  0]LogShaderLibrary: Display: ShaderCodeLibraryPakFileMountedCallback: PakFile 'C:/Program Files/Epic Games/UE_4.27/FeaturePacks/TP_ThirdPersonBP.upack' (chunk index -1, root 'root:/') mounted
[2025.08.25-19.47.23:563][  0]LogShaderLibrary: Display: ShaderCodeLibraryPakFileMountedCallback: pending pak file info (ChunkID:-1 Root:root:/ File:C:/Program Files/Epic Games/UE_4.27/FeaturePacks/TP_ThirdPersonBP.upack)
[2025.08.25-19.47.23:563][  0]LogPakFile: OnPakFileMounted2Time == 0.000045
[2025.08.25-19.47.23:572][  0]LogPakFile: PakFile PrimaryIndexSize=183
[2025.08.25-19.47.23:573][  0]LogPakFile: PakFile PathHashIndexSize=101
[2025.08.25-19.47.23:573][  0]LogPakFile: PakFile FullDirectoryIndexSize=140
[2025.08.25-19.47.23:573][  0]LogShaderLibrary: Display: ShaderCodeLibraryPakFileMountedCallback: PakFile 'C:/Program Files/Epic Games/UE_4.27/FeaturePacks/TP_TopDown.upack' (chunk index -1, root 'root:/') mounted
[2025.08.25-19.47.23:573][  0]LogShaderLibrary: Display: ShaderCodeLibraryPakFileMountedCallback: pending pak file info (ChunkID:-1 Root:root:/ File:C:/Program Files/Epic Games/UE_4.27/FeaturePacks/TP_TopDown.upack)
[2025.08.25-19.47.23:573][  0]LogPakFile: OnPakFileMounted2Time == 0.000095
[2025.08.25-19.47.23:587][  0]LogPakFile: PakFile PrimaryIndexSize=185
[2025.08.25-19.47.23:587][  0]LogPakFile: PakFile PathHashIndexSize=101
[2025.08.25-19.47.23:587][  0]LogPakFile: PakFile FullDirectoryIndexSize=144
[2025.08.25-19.47.23:587][  0]LogShaderLibrary: Display: ShaderCodeLibraryPakFileMountedCallback: PakFile 'C:/Program Files/Epic Games/UE_4.27/FeaturePacks/TP_TopDownBP.upack' (chunk index -1, root 'root:/') mounted
[2025.08.25-19.47.23:587][  0]LogShaderLibrary: Display: ShaderCodeLibraryPakFileMountedCallback: pending pak file info (ChunkID:-1 Root:root:/ File:C:/Program Files/Epic Games/UE_4.27/FeaturePacks/TP_TopDownBP.upack)
[2025.08.25-19.47.23:587][  0]LogPakFile: OnPakFileMounted2Time == 0.000069
[2025.08.25-19.47.23:600][  0]LogPakFile: PakFile PrimaryIndexSize=185
[2025.08.25-19.47.23:600][  0]LogPakFile: PakFile PathHashIndexSize=101
[2025.08.25-19.47.23:600][  0]LogPakFile: PakFile FullDirectoryIndexSize=144
[2025.08.25-19.47.23:600][  0]LogShaderLibrary: Display: ShaderCodeLibraryPakFileMountedCallback: PakFile 'C:/Program Files/Epic Games/UE_4.27/FeaturePacks/TP_TwinStick.upack' (chunk index -1, root 'root:/') mounted
[2025.08.25-19.47.23:600][  0]LogShaderLibrary: Display: ShaderCodeLibraryPakFileMountedCallback: pending pak file info (ChunkID:-1 Root:root:/ File:C:/Program Files/Epic Games/UE_4.27/FeaturePacks/TP_TwinStick.upack)
[2025.08.25-19.47.23:600][  0]LogPakFile: OnPakFileMounted2Time == 0.000088
[2025.08.25-19.47.23:609][  0]LogPakFile: PakFile PrimaryIndexSize=187
[2025.08.25-19.47.23:609][  0]LogPakFile: PakFile PathHashIndexSize=101
[2025.08.25-19.47.23:609][  0]LogPakFile: PakFile FullDirectoryIndexSize=148
[2025.08.25-19.47.23:609][  0]LogShaderLibrary: Display: ShaderCodeLibraryPakFileMountedCallback: PakFile 'C:/Program Files/Epic Games/UE_4.27/FeaturePacks/TP_TwinStickBP.upack' (chunk index -1, root 'root:/') mounted
[2025.08.25-19.47.23:609][  0]LogShaderLibrary: Display: ShaderCodeLibraryPakFileMountedCallback: pending pak file info (ChunkID:-1 Root:root:/ File:C:/Program Files/Epic Games/UE_4.27/FeaturePacks/TP_TwinStickBP.upack)
[2025.08.25-19.47.23:609][  0]LogPakFile: OnPakFileMounted2Time == 0.000049
[2025.08.25-19.47.23:620][  0]LogPakFile: PakFile PrimaryIndexSize=183
[2025.08.25-19.47.23:620][  0]LogPakFile: PakFile PathHashIndexSize=101
[2025.08.25-19.47.23:620][  0]LogPakFile: PakFile FullDirectoryIndexSize=140
[2025.08.25-19.47.23:620][  0]LogShaderLibrary: Display: ShaderCodeLibraryPakFileMountedCallback: PakFile 'C:/Program Files/Epic Games/UE_4.27/FeaturePacks/TP_Vehicle.upack' (chunk index -1, root 'root:/') mounted
[2025.08.25-19.47.23:620][  0]LogShaderLibrary: Display: ShaderCodeLibraryPakFileMountedCallback: pending pak file info (ChunkID:-1 Root:root:/ File:C:/Program Files/Epic Games/UE_4.27/FeaturePacks/TP_Vehicle.upack)
[2025.08.25-19.47.23:620][  0]LogPakFile: OnPakFileMounted2Time == 0.000041
[2025.08.25-19.47.23:629][  0]LogPakFile: PakFile PrimaryIndexSize=186
[2025.08.25-19.47.23:629][  0]LogPakFile: PakFile PathHashIndexSize=101
[2025.08.25-19.47.23:629][  0]LogPakFile: PakFile FullDirectoryIndexSize=146
[2025.08.25-19.47.23:629][  0]LogShaderLibrary: Display: ShaderCodeLibraryPakFileMountedCallback: PakFile 'C:/Program Files/Epic Games/UE_4.27/FeaturePacks/TP_VehicleAdv.upack' (chunk index -1, root 'root:/') mounted
[2025.08.25-19.47.23:629][  0]LogShaderLibrary: Display: ShaderCodeLibraryPakFileMountedCallback: pending pak file info (ChunkID:-1 Root:root:/ File:C:/Program Files/Epic Games/UE_4.27/FeaturePacks/TP_VehicleAdv.upack)
[2025.08.25-19.47.23:629][  0]LogPakFile: OnPakFileMounted2Time == 0.000051
[2025.08.25-19.47.23:640][  0]LogPakFile: PakFile PrimaryIndexSize=188
[2025.08.25-19.47.23:640][  0]LogPakFile: PakFile PathHashIndexSize=101
[2025.08.25-19.47.23:640][  0]LogPakFile: PakFile FullDirectoryIndexSize=150
[2025.08.25-19.47.23:640][  0]LogShaderLibrary: Display: ShaderCodeLibraryPakFileMountedCallback: PakFile 'C:/Program Files/Epic Games/UE_4.27/FeaturePacks/TP_VehicleAdvBP.upack' (chunk index -1, root 'root:/') mounted
[2025.08.25-19.47.23:640][  0]LogShaderLibrary: Display: ShaderCodeLibraryPakFileMountedCallback: pending pak file info (ChunkID:-1 Root:root:/ File:C:/Program Files/Epic Games/UE_4.27/FeaturePacks/TP_VehicleAdvBP.upack)
[2025.08.25-19.47.23:640][  0]LogPakFile: OnPakFileMounted2Time == 0.000037
[2025.08.25-19.47.23:650][  0]LogPakFile: PakFile PrimaryIndexSize=185
[2025.08.25-19.47.23:650][  0]LogPakFile: PakFile PathHashIndexSize=101
[2025.08.25-19.47.23:650][  0]LogPakFile: PakFile FullDirectoryIndexSize=144
[2025.08.25-19.47.23:650][  0]LogShaderLibrary: Display: ShaderCodeLibraryPakFileMountedCallback: PakFile 'C:/Program Files/Epic Games/UE_4.27/FeaturePacks/TP_VehicleBP.upack' (chunk index -1, root 'root:/') mounted
[2025.08.25-19.47.23:650][  0]LogShaderLibrary: Display: ShaderCodeLibraryPakFileMountedCallback: pending pak file info (ChunkID:-1 Root:root:/ File:C:/Program Files/Epic Games/UE_4.27/FeaturePacks/TP_VehicleBP.upack)
[2025.08.25-19.47.23:650][  0]LogPakFile: OnPakFileMounted2Time == 0.000037
[2025.08.25-19.47.23:661][  0]LogPakFile: PakFile PrimaryIndexSize=192
[2025.08.25-19.47.23:661][  0]LogPakFile: PakFile PathHashIndexSize=101
[2025.08.25-19.47.23:661][  0]LogPakFile: PakFile FullDirectoryIndexSize=158
[2025.08.25-19.47.23:661][  0]LogShaderLibrary: Display: ShaderCodeLibraryPakFileMountedCallback: PakFile 'C:/Program Files/Epic Games/UE_4.27/FeaturePacks/TP_VirtualRealityBP.upack' (chunk index -1, root 'root:/') mounted
[2025.08.25-19.47.23:661][  0]LogShaderLibrary: Display: ShaderCodeLibraryPakFileMountedCallback: pending pak file info (ChunkID:-1 Root:root:/ File:C:/Program Files/Epic Games/UE_4.27/FeaturePacks/TP_VirtualRealityBP.upack)
[2025.08.25-19.47.23:661][  0]LogPakFile: OnPakFileMounted2Time == 0.000040
[2025.08.25-19.47.24:016][  0]LogNativeClassHierarchy: Verbose: Native class hierarchy updated for 'AddContentDialog' in 0.0004 seconds. Added 0 classes and 0 folders.
[2025.08.25-19.47.24:023][  0]LogNativeClassHierarchy: Verbose: Native class hierarchy updated for 'SceneOutliner' in 0.0004 seconds. Added 2 classes and 0 folders.
[2025.08.25-19.47.24:108][  0]LogSlate: Took 0.000423 seconds to synchronously load lazily loaded font '../../../Engine/Content/Slate/Fonts/Roboto-Regular.ttf' (155K)
[2025.08.25-19.47.24:123][  0]LogSlate: Took 0.013770 seconds to synchronously load lazily loaded font '../../../Engine/Content/Editor/Slate/Fonts/FontAwesome.ttf' (139K)
[2025.08.25-19.47.24:125][  0]LogSlate: Took 0.000374 seconds to synchronously load lazily loaded font '../../../Engine/Content/Slate/Fonts/Roboto-Bold.ttf' (160K)
[2025.08.25-19.47.24:335][  0]LogRenderer: Reallocating scene render targets to support 964x428 Format 10 NumSamples 1 (Frame:1).
[2025.08.25-19.47.24:503][  0]LogNativeClassHierarchy: Verbose: Native class hierarchy updated for 'HierarchicalLODOutliner' in 0.0004 seconds. Added 0 classes and 0 folders.
[2025.08.25-19.47.24:503][  0]LogLoad: (Engine Initialization) Total time: 9.45 seconds
[2025.08.25-19.47.24:503][  0]LogLoad: (Engine Initialization) Total Blueprint compile time: 0.00 seconds
[2025.08.25-19.47.24:551][  0]LogAssetRegistry: Asset discovery search completed in 5.9596 seconds
[2025.08.25-19.47.24:559][  0]LogCollectionManager: Fixed up redirectors for 0 collections in 0.000004 seconds (updated 0 objects)
[2025.08.25-19.47.24:562][  0]LogContentStreaming: Texture pool size now 1000 MB
[2025.08.25-19.47.24:689][  2]LogSlate: Took 0.012682 seconds to synchronously load lazily loaded font '../../../Engine/Content/Slate/Fonts/Roboto-Light.ttf' (167K)
[2025.08.25-19.47.27:842][351]LogUObjectHash: Compacting FUObjectHashTables data took   0.64ms
[2025.08.25-19.47.27:855][351]LogSlate: Took 0.000188 seconds to synchronously load lazily loaded font '../../../Engine/Content/Slate/Fonts/Roboto-Light.ttf' (167K)
[2025.08.25-19.47.28:311][351]LogAssetEditorSubsystem: Opening Asset editor for World /Game/Cenas/Enzo.Enzo
[2025.08.25-19.47.28:311][351]Cmd: MAP LOAD FILE="../../../../../../Users/Usuário/OneDrive/Documentos/Unreal Projects/Sorry/Content/Cenas/Enzo.umap" TEMPLATE=0 SHOWPROGRESS=1 FEATURELEVEL=3
[2025.08.25-19.47.28:312][351]LightingResults: New page: Compilação de Iluminação
[2025.08.25-19.47.28:312][351]LoadErrors: New page: Carregando mapa: Enzo.umap
[2025.08.25-19.47.28:315][351]LogWorld: UWorld::CleanupWorld for Minimal_Default, bSessionEnded=true, bCleanupResources=true
[2025.08.25-19.47.28:315][351]LogSlate: InvalidateAllWidgets triggered.  All widgets were invalidated
[2025.08.25-19.47.28:315][351]MapCheck: New page: Verificação de Mapa
[2025.08.25-19.47.28:315][351]LightingResults: New page: Compilação de Iluminação
[2025.08.25-19.47.28:321][351]LogAudio: Display: Audio Device unregistered from world 'None'.
[2025.08.25-19.47.28:328][351]LogUObjectHash: Compacting FUObjectHashTables data took   1.39ms
[2025.08.25-19.47.28:328][351]LogAudio: Display: Audio Device (ID: 1) registered with world 'Enzo'.
[2025.08.25-19.47.28:346][351]LogEditorServer: Finished looking for orphan Actors (0.000 secs)
[2025.08.25-19.47.28:346][351]LogAIModule: Creating AISystem for world Enzo
[2025.08.25-19.47.28:354][351]LogUObjectHash: Compacting FUObjectHashTables data took   0.73ms
[2025.08.25-19.47.28:369][351]Cmd: MAP CHECKDEP NOCLEARLOG
[2025.08.25-19.47.28:369][351]MapCheck: Map check complete: 0 Error(s), 0 Warning(s), took 0,17ms to complete.
[2025.08.25-19.47.28:369][351]LogFileHelpers: Loading map 'Enzo' took 0.059
[2025.08.25-19.48.56:657][116]LogEditorViewport: Clicking on Actor (LMB): StaticMeshActor (Cube52)
[2025.08.25-19.48.57:961][235]LogEditorViewport: Clicking on Actor (LMB): StaticMeshActor (Cube51)
[2025.08.25-19.48.58:400][276]LogEditorViewport: Clicking on Actor (LMB): StaticMeshActor (Cube50)
[2025.08.25-19.48.59:978][445]LogEditorViewport: Clicking on Actor (LMB): StaticMeshActor (Cube49)
[2025.08.25-19.49.18:506][542]LogRenderer: Reallocating scene render targets to support 968x428 Format 10 NumSamples 1 (Frame:5993).
[2025.08.25-19.49.18:561][543]LogRenderer: Reallocating scene render targets to support 972x428 Format 10 NumSamples 1 (Frame:5995).
[2025.08.25-19.49.18:596][544]LogRenderer: Reallocating scene render targets to support 988x428 Format 10 NumSamples 1 (Frame:5997).
[2025.08.25-19.49.18:631][545]LogRenderer: Reallocating scene render targets to support 996x428 Format 10 NumSamples 1 (Frame:5999).
[2025.08.25-19.49.18:672][546]LogRenderer: Reallocating scene render targets to support 1008x428 Format 10 NumSamples 1 (Frame:6001).
[2025.08.25-19.49.18:708][547]LogRenderer: Reallocating scene render targets to support 1060x428 Format 10 NumSamples 1 (Frame:6003).
[2025.08.25-19.49.18:766][548]LogRenderer: Reallocating scene render targets to support 1088x428 Format 10 NumSamples 1 (Frame:6005).
[2025.08.25-19.49.18:816][549]LogRenderer: Reallocating scene render targets to support 1124x428 Format 10 NumSamples 1 (Frame:6007).
[2025.08.25-19.49.18:880][550]LogRenderer: Reallocating scene render targets to support 1176x428 Format 10 NumSamples 1 (Frame:6009).
[2025.08.25-19.49.18:947][551]LogRenderer: Reallocating scene render targets to support 1192x428 Format 10 NumSamples 1 (Frame:6011).
[2025.08.25-19.49.23:363][ 45]LogRenderer: Reallocating scene render targets to support 1196x428 Format 10 NumSamples 1 (Frame:6442).
[2025.08.25-19.49.23:404][ 46]LogRenderer: Reallocating scene render targets to support 1212x428 Format 10 NumSamples 1 (Frame:6444).
[2025.08.25-19.49.23:449][ 47]LogRenderer: Reallocating scene render targets to support 1240x428 Format 10 NumSamples 1 (Frame:6446).
[2025.08.25-19.49.23:504][ 48]LogRenderer: Reallocating scene render targets to support 1288x428 Format 10 NumSamples 1 (Frame:6448).
[2025.08.25-19.49.23:558][ 49]LogRenderer: Reallocating scene render targets to support 1348x428 Format 10 NumSamples 1 (Frame:6450).
[2025.08.25-19.49.23:604][ 50]LogRenderer: Reallocating scene render targets to support 1484x428 Format 10 NumSamples 1 (Frame:6452).
[2025.08.25-19.49.31:005][887]LogRenderer: Reallocating scene render targets to support 1484x436 Format 10 NumSamples 1 (Frame:7145).
[2025.08.25-19.49.31:042][888]LogRenderer: Reallocating scene render targets to support 1484x448 Format 10 NumSamples 1 (Frame:7147).
[2025.08.25-19.49.31:082][889]LogRenderer: Reallocating scene render targets to support 1484x484 Format 10 NumSamples 1 (Frame:7149).
[2025.08.25-19.49.31:117][890]LogRenderer: Reallocating scene render targets to support 1484x520 Format 10 NumSamples 1 (Frame:7151).
[2025.08.25-19.49.31:159][891]LogRenderer: Reallocating scene render targets to support 1484x536 Format 10 NumSamples 1 (Frame:7153).
[2025.08.25-19.49.31:196][892]LogRenderer: Reallocating scene render targets to support 1484x552 Format 10 NumSamples 1 (Frame:7155).
[2025.08.25-19.49.31:239][893]LogRenderer: Reallocating scene render targets to support 1484x564 Format 10 NumSamples 1 (Frame:7157).
[2025.08.25-19.49.31:277][894]LogRenderer: Reallocating scene render targets to support 1484x592 Format 10 NumSamples 1 (Frame:7159).
[2025.08.25-19.49.31:324][895]LogRenderer: Reallocating scene render targets to support 1484x620 Format 10 NumSamples 1 (Frame:7161).
[2025.08.25-19.49.31:365][896]LogRenderer: Reallocating scene render targets to support 1484x652 Format 10 NumSamples 1 (Frame:7163).
[2025.08.25-19.49.31:408][897]LogRenderer: Reallocating scene render targets to support 1484x660 Format 10 NumSamples 1 (Frame:7165).
[2025.08.25-19.49.31:452][898]LogRenderer: Reallocating scene render targets to support 1484x668 Format 10 NumSamples 1 (Frame:7167).
[2025.08.25-19.49.31:496][899]LogRenderer: Reallocating scene render targets to support 1484x672 Format 10 NumSamples 1 (Frame:7169).
[2025.08.25-19.50.20:012][897]LogEditorViewport: Clicking on Actor (LMB): StaticMeshActor (Cube94)
[2025.08.25-19.50.22:185][140]Cmd: DELETE
[2025.08.25-19.50.22:185][140]Cmd: ACTOR DELETE
[2025.08.25-19.50.22:197][140]LogEditorActor: Deleted Actor: StaticMeshActor
[2025.08.25-19.50.22:198][140]LogEditorActor: Deleted Actor: StaticMeshActor
[2025.08.25-19.50.22:198][140]LogEditorActor: Deleted Actor: StaticMeshActor
[2025.08.25-19.50.22:203][140]LogUObjectHash: Compacting FUObjectHashTables data took   0.35ms
[2025.08.25-19.50.22:206][140]LogEditorActor: Deleted 3 Actors (0.016 secs)
[2025.08.25-19.51.14:153][291]LogEditorClassViewer: Warning: Class /Engine/Tutorial/InWorldBlueprintEditing/TutorialAssets/IWBE_Blutility.IWBE_Blutility_C has parent /Script/Blutility.PlacedEditorUtilityBase, but this parent is not found. The Class will not be shown in ClassViewer.
[2025.08.25-19.51.17:972][291]LogSlate: Window 'Selecionar Classe Pai' being destroyed
[2025.08.25-19.51.17:991][291]LogContentBrowser: Deferred new asset file creation: NewBlueprint
[2025.08.25-19.51.18:004][291]LogContentBrowser: Creating deferred item: NewBlueprint
[2025.08.25-19.51.26:060][916]LogContentBrowser: Attempting asset rename: NewBlueprint -> askldm
[2025.08.25-19.51.26:066][916]LogContentBrowser: End creating deferred item NewBlueprint
[2025.08.25-19.51.58:935][636]LogContentBrowser: Attempting asset rename: askldm -> bp_balança
[2025.08.25-19.51.58:979][636]LogMetaData: Removing '/Game/bp_balança.bp_balança:UserConstructionScript.K2Node_FunctionEntry_0' ref from Metadata '/Game/askldm.PackageMetaData'
[2025.08.25-19.51.58:979][636]LogMetaData: Removing '/Game/bp_balança.SKEL_bp_balança_C:UserConstructionScript' ref from Metadata '/Game/askldm.PackageMetaData'
[2025.08.25-19.51.58:979][636]LogMetaData: Removing '/Game/bp_balança.SKEL_bp_balança_C' ref from Metadata '/Game/askldm.PackageMetaData'
[2025.08.25-19.51.58:979][636]LogMetaData: Removing '/Game/bp_balança.bp_balança_C' ref from Metadata '/Game/askldm.PackageMetaData'
[2025.08.25-19.51.58:979][636]LogMetaData: Removing '/Game/bp_balança.bp_balança:EventGraph.K2Node_Event_0' ref from Metadata '/Game/askldm.PackageMetaData'
[2025.08.25-19.51.58:979][636]LogMetaData: Removing '/Game/bp_balança.bp_balança:EventGraph.K2Node_Event_1' ref from Metadata '/Game/askldm.PackageMetaData'
[2025.08.25-19.51.58:979][636]LogMetaData: Removing '/Game/bp_balança.bp_balança:EventGraph.K2Node_Event_2' ref from Metadata '/Game/askldm.PackageMetaData'
[2025.08.25-19.51.59:024][636]Cmd: OBJ SAVEPACKAGE PACKAGE="/Game/bp_balança" FILE="../../../../../../Users/Usuário/OneDrive/Documentos/Unreal Projects/Sorry/Content/bp_balança.uasset" SILENT=true
[2025.08.25-19.51.59:035][636]LogSavePackage: Moving '../../../../../../Users/Usuário/OneDrive/Documentos/Unreal Projects/Sorry/Saved/bp_balança5D314DC242F8F2EB8A1240B1D311E3E0.tmp' to '../../../../../../Users/Usuário/OneDrive/Documentos/Unreal Projects/Sorry/Content/bp_balança.uasset'
[2025.08.25-19.51.59:115][636]LogUObjectHash: Compacting FUObjectHashTables data took   0.74ms
[2025.08.25-19.51.59:135][636]LogUObjectHash: Compacting FUObjectHashTables data took   0.73ms
[2025.08.25-19.51.59:138][636]LogUObjectHash: Compacting FUObjectHashTables data took   0.32ms
[2025.08.25-19.51.59:173][636]AssetCheck: New page: Asset Save: bp_balança
[2025.08.25-19.51.59:173][636]LogContentValidation: Display: Validating Blueprint /Game/bp_balança.bp_balança
[2025.08.25-19.52.06:621][340]LogAssetEditorSubsystem: Opening Asset editor for Blueprint /Game/bp_balança.bp_balança
[2025.08.25-19.52.07:930][340]LogNativeClassHierarchy: Verbose: Native class hierarchy updated for 'BlueprintGraph' in 0.0006 seconds. Added 126 classes and 0 folders.
[2025.08.25-19.52.14:538][744]LogSlate: Took 0.009025 seconds to synchronously load lazily loaded font '../../../Engine/Content/Slate/Fonts/Roboto-Italic.ttf' (157K)
[2025.08.25-19.52.32:708][201]LogRenderer: Reallocating scene render targets to support 1484x676 Format 10 NumSamples 1 (Frame:1317).
[2025.08.25-19.53.25:859][248]LogSlate: Took 0.000367 seconds to synchronously load lazily loaded font '../../../Engine/Content/Slate/Fonts/Roboto-BoldCondensed.ttf' (158K)
[2025.08.25-19.54.18:575][665]BlueprintLog: New page: Compilar bp_balança
[2025.08.25-19.54.18:613][665]LogUObjectHash: Compacting FUObjectHashTables data took   2.43ms
[2025.08.25-19.54.45:425][386]LogTemp: Repeating last play command: Selected Viewport
[2025.08.25-19.54.45:435][386]LogPlayLevel: PlayLevel: No blueprints needed recompiling
[2025.08.25-19.54.45:436][386]PIE: New page: Sessão de PIE : Enzo (25 de ago de 2025 13:54:45)
[2025.08.25-19.54.45:438][386]LogOnline: OSS: Creating online subsystem instance for: NULL
[2025.08.25-19.54.45:440][386]LogOnline: OSS: TryLoadSubsystemAndSetDefault: Loaded subsystem for module [NULL]
[2025.08.25-19.54.45:441][386]LogPlayLevel: Creating play world package: /Game/Cenas/UEDPIE_0_Enzo
[2025.08.25-19.54.45:456][386]LogPlayLevel: PIE: StaticDuplicateObject took: (0.014925s)
[2025.08.25-19.54.45:457][386]LogAIModule: Creating AISystem for world Enzo
[2025.08.25-19.54.45:457][386]LogPlayLevel: PIE: World Init took: (0.001656s)
[2025.08.25-19.54.45:457][386]LogPlayLevel: PIE: Created PIE world by copying editor world from /Game/Cenas/Enzo.Enzo to /Game/Cenas/UEDPIE_0_Enzo.Enzo (0.016775s)
[2025.08.25-19.54.45:478][386]LogUObjectHash: Compacting FUObjectHashTables data took   2.13ms
[2025.08.25-19.54.45:480][386]LogAudio: Display: Creating Audio Device:                 Id: 2, Scope: Unique, Realtime: True
[2025.08.25-19.54.45:480][386]LogAudioMixer: Display: Audio Mixer Platform Settings:
[2025.08.25-19.54.45:480][386]LogAudioMixer: Display: 	Sample Rate:						  48000
[2025.08.25-19.54.45:480][386]LogAudioMixer: Display: 	Callback Buffer Frame Size Requested: 1024
[2025.08.25-19.54.45:480][386]LogAudioMixer: Display: 	Callback Buffer Frame Size To Use:	  1024
[2025.08.25-19.54.45:480][386]LogAudioMixer: Display: 	Number of buffers to queue:			  2
[2025.08.25-19.54.45:480][386]LogAudioMixer: Display: 	Max Channels (voices):				  32
[2025.08.25-19.54.45:480][386]LogAudioMixer: Display: 	Number of Async Source Workers:		  0
[2025.08.25-19.54.45:480][386]LogAudio: Display: AudioDevice MaxSources: 32
[2025.08.25-19.54.45:481][386]LogAudio: Display: Audio Spatialization Plugin: None (built-in).
[2025.08.25-19.54.45:481][386]LogAudio: Display: Audio Reverb Plugin: None (built-in).
[2025.08.25-19.54.45:481][386]LogAudio: Display: Audio Occlusion Plugin: None (built-in).
[2025.08.25-19.54.45:481][386]LogAudioMixer: Display: Initializing audio mixer.
[2025.08.25-19.54.45:484][386]LogAudioMixer: Display: 0: FrontLeft
[2025.08.25-19.54.45:484][386]LogAudioMixer: Display: 1: FrontRight
[2025.08.25-19.54.45:502][386]LogAudioMixer: Display: Using Audio Device Alto-falantes (Logi USB Headset)
[2025.08.25-19.54.45:502][386]LogAudioMixer: Display: Initializing Sound Submixes...
[2025.08.25-19.54.45:502][386]LogAudioMixer: Display: Creating Master Submix 'MasterSubmixDefault'
[2025.08.25-19.54.45:502][386]LogAudioMixer: Display: Creating Master Submix 'MasterReverbSubmixDefault'
[2025.08.25-19.54.45:502][386]LogAudioMixer: Display: Creating Master Submix 'MasterEQSubmixDefault'
[2025.08.25-19.54.45:502][386]LogAudioMixer: FMixerPlatformXAudio2::StartAudioStream() called
[2025.08.25-19.54.45:502][386]LogAudioMixer: Display: Output buffers initialized: Frames=1024, Channels=2, Samples=2048
[2025.08.25-19.54.45:504][386]LogAudioMixer: Display: Starting AudioMixerPlatformInterface::RunInternal()
[2025.08.25-19.54.45:504][386]LogAudioMixer: Display: FMixerPlatformXAudio2::SubmitBuffer() called for the first time
[2025.08.25-19.54.45:504][386]LogInit: FAudioDevice initialized.
[2025.08.25-19.54.45:504][386]LogAudio: Display: Audio Device (ID: 2) registered with world 'Enzo'.
[2025.08.25-19.54.45:524][386]LogLoad: Game class is 'Game_C'
[2025.08.25-19.54.45:533][386]LogWorld: Bringing World /Game/Cenas/UEDPIE_0_Enzo.Enzo up for play (max tick rate 0) at 2025.08.25-16.54.45
[2025.08.25-19.54.45:534][386]LogWorld: Bringing up level for play took: 0.004401
[2025.08.25-19.54.45:535][386]LogOnline: OSS: Creating online subsystem instance for: :Context_5
[2025.08.25-19.54.45:547][386]LogNativeClassHierarchy: Verbose: Native class hierarchy updated for 'MovieSceneCapture' in 0.0004 seconds. Added 20 classes and 0 folders.
[2025.08.25-19.54.45:552][386]PIE: Servidor conectado
[2025.08.25-19.54.45:553][386]PIE: Play in editor total start time 0,121 seconds.
[2025.08.25-19.54.59:647][949]LogSlate: Updating window title bar state: overlay mode, drag disabled, window buttons hidden, title bar hidden
[2025.08.25-19.54.59:647][949]LogWorld: BeginTearingDown for /Game/Cenas/UEDPIE_0_Enzo
[2025.08.25-19.54.59:648][949]LogWorld: UWorld::CleanupWorld for Enzo, bSessionEnded=true, bCleanupResources=true
[2025.08.25-19.54.59:650][949]LogSlate: InvalidateAllWidgets triggered.  All widgets were invalidated
[2025.08.25-19.54.59:663][949]LogPlayLevel: Display: Shutting down PIE online subsystems
[2025.08.25-19.54.59:672][949]LogSlate: InvalidateAllWidgets triggered.  All widgets were invalidated
[2025.08.25-19.54.59:698][949]LogAudio: Display: Audio Device unregistered from world 'None'.
[2025.08.25-19.54.59:702][949]LogAudioMixer: FMixerPlatformXAudio2::StopAudioStream() called
[2025.08.25-19.54.59:704][949]LogAudioMixer: FMixerPlatformXAudio2::StopAudioStream() called
[2025.08.25-19.54.59:706][949]LogSlate: Updating window title bar state: overlay mode, drag disabled, window buttons hidden, title bar hidden
[2025.08.25-19.54.59:730][949]LogUObjectHash: Compacting FUObjectHashTables data took   3.79ms
[2025.08.25-19.54.59:760][950]LogPlayLevel: Display: Destroying online subsystem :Context_5
[2025.08.25-19.55.01:177][ 74]LogTemp: Repeating last play command: Selected Viewport
[2025.08.25-19.55.01:185][ 74]LogPlayLevel: PlayLevel: No blueprints needed recompiling
[2025.08.25-19.55.01:186][ 74]PIE: New page: Sessão de PIE : Enzo (25 de ago de 2025 13:55:01)
[2025.08.25-19.55.01:214][ 74]LogPlayLevel: Creating play world package: /Game/Cenas/UEDPIE_0_Enzo
[2025.08.25-19.55.01:229][ 74]LogPlayLevel: PIE: StaticDuplicateObject took: (0.014672s)
[2025.08.25-19.55.01:230][ 74]LogAIModule: Creating AISystem for world Enzo
[2025.08.25-19.55.01:231][ 74]LogPlayLevel: PIE: World Init took: (0.001234s)
[2025.08.25-19.55.01:231][ 74]LogPlayLevel: PIE: Created PIE world by copying editor world from /Game/Cenas/Enzo.Enzo to /Game/Cenas/UEDPIE_0_Enzo.Enzo (0.016145s)
[2025.08.25-19.55.01:258][ 74]LogUObjectHash: Compacting FUObjectHashTables data took   2.97ms
[2025.08.25-19.55.01:260][ 74]LogAudio: Display: Creating Audio Device:                 Id: 3, Scope: Unique, Realtime: True
[2025.08.25-19.55.01:260][ 74]LogAudioMixer: Display: Audio Mixer Platform Settings:
[2025.08.25-19.55.01:260][ 74]LogAudioMixer: Display: 	Sample Rate:						  48000
[2025.08.25-19.55.01:260][ 74]LogAudioMixer: Display: 	Callback Buffer Frame Size Requested: 1024
[2025.08.25-19.55.01:260][ 74]LogAudioMixer: Display: 	Callback Buffer Frame Size To Use:	  1024
[2025.08.25-19.55.01:260][ 74]LogAudioMixer: Display: 	Number of buffers to queue:			  2
[2025.08.25-19.55.01:260][ 74]LogAudioMixer: Display: 	Max Channels (voices):				  32
[2025.08.25-19.55.01:260][ 74]LogAudioMixer: Display: 	Number of Async Source Workers:		  0
[2025.08.25-19.55.01:260][ 74]LogAudio: Display: AudioDevice MaxSources: 32
[2025.08.25-19.55.01:261][ 74]LogAudio: Display: Audio Spatialization Plugin: None (built-in).
[2025.08.25-19.55.01:261][ 74]LogAudio: Display: Audio Reverb Plugin: None (built-in).
[2025.08.25-19.55.01:261][ 74]LogAudio: Display: Audio Occlusion Plugin: None (built-in).
[2025.08.25-19.55.01:261][ 74]LogAudioMixer: Display: Initializing audio mixer.
[2025.08.25-19.55.01:263][ 74]LogAudioMixer: Display: 0: FrontLeft
[2025.08.25-19.55.01:263][ 74]LogAudioMixer: Display: 1: FrontRight
[2025.08.25-19.55.01:276][ 74]LogAudioMixer: Display: Using Audio Device Alto-falantes (Logi USB Headset)
[2025.08.25-19.55.01:276][ 74]LogAudioMixer: Display: Initializing Sound Submixes...
[2025.08.25-19.55.01:276][ 74]LogAudioMixer: Display: Creating Master Submix 'MasterSubmixDefault'
[2025.08.25-19.55.01:276][ 74]LogAudioMixer: Display: Creating Master Submix 'MasterReverbSubmixDefault'
[2025.08.25-19.55.01:277][ 74]LogAudioMixer: Display: Creating Master Submix 'MasterEQSubmixDefault'
[2025.08.25-19.55.01:277][ 74]LogAudioMixer: FMixerPlatformXAudio2::StartAudioStream() called
[2025.08.25-19.55.01:277][ 74]LogAudioMixer: Display: Output buffers initialized: Frames=1024, Channels=2, Samples=2048
[2025.08.25-19.55.01:278][ 74]LogAudioMixer: Display: Starting AudioMixerPlatformInterface::RunInternal()
[2025.08.25-19.55.01:278][ 74]LogAudioMixer: Display: FMixerPlatformXAudio2::SubmitBuffer() called for the first time
[2025.08.25-19.55.01:278][ 74]LogInit: FAudioDevice initialized.
[2025.08.25-19.55.01:278][ 74]LogAudio: Display: Audio Device (ID: 3) registered with world 'Enzo'.
[2025.08.25-19.55.01:287][ 74]LogLoad: Game class is 'Game_C'
[2025.08.25-19.55.01:291][ 74]LogWorld: Bringing World /Game/Cenas/UEDPIE_0_Enzo.Enzo up for play (max tick rate 0) at 2025.08.25-16.55.01
[2025.08.25-19.55.01:292][ 74]LogWorld: Bringing up level for play took: 0.004111
[2025.08.25-19.55.01:292][ 74]LogOnline: OSS: Creating online subsystem instance for: :Context_6
[2025.08.25-19.55.01:296][ 74]PIE: Servidor conectado
[2025.08.25-19.55.01:296][ 74]PIE: Play in editor total start time 0,111 seconds.
[2025.08.25-19.55.09:405][  6]LogSlate: Updating window title bar state: overlay mode, drag disabled, window buttons hidden, title bar hidden
[2025.08.25-19.55.09:405][  6]LogWorld: BeginTearingDown for /Game/Cenas/UEDPIE_0_Enzo
[2025.08.25-19.55.09:406][  6]LogWorld: UWorld::CleanupWorld for Enzo, bSessionEnded=true, bCleanupResources=true
[2025.08.25-19.55.09:406][  6]LogSlate: InvalidateAllWidgets triggered.  All widgets were invalidated
[2025.08.25-19.55.09:422][  6]LogPlayLevel: Display: Shutting down PIE online subsystems
[2025.08.25-19.55.09:433][  6]LogSlate: InvalidateAllWidgets triggered.  All widgets were invalidated
[2025.08.25-19.55.09:455][  6]LogAudio: Display: Audio Device unregistered from world 'None'.
[2025.08.25-19.55.09:455][  6]LogAudioMixer: FMixerPlatformXAudio2::StopAudioStream() called
[2025.08.25-19.55.09:457][  6]LogAudioMixer: FMixerPlatformXAudio2::StopAudioStream() called
[2025.08.25-19.55.09:459][  6]LogSlate: Updating window title bar state: overlay mode, drag disabled, window buttons hidden, title bar hidden
[2025.08.25-19.55.09:464][  6]LogUObjectHash: Compacting FUObjectHashTables data took   2.52ms
[2025.08.25-19.55.09:494][  7]LogPlayLevel: Display: Destroying online subsystem :Context_6
[2025.08.25-19.55.21:290][ 48]LogAssetEditorSubsystem: Opening Asset editor for Blueprint /Game/FPS.FPS
[2025.08.25-19.55.26:266][394]LogWorld: UWorld::CleanupWorld for World_4, bSessionEnded=true, bCleanupResources=true
[2025.08.25-19.55.26:266][394]LogSlate: InvalidateAllWidgets triggered.  All widgets were invalidated
[2025.08.25-19.55.26:338][394]LogAssetEditorSubsystem: Opening Asset editor for Blueprint /Game/FPS.FPS
[2025.08.25-19.58.37:311][404]LogSlate: Window 'Seletor de Cor' being destroyed
[2025.08.25-19.58.47:296][ 26]BlueprintLog: New page: Compilar bp_balança
[2025.08.25-19.58.47:360][ 26]LogUObjectHash: Compacting FUObjectHashTables data took   3.85ms
[2025.08.25-19.58.50:698][243]LogTemp: Repeating last play command: Selected Viewport
[2025.08.25-19.58.50:705][243]LogPlayLevel: PlayLevel: No blueprints needed recompiling
[2025.08.25-19.58.50:705][243]PIE: New page: Sessão de PIE : Enzo (25 de ago de 2025 13:58:50)
[2025.08.25-19.58.50:732][243]LogPlayLevel: Creating play world package: /Game/Cenas/UEDPIE_0_Enzo
[2025.08.25-19.58.50:745][243]LogPlayLevel: PIE: StaticDuplicateObject took: (0.012475s)
[2025.08.25-19.58.50:745][243]LogAIModule: Creating AISystem for world Enzo
[2025.08.25-19.58.50:746][243]LogPlayLevel: PIE: World Init took: (0.001164s)
[2025.08.25-19.58.50:746][243]LogPlayLevel: PIE: Created PIE world by copying editor world from /Game/Cenas/Enzo.Enzo to /Game/Cenas/UEDPIE_0_Enzo.Enzo (0.013840s)
[2025.08.25-19.58.50:774][243]LogUObjectHash: Compacting FUObjectHashTables data took   3.23ms
[2025.08.25-19.58.50:776][243]LogAudio: Display: Creating Audio Device:                 Id: 4, Scope: Unique, Realtime: True
[2025.08.25-19.58.50:776][243]LogAudioMixer: Display: Audio Mixer Platform Settings:
[2025.08.25-19.58.50:776][243]LogAudioMixer: Display: 	Sample Rate:						  48000
[2025.08.25-19.58.50:776][243]LogAudioMixer: Display: 	Callback Buffer Frame Size Requested: 1024
[2025.08.25-19.58.50:776][243]LogAudioMixer: Display: 	Callback Buffer Frame Size To Use:	  1024
[2025.08.25-19.58.50:776][243]LogAudioMixer: Display: 	Number of buffers to queue:			  2
[2025.08.25-19.58.50:776][243]LogAudioMixer: Display: 	Max Channels (voices):				  32
[2025.08.25-19.58.50:776][243]LogAudioMixer: Display: 	Number of Async Source Workers:		  0
[2025.08.25-19.58.50:776][243]LogAudio: Display: AudioDevice MaxSources: 32
[2025.08.25-19.58.50:776][243]LogAudio: Display: Audio Spatialization Plugin: None (built-in).
[2025.08.25-19.58.50:776][243]LogAudio: Display: Audio Reverb Plugin: None (built-in).
[2025.08.25-19.58.50:776][243]LogAudio: Display: Audio Occlusion Plugin: None (built-in).
[2025.08.25-19.58.50:776][243]LogAudioMixer: Display: Initializing audio mixer.
[2025.08.25-19.58.50:779][243]LogAudioMixer: Display: 0: FrontLeft
[2025.08.25-19.58.50:779][243]LogAudioMixer: Display: 1: FrontRight
[2025.08.25-19.58.50:794][243]LogAudioMixer: Display: Using Audio Device Alto-falantes (Logi USB Headset)
[2025.08.25-19.58.50:794][243]LogAudioMixer: Display: Initializing Sound Submixes...
[2025.08.25-19.58.50:794][243]LogAudioMixer: Display: Creating Master Submix 'MasterSubmixDefault'
[2025.08.25-19.58.50:794][243]LogAudioMixer: Display: Creating Master Submix 'MasterReverbSubmixDefault'
[2025.08.25-19.58.50:795][243]LogAudioMixer: Display: Creating Master Submix 'MasterEQSubmixDefault'
[2025.08.25-19.58.50:795][243]LogAudioMixer: FMixerPlatformXAudio2::StartAudioStream() called
[2025.08.25-19.58.50:795][243]LogAudioMixer: Display: Output buffers initialized: Frames=1024, Channels=2, Samples=2048
[2025.08.25-19.58.50:796][243]LogAudioMixer: Display: Starting AudioMixerPlatformInterface::RunInternal()
[2025.08.25-19.58.50:796][243]LogAudioMixer: Display: FMixerPlatformXAudio2::SubmitBuffer() called for the first time
[2025.08.25-19.58.50:796][243]LogInit: FAudioDevice initialized.
[2025.08.25-19.58.50:797][243]LogAudio: Display: Audio Device (ID: 4) registered with world 'Enzo'.
[2025.08.25-19.58.50:819][243]LogLoad: Game class is 'Game_C'
[2025.08.25-19.58.50:823][243]LogWorld: Bringing World /Game/Cenas/UEDPIE_0_Enzo.Enzo up for play (max tick rate 0) at 2025.08.25-16.58.50
[2025.08.25-19.58.50:823][243]LogWorld: Bringing up level for play took: 0.004272
[2025.08.25-19.58.50:823][243]LogOnline: OSS: Creating online subsystem instance for: :Context_9
[2025.08.25-19.58.50:829][243]PIE: Servidor conectado
[2025.08.25-19.58.50:829][243]PIE: Play in editor total start time 0,126 seconds.
[2025.08.25-19.59.00:203][  4]LogSlate: Updating window title bar state: overlay mode, drag disabled, window buttons hidden, title bar hidden
[2025.08.25-19.59.00:203][  4]LogWorld: BeginTearingDown for /Game/Cenas/UEDPIE_0_Enzo
[2025.08.25-19.59.00:203][  4]LogWorld: UWorld::CleanupWorld for Enzo, bSessionEnded=true, bCleanupResources=true
[2025.08.25-19.59.00:204][  4]LogSlate: InvalidateAllWidgets triggered.  All widgets were invalidated
[2025.08.25-19.59.00:215][  4]LogPlayLevel: Display: Shutting down PIE online subsystems
[2025.08.25-19.59.00:228][  4]LogSlate: InvalidateAllWidgets triggered.  All widgets were invalidated
[2025.08.25-19.59.00:254][  4]LogAudio: Display: Audio Device unregistered from world 'None'.
[2025.08.25-19.59.00:254][  4]LogAudioMixer: FMixerPlatformXAudio2::StopAudioStream() called
[2025.08.25-19.59.00:255][  4]LogAudioMixer: FMixerPlatformXAudio2::StopAudioStream() called
[2025.08.25-19.59.00:257][  4]LogSlate: Updating window title bar state: overlay mode, drag disabled, window buttons hidden, title bar hidden
[2025.08.25-19.59.00:261][  4]LogUObjectHash: Compacting FUObjectHashTables data took   2.72ms
[2025.08.25-19.59.00:293][  5]LogPlayLevel: Display: Destroying online subsystem :Context_9
[2025.08.25-19.59.22:007][332]LogEditorViewport: Clicking on Actor (LMB): StaticMeshActor (Cube50)
[2025.08.25-19.59.23:325][470]LogEditorViewport: Clicking on Actor (LMB): StaticMeshActor (Cube49)
[2025.08.25-19.59.27:157][846]LogEditorViewport: Clicking on Actor (LMB): StaticMeshActor (Cube10)
[2025.08.25-19.59.28:163][947]LogEditorViewport: Clicking on Actor (LMB): StaticMeshActor (Cube5)
[2025.08.25-19.59.28:826][ 17]LogEditorViewport: Clicking on Actor (LMB): StaticMeshActor (Cube5)
[2025.08.25-19.59.41:929][392]LogEditorViewport: Clicking on Actor (LMB): StaticMeshActor (Cube49)
[2025.08.25-19.59.42:894][495]LogEditorViewport: Clicking on Actor (LMB): StaticMeshActor (Cube49)
[2025.08.25-19.59.48:171][ 32]LogEditorViewport: Clicking on Actor (LMB): bp_balança_C (bp_balança)
[2025.08.25-20.04.58:764][420]LogUObjectHash: Compacting FUObjectHashTables data took   3.87ms
[2025.08.25-20.04.58:816][420]LogSavePackage: Moving '../../../../../../Users/Usuário/OneDrive/Documentos/Unreal Projects/Sorry/Saved/Enzo_Auto1143704EC4236B7F18E2147A128472189.tmp' to '../../../../../../Users/Usuário/OneDrive/Documentos/Unreal Projects/Sorry/Saved/Autosaves/Game/Cenas/Enzo_Auto1.umap'
[2025.08.25-20.04.58:819][420]LogFileHelpers: Editor autosave (incl. external actors) for '/Game/Cenas/Enzo' took 0.087
[2025.08.25-20.04.58:819][420]LogFileHelpers: Editor autosave (incl. sublevels & external actors) for all levels took 0.087
[2025.08.25-20.04.58:820][420]OBJ SavePackage: Generating thumbnails for [0] asset(s) in package [/Game/bp_balança] ([2] browsable assets)...
[2025.08.25-20.04.58:820][420]OBJ SavePackage: Finished generating thumbnails for package [/Game/bp_balança]
[2025.08.25-20.04.58:820][420]Cmd: OBJ SAVEPACKAGE PACKAGE="/Game/bp_balança" FILE="../../../../../../Users/Usuário/OneDrive/Documentos/Unreal Projects/Sorry/Saved/Autosaves/Game/bp_balança_Auto1.uasset" SILENT=false AUTOSAVING=true
[2025.08.25-20.04.58:829][420]LogSavePackage: Moving '../../../../../../Users/Usuário/OneDrive/Documentos/Unreal Projects/Sorry/Saved/bp_balança_Auto15CCF9BF94D906DE263847C840BFCF076.tmp' to '../../../../../../Users/Usuário/OneDrive/Documentos/Unreal Projects/Sorry/Saved/Autosaves/Game/bp_balança_Auto1.uasset'
[2025.08.25-20.04.58:830][420]LogFileHelpers: Auto-saving content packages took 0.011
[2025.08.25-20.08.07:497][392]LogSlate: Took 0.008905 seconds to synchronously load lazily loaded font '../../../Engine/Content/Slate/Fonts/Roboto-BoldCondensedItalic.ttf' (160K)
[2025.08.25-20.08.27:934][750]BlueprintLog: New page: Compilar bp_balança
[2025.08.25-20.08.27:991][750]LogUObjectHash: Compacting FUObjectHashTables data took   3.92ms
[2025.08.25-20.09.05:503][277]LogSlate: Window 'Seletor de Cor' being destroyed
[2025.08.25-20.09.23:333][548]BlueprintLog: New page: Compilar bp_balança
[2025.08.25-20.09.23:438][548]LogUObjectHash: Compacting FUObjectHashTables data took   4.08ms
[2025.08.25-20.09.51:754][289]LogSlate: Window 'Seletor de Cor' being destroyed
[2025.08.25-20.09.59:221][925]LogSlate: Window 'Seletor de Cor' being destroyed
[2025.08.25-20.12.48:736][450]BlueprintLog: New page: Compilar bp_balança
[2025.08.25-20.12.48:739][450]LogClass: Warning: Property cor of cor has a struct type mismatch (tag Color != prop LinearColor) in package:  FObjectReader. If that struct got renamed, add an entry to ActiveStructRedirects.
[2025.08.25-20.12.48:742][450]LogClass: Warning: Property cor of cor has a struct type mismatch (tag Color != prop LinearColor) in package:  FObjectReader. If that struct got renamed, add an entry to ActiveStructRedirects.
[2025.08.25-20.12.48:797][450]LogUObjectHash: Compacting FUObjectHashTables data took   3.65ms
[2025.08.25-20.12.59:571][511]LogTemp: Repeating last play command: Selected Viewport
[2025.08.25-20.12.59:580][511]LogPlayLevel: PlayLevel: No blueprints needed recompiling
[2025.08.25-20.12.59:580][511]PIE: New page: Sessão de PIE : Enzo (25 de ago de 2025 14:12:59)
[2025.08.25-20.12.59:608][511]LogPlayLevel: Creating play world package: /Game/Cenas/UEDPIE_0_Enzo
[2025.08.25-20.12.59:625][511]LogPlayLevel: PIE: StaticDuplicateObject took: (0.016045s)
[2025.08.25-20.12.59:626][511]LogAIModule: Creating AISystem for world Enzo
[2025.08.25-20.12.59:626][511]LogPlayLevel: PIE: World Init took: (0.001366s)
[2025.08.25-20.12.59:626][511]LogPlayLevel: PIE: Created PIE world by copying editor world from /Game/Cenas/Enzo.Enzo to /Game/Cenas/UEDPIE_0_Enzo.Enzo (0.017682s)
[2025.08.25-20.12.59:658][511]LogUObjectHash: Compacting FUObjectHashTables data took   3.69ms
[2025.08.25-20.12.59:662][511]LogAudio: Display: Creating Audio Device:                 Id: 5, Scope: Unique, Realtime: True
[2025.08.25-20.12.59:662][511]LogAudioMixer: Display: Audio Mixer Platform Settings:
[2025.08.25-20.12.59:662][511]LogAudioMixer: Display: 	Sample Rate:						  48000
[2025.08.25-20.12.59:662][511]LogAudioMixer: Display: 	Callback Buffer Frame Size Requested: 1024
[2025.08.25-20.12.59:662][511]LogAudioMixer: Display: 	Callback Buffer Frame Size To Use:	  1024
[2025.08.25-20.12.59:662][511]LogAudioMixer: Display: 	Number of buffers to queue:			  2
[2025.08.25-20.12.59:662][511]LogAudioMixer: Display: 	Max Channels (voices):				  32
[2025.08.25-20.12.59:662][511]LogAudioMixer: Display: 	Number of Async Source Workers:		  0
[2025.08.25-20.12.59:662][511]LogAudio: Display: AudioDevice MaxSources: 32
[2025.08.25-20.12.59:662][511]LogAudio: Display: Audio Spatialization Plugin: None (built-in).
[2025.08.25-20.12.59:662][511]LogAudio: Display: Audio Reverb Plugin: None (built-in).
[2025.08.25-20.12.59:662][511]LogAudio: Display: Audio Occlusion Plugin: None (built-in).
[2025.08.25-20.12.59:662][511]LogAudioMixer: Display: Initializing audio mixer.
[2025.08.25-20.12.59:665][511]LogAudioMixer: Display: 0: FrontLeft
[2025.08.25-20.12.59:665][511]LogAudioMixer: Display: 1: FrontRight
[2025.08.25-20.12.59:682][511]LogAudioMixer: Display: Using Audio Device Alto-falantes (Logi USB Headset)
[2025.08.25-20.12.59:682][511]LogAudioMixer: Display: Initializing Sound Submixes...
[2025.08.25-20.12.59:682][511]LogAudioMixer: Display: Creating Master Submix 'MasterSubmixDefault'
[2025.08.25-20.12.59:682][511]LogAudioMixer: Display: Creating Master Submix 'MasterReverbSubmixDefault'
[2025.08.25-20.12.59:683][511]LogAudioMixer: Display: Creating Master Submix 'MasterEQSubmixDefault'
[2025.08.25-20.12.59:683][511]LogAudioMixer: FMixerPlatformXAudio2::StartAudioStream() called
[2025.08.25-20.12.59:683][511]LogAudioMixer: Display: Output buffers initialized: Frames=1024, Channels=2, Samples=2048
[2025.08.25-20.12.59:686][511]LogAudioMixer: Display: Starting AudioMixerPlatformInterface::RunInternal()
[2025.08.25-20.12.59:686][511]LogAudioMixer: Display: FMixerPlatformXAudio2::SubmitBuffer() called for the first time
[2025.08.25-20.12.59:686][511]LogInit: FAudioDevice initialized.
[2025.08.25-20.12.59:686][511]LogAudio: Display: Audio Device (ID: 5) registered with world 'Enzo'.
[2025.08.25-20.12.59:699][511]LogLoad: Game class is 'Game_C'
[2025.08.25-20.12.59:705][511]LogWorld: Bringing World /Game/Cenas/UEDPIE_0_Enzo.Enzo up for play (max tick rate 0) at 2025.08.25-17.12.59
[2025.08.25-20.12.59:705][511]LogWorld: Bringing up level for play took: 0.004996
[2025.08.25-20.12.59:705][511]LogOnline: OSS: Creating online subsystem instance for: :Context_10
[2025.08.25-20.12.59:711][511]PIE: Servidor conectado
[2025.08.25-20.12.59:712][511]PIE: Play in editor total start time 0,133 seconds.
[2025.08.25-20.13.01:599][722]LogSlate: Updating window title bar state: overlay mode, drag disabled, window buttons hidden, title bar hidden
[2025.08.25-20.13.01:599][722]LogWorld: BeginTearingDown for /Game/Cenas/UEDPIE_0_Enzo
[2025.08.25-20.13.01:600][722]LogWorld: UWorld::CleanupWorld for Enzo, bSessionEnded=true, bCleanupResources=true
[2025.08.25-20.13.01:600][722]LogSlate: InvalidateAllWidgets triggered.  All widgets were invalidated
[2025.08.25-20.13.01:611][722]LogPlayLevel: Display: Shutting down PIE online subsystems
[2025.08.25-20.13.01:624][722]LogSlate: InvalidateAllWidgets triggered.  All widgets were invalidated
[2025.08.25-20.13.01:651][722]LogAudio: Display: Audio Device unregistered from world 'None'.
[2025.08.25-20.13.01:651][722]LogAudioMixer: FMixerPlatformXAudio2::StopAudioStream() called
[2025.08.25-20.13.01:652][722]LogAudioMixer: FMixerPlatformXAudio2::StopAudioStream() called
[2025.08.25-20.13.01:654][722]LogSlate: Updating window title bar state: overlay mode, drag disabled, window buttons hidden, title bar hidden
[2025.08.25-20.13.01:660][722]LogUObjectHash: Compacting FUObjectHashTables data took   3.32ms
[2025.08.25-20.13.01:689][723]LogPlayLevel: Display: Destroying online subsystem :Context_10
[2025.08.25-20.15.01:276][910]LogUObjectHash: Compacting FUObjectHashTables data took   2.96ms
[2025.08.25-20.15.01:338][910]LogSavePackage: Moving '../../../../../../Users/Usuário/OneDrive/Documentos/Unreal Projects/Sorry/Saved/Enzo_Auto203E9DA744959EDA80A39FA8D74A32022.tmp' to '../../../../../../Users/Usuário/OneDrive/Documentos/Unreal Projects/Sorry/Saved/Autosaves/Game/Cenas/Enzo_Auto2.umap'
[2025.08.25-20.15.01:340][910]LogFileHelpers: Editor autosave (incl. external actors) for '/Game/Cenas/Enzo' took 0.096
[2025.08.25-20.15.01:340][910]LogFileHelpers: Editor autosave (incl. sublevels & external actors) for all levels took 0.096
[2025.08.25-20.15.01:341][910]OBJ SavePackage: Generating thumbnails for [0] asset(s) in package [/Game/bp_balança] ([2] browsable assets)...
[2025.08.25-20.15.01:341][910]OBJ SavePackage: Finished generating thumbnails for package [/Game/bp_balança]
[2025.08.25-20.15.01:341][910]Cmd: OBJ SAVEPACKAGE PACKAGE="/Game/bp_balança" FILE="../../../../../../Users/Usuário/OneDrive/Documentos/Unreal Projects/Sorry/Saved/Autosaves/Game/bp_balança_Auto2.uasset" SILENT=false AUTOSAVING=true
[2025.08.25-20.15.01:351][910]LogSavePackage: Moving '../../../../../../Users/Usuário/OneDrive/Documentos/Unreal Projects/Sorry/Saved/bp_balança_Auto21DD5776E40D1F9D4E9C849A6A8325903.tmp' to '../../../../../../Users/Usuário/OneDrive/Documentos/Unreal Projects/Sorry/Saved/Autosaves/Game/bp_balança_Auto2.uasset'
[2025.08.25-20.15.01:352][910]LogFileHelpers: Auto-saving content packages took 0.012
[2025.08.25-20.15.38:815][  2]LogSlate: Window 'Seletor de Cor' being destroyed
[2025.08.25-20.15.47:401][921]Cmd: EDIT COPY
[2025.08.25-20.15.47:752][959]Cmd: EDIT PASTE
[2025.08.25-20.16.15:729][909]Cmd: EDIT COPY
[2025.08.25-20.16.16:172][956]Cmd: EDIT PASTE
[2025.08.25-20.16.30:406][449]Cmd: EDIT PASTE
[2025.08.25-20.16.39:703][327]LogSlate: Window 'Seletor de Cor' being destroyed
[2025.08.25-20.16.42:497][589]LogTemp: Repeating last play command: Selected Viewport
[2025.08.25-20.16.42:505][589]LogPlayLevel: PlayLevel: No blueprints needed recompiling
[2025.08.25-20.16.42:505][589]PIE: New page: Sessão de PIE : Enzo (25 de ago de 2025 14:16:42)
[2025.08.25-20.16.42:524][589]LogPlayLevel: Creating play world package: /Game/Cenas/UEDPIE_0_Enzo
[2025.08.25-20.16.42:539][589]LogPlayLevel: PIE: StaticDuplicateObject took: (0.013213s)
[2025.08.25-20.16.42:540][589]LogAIModule: Creating AISystem for world Enzo
[2025.08.25-20.16.42:540][589]LogPlayLevel: PIE: World Init took: (0.001308s)
[2025.08.25-20.16.42:540][589]LogPlayLevel: PIE: Created PIE world by copying editor world from /Game/Cenas/Enzo.Enzo to /Game/Cenas/UEDPIE_0_Enzo.Enzo (0.014763s)
[2025.08.25-20.16.42:576][589]LogUObjectHash: Compacting FUObjectHashTables data took   2.75ms
[2025.08.25-20.16.42:579][589]LogAudio: Display: Creating Audio Device:                 Id: 6, Scope: Unique, Realtime: True
[2025.08.25-20.16.42:579][589]LogAudioMixer: Display: Audio Mixer Platform Settings:
[2025.08.25-20.16.42:579][589]LogAudioMixer: Display: 	Sample Rate:						  48000
[2025.08.25-20.16.42:579][589]LogAudioMixer: Display: 	Callback Buffer Frame Size Requested: 1024
[2025.08.25-20.16.42:579][589]LogAudioMixer: Display: 	Callback Buffer Frame Size To Use:	  1024
[2025.08.25-20.16.42:579][589]LogAudioMixer: Display: 	Number of buffers to queue:			  2
[2025.08.25-20.16.42:579][589]LogAudioMixer: Display: 	Max Channels (voices):				  32
[2025.08.25-20.16.42:579][589]LogAudioMixer: Display: 	Number of Async Source Workers:		  0
[2025.08.25-20.16.42:579][589]LogAudio: Display: AudioDevice MaxSources: 32
[2025.08.25-20.16.42:579][589]LogAudio: Display: Audio Spatialization Plugin: None (built-in).
[2025.08.25-20.16.42:579][589]LogAudio: Display: Audio Reverb Plugin: None (built-in).
[2025.08.25-20.16.42:579][589]LogAudio: Display: Audio Occlusion Plugin: None (built-in).
[2025.08.25-20.16.42:579][589]LogAudioMixer: Display: Initializing audio mixer.
[2025.08.25-20.16.42:582][589]LogAudioMixer: Display: 0: FrontLeft
[2025.08.25-20.16.42:582][589]LogAudioMixer: Display: 1: FrontRight
[2025.08.25-20.16.42:598][589]LogAudioMixer: Display: Using Audio Device Alto-falantes (Logi USB Headset)
[2025.08.25-20.16.42:598][589]LogAudioMixer: Display: Initializing Sound Submixes...
[2025.08.25-20.16.42:598][589]LogAudioMixer: Display: Creating Master Submix 'MasterSubmixDefault'
[2025.08.25-20.16.42:598][589]LogAudioMixer: Display: Creating Master Submix 'MasterReverbSubmixDefault'
[2025.08.25-20.16.42:599][589]LogAudioMixer: Display: Creating Master Submix 'MasterEQSubmixDefault'
[2025.08.25-20.16.42:599][589]LogAudioMixer: FMixerPlatformXAudio2::StartAudioStream() called
[2025.08.25-20.16.42:599][589]LogAudioMixer: Display: Output buffers initialized: Frames=1024, Channels=2, Samples=2048
[2025.08.25-20.16.42:600][589]LogAudioMixer: Display: Starting AudioMixerPlatformInterface::RunInternal()
[2025.08.25-20.16.42:600][589]LogAudioMixer: Display: FMixerPlatformXAudio2::SubmitBuffer() called for the first time
[2025.08.25-20.16.42:600][589]LogInit: FAudioDevice initialized.
[2025.08.25-20.16.42:600][589]LogAudio: Display: Audio Device (ID: 6) registered with world 'Enzo'.
[2025.08.25-20.16.42:617][589]LogLoad: Game class is 'Game_C'
[2025.08.25-20.16.42:622][589]LogWorld: Bringing World /Game/Cenas/UEDPIE_0_Enzo.Enzo up for play (max tick rate 0) at 2025.08.25-17.16.42
[2025.08.25-20.16.42:623][589]LogWorld: Bringing up level for play took: 0.003989
[2025.08.25-20.16.42:623][589]LogOnline: OSS: Creating online subsystem instance for: :Context_11
[2025.08.25-20.16.42:626][589]PIE: Servidor conectado
[2025.08.25-20.16.42:627][589]PIE: Play in editor total start time 0,124 seconds.
[2025.08.25-20.16.46:826][ 67]LogSlate: Updating window title bar state: overlay mode, drag disabled, window buttons hidden, title bar hidden
[2025.08.25-20.16.46:827][ 67]LogWorld: BeginTearingDown for /Game/Cenas/UEDPIE_0_Enzo
[2025.08.25-20.16.46:827][ 67]LogWorld: UWorld::CleanupWorld for Enzo, bSessionEnded=true, bCleanupResources=true
[2025.08.25-20.16.46:828][ 67]LogSlate: InvalidateAllWidgets triggered.  All widgets were invalidated
[2025.08.25-20.16.46:842][ 67]LogPlayLevel: Display: Shutting down PIE online subsystems
[2025.08.25-20.16.46:854][ 67]LogSlate: InvalidateAllWidgets triggered.  All widgets were invalidated
[2025.08.25-20.16.46:880][ 67]LogAudio: Display: Audio Device unregistered from world 'None'.
[2025.08.25-20.16.46:880][ 67]LogAudioMixer: FMixerPlatformXAudio2::StopAudioStream() called
[2025.08.25-20.16.46:882][ 67]LogAudioMixer: FMixerPlatformXAudio2::StopAudioStream() called
[2025.08.25-20.16.46:884][ 67]LogSlate: Updating window title bar state: overlay mode, drag disabled, window buttons hidden, title bar hidden
[2025.08.25-20.16.46:890][ 67]LogUObjectHash: Compacting FUObjectHashTables data took   2.68ms
[2025.08.25-20.16.46:913][ 68]LogPlayLevel: Display: Destroying online subsystem :Context_11
[2025.08.25-20.16.48:027][175]LogTemp: Repeating last play command: Selected Viewport
[2025.08.25-20.16.48:033][175]LogPlayLevel: PlayLevel: No blueprints needed recompiling
[2025.08.25-20.16.48:033][175]PIE: New page: Sessão de PIE : Enzo (25 de ago de 2025 14:16:48)
[2025.08.25-20.16.48:055][175]LogPlayLevel: Creating play world package: /Game/Cenas/UEDPIE_0_Enzo
[2025.08.25-20.16.48:069][175]LogPlayLevel: PIE: StaticDuplicateObject took: (0.012918s)
[2025.08.25-20.16.48:070][175]LogAIModule: Creating AISystem for world Enzo
[2025.08.25-20.16.48:070][175]LogPlayLevel: PIE: World Init took: (0.001217s)
[2025.08.25-20.16.48:070][175]LogPlayLevel: PIE: Created PIE world by copying editor world from /Game/Cenas/Enzo.Enzo to /Game/Cenas/UEDPIE_0_Enzo.Enzo (0.014399s)
[2025.08.25-20.16.48:103][175]LogUObjectHash: Compacting FUObjectHashTables data took   3.23ms
[2025.08.25-20.16.48:104][175]LogAudio: Display: Creating Audio Device:                 Id: 7, Scope: Unique, Realtime: True
[2025.08.25-20.16.48:104][175]LogAudioMixer: Display: Audio Mixer Platform Settings:
[2025.08.25-20.16.48:104][175]LogAudioMixer: Display: 	Sample Rate:						  48000
[2025.08.25-20.16.48:104][175]LogAudioMixer: Display: 	Callback Buffer Frame Size Requested: 1024
[2025.08.25-20.16.48:104][175]LogAudioMixer: Display: 	Callback Buffer Frame Size To Use:	  1024
[2025.08.25-20.16.48:104][175]LogAudioMixer: Display: 	Number of buffers to queue:			  2
[2025.08.25-20.16.48:104][175]LogAudioMixer: Display: 	Max Channels (voices):				  32
[2025.08.25-20.16.48:104][175]LogAudioMixer: Display: 	Number of Async Source Workers:		  0
[2025.08.25-20.16.48:104][175]LogAudio: Display: AudioDevice MaxSources: 32
[2025.08.25-20.16.48:104][175]LogAudio: Display: Audio Spatialization Plugin: None (built-in).
[2025.08.25-20.16.48:104][175]LogAudio: Display: Audio Reverb Plugin: None (built-in).
[2025.08.25-20.16.48:104][175]LogAudio: Display: Audio Occlusion Plugin: None (built-in).
[2025.08.25-20.16.48:104][175]LogAudioMixer: Display: Initializing audio mixer.
[2025.08.25-20.16.48:108][175]LogAudioMixer: Display: 0: FrontLeft
[2025.08.25-20.16.48:108][175]LogAudioMixer: Display: 1: FrontRight
[2025.08.25-20.16.48:128][175]LogAudioMixer: Display: Using Audio Device Alto-falantes (Logi USB Headset)
[2025.08.25-20.16.48:129][175]LogAudioMixer: Display: Initializing Sound Submixes...
[2025.08.25-20.16.48:129][175]LogAudioMixer: Display: Creating Master Submix 'MasterSubmixDefault'
[2025.08.25-20.16.48:129][175]LogAudioMixer: Display: Creating Master Submix 'MasterReverbSubmixDefault'
[2025.08.25-20.16.48:129][175]LogAudioMixer: Display: Creating Master Submix 'MasterEQSubmixDefault'
[2025.08.25-20.16.48:129][175]LogAudioMixer: FMixerPlatformXAudio2::StartAudioStream() called
[2025.08.25-20.16.48:129][175]LogAudioMixer: Display: Output buffers initialized: Frames=1024, Channels=2, Samples=2048
[2025.08.25-20.16.48:131][175]LogAudioMixer: Display: Starting AudioMixerPlatformInterface::RunInternal()
[2025.08.25-20.16.48:131][175]LogAudioMixer: Display: FMixerPlatformXAudio2::SubmitBuffer() called for the first time
[2025.08.25-20.16.48:131][175]LogInit: FAudioDevice initialized.
[2025.08.25-20.16.48:131][175]LogAudio: Display: Audio Device (ID: 7) registered with world 'Enzo'.
[2025.08.25-20.16.48:142][175]LogLoad: Game class is 'Game_C'
[2025.08.25-20.16.48:147][175]LogWorld: Bringing World /Game/Cenas/UEDPIE_0_Enzo.Enzo up for play (max tick rate 0) at 2025.08.25-17.16.48
[2025.08.25-20.16.48:147][175]LogWorld: Bringing up level for play took: 0.004772
[2025.08.25-20.16.48:148][175]LogOnline: OSS: Creating online subsystem instance for: :Context_12
[2025.08.25-20.16.48:153][175]PIE: Servidor conectado
[2025.08.25-20.16.48:154][175]PIE: Play in editor total start time 0,122 seconds.
[2025.08.25-20.17.57:569][979]LogSlate: Updating window title bar state: overlay mode, drag disabled, window buttons hidden, title bar hidden
[2025.08.25-20.17.57:569][979]LogWorld: BeginTearingDown for /Game/Cenas/UEDPIE_0_Enzo
[2025.08.25-20.17.57:569][979]LogWorld: UWorld::CleanupWorld for Enzo, bSessionEnded=true, bCleanupResources=true
[2025.08.25-20.17.57:570][979]LogSlate: InvalidateAllWidgets triggered.  All widgets were invalidated
[2025.08.25-20.17.57:584][979]LogPlayLevel: Display: Shutting down PIE online subsystems
[2025.08.25-20.17.57:596][979]LogSlate: InvalidateAllWidgets triggered.  All widgets were invalidated
[2025.08.25-20.17.57:622][979]LogSlate: Updating window title bar state: overlay mode, drag disabled, window buttons hidden, title bar hidden
[2025.08.25-20.17.57:623][979]LogAudioMixer: FMixerPlatformXAudio2::StopAudioStream() called
[2025.08.25-20.17.57:624][979]LogAudioMixer: FMixerPlatformXAudio2::StopAudioStream() called
[2025.08.25-20.17.57:632][979]LogUObjectHash: Compacting FUObjectHashTables data took   2.76ms
[2025.08.25-20.17.57:659][980]LogPlayLevel: Display: Destroying online subsystem :Context_12
[2025.08.25-20.20.59:213][673]BlueprintLog: New page: Compilar bp_balança
[2025.08.25-20.20.59:279][673]LogUObjectHash: Compacting FUObjectHashTables data took   3.70ms
[2025.08.25-20.21.58:271][394]LogEditorViewport: Clicking on Actor (LMB): bp_balança_C (bp_balança4)
[2025.08.25-20.22.04:237][990]LogTemp: Repeating last play command: Selected Viewport
[2025.08.25-20.22.04:243][990]LogPlayLevel: PlayLevel: No blueprints needed recompiling
[2025.08.25-20.22.04:243][990]PIE: New page: Sessão de PIE : Enzo (25 de ago de 2025 14:22:04)
[2025.08.25-20.22.04:265][990]LogPlayLevel: Creating play world package: /Game/Cenas/UEDPIE_0_Enzo
[2025.08.25-20.22.04:279][990]LogPlayLevel: PIE: StaticDuplicateObject took: (0.013531s)
[2025.08.25-20.22.04:279][990]LogAIModule: Creating AISystem for world Enzo
[2025.08.25-20.22.04:280][990]LogPlayLevel: PIE: World Init took: (0.001226s)
[2025.08.25-20.22.04:280][990]LogPlayLevel: PIE: Created PIE world by copying editor world from /Game/Cenas/Enzo.Enzo to /Game/Cenas/UEDPIE_0_Enzo.Enzo (0.014960s)
[2025.08.25-20.22.04:311][990]LogUObjectHash: Compacting FUObjectHashTables data took   3.13ms
[2025.08.25-20.22.04:314][990]LogAudio: Display: Creating Audio Device:                 Id: 8, Scope: Unique, Realtime: True
[2025.08.25-20.22.04:314][990]LogAudioMixer: Display: Audio Mixer Platform Settings:
[2025.08.25-20.22.04:314][990]LogAudioMixer: Display: 	Sample Rate:						  48000
[2025.08.25-20.22.04:314][990]LogAudioMixer: Display: 	Callback Buffer Frame Size Requested: 1024
[2025.08.25-20.22.04:314][990]LogAudioMixer: Display: 	Callback Buffer Frame Size To Use:	  1024
[2025.08.25-20.22.04:314][990]LogAudioMixer: Display: 	Number of buffers to queue:			  2
[2025.08.25-20.22.04:314][990]LogAudioMixer: Display: 	Max Channels (voices):				  32
[2025.08.25-20.22.04:314][990]LogAudioMixer: Display: 	Number of Async Source Workers:		  0
[2025.08.25-20.22.04:314][990]LogAudio: Display: AudioDevice MaxSources: 32
[2025.08.25-20.22.04:315][990]LogAudio: Display: Audio Spatialization Plugin: None (built-in).
[2025.08.25-20.22.04:315][990]LogAudio: Display: Audio Reverb Plugin: None (built-in).
[2025.08.25-20.22.04:315][990]LogAudio: Display: Audio Occlusion Plugin: None (built-in).
[2025.08.25-20.22.04:315][990]LogAudioMixer: Display: Initializing audio mixer.
[2025.08.25-20.22.04:317][990]LogAudioMixer: Display: 0: FrontLeft
[2025.08.25-20.22.04:317][990]LogAudioMixer: Display: 1: FrontRight
[2025.08.25-20.22.04:331][990]LogAudioMixer: Display: Using Audio Device Alto-falantes (Logi USB Headset)
[2025.08.25-20.22.04:331][990]LogAudioMixer: Display: Initializing Sound Submixes...
[2025.08.25-20.22.04:331][990]LogAudioMixer: Display: Creating Master Submix 'MasterSubmixDefault'
[2025.08.25-20.22.04:331][990]LogAudioMixer: Display: Creating Master Submix 'MasterReverbSubmixDefault'
[2025.08.25-20.22.04:332][990]LogAudioMixer: Display: Creating Master Submix 'MasterEQSubmixDefault'
[2025.08.25-20.22.04:332][990]LogAudioMixer: FMixerPlatformXAudio2::StartAudioStream() called
[2025.08.25-20.22.04:332][990]LogAudioMixer: Display: Output buffers initialized: Frames=1024, Channels=2, Samples=2048
[2025.08.25-20.22.04:334][990]LogAudioMixer: Display: Starting AudioMixerPlatformInterface::RunInternal()
[2025.08.25-20.22.04:334][990]LogAudioMixer: Display: FMixerPlatformXAudio2::SubmitBuffer() called for the first time
[2025.08.25-20.22.04:334][990]LogInit: FAudioDevice initialized.
[2025.08.25-20.22.04:334][990]LogAudio: Display: Audio Device (ID: 8) registered with world 'Enzo'.
[2025.08.25-20.22.04:344][990]LogLoad: Game class is 'Game_C'
[2025.08.25-20.22.04:349][990]LogWorld: Bringing World /Game/Cenas/UEDPIE_0_Enzo.Enzo up for play (max tick rate 0) at 2025.08.25-17.22.04
[2025.08.25-20.22.04:349][990]LogWorld: Bringing up level for play took: 0.004649
[2025.08.25-20.22.04:349][990]LogOnline: OSS: Creating online subsystem instance for: :Context_13
[2025.08.25-20.22.04:353][990]PIE: Servidor conectado
[2025.08.25-20.22.04:354][990]PIE: Play in editor total start time 0,112 seconds.
[2025.08.25-20.22.14:397][ 59]LogSlate: Updating window title bar state: overlay mode, drag disabled, window buttons hidden, title bar hidden
[2025.08.25-20.22.14:397][ 59]LogWorld: BeginTearingDown for /Game/Cenas/UEDPIE_0_Enzo
[2025.08.25-20.22.14:398][ 59]LogWorld: UWorld::CleanupWorld for Enzo, bSessionEnded=true, bCleanupResources=true
[2025.08.25-20.22.14:398][ 59]LogSlate: InvalidateAllWidgets triggered.  All widgets were invalidated
[2025.08.25-20.22.14:409][ 59]LogPlayLevel: Display: Shutting down PIE online subsystems
[2025.08.25-20.22.14:421][ 59]LogSlate: InvalidateAllWidgets triggered.  All widgets were invalidated
[2025.08.25-20.22.14:448][ 59]LogAudio: Display: Audio Device unregistered from world 'None'.
[2025.08.25-20.22.14:448][ 59]LogAudioMixer: FMixerPlatformXAudio2::StopAudioStream() called
[2025.08.25-20.22.14:449][ 59]LogAudioMixer: FMixerPlatformXAudio2::StopAudioStream() called
[2025.08.25-20.22.14:451][ 59]LogSlate: Updating window title bar state: overlay mode, drag disabled, window buttons hidden, title bar hidden
[2025.08.25-20.22.14:457][ 59]LogUObjectHash: Compacting FUObjectHashTables data took   2.85ms
[2025.08.25-20.22.14:491][ 60]LogPlayLevel: Display: Destroying online subsystem :Context_13
[2025.08.25-20.22.20:302][646]LogEditorViewport: Clicking on Actor (LMB): bp_balança_C (bp_balança3)
[2025.08.25-20.23.39:179][977]LogEditorViewport: Clicking on Actor (LMB): bp_balança_C (bp_balança4)
[2025.08.25-20.25.13:105][102]LogTemp: Repeating last play command: Selected Viewport
[2025.08.25-20.25.13:113][102]LogPlayLevel: PlayLevel: No blueprints needed recompiling
[2025.08.25-20.25.13:113][102]PIE: New page: Sessão de PIE : Enzo (25 de ago de 2025 14:25:13)
[2025.08.25-20.25.13:113][102]LogPlayLevel: Creating play world package: /Game/Cenas/UEDPIE_0_Enzo
[2025.08.25-20.25.13:129][102]LogPlayLevel: PIE: StaticDuplicateObject took: (0.016215s)
[2025.08.25-20.25.13:129][102]LogAIModule: Creating AISystem for world Enzo
[2025.08.25-20.25.13:131][102]LogPlayLevel: PIE: World Init took: (0.001403s)
[2025.08.25-20.25.13:131][102]LogPlayLevel: PIE: Created PIE world by copying editor world from /Game/Cenas/Enzo.Enzo to /Game/Cenas/UEDPIE_0_Enzo.Enzo (0.017849s)
[2025.08.25-20.25.13:163][102]LogUObjectHash: Compacting FUObjectHashTables data took   2.73ms
[2025.08.25-20.25.13:166][102]LogAudio: Display: Creating Audio Device:                 Id: 9, Scope: Unique, Realtime: True
[2025.08.25-20.25.13:166][102]LogAudioMixer: Display: Audio Mixer Platform Settings:
[2025.08.25-20.25.13:166][102]LogAudioMixer: Display: 	Sample Rate:						  48000
[2025.08.25-20.25.13:166][102]LogAudioMixer: Display: 	Callback Buffer Frame Size Requested: 1024
[2025.08.25-20.25.13:166][102]LogAudioMixer: Display: 	Callback Buffer Frame Size To Use:	  1024
[2025.08.25-20.25.13:166][102]LogAudioMixer: Display: 	Number of buffers to queue:			  2
[2025.08.25-20.25.13:166][102]LogAudioMixer: Display: 	Max Channels (voices):				  32
[2025.08.25-20.25.13:166][102]LogAudioMixer: Display: 	Number of Async Source Workers:		  0
[2025.08.25-20.25.13:166][102]LogAudio: Display: AudioDevice MaxSources: 32
[2025.08.25-20.25.13:166][102]LogAudio: Display: Audio Spatialization Plugin: None (built-in).
[2025.08.25-20.25.13:166][102]LogAudio: Display: Audio Reverb Plugin: None (built-in).
[2025.08.25-20.25.13:166][102]LogAudio: Display: Audio Occlusion Plugin: None (built-in).
[2025.08.25-20.25.13:166][102]LogAudioMixer: Display: Initializing audio mixer.
[2025.08.25-20.25.13:169][102]LogAudioMixer: Display: 0: FrontLeft
[2025.08.25-20.25.13:169][102]LogAudioMixer: Display: 1: FrontRight
[2025.08.25-20.25.13:185][102]LogAudioMixer: Display: Using Audio Device Alto-falantes (Logi USB Headset)
[2025.08.25-20.25.13:186][102]LogAudioMixer: Display: Initializing Sound Submixes...
[2025.08.25-20.25.13:186][102]LogAudioMixer: Display: Creating Master Submix 'MasterSubmixDefault'
[2025.08.25-20.25.13:186][102]LogAudioMixer: Display: Creating Master Submix 'MasterReverbSubmixDefault'
[2025.08.25-20.25.13:186][102]LogAudioMixer: Display: Creating Master Submix 'MasterEQSubmixDefault'
[2025.08.25-20.25.13:186][102]LogAudioMixer: FMixerPlatformXAudio2::StartAudioStream() called
[2025.08.25-20.25.13:186][102]LogAudioMixer: Display: Output buffers initialized: Frames=1024, Channels=2, Samples=2048
[2025.08.25-20.25.13:187][102]LogAudioMixer: Display: Starting AudioMixerPlatformInterface::RunInternal()
[2025.08.25-20.25.13:187][102]LogAudioMixer: Display: FMixerPlatformXAudio2::SubmitBuffer() called for the first time
[2025.08.25-20.25.13:187][102]LogInit: FAudioDevice initialized.
[2025.08.25-20.25.13:187][102]LogAudio: Display: Audio Device (ID: 9) registered with world 'Enzo'.
[2025.08.25-20.25.13:201][102]LogLoad: Game class is 'Game_C'
[2025.08.25-20.25.13:206][102]LogWorld: Bringing World /Game/Cenas/UEDPIE_0_Enzo.Enzo up for play (max tick rate 0) at 2025.08.25-17.25.13
[2025.08.25-20.25.13:206][102]LogWorld: Bringing up level for play took: 0.003654
[2025.08.25-20.25.13:206][102]LogOnline: OSS: Creating online subsystem instance for: :Context_14
[2025.08.25-20.25.13:209][102]PIE: Servidor conectado
[2025.08.25-20.25.13:211][102]PIE: Play in editor total start time 0,099 seconds.
[2025.08.25-20.25.32:903][200]LogSlate: Updating window title bar state: overlay mode, drag disabled, window buttons hidden, title bar hidden
[2025.08.25-20.25.32:903][200]LogWorld: BeginTearingDown for /Game/Cenas/UEDPIE_0_Enzo
[2025.08.25-20.25.32:903][200]LogWorld: UWorld::CleanupWorld for Enzo, bSessionEnded=true, bCleanupResources=true
[2025.08.25-20.25.32:904][200]LogSlate: InvalidateAllWidgets triggered.  All widgets were invalidated
[2025.08.25-20.25.32:918][200]LogPlayLevel: Display: Shutting down PIE online subsystems
[2025.08.25-20.25.32:930][200]LogSlate: InvalidateAllWidgets triggered.  All widgets were invalidated
[2025.08.25-20.25.32:956][200]LogAudio: Display: Audio Device unregistered from world 'None'.
[2025.08.25-20.25.32:956][200]LogAudioMixer: FMixerPlatformXAudio2::StopAudioStream() called
[2025.08.25-20.25.32:958][200]LogAudioMixer: FMixerPlatformXAudio2::StopAudioStream() called
[2025.08.25-20.25.32:959][200]LogSlate: Updating window title bar state: overlay mode, drag disabled, window buttons hidden, title bar hidden
[2025.08.25-20.25.32:964][200]LogUObjectHash: Compacting FUObjectHashTables data took   3.01ms
[2025.08.25-20.25.33:007][201]LogPlayLevel: Display: Destroying online subsystem :Context_14
[2025.08.25-20.25.39:279][825]LogEditorViewport: Clicking on Actor (LMB): StaticMeshActor (Cube67)
[2025.08.25-20.25.39:349][827]LogEditorViewport: Clicking on Component (LMB): StaticMeshComponent (StaticMeshComponent0)
[2025.08.25-20.26.08:560][389]Cmd: TRANSACTION UNDO
[2025.08.25-20.26.08:560][389]LogEditorTransaction: Undo Scale Components
[2025.08.25-20.26.10:716][547]LogEditorViewport: Clicking on Actor (LMB): bp_balança_C (bp_balança4)
[2025.08.25-20.26.29:588][507]LogTemp: Repeating last play command: Selected Viewport
[2025.08.25-20.26.29:596][507]LogPlayLevel: PlayLevel: No blueprints needed recompiling
[2025.08.25-20.26.29:597][507]PIE: New page: Sessão de PIE : Enzo (25 de ago de 2025 14:26:29)
[2025.08.25-20.26.29:597][507]LogPlayLevel: Creating play world package: /Game/Cenas/UEDPIE_0_Enzo
[2025.08.25-20.26.29:611][507]LogPlayLevel: PIE: StaticDuplicateObject took: (0.014992s)
[2025.08.25-20.26.29:612][507]LogAIModule: Creating AISystem for world Enzo
[2025.08.25-20.26.29:613][507]LogPlayLevel: PIE: World Init took: (0.001350s)
[2025.08.25-20.26.29:613][507]LogPlayLevel: PIE: Created PIE world by copying editor world from /Game/Cenas/Enzo.Enzo to /Game/Cenas/UEDPIE_0_Enzo.Enzo (0.016500s)
[2025.08.25-20.26.29:643][507]LogUObjectHash: Compacting FUObjectHashTables data took   2.67ms
[2025.08.25-20.26.29:645][507]LogAudio: Display: Creating Audio Device:                 Id: 10, Scope: Unique, Realtime: True
[2025.08.25-20.26.29:645][507]LogAudioMixer: Display: Audio Mixer Platform Settings:
[2025.08.25-20.26.29:645][507]LogAudioMixer: Display: 	Sample Rate:						  48000
[2025.08.25-20.26.29:645][507]LogAudioMixer: Display: 	Callback Buffer Frame Size Requested: 1024
[2025.08.25-20.26.29:645][507]LogAudioMixer: Display: 	Callback Buffer Frame Size To Use:	  1024
[2025.08.25-20.26.29:645][507]LogAudioMixer: Display: 	Number of buffers to queue:			  2
[2025.08.25-20.26.29:645][507]LogAudioMixer: Display: 	Max Channels (voices):				  32
[2025.08.25-20.26.29:645][507]LogAudioMixer: Display: 	Number of Async Source Workers:		  0
[2025.08.25-20.26.29:645][507]LogAudio: Display: AudioDevice MaxSources: 32
[2025.08.25-20.26.29:646][507]LogAudio: Display: Audio Spatialization Plugin: None (built-in).
[2025.08.25-20.26.29:646][507]LogAudio: Display: Audio Reverb Plugin: None (built-in).
[2025.08.25-20.26.29:646][507]LogAudio: Display: Audio Occlusion Plugin: None (built-in).
[2025.08.25-20.26.29:646][507]LogAudioMixer: Display: Initializing audio mixer.
[2025.08.25-20.26.29:648][507]LogAudioMixer: Display: 0: FrontLeft
[2025.08.25-20.26.29:648][507]LogAudioMixer: Display: 1: FrontRight
[2025.08.25-20.26.29:663][507]LogAudioMixer: Display: Using Audio Device Alto-falantes (Logi USB Headset)
[2025.08.25-20.26.29:663][507]LogAudioMixer: Display: Initializing Sound Submixes...
[2025.08.25-20.26.29:663][507]LogAudioMixer: Display: Creating Master Submix 'MasterSubmixDefault'
[2025.08.25-20.26.29:664][507]LogAudioMixer: Display: Creating Master Submix 'MasterReverbSubmixDefault'
[2025.08.25-20.26.29:664][507]LogAudioMixer: Display: Creating Master Submix 'MasterEQSubmixDefault'
[2025.08.25-20.26.29:664][507]LogAudioMixer: FMixerPlatformXAudio2::StartAudioStream() called
[2025.08.25-20.26.29:664][507]LogAudioMixer: Display: Output buffers initialized: Frames=1024, Channels=2, Samples=2048
[2025.08.25-20.26.29:666][507]LogAudioMixer: Display: Starting AudioMixerPlatformInterface::RunInternal()
[2025.08.25-20.26.29:666][507]LogAudioMixer: Display: FMixerPlatformXAudio2::SubmitBuffer() called for the first time
[2025.08.25-20.26.29:666][507]LogInit: FAudioDevice initialized.
[2025.08.25-20.26.29:666][507]LogAudio: Display: Audio Device (ID: 10) registered with world 'Enzo'.
[2025.08.25-20.26.29:680][507]LogLoad: Game class is 'Game_C'
[2025.08.25-20.26.29:685][507]LogWorld: Bringing World /Game/Cenas/UEDPIE_0_Enzo.Enzo up for play (max tick rate 0) at 2025.08.25-17.26.29
[2025.08.25-20.26.29:686][507]LogWorld: Bringing up level for play took: 0.005021
[2025.08.25-20.26.29:686][507]LogOnline: OSS: Creating online subsystem instance for: :Context_15
[2025.08.25-20.26.29:689][507]PIE: Servidor conectado
[2025.08.25-20.26.29:690][507]PIE: Play in editor total start time 0,096 seconds.
[2025.08.25-20.26.42:105][842]LogSlate: Updating window title bar state: overlay mode, drag disabled, window buttons hidden, title bar hidden
[2025.08.25-20.26.42:105][842]LogWorld: BeginTearingDown for /Game/Cenas/UEDPIE_0_Enzo
[2025.08.25-20.26.42:106][842]LogWorld: UWorld::CleanupWorld for Enzo, bSessionEnded=true, bCleanupResources=true
[2025.08.25-20.26.42:107][842]LogSlate: InvalidateAllWidgets triggered.  All widgets were invalidated
[2025.08.25-20.26.42:124][842]LogPlayLevel: Display: Shutting down PIE online subsystems
[2025.08.25-20.26.42:136][842]LogSlate: InvalidateAllWidgets triggered.  All widgets were invalidated
[2025.08.25-20.26.42:163][842]LogAudio: Display: Audio Device unregistered from world 'None'.
[2025.08.25-20.26.42:164][842]LogAudioMixer: FMixerPlatformXAudio2::StopAudioStream() called
[2025.08.25-20.26.42:165][842]LogAudioMixer: FMixerPlatformXAudio2::StopAudioStream() called
[2025.08.25-20.26.42:167][842]LogSlate: Updating window title bar state: overlay mode, drag disabled, window buttons hidden, title bar hidden
[2025.08.25-20.26.42:173][842]LogUObjectHash: Compacting FUObjectHashTables data took   2.74ms
[2025.08.25-20.26.42:211][843]LogPlayLevel: Display: Destroying online subsystem :Context_15
[2025.08.25-20.27.26:410][820]BlueprintLog: New page: Compilar bp_balança
[2025.08.25-20.27.26:475][820]LogUObjectHash: Compacting FUObjectHashTables data took   3.12ms
[2025.08.25-20.27.31:968][295]LogEditorViewport: Clicking on Actor (LMB): StaticMeshActor (Cube67)
[2025.08.25-20.27.36:136][730]LogEditorViewport: Clicking on Actor (LMB): StaticMeshActor (Cube45)
[2025.08.25-20.27.37:612][883]LogEditorViewport: Clicking on Actor (LMB): StaticMeshActor (Cube45)
[2025.08.25-20.27.38:190][945]LogEditorViewport: Clicking on Actor (LMB): bp_balança_C (bp_balança3)
[2025.08.25-20.27.38:931][ 23]LogEditorViewport: Clicking on Actor (LMB): bp_balança_C (bp_balança3)
[2025.08.25-20.28.18:095][114]LogEditorViewport: Clicking on Actor (LMB): bp_balança_C (bp_balança2)
[2025.08.25-20.28.19:266][237]Cmd: DELETE
[2025.08.25-20.28.19:267][237]Cmd: ACTOR DELETE
[2025.08.25-20.28.19:272][237]LogEditorActor: Deleted Actor: bp_balança_C
[2025.08.25-20.28.19:308][237]LogUObjectHash: Compacting FUObjectHashTables data took   3.53ms
[2025.08.25-20.28.19:310][237]LogEditorActor: Deleted 1 Actors (0.043 secs)
[2025.08.25-20.28.21:363][477]LogEditorViewport: Clicking on Actor (LMB): bp_balança_C (bp_balança)
[2025.08.25-20.28.21:705][511]Cmd: DELETE
[2025.08.25-20.28.21:705][511]Cmd: ACTOR DELETE
[2025.08.25-20.28.21:710][511]LogEditorActor: Deleted Actor: bp_balança_C
[2025.08.25-20.28.21:740][511]LogUObjectHash: Compacting FUObjectHashTables data took   1.49ms
[2025.08.25-20.28.21:741][511]LogEditorActor: Deleted 1 Actors (0.036 secs)
[2025.08.25-20.28.23:652][715]LogEditorViewport: Clicking on Actor (LMB): StaticMeshActor (Cube10)
[2025.08.25-20.28.24:420][788]LogEditorViewport: Clicking on Actor (LMB): StaticMeshActor (Cube10)
[2025.08.25-20.28.25:095][858]LogEditorViewport: Clicking on Actor (LMB): StaticMeshActor (Cube46)
[2025.08.25-20.28.26:417][997]LogEditorViewport: Clicking on Actor (LMB): StaticMeshActor (Cube10)
[2025.08.25-20.28.27:120][ 71]LogEditorViewport: Clicking on Actor (LMB): StaticMeshActor (Cube10)
[2025.08.25-20.28.29:807][328]LogEditorViewport: Clicking on Actor (LMB): bp_balança_C (bp_balança3)
[2025.08.25-20.28.37:605][180]Cmd: EDIT COPY
[2025.08.25-20.28.38:368][263]Cmd: EDIT PASTE
[2025.08.25-20.28.46:642][152]Cmd: EDIT PASTE
[2025.08.25-20.29.05:862][128]LogEditorViewport: Clicking on Actor (LMB): bp_balança_C (bp_balança3)
[2025.08.25-20.29.07:491][305]Cmd: EDIT PASTE
[2025.08.25-20.29.16:975][283]Cmd: EDIT PASTE
[2025.08.25-20.29.35:865][218]Cmd: EDIT COPY
[2025.08.25-20.29.36:345][263]Cmd: EDIT PASTE
[2025.08.25-20.30.21:438][793]BlueprintLog: New page: Compilar bp_balança
[2025.08.25-20.30.21:540][793]LogUObjectHash: Compacting FUObjectHashTables data took   3.08ms
[2025.08.25-20.30.24:172][974]LogTemp: Repeating last play command: Selected Viewport
[2025.08.25-20.30.24:180][974]LogPlayLevel: PlayLevel: No blueprints needed recompiling
[2025.08.25-20.30.24:180][974]PIE: New page: Sessão de PIE : Enzo (25 de ago de 2025 14:30:24)
[2025.08.25-20.30.24:180][974]LogPlayLevel: Creating play world package: /Game/Cenas/UEDPIE_0_Enzo
[2025.08.25-20.30.24:196][974]LogPlayLevel: PIE: StaticDuplicateObject took: (0.015707s)
[2025.08.25-20.30.24:197][974]LogAIModule: Creating AISystem for world Enzo
[2025.08.25-20.30.24:198][974]LogPlayLevel: PIE: World Init took: (0.001206s)
[2025.08.25-20.30.24:198][974]LogPlayLevel: PIE: Created PIE world by copying editor world from /Game/Cenas/Enzo.Enzo to /Game/Cenas/UEDPIE_0_Enzo.Enzo (0.017065s)
[2025.08.25-20.30.24:227][974]LogUObjectHash: Compacting FUObjectHashTables data took   3.34ms
[2025.08.25-20.30.24:229][974]LogAudio: Display: Creating Audio Device:                 Id: 11, Scope: Unique, Realtime: True
[2025.08.25-20.30.24:229][974]LogAudioMixer: Display: Audio Mixer Platform Settings:
[2025.08.25-20.30.24:229][974]LogAudioMixer: Display: 	Sample Rate:						  48000
[2025.08.25-20.30.24:229][974]LogAudioMixer: Display: 	Callback Buffer Frame Size Requested: 1024
[2025.08.25-20.30.24:229][974]LogAudioMixer: Display: 	Callback Buffer Frame Size To Use:	  1024
[2025.08.25-20.30.24:229][974]LogAudioMixer: Display: 	Number of buffers to queue:			  2
[2025.08.25-20.30.24:229][974]LogAudioMixer: Display: 	Max Channels (voices):				  32
[2025.08.25-20.30.24:229][974]LogAudioMixer: Display: 	Number of Async Source Workers:		  0
[2025.08.25-20.30.24:229][974]LogAudio: Display: AudioDevice MaxSources: 32
[2025.08.25-20.30.24:229][974]LogAudio: Display: Audio Spatialization Plugin: None (built-in).
[2025.08.25-20.30.24:229][974]LogAudio: Display: Audio Reverb Plugin: None (built-in).
[2025.08.25-20.30.24:229][974]LogAudio: Display: Audio Occlusion Plugin: None (built-in).
[2025.08.25-20.30.24:229][974]LogAudioMixer: Display: Initializing audio mixer.
[2025.08.25-20.30.24:232][974]LogAudioMixer: Display: 0: FrontLeft
[2025.08.25-20.30.24:232][974]LogAudioMixer: Display: 1: FrontRight
[2025.08.25-20.30.24:247][974]LogAudioMixer: Display: Using Audio Device Alto-falantes (Logi USB Headset)
[2025.08.25-20.30.24:247][974]LogAudioMixer: Display: Initializing Sound Submixes...
[2025.08.25-20.30.24:247][974]LogAudioMixer: Display: Creating Master Submix 'MasterSubmixDefault'
[2025.08.25-20.30.24:247][974]LogAudioMixer: Display: Creating Master Submix 'MasterReverbSubmixDefault'
[2025.08.25-20.30.24:248][974]LogAudioMixer: Display: Creating Master Submix 'MasterEQSubmixDefault'
[2025.08.25-20.30.24:248][974]LogAudioMixer: FMixerPlatformXAudio2::StartAudioStream() called
[2025.08.25-20.30.24:248][974]LogAudioMixer: Display: Output buffers initialized: Frames=1024, Channels=2, Samples=2048
[2025.08.25-20.30.24:251][974]LogAudioMixer: Display: Starting AudioMixerPlatformInterface::RunInternal()
[2025.08.25-20.30.24:251][974]LogAudioMixer: Display: FMixerPlatformXAudio2::SubmitBuffer() called for the first time
[2025.08.25-20.30.24:251][974]LogInit: FAudioDevice initialized.
[2025.08.25-20.30.24:251][974]LogAudio: Display: Audio Device (ID: 11) registered with world 'Enzo'.
[2025.08.25-20.30.24:266][974]LogLoad: Game class is 'Game_C'
[2025.08.25-20.30.24:271][974]LogWorld: Bringing World /Game/Cenas/UEDPIE_0_Enzo.Enzo up for play (max tick rate 0) at 2025.08.25-17.30.24
[2025.08.25-20.30.24:272][974]LogWorld: Bringing up level for play took: 0.004058
[2025.08.25-20.30.24:272][974]LogOnline: OSS: Creating online subsystem instance for: :Context_16
[2025.08.25-20.30.24:275][974]LogOutputDevice: Warning: 

Script Stack (1 frames):
bp_balança_C.ReceiveBeginPlay

[2025.08.25-20.30.24:333][974]LogStats: FPlatformStackWalk::StackWalkAndDump -  0.057 s
[2025.08.25-20.30.24:333][974]LogOutputDevice: Error: === Handled ensure: ===
[2025.08.25-20.30.24:333][974]LogOutputDevice: Error: 
[2025.08.25-20.30.24:333][974]LogOutputDevice: Error: Ensure condition failed: NewObject->IsA(this->GeneratedClass) [File:D:/Build/++UE4/Sync/Engine/Source/Runtime/Engine/Private/Blueprint.cpp] [Line: 904]
[2025.08.25-20.30.24:333][974]LogOutputDevice: Error: Type mismatch: Expected bp_balança_C, Found REINST_bp_balança_C_80
[2025.08.25-20.30.24:333][974]LogOutputDevice: Error: Stack: 
[2025.08.25-20.30.24:333][974]LogOutputDevice: Error: [Callstack] 0x00007ff86d9cd517 UE4Editor-Engine.dll!UnknownFunction []
[2025.08.25-20.30.24:333][974]LogOutputDevice: Error: [Callstack] 0x00007ff86c28ef24 UE4Editor-Engine.dll!UnknownFunction []
[2025.08.25-20.30.24:333][974]LogOutputDevice: Error: [Callstack] 0x00007ff86a27f8de UE4Editor-UnrealEd.dll!UnknownFunction []
[2025.08.25-20.30.24:333][974]LogOutputDevice: Error: [Callstack] 0x00007ff86a6d231a UE4Editor-UnrealEd.dll!UnknownFunction []
[2025.08.25-20.30.24:333][974]LogOutputDevice: Error: [Callstack] 0x00007ff90db05c41 UE4Editor-CoreUObject.dll!UnknownFunction []
[2025.08.25-20.30.24:333][974]LogOutputDevice: Error: [Callstack] 0x00007ff90db11770 UE4Editor-CoreUObject.dll!UnknownFunction []
[2025.08.25-20.30.24:333][974]LogOutputDevice: Error: [Callstack] 0x00007ff90dae4d8d UE4Editor-CoreUObject.dll!UnknownFunction []
[2025.08.25-20.30.24:333][974]LogOutputDevice: Error: [Callstack] 0x00007ff90dae4184 UE4Editor-CoreUObject.dll!UnknownFunction []
[2025.08.25-20.30.24:333][974]LogOutputDevice: Error: [Callstack] 0x00007ff90d8019c4 UE4Editor-CoreUObject.dll!UnknownFunction []
[2025.08.25-20.30.24:333][974]LogOutputDevice: Error: [Callstack] 0x00007ff90dae3ca3 UE4Editor-CoreUObject.dll!UnknownFunction []
[2025.08.25-20.30.24:333][974]LogOutputDevice: Error: [Callstack] 0x00007ff86bf8942a UE4Editor-Engine.dll!UnknownFunction []
[2025.08.25-20.30.24:333][974]LogOutputDevice: Error: [Callstack] 0x00007ff86bf57435 UE4Editor-Engine.dll!UnknownFunction []
[2025.08.25-20.30.24:333][974]LogOutputDevice: Error: [Callstack] 0x00007ff86bf60c1f UE4Editor-Engine.dll!UnknownFunction []
[2025.08.25-20.30.24:333][974]LogOutputDevice: Error: [Callstack] 0x00007ff86d36ba95 UE4Editor-Engine.dll!UnknownFunction []
[2025.08.25-20.30.24:333][974]LogOutputDevice: Error: [Callstack] 0x00007ff86c6aca31 UE4Editor-Engine.dll!UnknownFunction []
[2025.08.25-20.30.24:333][974]LogOutputDevice: Error: [Callstack] 0x00007ff86d30fb3e UE4Editor-Engine.dll!UnknownFunction []
[2025.08.25-20.30.24:333][974]LogOutputDevice: Error: [Callstack] 0x00007ff86c6ceb09 UE4Editor-Engine.dll!UnknownFunction []
[2025.08.25-20.30.24:333][974]LogOutputDevice: Error: [Callstack] 0x00007ff86a392c45 UE4Editor-UnrealEd.dll!UnknownFunction []
[2025.08.25-20.30.24:333][974]LogOutputDevice: Error: [Callstack] 0x00007ff86a3b622f UE4Editor-UnrealEd.dll!UnknownFunction []
[2025.08.25-20.30.24:333][974]LogOutputDevice: Error: [Callstack] 0x00007ff86a39397d UE4Editor-UnrealEd.dll!UnknownFunction []
[2025.08.25-20.30.24:333][974]LogOutputDevice: Error: [Callstack] 0x00007ff86a3d3772 UE4Editor-UnrealEd.dll!UnknownFunction []
[2025.08.25-20.30.24:333][974]LogOutputDevice: Error: [Callstack] 0x00007ff86a3d6d31 UE4Editor-UnrealEd.dll!UnknownFunction []
[2025.08.25-20.30.24:333][974]LogOutputDevice: Error: [Callstack] 0x00007ff86a3d65f8 UE4Editor-UnrealEd.dll!UnknownFunction []
[2025.08.25-20.30.24:333][974]LogOutputDevice: Error: [Callstack] 0x00007ff869e30c8c UE4Editor-UnrealEd.dll!UnknownFunction []
[2025.08.25-20.30.24:333][974]LogOutputDevice: Error: [Callstack] 0x00007ff86a732ba6 UE4Editor-UnrealEd.dll!UnknownFunction []
[2025.08.25-20.30.24:333][974]LogOutputDevice: Error: [Callstack] 0x00007ff7981d87a0 UE4Editor.exe!UnknownFunction []
[2025.08.25-20.30.24:333][974]LogOutputDevice: Error: [Callstack] 0x00007ff7981f0fcc UE4Editor.exe!UnknownFunction []
[2025.08.25-20.30.24:333][974]LogOutputDevice: Error: [Callstack] 0x00007ff7981f10ba UE4Editor.exe!UnknownFunction []
[2025.08.25-20.30.24:333][974]LogOutputDevice: Error: [Callstack] 0x00007ff7981f40dd UE4Editor.exe!UnknownFunction []
[2025.08.25-20.30.24:333][974]LogOutputDevice: Error: [Callstack] 0x00007ff798205984 UE4Editor.exe!UnknownFunction []
[2025.08.25-20.30.24:333][974]LogOutputDevice: Error: [Callstack] 0x00007ff79820853a UE4Editor.exe!UnknownFunction []
[2025.08.25-20.30.24:333][974]LogOutputDevice: Error: [Callstack] 0x00007ff9696be8d7 KERNEL32.DLL!UnknownFunction []
[2025.08.25-20.30.24:333][974]LogOutputDevice: Error: [Callstack] 0x00007ff96b55c34c ntdll.dll!UnknownFunction []
[2025.08.25-20.30.24:333][974]LogOutputDevice: Error: 
[2025.08.25-20.30.24:338][974]LogStats:                SubmitErrorReport -  0.000 s
[2025.08.25-20.30.26:064][974]LogStats:                    SendNewReport -  1.726 s
[2025.08.25-20.30.26:064][974]LogStats:             FDebug::EnsureFailed -  1.789 s
[2025.08.25-20.30.26:064][974]PIE: Servidor conectado
[2025.08.25-20.30.26:066][974]PIE: Play in editor total start time 1,886 seconds.
[2025.08.25-20.30.26:069][974]LogAudioMixer: Resetting audio stream to device id 
[2025.08.25-20.30.26:072][974]LogAudioMixer: Display: 0: FrontLeft
[2025.08.25-20.30.26:072][974]LogAudioMixer: Display: 1: FrontRight
[2025.08.25-20.30.26:099][974]LogAudioMixer: Resetting audio stream to device id 
[2025.08.25-20.30.26:104][974]LogAudioMixer: Display: 0: FrontLeft
[2025.08.25-20.30.26:104][974]LogAudioMixer: Display: 1: FrontRight
[2025.08.25-20.30.37:823][217]LogSlate: Updating window title bar state: overlay mode, drag disabled, window buttons hidden, title bar hidden
[2025.08.25-20.30.37:823][217]LogWorld: BeginTearingDown for /Game/Cenas/UEDPIE_0_Enzo
[2025.08.25-20.30.37:823][217]LogWorld: UWorld::CleanupWorld for Enzo, bSessionEnded=true, bCleanupResources=true
[2025.08.25-20.30.37:824][217]LogSlate: InvalidateAllWidgets triggered.  All widgets were invalidated
[2025.08.25-20.30.37:832][217]LogPlayLevel: Display: Shutting down PIE online subsystems
[2025.08.25-20.30.37:843][217]LogSlate: InvalidateAllWidgets triggered.  All widgets were invalidated
[2025.08.25-20.30.37:871][217]LogAudio: Display: Audio Device unregistered from world 'None'.
[2025.08.25-20.30.37:871][217]LogAudioMixer: FMixerPlatformXAudio2::StopAudioStream() called
[2025.08.25-20.30.37:872][217]LogAudioMixer: FMixerPlatformXAudio2::StopAudioStream() called
[2025.08.25-20.30.37:875][217]LogSlate: Updating window title bar state: overlay mode, drag disabled, window buttons hidden, title bar hidden
[2025.08.25-20.30.37:881][217]LogUObjectHash: Compacting FUObjectHashTables data took   2.79ms
[2025.08.25-20.30.37:915][218]LogPlayLevel: Display: Destroying online subsystem :Context_16
[2025.08.25-20.30.52:059][164]BlueprintLog: New page: Compilar bp_balança
[2025.08.25-20.30.52:124][164]LogUObjectHash: Compacting FUObjectHashTables data took   3.06ms
[2025.08.25-20.30.55:369][412]LogTemp: Repeating last play command: Selected Viewport
[2025.08.25-20.30.55:376][412]LogPlayLevel: PlayLevel: No blueprints needed recompiling
[2025.08.25-20.30.55:377][412]PIE: New page: Sessão de PIE : Enzo (25 de ago de 2025 14:30:55)
[2025.08.25-20.30.55:402][412]LogPlayLevel: Creating play world package: /Game/Cenas/UEDPIE_0_Enzo
[2025.08.25-20.30.55:419][412]LogPlayLevel: PIE: StaticDuplicateObject took: (0.016109s)
[2025.08.25-20.30.55:420][412]LogAIModule: Creating AISystem for world Enzo
[2025.08.25-20.30.55:420][412]LogPlayLevel: PIE: World Init took: (0.001346s)
[2025.08.25-20.30.55:420][412]LogPlayLevel: PIE: Created PIE world by copying editor world from /Game/Cenas/Enzo.Enzo to /Game/Cenas/UEDPIE_0_Enzo.Enzo (0.017714s)
[2025.08.25-20.30.55:452][412]LogUObjectHash: Compacting FUObjectHashTables data took   5.21ms
[2025.08.25-20.30.55:454][412]LogAudio: Display: Creating Audio Device:                 Id: 12, Scope: Unique, Realtime: True
[2025.08.25-20.30.55:454][412]LogAudioMixer: Display: Audio Mixer Platform Settings:
[2025.08.25-20.30.55:454][412]LogAudioMixer: Display: 	Sample Rate:						  48000
[2025.08.25-20.30.55:454][412]LogAudioMixer: Display: 	Callback Buffer Frame Size Requested: 1024
[2025.08.25-20.30.55:454][412]LogAudioMixer: Display: 	Callback Buffer Frame Size To Use:	  1024
[2025.08.25-20.30.55:454][412]LogAudioMixer: Display: 	Number of buffers to queue:			  2
[2025.08.25-20.30.55:454][412]LogAudioMixer: Display: 	Max Channels (voices):				  32
[2025.08.25-20.30.55:454][412]LogAudioMixer: Display: 	Number of Async Source Workers:		  0
[2025.08.25-20.30.55:454][412]LogAudio: Display: AudioDevice MaxSources: 32
[2025.08.25-20.30.55:455][412]LogAudio: Display: Audio Spatialization Plugin: None (built-in).
[2025.08.25-20.30.55:455][412]LogAudio: Display: Audio Reverb Plugin: None (built-in).
[2025.08.25-20.30.55:455][412]LogAudio: Display: Audio Occlusion Plugin: None (built-in).
[2025.08.25-20.30.55:455][412]LogAudioMixer: Display: Initializing audio mixer.
[2025.08.25-20.30.55:457][412]LogAudioMixer: Display: 0: FrontLeft
[2025.08.25-20.30.55:457][412]LogAudioMixer: Display: 1: FrontRight
[2025.08.25-20.30.55:471][412]LogAudioMixer: Display: Using Audio Device Alto-falantes (Logi USB Headset)
[2025.08.25-20.30.55:473][412]LogAudioMixer: Display: Initializing Sound Submixes...
[2025.08.25-20.30.55:473][412]LogAudioMixer: Display: Creating Master Submix 'MasterSubmixDefault'
[2025.08.25-20.30.55:473][412]LogAudioMixer: Display: Creating Master Submix 'MasterReverbSubmixDefault'
[2025.08.25-20.30.55:473][412]LogAudioMixer: Display: Creating Master Submix 'MasterEQSubmixDefault'
[2025.08.25-20.30.55:473][412]LogAudioMixer: FMixerPlatformXAudio2::StartAudioStream() called
[2025.08.25-20.30.55:473][412]LogAudioMixer: Display: Output buffers initialized: Frames=1024, Channels=2, Samples=2048
[2025.08.25-20.30.55:475][412]LogAudioMixer: Display: Starting AudioMixerPlatformInterface::RunInternal()
[2025.08.25-20.30.55:475][412]LogAudioMixer: Display: FMixerPlatformXAudio2::SubmitBuffer() called for the first time
[2025.08.25-20.30.55:475][412]LogInit: FAudioDevice initialized.
[2025.08.25-20.30.55:475][412]LogAudio: Display: Audio Device (ID: 12) registered with world 'Enzo'.
[2025.08.25-20.30.55:491][412]LogLoad: Game class is 'Game_C'
[2025.08.25-20.30.55:495][412]LogWorld: Bringing World /Game/Cenas/UEDPIE_0_Enzo.Enzo up for play (max tick rate 0) at 2025.08.25-17.30.55
[2025.08.25-20.30.55:496][412]LogWorld: Bringing up level for play took: 0.004438
[2025.08.25-20.30.55:496][412]LogOnline: OSS: Creating online subsystem instance for: :Context_17
[2025.08.25-20.30.55:499][412]PIE: Servidor conectado
[2025.08.25-20.30.55:500][412]PIE: Play in editor total start time 0,126 seconds.
[2025.08.25-20.31.12:634][259]LogSlate: Updating window title bar state: overlay mode, drag disabled, window buttons hidden, title bar hidden
[2025.08.25-20.31.12:634][259]LogWorld: BeginTearingDown for /Game/Cenas/UEDPIE_0_Enzo
[2025.08.25-20.31.12:634][259]LogWorld: UWorld::CleanupWorld for Enzo, bSessionEnded=true, bCleanupResources=true
[2025.08.25-20.31.12:635][259]LogSlate: InvalidateAllWidgets triggered.  All widgets were invalidated
[2025.08.25-20.31.12:646][259]LogPlayLevel: Display: Shutting down PIE online subsystems
[2025.08.25-20.31.12:659][259]LogSlate: InvalidateAllWidgets triggered.  All widgets were invalidated
[2025.08.25-20.31.12:686][259]LogAudio: Display: Audio Device unregistered from world 'None'.
[2025.08.25-20.31.12:686][259]LogAudioMixer: FMixerPlatformXAudio2::StopAudioStream() called
[2025.08.25-20.31.12:688][259]LogAudioMixer: FMixerPlatformXAudio2::StopAudioStream() called
[2025.08.25-20.31.12:690][259]LogSlate: Updating window title bar state: overlay mode, drag disabled, window buttons hidden, title bar hidden
[2025.08.25-20.31.12:695][259]LogUObjectHash: Compacting FUObjectHashTables data took   2.92ms
[2025.08.25-20.31.12:722][260]LogPlayLevel: Display: Destroying online subsystem :Context_17
[2025.08.25-20.32.26:087][161]BlueprintLog: New page: Compilar bp_balança
[2025.08.25-20.32.26:151][161]LogUObjectHash: Compacting FUObjectHashTables data took   3.26ms
[2025.08.25-20.32.35:098][ 34]Cmd: EDIT COPY
[2025.08.25-20.32.36:017][134]Cmd: EDIT PASTE
[2025.08.25-20.32.45:668][ 82]LogEditorViewport: Clicking on Actor (LMB): StaticMeshActor (Cube8)
[2025.08.25-20.32.47:103][235]Cmd: EDIT COPY
[2025.08.25-20.32.47:616][291]Cmd: EDIT PASTE
[2025.08.25-20.32.49:882][524]Cmd: TRANSACTION UNDO
[2025.08.25-20.32.49:882][524]LogEditorTransaction: Undo Colar
[2025.08.25-20.32.52:637][746]LogEditorViewport: Clicking on Actor (LMB): bp_balança_C (bp_balança10)
[2025.08.25-20.32.55:987][ 78]Cmd: EDIT COPY
[2025.08.25-20.32.56:473][128]Cmd: EDIT PASTE
[2025.08.25-20.32.59:779][468]Cmd: EDIT CUT
[2025.08.25-20.32.59:787][468]LogEditorActor: Deleted Actor: bp_balança_C
[2025.08.25-20.32.59:819][468]LogUObjectHash: Compacting FUObjectHashTables data took   3.83ms
[2025.08.25-20.32.59:821][468]LogEditorActor: Deleted 1 Actors (0.041 secs)
[2025.08.25-20.33.01:190][628]Cmd: TRANSACTION UNDO
[2025.08.25-20.33.01:190][628]LogEditorTransaction: Undo Recortar
[2025.08.25-20.33.02:468][713]Cmd: TRANSACTION UNDO
[2025.08.25-20.33.02:469][713]LogEditorTransaction: Undo Colar
[2025.08.25-20.33.03:474][799]Cmd: TRANSACTION UNDO
[2025.08.25-20.33.03:474][799]LogEditorTransaction: Undo Clicando nos Atores
[2025.08.25-20.33.04:778][914]Cmd: TRANSACTION UNDO
[2025.08.25-20.33.04:778][914]LogEditorTransaction: Undo Move Actors
[2025.08.25-20.33.05:826][  5]Cmd: TRANSACTION UNDO
[2025.08.25-20.33.05:826][  5]LogEditorTransaction: Undo Move Actors
[2025.08.25-20.33.19:124][328]Cmd: EDIT COPY
[2025.08.25-20.33.19:789][399]Cmd: EDIT PASTE
[2025.08.25-20.33.29:292][362]Cmd: EDIT COPY
[2025.08.25-20.33.29:857][423]Cmd: EDIT PASTE
[2025.08.25-20.33.35:610][  8]Cmd: EDIT PASTE
[2025.08.25-20.33.40:519][509]Cmd: EDIT PASTE
[2025.08.25-20.33.50:821][581]Cmd: EDIT PASTE
[2025.08.25-20.33.59:446][484]Cmd: EDIT COPY
[2025.08.25-20.34.04:341][947]Cmd: EDIT PASTE
[2025.08.25-20.35.00:369][505]LogTemp: Repeating last play command: Selected Viewport
[2025.08.25-20.35.00:375][505]LogPlayLevel: PlayLevel: No blueprints needed recompiling
[2025.08.25-20.35.00:375][505]PIE: New page: Sessão de PIE : Enzo (25 de ago de 2025 14:35:00)
[2025.08.25-20.35.00:399][505]LogPlayLevel: Creating play world package: /Game/Cenas/UEDPIE_0_Enzo
[2025.08.25-20.35.00:415][505]LogPlayLevel: PIE: StaticDuplicateObject took: (0.014608s)
[2025.08.25-20.35.00:416][505]LogAIModule: Creating AISystem for world Enzo
[2025.08.25-20.35.00:416][505]LogPlayLevel: PIE: World Init took: (0.001681s)
[2025.08.25-20.35.00:416][505]LogPlayLevel: PIE: Created PIE world by copying editor world from /Game/Cenas/Enzo.Enzo to /Game/Cenas/UEDPIE_0_Enzo.Enzo (0.016558s)
[2025.08.25-20.35.00:454][505]LogUObjectHash: Compacting FUObjectHashTables data took   3.25ms
[2025.08.25-20.35.00:457][505]LogAudio: Display: Creating Audio Device:                 Id: 13, Scope: Unique, Realtime: True
[2025.08.25-20.35.00:457][505]LogAudioMixer: Display: Audio Mixer Platform Settings:
[2025.08.25-20.35.00:457][505]LogAudioMixer: Display: 	Sample Rate:						  48000
[2025.08.25-20.35.00:457][505]LogAudioMixer: Display: 	Callback Buffer Frame Size Requested: 1024
[2025.08.25-20.35.00:457][505]LogAudioMixer: Display: 	Callback Buffer Frame Size To Use:	  1024
[2025.08.25-20.35.00:457][505]LogAudioMixer: Display: 	Number of buffers to queue:			  2
[2025.08.25-20.35.00:457][505]LogAudioMixer: Display: 	Max Channels (voices):				  32
[2025.08.25-20.35.00:457][505]LogAudioMixer: Display: 	Number of Async Source Workers:		  0
[2025.08.25-20.35.00:457][505]LogAudio: Display: AudioDevice MaxSources: 32
[2025.08.25-20.35.00:459][505]LogAudio: Display: Audio Spatialization Plugin: None (built-in).
[2025.08.25-20.35.00:459][505]LogAudio: Display: Audio Reverb Plugin: None (built-in).
[2025.08.25-20.35.00:459][505]LogAudio: Display: Audio Occlusion Plugin: None (built-in).
[2025.08.25-20.35.00:459][505]LogAudioMixer: Display: Initializing audio mixer.
[2025.08.25-20.35.00:461][505]LogAudioMixer: Display: 0: FrontLeft
[2025.08.25-20.35.00:461][505]LogAudioMixer: Display: 1: FrontRight
[2025.08.25-20.35.00:476][505]LogAudioMixer: Display: Using Audio Device Alto-falantes (Logi USB Headset)
[2025.08.25-20.35.00:477][505]LogAudioMixer: Display: Initializing Sound Submixes...
[2025.08.25-20.35.00:477][505]LogAudioMixer: Display: Creating Master Submix 'MasterSubmixDefault'
[2025.08.25-20.35.00:477][505]LogAudioMixer: Display: Creating Master Submix 'MasterReverbSubmixDefault'
[2025.08.25-20.35.00:477][505]LogAudioMixer: Display: Creating Master Submix 'MasterEQSubmixDefault'
[2025.08.25-20.35.00:477][505]LogAudioMixer: FMixerPlatformXAudio2::StartAudioStream() called
[2025.08.25-20.35.00:477][505]LogAudioMixer: Display: Output buffers initialized: Frames=1024, Channels=2, Samples=2048
[2025.08.25-20.35.00:479][505]LogAudioMixer: Display: Starting AudioMixerPlatformInterface::RunInternal()
[2025.08.25-20.35.00:479][505]LogAudioMixer: Display: FMixerPlatformXAudio2::SubmitBuffer() called for the first time
[2025.08.25-20.35.00:479][505]LogInit: FAudioDevice initialized.
[2025.08.25-20.35.00:479][505]LogAudio: Display: Audio Device (ID: 13) registered with world 'Enzo'.
[2025.08.25-20.35.00:491][505]LogLoad: Game class is 'Game_C'
[2025.08.25-20.35.00:495][505]LogWorld: Bringing World /Game/Cenas/UEDPIE_0_Enzo.Enzo up for play (max tick rate 0) at 2025.08.25-17.35.00
[2025.08.25-20.35.00:496][505]LogWorld: Bringing up level for play took: 0.004058
[2025.08.25-20.35.00:496][505]LogOnline: OSS: Creating online subsystem instance for: :Context_18
[2025.08.25-20.35.00:500][505]PIE: Servidor conectado
[2025.08.25-20.35.00:500][505]PIE: Play in editor total start time 0,127 seconds.
[2025.08.25-20.35.19:101][528]LogSlate: Updating window title bar state: overlay mode, drag disabled, window buttons hidden, title bar hidden
[2025.08.25-20.35.19:102][528]LogWorld: BeginTearingDown for /Game/Cenas/UEDPIE_0_Enzo
[2025.08.25-20.35.19:102][528]LogWorld: UWorld::CleanupWorld for Enzo, bSessionEnded=true, bCleanupResources=true
[2025.08.25-20.35.19:103][528]LogSlate: InvalidateAllWidgets triggered.  All widgets were invalidated
[2025.08.25-20.35.19:118][528]LogPlayLevel: Display: Shutting down PIE online subsystems
[2025.08.25-20.35.19:130][528]LogSlate: InvalidateAllWidgets triggered.  All widgets were invalidated
[2025.08.25-20.35.19:157][528]LogAudio: Display: Audio Device unregistered from world 'None'.
[2025.08.25-20.35.19:157][528]LogAudioMixer: FMixerPlatformXAudio2::StopAudioStream() called
[2025.08.25-20.35.19:159][528]LogAudioMixer: FMixerPlatformXAudio2::StopAudioStream() called
[2025.08.25-20.35.19:160][528]LogSlate: Updating window title bar state: overlay mode, drag disabled, window buttons hidden, title bar hidden
[2025.08.25-20.35.19:164][528]LogUObjectHash: Compacting FUObjectHashTables data took   2.72ms
[2025.08.25-20.35.19:191][529]LogPlayLevel: Display: Destroying online subsystem :Context_18
[2025.08.25-20.35.57:031][ 37]LogUObjectHash: Compacting FUObjectHashTables data took   2.93ms
[2025.08.25-20.35.57:099][ 37]LogSavePackage: Moving '../../../../../../Users/Usuário/OneDrive/Documentos/Unreal Projects/Sorry/Saved/Enzo_Auto39A79F2F2415F67EFB6C31194187BDB37.tmp' to '../../../../../../Users/Usuário/OneDrive/Documentos/Unreal Projects/Sorry/Saved/Autosaves/Game/Cenas/Enzo_Auto3.umap'
[2025.08.25-20.35.57:101][ 37]LogFileHelpers: Editor autosave (incl. external actors) for '/Game/Cenas/Enzo' took 0.100
[2025.08.25-20.35.57:101][ 37]LogFileHelpers: Editor autosave (incl. sublevels & external actors) for all levels took 0.100
[2025.08.25-20.35.57:101][ 37]OBJ SavePackage: Generating thumbnails for [0] asset(s) in package [/Game/bp_balança] ([2] browsable assets)...
[2025.08.25-20.35.57:101][ 37]OBJ SavePackage: Finished generating thumbnails for package [/Game/bp_balança]
[2025.08.25-20.35.57:101][ 37]Cmd: OBJ SAVEPACKAGE PACKAGE="/Game/bp_balança" FILE="../../../../../../Users/Usuário/OneDrive/Documentos/Unreal Projects/Sorry/Saved/Autosaves/Game/bp_balança_Auto3.uasset" SILENT=false AUTOSAVING=true
[2025.08.25-20.35.57:113][ 37]LogSavePackage: Moving '../../../../../../Users/Usuário/OneDrive/Documentos/Unreal Projects/Sorry/Saved/bp_balança_Auto39561BD1644F77AE39C2EC083D613C76B.tmp' to '../../../../../../Users/Usuário/OneDrive/Documentos/Unreal Projects/Sorry/Saved/Autosaves/Game/bp_balança_Auto3.uasset'
[2025.08.25-20.35.57:114][ 37]LogFileHelpers: Auto-saving content packages took 0.013
[2025.08.25-20.44.26:729][583]Cmd: OBJ SAVEPACKAGE PACKAGE="/Game/Cenas/Enzo" FILE="../../../../../../Users/Usuário/OneDrive/Documentos/Unreal Projects/Sorry/Content/Cenas/Enzo.umap" SILENT=true AUTOSAVING=false KEEPDIRTY=false
[2025.08.25-20.44.26:757][583]LogUObjectHash: Compacting FUObjectHashTables data took   0.94ms
[2025.08.25-20.44.26:812][583]LogSavePackage: Moving '../../../../../../Users/Usuário/OneDrive/Documentos/Unreal Projects/Sorry/Saved/EnzoB031A337484D51328F19AAA3E411609D.tmp' to '../../../../../../Users/Usuário/OneDrive/Documentos/Unreal Projects/Sorry/Content/Cenas/Enzo.umap'
[2025.08.25-20.44.26:825][583]Cmd: OBJ SAVEPACKAGE PACKAGE="/Game/Cenas/Enzo_BuiltData" FILE="../../../../../../Users/Usuário/OneDrive/Documentos/Unreal Projects/Sorry/Content/Cenas/Enzo_BuiltData.uasset" SILENT=true
[2025.08.25-20.44.27:022][583]LogSavePackage: Moving '../../../../../../Users/Usuário/OneDrive/Documentos/Unreal Projects/Sorry/Saved/Enzo_BuiltDataEA1E99C54877944751D82E901BD20ACE.tmp' to '../../../../../../Users/Usuário/OneDrive/Documentos/Unreal Projects/Sorry/Content/Cenas/Enzo_BuiltData.uasset'
[2025.08.25-20.44.27:053][583]AssetCheck: New page: Asset Save: multiple assets
[2025.08.25-20.44.27:053][583]LogContentValidation: Display: Validating MapBuildDataRegistry /Game/Cenas/Enzo_BuiltData.Enzo_BuiltData
[2025.08.25-20.44.27:053][583]LogContentValidation: Display: Validating World /Game/Cenas/Enzo.Enzo
[2025.08.25-20.45.01:194][878]Cmd: OBJ SAVEPACKAGE PACKAGE="/Game/Cenas/Enzo" FILE="../../../../../../Users/Usuário/OneDrive/Documentos/Unreal Projects/Sorry/Content/Cenas/Enzo.umap" SILENT=true AUTOSAVING=false KEEPDIRTY=false
[2025.08.25-20.45.01:223][878]LogUObjectHash: Compacting FUObjectHashTables data took   3.20ms
[2025.08.25-20.45.01:276][878]LogSavePackage: Moving '../../../../../../Users/Usuário/OneDrive/Documentos/Unreal Projects/Sorry/Saved/Enzo864280804DCFD592B460CA8BD45FAA5C.tmp' to '../../../../../../Users/Usuário/OneDrive/Documentos/Unreal Projects/Sorry/Content/Cenas/Enzo.umap'
[2025.08.25-20.45.01:300][878]Cmd: OBJ SAVEPACKAGE PACKAGE="/Game/Cenas/Enzo_BuiltData" FILE="../../../../../../Users/Usuário/OneDrive/Documentos/Unreal Projects/Sorry/Content/Cenas/Enzo_BuiltData.uasset" SILENT=true
[2025.08.25-20.45.01:410][878]LogSavePackage: Moving '../../../../../../Users/Usuário/OneDrive/Documentos/Unreal Projects/Sorry/Saved/Enzo_BuiltDataA213AC77475BDA20C9EBBAB3100F46CD.tmp' to '../../../../../../Users/Usuário/OneDrive/Documentos/Unreal Projects/Sorry/Content/Cenas/Enzo_BuiltData.uasset'
[2025.08.25-20.45.01:432][878]AssetCheck: New page: Asset Save: multiple assets
[2025.08.25-20.45.01:432][878]LogContentValidation: Display: Validating MapBuildDataRegistry /Game/Cenas/Enzo_BuiltData.Enzo_BuiltData
[2025.08.25-20.45.01:432][878]LogContentValidation: Display: Validating World /Game/Cenas/Enzo.Enzo
[2025.08.25-20.45.03:853][ 16]Cmd: OBJ SAVEPACKAGE PACKAGE="/Game/Cenas/Enzo" FILE="../../../../../../Users/Usuário/OneDrive/Documentos/Unreal Projects/Sorry/Content/Cenas/Enzo.umap" SILENT=true AUTOSAVING=false KEEPDIRTY=false
[2025.08.25-20.45.03:880][ 16]LogUObjectHash: Compacting FUObjectHashTables data took   0.66ms
[2025.08.25-20.45.03:933][ 16]LogSavePackage: Moving '../../../../../../Users/Usuário/OneDrive/Documentos/Unreal Projects/Sorry/Saved/EnzoA172BE57411E4A63EA5ED19D4C70AD68.tmp' to '../../../../../../Users/Usuário/OneDrive/Documentos/Unreal Projects/Sorry/Content/Cenas/Enzo.umap'
[2025.08.25-20.45.03:954][ 16]Cmd: OBJ SAVEPACKAGE PACKAGE="/Game/Cenas/Enzo_BuiltData" FILE="../../../../../../Users/Usuário/OneDrive/Documentos/Unreal Projects/Sorry/Content/Cenas/Enzo_BuiltData.uasset" SILENT=true
[2025.08.25-20.45.04:068][ 16]LogSavePackage: Moving '../../../../../../Users/Usuário/OneDrive/Documentos/Unreal Projects/Sorry/Saved/Enzo_BuiltData6281AC824BD0EC81622419BDFE64B399.tmp' to '../../../../../../Users/Usuário/OneDrive/Documentos/Unreal Projects/Sorry/Content/Cenas/Enzo_BuiltData.uasset'
[2025.08.25-20.45.04:088][ 16]AssetCheck: New page: Asset Save: multiple assets
[2025.08.25-20.45.04:088][ 16]LogContentValidation: Display: Validating MapBuildDataRegistry /Game/Cenas/Enzo_BuiltData.Enzo_BuiltData
[2025.08.25-20.45.04:088][ 16]LogContentValidation: Display: Validating World /Game/Cenas/Enzo.Enzo
[2025.08.25-20.46.01:227][871]LogUObjectHash: Compacting FUObjectHashTables data took   0.75ms
[2025.08.25-20.46.04:783][871]LogSlate: Window 'Salvar Conteúdo' being destroyed
[2025.08.25-20.46.04:832][871]Cmd: OBJ SAVEPACKAGE PACKAGE="/Game/bp_balança" FILE="../../../../../../Users/Usuário/OneDrive/Documentos/Unreal Projects/Sorry/Content/bp_balança.uasset" SILENT=true
[2025.08.25-20.46.04:843][871]LogSavePackage: Moving '../../../../../../Users/Usuário/OneDrive/Documentos/Unreal Projects/Sorry/Saved/bp_balança95A7DD174168B5852537FDB8048EF6E3.tmp' to '../../../../../../Users/Usuário/OneDrive/Documentos/Unreal Projects/Sorry/Content/bp_balança.uasset'
[2025.08.25-20.46.04:868][871]AssetCheck: New page: Asset Save: bp_balança
[2025.08.25-20.46.04:868][871]LogContentValidation: Display: Validating Blueprint /Game/bp_balança.bp_balança
[2025.08.25-20.46.44:448][527]Cmd: OBJ SAVEPACKAGE PACKAGE="/Game/Cenas/Enzo" FILE="../../../../../../Users/Usuário/OneDrive/Documentos/Unreal Projects/Sorry/Content/Cenas/Enzo.umap" SILENT=true AUTOSAVING=false KEEPDIRTY=false
[2025.08.25-20.46.44:477][527]LogUObjectHash: Compacting FUObjectHashTables data took   0.67ms
[2025.08.25-20.46.44:530][527]LogSavePackage: Moving '../../../../../../Users/Usuário/OneDrive/Documentos/Unreal Projects/Sorry/Saved/Enzo2F83A133424A849A2765EF93B1E22E81.tmp' to '../../../../../../Users/Usuário/OneDrive/Documentos/Unreal Projects/Sorry/Content/Cenas/Enzo.umap'
[2025.08.25-20.46.44:550][527]Cmd: OBJ SAVEPACKAGE PACKAGE="/Game/Cenas/Enzo_BuiltData" FILE="../../../../../../Users/Usuário/OneDrive/Documentos/Unreal Projects/Sorry/Content/Cenas/Enzo_BuiltData.uasset" SILENT=true
[2025.08.25-20.46.44:663][527]LogSavePackage: Moving '../../../../../../Users/Usuário/OneDrive/Documentos/Unreal Projects/Sorry/Saved/Enzo_BuiltDataEA31B73D472728AE68BD83AF7CF550E8.tmp' to '../../../../../../Users/Usuário/OneDrive/Documentos/Unreal Projects/Sorry/Content/Cenas/Enzo_BuiltData.uasset'
[2025.08.25-20.46.44:680][527]AssetCheck: New page: Asset Save: multiple assets
[2025.08.25-20.46.44:680][527]LogContentValidation: Display: Validating MapBuildDataRegistry /Game/Cenas/Enzo_BuiltData.Enzo_BuiltData
[2025.08.25-20.46.44:680][527]LogContentValidation: Display: Validating World /Game/Cenas/Enzo.Enzo
[2025.08.25-20.47.09:938][530]BlueprintLog: New page: Compilar bp_balança
[2025.08.25-20.47.10:006][530]LogUObjectHash: Compacting FUObjectHashTables data took   3.03ms
[2025.08.25-20.47.14:010][767]Cmd: OBJ SAVEPACKAGE PACKAGE="/Game/bp_balança" FILE="../../../../../../Users/Usuário/OneDrive/Documentos/Unreal Projects/Sorry/Content/bp_balança.uasset" SILENT=true
[2025.08.25-20.47.14:020][767]LogSavePackage: Moving '../../../../../../Users/Usuário/OneDrive/Documentos/Unreal Projects/Sorry/Saved/bp_balançaF3E441B4425121BCF0E42C954EC2BAF0.tmp' to '../../../../../../Users/Usuário/OneDrive/Documentos/Unreal Projects/Sorry/Content/bp_balança.uasset'
[2025.08.25-20.47.14:037][767]AssetCheck: New page: Asset Save: bp_balança
[2025.08.25-20.47.14:037][767]LogContentValidation: Display: Validating Blueprint /Game/bp_balança.bp_balança
[2025.08.25-20.47.15:958][885]LogSlate: Window 'FPS' being destroyed
[2025.08.25-20.47.15:972][885]LogSlate: Window 'FPS' being destroyed
[2025.08.25-20.47.15:977][885]LogWorld: UWorld::CleanupWorld for World_3, bSessionEnded=true, bCleanupResources=true
[2025.08.25-20.47.15:978][885]LogSlate: InvalidateAllWidgets triggered.  All widgets were invalidated
[2025.08.25-20.47.16:066][885]LogActorComponent: UnregisterComponent: (/Engine/Transient.EditorFloorComp) Not registered. Aborting.
[2025.08.25-20.47.16:066][885]LogWorld: UWorld::CleanupWorld for World_5, bSessionEnded=true, bCleanupResources=true
[2025.08.25-20.47.16:066][885]LogSlate: InvalidateAllWidgets triggered.  All widgets were invalidated
[2025.08.25-20.47.19:392][143]Cmd: OBJ SAVEPACKAGE PACKAGE="/Game/Cenas/Enzo" FILE="../../../../../../Users/Usuário/OneDrive/Documentos/Unreal Projects/Sorry/Content/Cenas/Enzo.umap" SILENT=true AUTOSAVING=false KEEPDIRTY=false
[2025.08.25-20.47.19:446][143]LogUObjectHash: Compacting FUObjectHashTables data took   3.53ms
[2025.08.25-20.47.19:499][143]LogSavePackage: Moving '../../../../../../Users/Usuário/OneDrive/Documentos/Unreal Projects/Sorry/Saved/Enzo8DE8AA7745B959C5A4950A9F035E7C0D.tmp' to '../../../../../../Users/Usuário/OneDrive/Documentos/Unreal Projects/Sorry/Content/Cenas/Enzo.umap'
[2025.08.25-20.47.19:518][143]Cmd: OBJ SAVEPACKAGE PACKAGE="/Game/Cenas/Enzo_BuiltData" FILE="../../../../../../Users/Usuário/OneDrive/Documentos/Unreal Projects/Sorry/Content/Cenas/Enzo_BuiltData.uasset" SILENT=true
[2025.08.25-20.47.19:625][143]LogSavePackage: Moving '../../../../../../Users/Usuário/OneDrive/Documentos/Unreal Projects/Sorry/Saved/Enzo_BuiltData60870E4B41042B1621BA90B66BC359DA.tmp' to '../../../../../../Users/Usuário/OneDrive/Documentos/Unreal Projects/Sorry/Content/Cenas/Enzo_BuiltData.uasset'
[2025.08.25-20.47.19:656][143]AssetCheck: New page: Asset Save: multiple assets
[2025.08.25-20.47.19:656][143]LogContentValidation: Display: Validating MapBuildDataRegistry /Game/Cenas/Enzo_BuiltData.Enzo_BuiltData
[2025.08.25-20.47.19:656][143]LogContentValidation: Display: Validating World /Game/Cenas/Enzo.Enzo
[2025.08.25-20.48.19:744][802]Cmd: OBJ SAVEPACKAGE PACKAGE="/Game/Cenas/Enzo" FILE="../../../../../../Users/Usuário/OneDrive/Documentos/Unreal Projects/Sorry/Content/Cenas/Enzo.umap" SILENT=true AUTOSAVING=false KEEPDIRTY=false
[2025.08.25-20.48.19:793][802]LogUObjectHash: Compacting FUObjectHashTables data took   3.65ms
[2025.08.25-20.48.19:852][802]LogSavePackage: Moving '../../../../../../Users/Usuário/OneDrive/Documentos/Unreal Projects/Sorry/Saved/Enzo58445B634549AC761B50CAA55EE19514.tmp' to '../../../../../../Users/Usuário/OneDrive/Documentos/Unreal Projects/Sorry/Content/Cenas/Enzo.umap'
[2025.08.25-20.48.19:872][802]Cmd: OBJ SAVEPACKAGE PACKAGE="/Game/Cenas/Enzo_BuiltData" FILE="../../../../../../Users/Usuário/OneDrive/Documentos/Unreal Projects/Sorry/Content/Cenas/Enzo_BuiltData.uasset" SILENT=true
[2025.08.25-20.48.19:981][802]LogSavePackage: Moving '../../../../../../Users/Usuário/OneDrive/Documentos/Unreal Projects/Sorry/Saved/Enzo_BuiltDataA945C10D430C7A3FAA08B4B4805DF405.tmp' to '../../../../../../Users/Usuário/OneDrive/Documentos/Unreal Projects/Sorry/Content/Cenas/Enzo_BuiltData.uasset'
[2025.08.25-20.48.20:008][802]AssetCheck: New page: Asset Save: multiple assets
[2025.08.25-20.48.20:008][802]LogContentValidation: Display: Validating MapBuildDataRegistry /Game/Cenas/Enzo_BuiltData.Enzo_BuiltData
[2025.08.25-20.48.20:008][802]LogContentValidation: Display: Validating World /Game/Cenas/Enzo.Enzo
[2025.08.25-20.48.21:008][894]LogUObjectHash: Compacting FUObjectHashTables data took   0.51ms
[2025.08.25-20.48.21:064][894]LogSlate: Window 'Sorry - Unreal Editor' being destroyed
[2025.08.25-20.48.21:066][894]LogWindowsTextInputMethodSystem: Display: IME system deactivated.
[2025.08.25-20.48.21:243][895]Cmd: QUIT_EDITOR
[2025.08.25-20.48.21:243][895]LogCore: Engine exit requested (reason: UUnrealEdEngine::CloseEditor())
[2025.08.25-20.48.21:247][895]LogCore: Engine exit requested (reason: EngineExit() was called; note: exit was already requested)
[2025.08.25-20.48.21:797][895]LogAudio: Display: Beginning Audio Device Manager Shutdown (Module: AudioMixerXAudio2)...
[2025.08.25-20.48.21:797][895]LogAudio: Display: Destroying 1 Remaining Audio Device(s)...
[2025.08.25-20.48.21:797][895]LogAudio: Display: Audio Device unregistered from world 'Enzo'.
[2025.08.25-20.48.21:797][895]LogAudioMixer: FMixerPlatformXAudio2::StopAudioStream() called
[2025.08.25-20.48.21:798][895]LogAudioMixer: FMixerPlatformXAudio2::StopAudioStream() called
[2025.08.25-20.48.21:802][895]LogAudio: Display: Audio Device Manager Shutdown
[2025.08.25-20.48.21:807][895]LogExit: Preparing to exit.
[2025.08.25-20.48.22:672][895]LogUObjectHash: Compacting FUObjectHashTables data took   1.94ms
[2025.08.25-20.48.22:777][895]LogWorld: UWorld::CleanupWorld for World_2, bSessionEnded=true, bCleanupResources=true
[2025.08.25-20.48.22:780][895]LogWorld: UWorld::CleanupWorld for World_1, bSessionEnded=true, bCleanupResources=true
[2025.08.25-20.48.22:784][895]LogWorld: UWorld::CleanupWorld for World_0, bSessionEnded=true, bCleanupResources=true
[2025.08.25-20.48.22:826][895]LogDemo: Cleaned up 0 splitscreen connections with owner deletion
[2025.08.25-20.48.22:832][895]LogWorld: UWorld::CleanupWorld for None, bSessionEnded=true, bCleanupResources=true
[2025.08.25-20.48.22:834][895]LogExit: Editor shut down
[2025.08.25-20.48.22:834][895]LogExit: Transaction tracking system shut down
[2025.08.25-20.48.23:024][895]LogExit: Object subsystem successfully closed.
[2025.08.25-20.48.23:073][895]LogShaderCompilers: Display: === FShaderJobCache stats ===
[2025.08.25-20.48.23:073][895]LogShaderCompilers: Display: Total job queries 0, among them cache hits 0 (0.00%)
[2025.08.25-20.48.23:073][895]LogShaderCompilers: Display: Tracking 0 distinct input hashes that result in 0 distinct outputs (0.00%)
[2025.08.25-20.48.23:073][895]LogShaderCompilers: Display: RAM used: 0.00 MB (0.00 GB) of 1638.40 MB (1.60 GB) budget. Usage: 0.00%
[2025.08.25-20.48.23:073][895]LogShaderCompilers: Display: ================================================
[2025.08.25-20.48.23:080][895]LogShaderCompilers: Display: Shaders left to compile 0
[2025.08.25-20.48.23:116][895]LogModuleManager: Shutting down and abandoning module MovieSceneCapture (876)
[2025.08.25-20.48.23:116][895]LogModuleManager: Shutting down and abandoning module Voice (874)
[2025.08.25-20.48.23:116][895]LogModuleManager: Shutting down and abandoning module BlueprintGraph (872)
[2025.08.25-20.48.23:116][895]LogModuleManager: Shutting down and abandoning module HierarchicalLODOutliner (870)
[2025.08.25-20.48.23:116][895]LogModuleManager: Shutting down and abandoning module SceneOutliner (868)
[2025.08.25-20.48.23:116][895]LogModuleManager: Shutting down and abandoning module AddContentDialog (866)
[2025.08.25-20.48.23:117][895]LogModuleManager: Shutting down and abandoning module WidgetCarousel (865)
[2025.08.25-20.48.23:117][895]LogModuleManager: Shutting down and abandoning module EditorWidgets (862)
[2025.08.25-20.48.23:117][895]LogModuleManager: Shutting down and abandoning module StatsViewer (860)
[2025.08.25-20.48.23:118][895]LogModuleManager: Shutting down and abandoning module PIEPreviewDeviceProfileSelector (858)
[2025.08.25-20.48.23:118][895]LogModuleManager: Shutting down and abandoning module SequenceRecorderSections (856)
[2025.08.25-20.48.23:118][895]LogModuleManager: Shutting down and abandoning module AutomationWorker (854)
[2025.08.25-20.48.23:118][895]LogModuleManager: Shutting down and abandoning module SteamVREditor (852)
[2025.08.25-20.48.23:118][895]LogModuleManager: Shutting down and abandoning module OculusMR (850)
[2025.08.25-20.48.23:118][895]LogModuleManager: Shutting down and abandoning module TakeRecorderSources (848)
[2025.08.25-20.48.23:118][895]LogModuleManager: Shutting down and abandoning module TakeRecorder (847)
[2025.08.25-20.48.23:118][895]LogModuleManager: Shutting down and abandoning module TakeTrackRecorders (844)
[2025.08.25-20.48.23:118][895]LogModuleManager: Shutting down and abandoning module TakesCore (842)
[2025.08.25-20.48.23:118][895]LogModuleManager: Shutting down and abandoning module OpenXRInput (840)
[2025.08.25-20.48.23:118][895]LogModuleManager: Shutting down and abandoning module WebMMediaFactory (838)
[2025.08.25-20.48.23:118][895]LogModuleManager: Shutting down and abandoning module WebMMediaEditor (836)
[2025.08.25-20.48.23:118][895]LogModuleManager: Shutting down and abandoning module WebMMedia (834)
[2025.08.25-20.48.23:118][895]LogModuleManager: Shutting down and abandoning module WmfMediaFactory (832)
[2025.08.25-20.48.23:118][895]LogModuleManager: Shutting down and abandoning module WmfMediaEditor (830)
[2025.08.25-20.48.23:118][895]LogModuleManager: Shutting down and abandoning module GooglePADEditor (828)
[2025.08.25-20.48.23:118][895]LogModuleManager: Shutting down and abandoning module AudioCaptureEditor (826)
[2025.08.25-20.48.23:118][895]LogModuleManager: Shutting down and abandoning module PlanarCut (824)
[2025.08.25-20.48.23:118][895]LogModuleManager: Shutting down and abandoning module MediaPlayerEditor (822)
[2025.08.25-20.48.23:118][895]LogModuleManager: Shutting down and abandoning module OpenExrWrapper (820)
[2025.08.25-20.48.23:118][895]LogModuleManager: Shutting down and abandoning module ImgMediaFactory (818)
[2025.08.25-20.48.23:118][895]LogModuleManager: Shutting down and abandoning module ImgMediaEditor (816)
[2025.08.25-20.48.23:118][895]LogModuleManager: Shutting down and abandoning module MediaCompositingEditor (814)
[2025.08.25-20.48.23:118][895]LogModuleManager: Shutting down and abandoning module SequenceRecorder (813)
[2025.08.25-20.48.23:118][895]LogModuleManager: Shutting down and abandoning module AvfMediaFactory (810)
[2025.08.25-20.48.23:118][895]LogModuleManager: Shutting down and abandoning module AvfMediaEditor (808)
[2025.08.25-20.48.23:118][895]LogModuleManager: Shutting down and abandoning module AndroidMediaFactory (806)
[2025.08.25-20.48.23:118][895]LogModuleManager: Shutting down and abandoning module AndroidMediaEditor (804)
[2025.08.25-20.48.23:118][895]LogModuleManager: Shutting down and abandoning module CharacterAI (802)
[2025.08.25-20.48.23:118][895]LogModuleManager: Shutting down and abandoning module TemplateSequenceEditor (800)
[2025.08.25-20.48.23:118][895]LogModuleManager: Shutting down and abandoning module MatineeToLevelSequence (798)
[2025.08.25-20.48.23:118][895]LogModuleManager: Shutting down and abandoning module LevelSequenceEditor (796)
[2025.08.25-20.48.23:118][895]LogModuleManager: Shutting down and abandoning module ActorSequenceEditor (794)
[2025.08.25-20.48.23:118][895]LogModuleManager: Shutting down and abandoning module MagicLeapMediaCodecFactory (792)
[2025.08.25-20.48.23:118][895]LogModuleManager: Shutting down and abandoning module MagicLeapMediaFactory (790)
[2025.08.25-20.48.23:118][895]LogModuleManager: Shutting down and abandoning module MagicLeapMediaEditor (788)
[2025.08.25-20.48.23:118][895]LogModuleManager: Shutting down and abandoning module TextureAlignMode (786)
[2025.08.25-20.48.23:118][895]LogModuleManager: Shutting down and abandoning module BspMode (784)
[2025.08.25-20.48.23:118][895]LogModuleManager: Shutting down and abandoning module GeometryMode (782)
[2025.08.25-20.48.23:118][895]LogModuleManager: Shutting down and abandoning module CameraShakePreviewer (780)
[2025.08.25-20.48.23:118][895]LogModuleManager: Shutting down and abandoning module SmartSnapping (778)
[2025.08.25-20.48.23:118][895]LogModuleManager: Shutting down and abandoning module SessionServices (776)
[2025.08.25-20.48.23:118][895]LogModuleManager: Shutting down and abandoning module MeshPaint (774)
[2025.08.25-20.48.23:119][895]LogModuleManager: Shutting down and abandoning module VirtualTexturingEditor (772)
[2025.08.25-20.48.23:119][895]LogModuleManager: Shutting down and abandoning module FoliageEdit (770)
[2025.08.25-20.48.23:119][895]LogModuleManager: Shutting down and abandoning module LandscapeEditor (768)
[2025.08.25-20.48.23:119][895]LogModuleManager: Shutting down and abandoning module MeshPaintMode (766)
[2025.08.25-20.48.23:119][895]LogModuleManager: Shutting down and abandoning module SceneDepthPickerMode (764)
[2025.08.25-20.48.23:119][895]LogModuleManager: Shutting down and abandoning module ActorPickerMode (762)
[2025.08.25-20.48.23:119][895]LogModuleManager: Shutting down and abandoning module PlacementMode (760)
[2025.08.25-20.48.23:119][895]LogModuleManager: Shutting down and abandoning module ViewportSnapping (758)
[2025.08.25-20.48.23:119][895]LogModuleManager: Shutting down and abandoning module ViewportInteraction (756)
[2025.08.25-20.48.23:119][895]LogModuleManager: Shutting down and abandoning module ClothPainter (754)
[2025.08.25-20.48.23:119][895]LogModuleManager: Shutting down and abandoning module SkeletalMeshEditor (753)
[2025.08.25-20.48.23:119][895]LogModuleManager: Shutting down and abandoning module LogVisualizer (750)
[2025.08.25-20.48.23:119][895]LogModuleManager: Shutting down and abandoning module IntroTutorials (748)
[2025.08.25-20.48.23:119][895]LogModuleManager: Shutting down and abandoning module GameProjectGeneration (747)
[2025.08.25-20.48.23:119][895]LogModuleManager: Shutting down and abandoning module LuminPlatformEditor (744)
[2025.08.25-20.48.23:119][895]LogModuleManager: Shutting down and abandoning module IOSPlatformEditor (742)
[2025.08.25-20.48.23:119][895]LogModuleManager: Shutting down and abandoning module AndroidPlatformEditor (740)
[2025.08.25-20.48.23:119][895]LogModuleManager: Shutting down and abandoning module AndroidDeviceDetection (739)
[2025.08.25-20.48.24:718][895]LogModuleManager: Shutting down and abandoning module WindowsPlatformEditor (736)
[2025.08.25-20.48.24:718][895]LogModuleManager: Shutting down and abandoning module LuminRuntimeSettings (734)
[2025.08.25-20.48.24:718][895]LogModuleManager: Shutting down and abandoning module IOSRuntimeSettings (732)
[2025.08.25-20.48.24:718][895]LogModuleManager: Shutting down and abandoning module AndroidRuntimeSettings (730)
[2025.08.25-20.48.24:718][895]LogModuleManager: Shutting down and abandoning module TraceInsights (728)
[2025.08.25-20.48.24:718][895]MemoryProfiler: Shutdown
[2025.08.25-20.48.24:718][895]NetworkingProfiler: Shutdown
[2025.08.25-20.48.24:718][895]LoadingProfiler: Shutdown
[2025.08.25-20.48.24:718][895]TimingProfiler: Shutdown
[2025.08.25-20.48.24:718][895]LogModuleManager: Shutting down and abandoning module TraceServices (727)
[2025.08.25-20.48.24:718][895]LogModuleManager: Shutting down and abandoning module EditorInteractiveToolsFramework (724)
[2025.08.25-20.48.24:718][895]LogModuleManager: Shutting down and abandoning module TimeManagementEditor (722)
[2025.08.25-20.48.24:718][895]LogModuleManager: Shutting down and abandoning module InputBindingEditor (720)
[2025.08.25-20.48.24:719][895]LogModuleManager: Shutting down and abandoning module MergeActors (718)
[2025.08.25-20.48.24:719][895]LogModuleManager: Shutting down and abandoning module LocalizationDashboard (716)
[2025.08.25-20.48.24:719][895]LogModuleManager: Shutting down and abandoning module LocalizationService (715)
[2025.08.25-20.48.24:719][895]LogModuleManager: Shutting down and abandoning module HardwareTargeting (712)
[2025.08.25-20.48.24:719][895]LogModuleManager: Shutting down and abandoning module DeviceProfileEditor (710)
[2025.08.25-20.48.24:719][895]LogModuleManager: Shutting down and abandoning module UndoHistory (708)
[2025.08.25-20.48.24:719][895]LogModuleManager: Shutting down and abandoning module XmlParser (706)
[2025.08.25-20.48.24:719][895]LogModuleManager: Shutting down and abandoning module Blutility (704)
[2025.08.25-20.48.24:719][895]LogModuleManager: Shutting down and abandoning module ProjectSettingsViewer (702)
[2025.08.25-20.48.24:719][895]LogModuleManager: Shutting down and abandoning module ProjectTargetPlatformEditor (701)
[2025.08.25-20.48.24:719][895]LogModuleManager: Shutting down and abandoning module EditorSettingsViewer (698)
[2025.08.25-20.48.24:719][895]LogModuleManager: Shutting down and abandoning module InternationalizationSettings (697)
[2025.08.25-20.48.24:719][895]LogModuleManager: Shutting down and abandoning module SettingsEditor (694)
[2025.08.25-20.48.24:719][895]LogModuleManager: Shutting down and abandoning module ProjectLauncher (692)
[2025.08.25-20.48.24:719][895]LogModuleManager: Shutting down and abandoning module SessionFrontend (690)
[2025.08.25-20.48.24:719][895]LogModuleManager: Shutting down and abandoning module ProfilerClient (688)
[2025.08.25-20.48.24:719][895]LogModuleManager: Shutting down and abandoning module DeviceManager (686)
[2025.08.25-20.48.24:719][895]LogModuleManager: Shutting down and abandoning module TargetDeviceServices (685)
[2025.08.25-20.48.24:751][895]LogModuleManager: Shutting down and abandoning module AutomationController (682)
[2025.08.25-20.48.24:751][895]LogModuleManager: Shutting down and abandoning module AutomationWindow (680)
[2025.08.25-20.48.24:751][895]LogModuleManager: Shutting down and abandoning module Layers (678)
[2025.08.25-20.48.24:751][895]LogModuleManager: Shutting down and abandoning module ComponentVisualizers (676)
[2025.08.25-20.48.24:751][895]LogModuleManager: Shutting down and abandoning module DetailCustomizations (674)
[2025.08.25-20.48.24:751][895]LogModuleManager: Shutting down and abandoning module PackagesDialog (672)
[2025.08.25-20.48.24:751][895]LogModuleManager: Shutting down and abandoning module AnimationBlueprintEditor (670)
[2025.08.25-20.48.24:751][895]LogModuleManager: Shutting down and abandoning module Persona (668)
[2025.08.25-20.48.24:751][895]LogModuleManager: Shutting down and abandoning module AdvancedPreviewScene (667)
[2025.08.25-20.48.24:751][895]LogModuleManager: Shutting down and abandoning module AnimGraph (665)
[2025.08.25-20.48.24:751][895]LogModuleManager: Shutting down and abandoning module Kismet (662)
[2025.08.25-20.48.24:760][895]LogModuleManager: Shutting down and abandoning module KismetWidgets (661)
[2025.08.25-20.48.24:760][895]LogModuleManager: Shutting down and abandoning module GraphEditor (658)
[2025.08.25-20.48.24:760][895]LogModuleManager: Shutting down and abandoning module StructViewer (656)
[2025.08.25-20.48.24:760][895]LogModuleManager: Shutting down and abandoning module ClassViewer (654)
[2025.08.25-20.48.24:761][895]LogModuleManager: Shutting down and abandoning module Toolbox (652)
[2025.08.25-20.48.24:761][895]LogModuleManager: Shutting down and abandoning module ModuleUI (650)
[2025.08.25-20.48.24:761][895]LogModuleManager: Shutting down and abandoning module OutputLog (648)
[2025.08.25-20.48.24:762][895]LogModuleManager: Shutting down and abandoning module GammaUI (646)
[2025.08.25-20.48.24:762][895]LogModuleManager: Shutting down and abandoning module Documentation (644)
[2025.08.25-20.48.24:762][895]LogModuleManager: Shutting down and abandoning module LiveCoding (642)
[2025.08.25-20.48.24:762][895]LogModuleManager: Shutting down and abandoning module LevelSequence (640)
[2025.08.25-20.48.24:762][895]LogModuleManager: Shutting down and abandoning module MovieSceneTracks (638)
[2025.08.25-20.48.24:762][895]LogModuleManager: Shutting down and abandoning module MovieScene (636)
[2025.08.25-20.48.24:762][895]LogModuleManager: Shutting down and abandoning module StreamingPauseRendering (634)
[2025.08.25-20.48.24:762][895]LogModuleManager: Shutting down and abandoning module LauncherPlatform (632)
[2025.08.25-20.48.24:762][895]LogModuleManager: Shutting down and abandoning module AnalyticsET (630)
[2025.08.25-20.48.24:762][895]LogModuleManager: Shutting down and abandoning module PortalServices (628)
[2025.08.25-20.48.24:762][895]LogModuleManager: Shutting down and abandoning module PortalRpc (626)
[2025.08.25-20.48.24:762][895]LogModuleManager: Shutting down and abandoning module MessagingRpc (624)
[2025.08.25-20.48.24:762][895]LogModuleManager: Shutting down and abandoning module AudioMixerXAudio2 (622)
[2025.08.25-20.48.24:762][895]LogModuleManager: Shutting down and abandoning module AudioMixerCore (621)
[2025.08.25-20.48.24:762][895]LogModuleManager: Shutting down and abandoning module AIModule (618)
[2025.08.25-20.48.24:762][895]LogModuleManager: Shutting down and abandoning module GameplayDebugger (617)
[2025.08.25-20.48.24:762][895]LogModuleManager: Shutting down and abandoning module AITestSuite (615)
[2025.08.25-20.48.24:762][895]LogModuleManager: Shutting down and abandoning module NavigationSystem (613)
[2025.08.25-20.48.24:762][895]LogModuleManager: Shutting down and abandoning module ImageWriteQueue (610)
[2025.08.25-20.48.24:772][895]LogModuleManager: Shutting down and abandoning module ProfilerService (608)
[2025.08.25-20.48.24:880][895]LogModuleManager: Shutting down and abandoning module TaskGraph (606)
[2025.08.25-20.48.24:880][895]LogModuleManager: Shutting down and abandoning module AudioSynesthesiaEditor (604)
[2025.08.25-20.48.24:880][895]LogModuleManager: Shutting down and abandoning module OculusEditor (602)
[2025.08.25-20.48.24:882][895]LogModuleManager: Shutting down and abandoning module OculusInput (600)
[2025.08.25-20.48.24:882][895]LogModuleManager: Shutting down and abandoning module ContentBrowserFileDataSource (598)
[2025.08.25-20.48.24:882][895]LogModuleManager: Shutting down and abandoning module ContentBrowserClassDataSource (596)
[2025.08.25-20.48.24:882][895]LogModuleManager: Shutting down and abandoning module ContentBrowserAssetDataSource (594)
[2025.08.25-20.48.24:882][895]LogModuleManager: Shutting down and abandoning module CollectionManager (593)
[2025.08.25-20.48.24:882][895]LogModuleManager: Shutting down and abandoning module OodleNetworkHandlerComponent (590)
[2025.08.25-20.48.24:882][895]LogModuleManager: Shutting down and abandoning module ScreenshotTools (588)
[2025.08.25-20.48.24:882][895]LogModuleManager: Shutting down and abandoning module TakeSequencer (586)
[2025.08.25-20.48.24:882][895]LogModuleManager: Shutting down and abandoning module TakeMovieScene (584)
[2025.08.25-20.48.24:882][895]LogModuleManager: Shutting down and abandoning module SynthesisEditor (582)
[2025.08.25-20.48.24:882][895]LogModuleManager: Shutting down and abandoning module Synthesis (580)
[2025.08.25-20.48.24:882][895]LogModuleManager: Shutting down and abandoning module ProceduralMeshComponentEditor (578)
[2025.08.25-20.48.24:882][895]LogModuleManager: Shutting down and abandoning module ProceduralMeshComponent (576)
[2025.08.25-20.48.24:882][895]LogModuleManager: Shutting down and abandoning module OpenXREditor (574)
[2025.08.25-20.48.24:882][895]LogModuleManager: Shutting down and abandoning module MobilePatchingUtils (572)
[2025.08.25-20.48.24:882][895]LogModuleManager: Shutting down and abandoning module GooglePAD (570)
[2025.08.25-20.48.24:882][895]LogModuleManager: Shutting down and abandoning module EditableMesh (568)
[2025.08.25-20.48.24:882][895]LogModuleManager: Shutting down and abandoning module CustomMeshComponent (566)
[2025.08.25-20.48.24:882][895]LogModuleManager: Shutting down and abandoning module CableComponent (564)
[2025.08.25-20.48.24:882][895]LogModuleManager: Shutting down and abandoning module ArchVisCharacter (562)
[2025.08.25-20.48.24:882][895]LogModuleManager: Shutting down and abandoning module AudioCapture (560)
[2025.08.25-20.48.24:882][895]LogModuleManager: Shutting down and abandoning module AudioCaptureRtAudio (559)
[2025.08.25-20.48.24:882][895]LogModuleManager: Shutting down and abandoning module AssetTags (556)
[2025.08.25-20.48.24:882][895]LogModuleManager: Shutting down and abandoning module AppleImageUtilsBlueprintSupport (554)
[2025.08.25-20.48.24:882][895]LogModuleManager: Shutting down and abandoning module AppleImageUtils (552)
[2025.08.25-20.48.24:882][895]LogModuleManager: Shutting down and abandoning module AndroidPermission (550)
[2025.08.25-20.48.24:882][895]LogModuleManager: Shutting down and abandoning module OpenImageDenoise (548)
[2025.08.25-20.48.24:882][895]LogOpenImageDenoise: OIDN shutting down
[2025.08.25-20.48.24:882][895]LogModuleManager: Shutting down and abandoning module MotoSynthEditor (546)
[2025.08.25-20.48.24:882][895]LogModuleManager: Shutting down and abandoning module MotoSynth (544)
[2025.08.25-20.48.24:882][895]LogModuleManager: Shutting down and abandoning module ActorLayerUtilitiesEditor (542)
[2025.08.25-20.48.24:883][895]LogModuleManager: Shutting down and abandoning module ActorLayerUtilities (540)
[2025.08.25-20.48.24:883][895]LogModuleManager: Shutting down and abandoning module MeshConversion (538)
[2025.08.25-20.48.24:883][895]LogModuleManager: Shutting down and abandoning module DynamicMesh (536)
[2025.08.25-20.48.24:883][895]LogModuleManager: Shutting down and abandoning module GeometryAlgorithms (534)
[2025.08.25-20.48.24:883][895]LogModuleManager: Shutting down and abandoning module GeometricObjects (532)
[2025.08.25-20.48.24:883][895]LogModuleManager: Shutting down and abandoning module ImgMedia (530)
[2025.08.25-20.48.24:883][895]LogModuleManager: Shutting down and abandoning module MediaCompositing (528)
[2025.08.25-20.48.24:883][895]LogModuleManager: Shutting down and abandoning module GeometryCacheTracks (526)
[2025.08.25-20.48.24:883][895]LogModuleManager: Shutting down and abandoning module GeometryCacheStreamer (524)
[2025.08.25-20.48.24:883][895]LogModuleManager: Shutting down and abandoning module GeometryCacheSequencer (522)
[2025.08.25-20.48.24:883][895]LogModuleManager: Shutting down and abandoning module GeometryCollectionTracks (520)
[2025.08.25-20.48.24:883][895]LogModuleManager: Shutting down and abandoning module GeometryCollectionSequencer (519)
[2025.08.25-20.48.24:883][895]LogModuleManager: Shutting down and abandoning module GeometryCollectionEditor (516)
[2025.08.25-20.48.24:883][895]LogModuleManager: Shutting down and abandoning module ChaosSolverEditor (514)
[2025.08.25-20.48.24:883][895]LogModuleManager: Shutting down and abandoning module ChaosNiagara (512)
[2025.08.25-20.48.24:883][895]LogModuleManager: Shutting down and abandoning module FractureEditor (510)
[2025.08.25-20.48.24:883][895]LogModuleManager: Shutting down and abandoning module FieldSystemEngine (509)
[2025.08.25-20.48.24:883][895]LogModuleManager: Shutting down and abandoning module ChaosClothEditor (506)
[2025.08.25-20.48.24:883][895]LogModuleManager: Shutting down and abandoning module BackChannel (504)
[2025.08.25-20.48.24:883][895]LogModuleManager: Shutting down and abandoning module AutomationUtilsEditor (502)
[2025.08.25-20.48.24:883][895]LogModuleManager: Shutting down and abandoning module AutomationUtils (500)
[2025.08.25-20.48.24:883][895]LogModuleManager: Shutting down and abandoning module AlembicImporter (498)
[2025.08.25-20.48.24:883][895]LogModuleManager: Shutting down and abandoning module AlembicLibrary (497)
[2025.08.25-20.48.24:883][895]LogModuleManager: Shutting down and abandoning module GeometryCache (496)
[2025.08.25-20.48.24:883][895]LogModuleManager: Shutting down and abandoning module GeometryCacheEd (495)
[2025.08.25-20.48.24:883][895]LogModuleManager: Shutting down and abandoning module TemplateSequence (490)
[2025.08.25-20.48.24:883][895]LogModuleManager: Shutting down and abandoning module MagicLeapSharedWorld (488)
[2025.08.25-20.48.24:883][895]LogModuleManager: Shutting down and abandoning module MagicLeapLightEstimation (486)
[2025.08.25-20.48.24:883][895]LogModuleManager: Shutting down and abandoning module MagicLeapHelperVulkan (484)
[2025.08.25-20.48.24:883][895]LogModuleManager: Shutting down and abandoning module MagicLeapHelperOpenGL (482)
[2025.08.25-20.48.24:883][895]LogModuleManager: Shutting down and abandoning module MagicLeapAudio (480)
[2025.08.25-20.48.24:883][895]LogModuleManager: Shutting down and abandoning module SpeedTreeImporter (478)
[2025.08.25-20.48.24:883][895]LogModuleManager: Shutting down and abandoning module NiagaraEditorWidgets (476)
[2025.08.25-20.48.24:883][895]LogModuleManager: Shutting down and abandoning module PluginBrowser (474)
[2025.08.25-20.48.24:883][895]LogModuleManager: Shutting down and abandoning module MobileLauncherProfileWizard (472)
[2025.08.25-20.48.24:883][895]LogModuleManager: Shutting down and abandoning module MaterialAnalyzer (470)
[2025.08.25-20.48.24:883][895]LogModuleManager: Shutting down and abandoning module CurveEditorTools (468)
[2025.08.25-20.48.24:883][895]LogModuleManager: Shutting down and abandoning module CryptoKeysOpenSSL (466)
[2025.08.25-20.48.24:883][895]LogModuleManager: Shutting down and abandoning module CryptoKeys (464)
[2025.08.25-20.48.24:883][895]LogModuleManager: Shutting down and abandoning module DatasmithContentEditor (462)
[2025.08.25-20.48.24:883][895]LogModuleManager: Shutting down and abandoning module VariantManagerContentEditor (460)
[2025.08.25-20.48.24:883][895]LogModuleManager: Shutting down and abandoning module UObjectPlugin (458)
[2025.08.25-20.48.24:883][895]LogModuleManager: Shutting down and abandoning module VisualStudioSourceCodeAccess (456)
[2025.08.25-20.48.24:883][895]LogModuleManager: Shutting down and abandoning module VisualStudioCodeSourceCodeAccess (454)
[2025.08.25-20.48.24:883][895]LogModuleManager: Shutting down and abandoning module SubversionSourceControl (452)
[2025.08.25-20.48.24:883][895]LogModuleManager: Shutting down and abandoning module PlasticSourceControl (450)
[2025.08.25-20.48.24:883][895]LogModuleManager: Shutting down and abandoning module PluginUtils (448)
[2025.08.25-20.48.24:883][895]LogModuleManager: Shutting down and abandoning module AnimationSharingEd (446)
[2025.08.25-20.48.24:883][895]LogModuleManager: Shutting down and abandoning module RiderSourceCodeAccess (444)
[2025.08.25-20.48.24:883][895]LogModuleManager: Shutting down and abandoning module GitSourceControl (442)
[2025.08.25-20.48.24:883][895]LogModuleManager: Shutting down and abandoning module PerforceSourceControl (440)
[2025.08.25-20.48.24:883][895]LogModuleManager: Shutting down and abandoning module SourceControl (439)
[2025.08.25-20.48.24:883][895]LogModuleManager: Shutting down and abandoning module CLionSourceCodeAccess (436)
[2025.08.25-20.48.24:883][895]LogModuleManager: Shutting down and abandoning module LiveLinkSequencer (434)
[2025.08.25-20.48.24:883][895]LogModuleManager: Shutting down and abandoning module LiveLinkMovieScene (432)
[2025.08.25-20.48.24:883][895]LogModuleManager: Shutting down and abandoning module LiveLinkGraphNode (430)
[2025.08.25-20.48.24:883][895]LogModuleManager: Shutting down and abandoning module LiveLinkEditor (428)
[2025.08.25-20.48.24:883][895]LogModuleManager: Shutting down and abandoning module LiveLinkComponents (426)
[2025.08.25-20.48.24:883][895]LogModuleManager: Shutting down and abandoning module LiveLink (424)
[2025.08.25-20.48.25:713][895]LogModuleManager: Shutting down and abandoning module LightPropagationVolumeEditor (422)
[2025.08.25-20.48.25:713][895]LogModuleManager: Shutting down and abandoning module PaperTiledImporter (420)
[2025.08.25-20.48.25:713][895]LogModuleManager: Shutting down and abandoning module PaperSpriteSheetImporter (418)
[2025.08.25-20.48.25:713][895]LogModuleManager: Shutting down and abandoning module Paper2DEditor (416)
[2025.08.25-20.48.25:713][895]LogModuleManager: Shutting down and abandoning module MeshPaintingToolset (414)
[2025.08.25-20.48.25:713][895]LogModuleManager: Shutting down and abandoning module MeshPaintEditorMode (412)
[2025.08.25-20.48.25:713][895]LogModuleManager: Shutting down and abandoning module SoundFields (410)
[2025.08.25-20.48.25:713][895]LogModuleManager: Shutting down and abandoning module PropertyAccessEditor (408)
[2025.08.25-20.48.25:713][895]LogModuleManager: Shutting down and abandoning module SignificanceManager (406)
[2025.08.25-20.48.25:713][895]LogModuleManager: Shutting down and abandoning module RuntimePhysXCooking (404)
[2025.08.25-20.48.25:713][895]LogModuleManager: Shutting down and abandoning module PhysXVehiclesEditor (402)
[2025.08.25-20.48.25:713][895]LogModuleManager: Shutting down and abandoning module LocationServicesBPLibrary (398)
[2025.08.25-20.48.25:713][895]LogModuleManager: Shutting down and abandoning module UdpMessaging (396)
[2025.08.25-20.48.25:814][895]LogModuleManager: Shutting down and abandoning module TcpMessaging (394)
[2025.08.25-20.48.25:915][895]LogModuleManager: Shutting down and abandoning module PythonScriptPlugin (392)
[2025.08.25-20.48.25:915][895]LogModuleManager: Shutting down and abandoning module AudioSynesthesia (390)
[2025.08.25-20.48.25:915][895]LogModuleManager: Shutting down and abandoning module AudioSynesthesiaCore (388)
[2025.08.25-20.48.25:915][895]LogModuleManager: Shutting down and abandoning module ImgMediaEngine (386)
[2025.08.25-20.48.25:915][895]LogModuleManager: Shutting down and abandoning module ActorSequence (384)
[2025.08.25-20.48.25:915][895]LogModuleManager: Shutting down and abandoning module MagicLeapARPin (382)
[2025.08.25-20.48.25:915][895]LogModuleManager: Shutting down and abandoning module MagicLeapHandMeshing (380)
[2025.08.25-20.48.25:915][895]LogModuleManager: Shutting down and abandoning module MagicLeapSecureStorage (378)
[2025.08.25-20.48.25:915][895]LogModuleManager: Shutting down and abandoning module MagicLeapPrivileges (376)
[2025.08.25-20.48.25:915][895]LogModuleManager: Shutting down and abandoning module MagicLeapPlanes (374)
[2025.08.25-20.48.25:915][895]LogMagicLeapPlanes: Planes tracker already destroyed.
[2025.08.25-20.48.25:915][895]LogModuleManager: Shutting down and abandoning module MagicLeapImageTracker (372)
[2025.08.25-20.48.25:915][895]LogModuleManager: Shutting down and abandoning module MagicLeapIdentity (370)
[2025.08.25-20.48.25:915][895]LogModuleManager: Shutting down and abandoning module MagicLeapHandTracking (368)
[2025.08.25-20.48.25:915][895]LogModuleManager: Shutting down and abandoning module MagicLeapEyeTracker (366)
[2025.08.25-20.48.25:915][895]LogModuleManager: Shutting down and abandoning module MagicLeapController (364)
[2025.08.25-20.48.25:915][895]LogModuleManager: Shutting down and abandoning module MagicLeapARPinImpl (362)
[2025.08.25-20.48.25:915][895]LogModuleManager: Shutting down and abandoning module MagicLeapAR (360)
[2025.08.25-20.48.25:915][895]LogModuleManager: Shutting down and abandoning module AssetManagerEditor (358)
[2025.08.25-20.48.25:915][895]LogModuleManager: Shutting down and abandoning module LevelEditor (357)
[2025.08.25-20.48.25:917][895]LogModuleManager: Shutting down and abandoning module PixelInspectorModule (356)
[2025.08.25-20.48.25:918][895]LogModuleManager: Shutting down and abandoning module CommonMenuExtensions (354)
[2025.08.25-20.48.25:918][895]LogModuleManager: Shutting down and abandoning module MainFrame (352)
[2025.08.25-20.48.25:918][895]LogModuleManager: Shutting down and abandoning module HotReload (351)
[2025.08.25-20.48.25:919][895]LogModuleManager: Shutting down and abandoning module ToolMenus (347)
[2025.08.25-20.48.25:919][895]LogModuleManager: Shutting down and abandoning module TreeMap (345)
[2025.08.25-20.48.25:919][895]LogModuleManager: Shutting down and abandoning module NiagaraAnimNotifies (342)
[2025.08.25-20.48.25:919][895]LogModuleManager: Shutting down and abandoning module Niagara (340)
[2025.08.25-20.48.25:919][895]LogModuleManager: Shutting down and abandoning module SignalProcessing (339)
[2025.08.25-20.48.25:919][895]LogModuleManager: Shutting down and abandoning module NiagaraEditor (337)
[2025.08.25-20.48.25:919][895]LogModuleManager: Shutting down and abandoning module NiagaraCore (334)
[2025.08.25-20.48.25:919][895]LogModuleManager: Shutting down and abandoning module GameplayTagsEditor (332)
[2025.08.25-20.48.25:919][895]LogModuleManager: Shutting down and abandoning module FacialAnimationEditor (330)
[2025.08.25-20.48.25:919][895]LogModuleManager: Shutting down and abandoning module FacialAnimation (328)
[2025.08.25-20.48.25:919][895]LogModuleManager: Shutting down and abandoning module DataValidation (326)
[2025.08.25-20.48.25:919][895]LogModuleManager: Shutting down and abandoning module ContentBrowser (325)
[2025.08.25-20.48.25:919][895]LogModuleManager: Shutting down and abandoning module ContentBrowserData (324)
[2025.08.25-20.48.25:919][895]LogModuleManager: Shutting down and abandoning module PropertyAccessNode (320)
[2025.08.25-20.48.25:919][895]LogModuleManager: Shutting down and abandoning module AnimationSharing (318)
[2025.08.25-20.48.25:919][895]LogModuleManager: Shutting down and abandoning module GameplayCameras (316)
[2025.08.25-20.48.25:919][895]LogModuleManager: Shutting down and abandoning module LightPropagationVolumeRuntime (314)
[2025.08.25-20.48.25:919][895]LogModuleManager: Shutting down and abandoning module EnvironmentQueryEditor (312)
[2025.08.25-20.48.25:919][895]LogModuleManager: Shutting down and abandoning module Paper2D (310)
[2025.08.25-20.48.25:919][895]LogModuleManager: Shutting down and abandoning module WindowsMoviePlayer (308)
[2025.08.25-20.48.25:920][895]LogModuleManager: Shutting down and abandoning module WebMMoviePlayer (306)
[2025.08.25-20.48.25:920][895]LogModuleManager: Shutting down and abandoning module NetworkReplayStreaming (304)
[2025.08.25-20.48.25:920][895]LogModuleManager: Shutting down and abandoning module PacketHandler (302)
[2025.08.25-20.48.25:920][895]LogModuleManager: Shutting down and abandoning module ClothingSystemEditor (300)
[2025.08.25-20.48.25:920][895]LogModuleManager: Shutting down and abandoning module ClothingSystemRuntimeNv (298)
[2025.08.25-20.48.25:920][895]LogModuleManager: Shutting down and abandoning module MediaAssets (296)
[2025.08.25-20.48.25:920][895]LogModuleManager: Shutting down and abandoning module Overlay (294)
[2025.08.25-20.48.25:920][895]LogModuleManager: Shutting down and abandoning module OverlayEditor (293)
[2025.08.25-20.48.25:921][895]LogModuleManager: Shutting down and abandoning module VREditor (290)
[2025.08.25-20.48.25:921][895]LogModuleManager: Shutting down and abandoning module StringTableEditor (288)
[2025.08.25-20.48.25:921][895]LogModuleManager: Shutting down and abandoning module GameplayTasksEditor (286)
[2025.08.25-20.48.25:921][895]LogModuleManager: Shutting down and abandoning module BehaviorTreeEditor (284)
[2025.08.25-20.48.25:921][895]LogModuleManager: Shutting down and abandoning module FunctionalTesting (282)
[2025.08.25-20.48.25:921][895]LogModuleManager: Shutting down and abandoning module CollisionAnalyzer (280)
[2025.08.25-20.48.25:921][895]LogModuleManager: Shutting down and abandoning module WorkspaceMenuStructure (279)
[2025.08.25-20.48.25:921][895]LogModuleManager: Shutting down and abandoning module UMG (276)
[2025.08.25-20.48.25:921][895]LogModuleManager: Shutting down and abandoning module UMGEditor (275)
[2025.08.25-20.48.25:921][895]LogModuleManager: Shutting down and abandoning module MessageLog (273)
[2025.08.25-20.48.25:921][895]LogModuleManager: Shutting down and abandoning module SlateReflector (268)
[2025.08.25-20.48.25:921][895]LogModuleManager: Shutting down and abandoning module Slate (266)
[2025.08.25-20.48.25:921][895]LogModuleManager: Shutting down and abandoning module SlateCore (264)
[2025.08.25-20.48.25:922][895]LogModuleManager: Shutting down and abandoning module LandscapeEditorUtilities (262)
[2025.08.25-20.48.25:922][895]LogModuleManager: Shutting down and abandoning module UnrealEd (260)
[2025.08.25-20.48.25:922][895]LogModuleManager: Shutting down and abandoning module MRMesh (258)
[2025.08.25-20.48.25:922][895]LogModuleManager: Shutting down and abandoning module SourceCodeAccess (256)
[2025.08.25-20.48.25:922][895]LogModuleManager: Shutting down and abandoning module HeadMountedDisplay (254)
[2025.08.25-20.48.25:922][895]LogModuleManager: Shutting down and abandoning module XAudio2 (252)
[2025.08.25-20.48.25:922][895]LogModuleManager: Shutting down and abandoning module Networking (250)
[2025.08.25-20.48.25:922][895]LogModuleManager: Shutting down and abandoning module Core (248)
[2025.08.25-20.48.25:922][895]LogModuleManager: Shutting down and abandoning module MaterialEditor (246)
[2025.08.25-20.48.25:922][895]LogModuleManager: Shutting down and abandoning module MovieSceneTools (244)
[2025.08.25-20.48.25:922][895]LogModuleManager: Shutting down and abandoning module CurveEditor (243)
[2025.08.25-20.48.25:922][895]LogModuleManager: Shutting down and abandoning module Sequencer (241)
[2025.08.25-20.48.25:922][895]LogModuleManager: Shutting down and abandoning module EditorStyle (240)
[2025.08.25-20.48.25:923][895]LogModuleManager: Shutting down and abandoning module KismetCompiler (236)
[2025.08.25-20.48.25:923][895]LogModuleManager: Shutting down and abandoning module MeshBuilder (234)
[2025.08.25-20.48.25:923][895]LogModuleManager: Shutting down and abandoning module MeshUtilities (232)
[2025.08.25-20.48.25:923][895]LogModuleManager: Shutting down and abandoning module MeshMergeUtilities (231)
[2025.08.25-20.48.25:923][895]LogModuleManager: Shutting down and abandoning module MeshReductionInterface (230)
[2025.08.25-20.48.25:923][895]LogModuleManager: Shutting down and abandoning module MeshBoneReduction (229)
[2025.08.25-20.48.25:923][895]LogModuleManager: Shutting down and abandoning module SkeletalMeshReduction (227)
[2025.08.25-20.48.25:923][895]LogModuleManager: Shutting down and abandoning module ProxyLODMeshReduction (225)
[2025.08.25-20.48.25:923][895]LogModuleManager: Shutting down and abandoning module QuadricMeshReduction (223)
[2025.08.25-20.48.25:923][895]LogModuleManager: Shutting down and abandoning module MaterialBaking (219)
[2025.08.25-20.48.25:923][895]LogModuleManager: Shutting down and abandoning module NullInstallBundleManager (214)
[2025.08.25-20.48.25:923][895]LogModuleManager: Shutting down and abandoning module DerivedDataCache (212)
[2025.08.25-20.48.25:924][895]LogModuleManager: Shutting down and abandoning module TargetPlatform (210)
[2025.08.25-20.48.25:924][895]LogModuleManager: Shutting down and abandoning module VulkanShaderFormat (209)
[2025.08.25-20.48.25:924][895]LogModuleManager: Shutting down and abandoning module ShaderFormatVectorVM (207)
[2025.08.25-20.48.25:924][895]LogModuleManager: Shutting down and abandoning module ShaderFormatOpenGL (205)
[2025.08.25-20.48.25:924][895]LogModuleManager: Shutting down and abandoning module ShaderFormatD3D (203)
[2025.08.25-20.48.25:924][895]LogModuleManager: Shutting down and abandoning module MetalShaderFormat (201)
[2025.08.25-20.48.25:924][895]LogModuleManager: Shutting down and abandoning module TextureFormatOodle (199)
[2025.08.25-20.48.25:924][895]LogModuleManager: Shutting down and abandoning module TextureFormatUncompressed (197)
[2025.08.25-20.48.25:924][895]LogModuleManager: Shutting down and abandoning module TextureFormatPVR (195)
[2025.08.25-20.48.25:924][895]LogModuleManager: Shutting down and abandoning module TextureFormatETC2 (193)
[2025.08.25-20.48.25:924][895]LogModuleManager: Shutting down and abandoning module TextureFormatDXT (191)
[2025.08.25-20.48.25:924][895]LogModuleManager: Shutting down and abandoning module TextureFormatIntelISPCTexComp (189)
[2025.08.25-20.48.25:924][895]LogModuleManager: Shutting down and abandoning module TextureFormatASTC (187)
[2025.08.25-20.48.25:924][895]LogModuleManager: Shutting down and abandoning module ImageWrapper (186)
[2025.08.25-20.48.25:924][895]LogModuleManager: Shutting down and abandoning module AudioFormatOpus (183)
[2025.08.25-20.48.25:924][895]LogModuleManager: Shutting down and abandoning module AudioFormatOgg (181)
[2025.08.25-20.48.25:924][895]LogModuleManager: Shutting down and abandoning module AudioFormatADPCM (179)
[2025.08.25-20.48.25:924][895]LogModuleManager: Shutting down and abandoning module WindowsServerTargetPlatform (177)
[2025.08.25-20.48.25:924][895]LogModuleManager: Shutting down and abandoning module WindowsClientTargetPlatform (175)
[2025.08.25-20.48.25:924][895]LogModuleManager: Shutting down and abandoning module WindowsTargetPlatform (173)
[2025.08.25-20.48.25:924][895]LogModuleManager: Shutting down and abandoning module WindowsNoEditorTargetPlatform (171)
[2025.08.25-20.48.25:924][895]LogModuleManager: Shutting down and abandoning module TVOSTargetPlatform (169)
[2025.08.25-20.48.25:925][895]LogModuleManager: Shutting down and abandoning module MacServerTargetPlatform (167)
[2025.08.25-20.48.25:925][895]LogModuleManager: Shutting down and abandoning module MacClientTargetPlatform (165)
[2025.08.25-20.48.25:925][895]LogModuleManager: Shutting down and abandoning module MacTargetPlatform (163)
[2025.08.25-20.48.25:926][895]LogModuleManager: Shutting down and abandoning module MacNoEditorTargetPlatform (161)
[2025.08.25-20.48.25:926][895]LogModuleManager: Shutting down and abandoning module LuminTargetPlatform (159)
[2025.08.25-20.48.25:926][895]LogModuleManager: Shutting down and abandoning module LinuxAArch64ServerTargetPlatform (157)
[2025.08.25-20.48.25:926][895]LogModuleManager: Shutting down and abandoning module LinuxAArch64ClientTargetPlatform (155)
[2025.08.25-20.48.25:926][895]LogModuleManager: Shutting down and abandoning module LinuxAArch64NoEditorTargetPlatform (153)
[2025.08.25-20.48.25:926][895]LogModuleManager: Shutting down and abandoning module LinuxServerTargetPlatform (151)
[2025.08.25-20.48.25:926][895]LogModuleManager: Shutting down and abandoning module LinuxClientTargetPlatform (149)
[2025.08.25-20.48.25:926][895]LogModuleManager: Shutting down and abandoning module LinuxNoEditorTargetPlatform (147)
[2025.08.25-20.48.25:926][895]LogModuleManager: Shutting down and abandoning module LinuxTargetPlatform (145)
[2025.08.25-20.48.25:926][895]LogModuleManager: Shutting down and abandoning module Messaging (143)
[2025.08.25-20.48.25:926][895]LogModuleManager: Shutting down and abandoning module IOSTargetPlatform (141)
[2025.08.25-20.48.25:927][895]LogModuleManager: Shutting down and abandoning module AndroidTargetPlatform (139)
[2025.08.25-20.48.25:930][895]LogModuleManager: Shutting down and abandoning module AllDesktopTargetPlatform (137)
[2025.08.25-20.48.25:930][895]LogModuleManager: Shutting down and abandoning module D3D11RHI (134)
[2025.08.25-20.48.25:930][895]LogModuleManager: Shutting down and abandoning module InputCore (132)
[2025.08.25-20.48.25:930][895]LogModuleManager: Shutting down and abandoning module Settings (130)
[2025.08.25-20.48.25:930][895]LogModuleManager: Shutting down and abandoning module DirectoryWatcher (128)
[2025.08.25-20.48.25:930][895]LogModuleManager: Shutting down and abandoning module PhysXCooking (126)
[2025.08.25-20.48.25:930][895]LogModuleManager: Shutting down and abandoning module Chaos (124)
[2025.08.25-20.48.25:930][895]LogModuleManager: Shutting down and abandoning module WindowsPlatformFeatures (122)
[2025.08.25-20.48.25:930][895]LogModuleManager: Shutting down and abandoning module GameplayMediaEncoder (121)
[2025.08.25-20.48.25:930][895]LogModuleManager: Shutting down and abandoning module AVEncoder (120)
[2025.08.25-20.48.25:930][895]LogModuleManager: Shutting down and abandoning module SteamVRInputDevice (116)
[2025.08.25-20.48.25:930][895]LogModuleManager: Shutting down and abandoning module SteamVRInput (114)
[2025.08.25-20.48.25:930][895]LogModuleManager: Shutting down and abandoning module SteamVR (112)
[2025.08.25-20.48.25:930][895]LogHMD: Freeing OpenVRDLLHandle.
[2025.08.25-20.48.25:930][895]LogModuleManager: Shutting down and abandoning module OculusHMD (110)
[2025.08.25-20.48.25:930][895]LogModuleManager: Shutting down and abandoning module OpenXREyeTracker (108)
[2025.08.25-20.48.25:930][895]LogModuleManager: Shutting down and abandoning module OpenXRHandTracking (106)
[2025.08.25-20.48.25:931][895]LogSlate: Slate User Destroyed.  User Index 0, Is Virtual User: 0
[2025.08.25-20.48.25:931][895]LogModuleManager: Shutting down and abandoning module OpenXRAR (104)
[2025.08.25-20.48.25:931][895]LogModuleManager: Shutting down and abandoning module AugmentedReality (103)
[2025.08.25-20.48.25:931][895]LogModuleManager: Shutting down and abandoning module OpenXRHMD (100)
[2025.08.25-20.48.25:932][895]LogModuleManager: Shutting down and abandoning module WmfMedia (98)
[2025.08.25-20.48.25:934][895]LogModuleManager: Shutting down and abandoning module Media (97)
[2025.08.25-20.48.25:936][895]LogModuleManager: Shutting down and abandoning module MediaInfo (96)
[2025.08.25-20.48.25:936][895]LogModuleManager: Shutting down and abandoning module ExampleDeviceProfileSelector (92)
[2025.08.25-20.48.25:936][895]LogModuleManager: Shutting down and abandoning module ChunkDownloader (90)
[2025.08.25-20.48.25:936][895]LogModuleManager: Shutting down and abandoning module LauncherChunkInstaller (88)
[2025.08.25-20.48.25:936][895]LogModuleManager: Shutting down and abandoning module ExrReaderGpu (86)
[2025.08.25-20.48.25:936][895]LogModuleManager: Shutting down and abandoning module OnlineBlueprintSupport (84)
[2025.08.25-20.48.25:936][895]LogModuleManager: Shutting down and abandoning module OnlineSubsystem (80)
[2025.08.25-20.48.25:937][895]LogModuleManager: Shutting down and abandoning module XMPP (75)
[2025.08.25-20.48.25:938][895]LogModuleManager: Shutting down and abandoning module WebSockets (74)
[2025.08.25-20.48.25:944][895]LogModuleManager: Shutting down and abandoning module HTTP (71)
[2025.08.25-20.48.25:944][895]LogHttp: Display: Http module shutting down, but needs to wait on 1 outstanding Http requests:
[2025.08.25-20.48.25:944][895]LogHttp: Display: 	verb=[POST] url=[https://datarouter.ol.epicgames.com/datarouter/api/v1/public/data?SessionID=%7BE89FA235-4DD1-3A6E-7527-D5BC51938107%7D&AppID=UEEditor.Rocket.Release&AppVersion=4.27.2-18319896%2B%2B%2BUE4%2BRelease-4.27&UserID=281bd30944feeefc738421a9c0fb3710%7C31ee306e7b2644e9836e5fff1678d891%7C350c1c9d-929c-4d1d-9056-8d766201dd98&AppEnvironment=datacollector-binary&UploadType=eteventstream] refs=[1] status=Processing
[2025.08.25-20.48.25:944][895]LogHttp: Display: cleaning up 1 outstanding Http requests.
[2025.08.25-20.48.25:958][895]LogModuleManager: Shutting down and abandoning module SSL (70)
[2025.08.25-20.48.25:959][895]LogModuleManager: Shutting down and abandoning module ChaosCloth (66)
[2025.08.25-20.48.25:959][895]LogModuleManager: Shutting down and abandoning module MLSDK (64)
[2025.08.25-20.48.25:959][895]LogModuleManager: Shutting down and abandoning module MagicLeap (62)
[2025.08.25-20.48.25:959][895]LogModuleManager: Shutting down and abandoning module NiagaraVertexFactories (60)
[2025.08.25-20.48.25:959][895]LogModuleManager: Shutting down and abandoning module NiagaraShader (58)
[2025.08.25-20.48.25:959][895]LogModuleManager: Shutting down and abandoning module DatasmithContent (56)
[2025.08.25-20.48.25:960][895]LogModuleManager: Shutting down and abandoning module VariantManagerContent (54)
[2025.08.25-20.48.25:960][895]LogModuleManager: Shutting down and abandoning module PixWinPlugin (52)
[2025.08.25-20.48.25:960][895]LogModuleManager: Shutting down and abandoning module AISupportModule (50)
[2025.08.25-20.48.25:960][895]LogModuleManager: Shutting down and abandoning module DesktopPlatform (48)
[2025.08.25-20.48.25:960][895]LogModuleManager: Shutting down and abandoning module PythonScriptPluginPreload (46)
[2025.08.25-20.48.25:960][895]LogModuleManager: Shutting down and abandoning module PlatformCryptoOpenSSL (44)
[2025.08.25-20.48.25:960][895]LogModuleManager: Shutting down and abandoning module PlatformCryptoTypes (42)
[2025.08.25-20.48.25:960][895]LogModuleManager: Shutting down and abandoning module PlatformCrypto (40)
[2025.08.25-20.48.25:960][895]LogModuleManager: Shutting down and abandoning module OodleDataCompressionFormat (38)
[2025.08.25-20.48.25:960][895]LogModuleManager: Shutting down and abandoning module XGEController (36)
[2025.08.25-20.48.25:960][895]LogModuleManager: Shutting down and abandoning module AnimationModifiers (34)
[2025.08.25-20.48.25:960][895]LogModuleManager: Shutting down and abandoning module AudioEditor (32)
[2025.08.25-20.48.25:961][895]LogModuleManager: Shutting down and abandoning module PropertyEditor (31)
[2025.08.25-20.48.25:961][895]LogModuleManager: Shutting down and abandoning module TextureCompressor (28)
[2025.08.25-20.48.25:961][895]LogModuleManager: Shutting down and abandoning module RenderCore (26)
[2025.08.25-20.48.25:961][895]LogModuleManager: Shutting down and abandoning module Landscape (24)
[2025.08.25-20.48.25:961][895]LogModuleManager: Shutting down and abandoning module SlateRHIRenderer (22)
[2025.08.25-20.48.25:962][895]LogModuleManager: Shutting down and abandoning module AnimGraphRuntime (20)
[2025.08.25-20.48.25:962][895]LogModuleManager: Shutting down and abandoning module Renderer (18)
[2025.08.25-20.48.25:962][895]LogModuleManager: Shutting down and abandoning module Engine (16)
[2025.08.25-20.48.25:962][895]LogModuleManager: Shutting down and abandoning module CoreUObject (14)
[2025.08.25-20.48.25:962][895]LogModuleManager: Shutting down and abandoning module NetworkFile (12)
[2025.08.25-20.48.25:962][895]LogModuleManager: Shutting down and abandoning module CookedIterativeFile (10)
[2025.08.25-20.48.25:962][895]LogModuleManager: Shutting down and abandoning module StreamingFile (8)
[2025.08.25-20.48.25:962][895]LogModuleManager: Shutting down and abandoning module SandboxFile (6)
[2025.08.25-20.48.25:962][895]LogModuleManager: Shutting down and abandoning module PakFile (4)
[2025.08.25-20.48.25:962][895]LogModuleManager: Shutting down and abandoning module RSA (3)
[2025.08.25-20.48.25:962][895]LogContentStreaming: Display: There are 1 unreleased StreamingManagers
[2025.08.25-20.48.26:003][895]LogD3D11RHI: Shutdown
[2025.08.25-20.48.26:003][895]LogD3D11RHI: CleanupD3DDevice
[2025.08.25-20.48.26:008][895]LogExit: Exiting.
[2025.08.25-20.48.26:013][895]Log file closed, 08/25/25 17:48:26
