Log file open, 08/04/25 17:07:20
LogWindows: Failed to load 'aqProf.dll' (GetLastError=126)
LogWindows: File 'aqProf.dll' does not exist
LogWindows: Failed to load 'VtuneApi.dll' (GetLastError=126)
LogWindows: File 'VtuneApi.dll' does not exist
LogWindows: Failed to load 'VtuneApi32e.dll' (GetLastError=126)
LogWindows: File 'VtuneApi32e.dll' does not exist
LogConsoleResponse: Display: Failed to find resolution value strings in scalability ini. Falling back to default.
LogConsoleResponse: Display: Failed to find resolution value strings in scalability ini. Falling back to default.
LogInit: Display: Running engine for game: Sorry
LogPlatformFile: Not using cached read wrapper
LogTaskGraph: Started task graph with 5 named threads and 35 total threads with 3 sets of task threads.
LogStats: Stats thread started at 0.208612
LogICUInternationalization: ICU TimeZone Detection - Raw Offset: -3:00, Platform Override: ''
LogInit: Display: Loading text-based GConfig....
LogPluginManager: Mounting plugin MeshPainting
LogPluginManager: Mounting plugin XGEController
LogPluginManager: Mounting plugin Paper2D
LogPluginManager: Mounting plugin AISupport
LogPluginManager: Mounting plugin EnvironmentQueryEditor
LogPluginManager: Mounting plugin LiveLink
LogPluginManager: Mounting plugin LightPropagationVolume
LogPluginManager: Mounting plugin CameraShakePreviewer
LogPluginManager: Mounting plugin GameplayCameras
LogPluginManager: Mounting plugin OodleNetwork
LogPluginManager: Mounting plugin AnimationSharing
LogPluginManager: Mounting plugin OodleData
LogPluginManager: Mounting plugin CodeLiteSourceCodeAccess
LogPluginManager: Mounting plugin CLionSourceCodeAccess
LogPluginManager: Mounting plugin GitSourceControl
LogPluginManager: Mounting plugin NullSourceCodeAccess
LogPluginManager: Mounting plugin KDevelopSourceCodeAccess
LogPluginManager: Mounting plugin PerforceSourceControl
LogPluginManager: Mounting plugin PluginUtils
LogPluginManager: Mounting plugin SubversionSourceControl
LogPluginManager: Mounting plugin PlasticSourceControl
LogPluginManager: Mounting plugin TextureFormatOodle
LogPluginManager: Mounting plugin RiderSourceCodeAccess
LogPluginManager: Mounting plugin UObjectPlugin
LogPluginManager: Mounting plugin PixWinPlugin
LogPluginManager: Mounting plugin PropertyAccessNode
LogPluginManager: Mounting plugin VisualStudioSourceCodeAccess
LogPluginManager: Mounting plugin VisualStudioCodeSourceCodeAccess
LogPluginManager: Mounting plugin XCodeSourceCodeAccess
LogPluginManager: Mounting plugin DatasmithContent
LogPluginManager: Mounting plugin VariantManagerContent
LogPluginManager: Mounting plugin Niagara
LogPluginManager: Mounting plugin AssetManagerEditor
LogPluginManager: Mounting plugin AlembicImporter
LogPluginManager: Mounting plugin BackChannel
LogPluginManager: Mounting plugin AutomationUtils
LogPluginManager: Mounting plugin ChaosCloth
LogPluginManager: Mounting plugin ChaosEditor
LogPluginManager: Mounting plugin ChaosClothEditor
LogPluginManager: Mounting plugin ChaosSolverPlugin
LogPluginManager: Mounting plugin ChaosNiagara
LogPluginManager: Mounting plugin CharacterAI
LogPluginManager: Mounting plugin GeometryCache
LogPluginManager: Mounting plugin GeometryCollectionPlugin
LogPluginManager: Mounting plugin CryptoKeys
LogPluginManager: Mounting plugin CurveEditorTools
LogPluginManager: Mounting plugin DataValidation
LogPluginManager: Mounting plugin FacialAnimation
LogPluginManager: Mounting plugin GameplayTagsEditor
LogPluginManager: Mounting plugin MacGraphicsSwitching
LogPluginManager: Mounting plugin GeometryMode
LogPluginManager: Mounting plugin MaterialAnalyzer
LogPluginManager: Mounting plugin MobileLauncherProfileWizard
LogPluginManager: Mounting plugin PluginBrowser
LogPluginManager: Mounting plugin GeometryProcessing
LogPluginManager: Mounting plugin SpeedTreeImporter
LogPluginManager: Mounting plugin OpenImageDenoise
LogPluginManager: Mounting plugin MotoSynth
LogPluginManager: Mounting plugin PlanarCut
LogPluginManager: Mounting plugin PlatformCrypto
LogPluginManager: Mounting plugin ProxyLODPlugin
LogPluginManager: Mounting plugin PythonScriptPlugin
LogPluginManager: Mounting plugin LuminPlatformFeatures
LogPluginManager: Mounting plugin MagicLeap
LogPluginManager: Mounting plugin MagicLeapLightEstimation
LogPluginManager: Mounting plugin SkeletalReduction
LogPluginManager: Mounting plugin MagicLeapMedia
LogPluginManager: Mounting plugin MagicLeapPassableWorld
LogPluginManager: Mounting plugin MLSDK
LogPluginManager: Mounting plugin AndroidMedia
LogPluginManager: Mounting plugin AvfMedia
LogPluginManager: Mounting plugin ImgMedia
LogPluginManager: Mounting plugin MediaCompositing
LogPluginManager: Mounting plugin MediaPlayerEditor
LogPluginManager: Mounting plugin WebMMedia
LogPluginManager: Mounting plugin WmfMedia
LogPluginManager: Mounting plugin UdpMessaging
LogPluginManager: Mounting plugin TcpMessaging
LogPluginManager: Mounting plugin ActorSequence
LogPluginManager: Mounting plugin LevelSequenceEditor
LogPluginManager: Mounting plugin MatineeToLevelSequence
LogPluginManager: Mounting plugin TemplateSequence
LogPluginManager: Mounting plugin OnlineSubsystem
LogPluginManager: Mounting plugin OnlineSubsystemNull
LogPluginManager: Mounting plugin OnlineSubsystemUtils
LogPluginManager: Mounting plugin LauncherChunkInstaller
LogPluginManager: Mounting plugin ActorLayerUtilities
LogPluginManager: Mounting plugin AndroidDeviceProfileSelector
LogPluginManager: Mounting plugin AndroidPermission
LogPluginManager: Mounting plugin AndroidMoviePlayer
LogPluginManager: Mounting plugin AppleImageUtils
LogPluginManager: Mounting plugin AppleMoviePlayer
LogPluginManager: Mounting plugin AssetTags
LogPluginManager: Mounting plugin ArchVisCharacter
LogPluginManager: Mounting plugin AudioCapture
LogPluginManager: Mounting plugin AudioSynesthesia
LogPluginManager: Mounting plugin ChunkDownloader
LogPluginManager: Mounting plugin CableComponent
LogPluginManager: Mounting plugin CustomMeshComponent
LogPluginManager: Mounting plugin EditableMesh
LogPluginManager: Mounting plugin ExampleDeviceProfileSelector
LogPluginManager: Mounting plugin GooglePAD
LogPluginManager: Mounting plugin ScreenshotTools
LogPluginManager: Mounting plugin GoogleCloudMessaging
LogPluginManager: Mounting plugin IOSDeviceProfileSelector
LogPluginManager: Mounting plugin LinuxDeviceProfileSelector
LogPluginManager: Mounting plugin LocationServicesBPLibrary
LogPluginManager: Mounting plugin MobilePatchingUtils
LogPluginManager: Mounting plugin OpenXR
LogPluginManager: Mounting plugin OpenXREyeTracker
LogPluginManager: Mounting plugin OpenXRHandTracking
LogPluginManager: Mounting plugin PhysXVehicles
LogPluginManager: Mounting plugin Takes
LogPluginManager: Mounting plugin PostSplashScreen
LogPluginManager: Mounting plugin ProceduralMeshComponent
LogPluginManager: Mounting plugin PropertyAccessEditor
LogPluginManager: Mounting plugin RuntimePhysXCooking
LogPluginManager: Mounting plugin Synthesis
LogPluginManager: Mounting plugin SoundFields
LogPluginManager: Mounting plugin SignificanceManager
LogPluginManager: Mounting plugin WebMMoviePlayer
LogPluginManager: Mounting plugin WindowsMoviePlayer
LogPluginManager: Mounting plugin ContentBrowserAssetDataSource
LogPluginManager: Mounting plugin ContentBrowserClassDataSource
LogPluginManager: Mounting plugin ContentBrowserFileDataSource
LogPluginManager: Mounting plugin OnlineSubsystemGooglePlay
LogPluginManager: Mounting plugin OnlineSubsystemIOS
LogPluginManager: Mounting plugin OculusVR
LogPluginManager: Mounting plugin SteamVR
PixWinPlugin: PIX capture plugin failed to initialize! Check that the process is launched from PIX.
LogInit: Using libcurl 7.55.1-DEV
LogInit:  - built for x86_64-pc-win32
LogInit:  - supports SSL with OpenSSL/1.1.1
LogInit:  - supports HTTP deflate (compression) using libz 1.2.8
LogInit:  - other features:
LogInit:      CURL_VERSION_SSL
LogInit:      CURL_VERSION_LIBZ
LogInit:      CURL_VERSION_IPV6
LogInit:      CURL_VERSION_ASYNCHDNS
LogInit:      CURL_VERSION_LARGEFILE
LogInit:      CURL_VERSION_IDN
LogInit:  CurlRequestOptions (configurable via config and command line):
LogInit:  - bVerifyPeer = true  - Libcurl will verify peer certificate
LogInit:  - bUseHttpProxy = false  - Libcurl will NOT use HTTP proxy
LogInit:  - bDontReuseConnections = false  - Libcurl will reuse connections
LogInit:  - MaxHostConnections = 16  - Libcurl will limit the number of connections to a host
LogInit:  - LocalHostAddr = Default
LogInit:  - BufferSize = 65536
LogOnline: OSS: Creating online subsystem instance for: NULL
LogInit: WinSock: version 1.1 (2.2), MaxSocks=32767, MaxUdp=65467
LogOnline: OSS: TryLoadSubsystemAndSetDefault: Loaded subsystem for module [NULL]
LogOculusPluginWrapper: OculusPlugin initialized successfully
LogHMD: Failed initializing OVRPlugin 1.59.0
LogInit: Build: ++UE4+Release-4.27-CL-18319896
LogInit: Engine Version: 4.27.2-18319896+++UE4+Release-4.27
LogInit: Compatible Engine Version: 4.27.0-17155196+++UE4+Release-4.27
LogInit: Net CL: 17155196
LogInit: OS: Windows 10 (Release 2009) (), CPU: Intel(R) Core(TM) i5-10400 CPU @ 2.90GHz, GPU: NVIDIA GeForce RTX 3050
LogInit: Compiled (64-bit): Nov 30 2021 07:12:08
LogInit: Compiled with Visual C++: 19.24.28315.00
LogInit: Build Configuration: Development
LogInit: Branch Name: ++UE4+Release-4.27
LogInit: Command Line:  -AUTH_LOGIN=unused -AUTH_PASSWORD=75dbd6838e4640e59ccd957559524aed -AUTH_TYPE=exchangecode -epicapp=UE_4.27 -epicenv=Prod -EpicPortal -epicusername=Nicktroll4 -epicuserid=a5a0f72af84a4615865990d73290fe28 -epiclocale=pt-BR -epicsandboxid=ue
LogInit: Base Directory: C:/Program Files/Epic Games/UE_4.27/Engine/Binaries/Win64/
LogInit: Allocator: TBB
LogInit: Installed Engine Build: 1
LogDevObjectVersion: Number of dev versions registered: 29
LogDevObjectVersion:   Dev-Blueprints (B0D832E4-1F89-4F0D-ACCF-7EB736FD4AA2): 10
LogDevObjectVersion:   Dev-Build (E1C64328-A22C-4D53-A36C-8E866417BD8C): 0
LogDevObjectVersion:   Dev-Core (375EC13C-06E4-48FB-B500-84F0262A717E): 4
LogDevObjectVersion:   Dev-Editor (E4B068ED-F494-42E9-A231-DA0B2E46BB41): 40
LogDevObjectVersion:   Dev-Framework (CFFC743F-43B0-4480-9391-14DF171D2073): 37
LogDevObjectVersion:   Dev-Mobile (B02B49B5-BB20-44E9-A304-32B752E40360): 3
LogDevObjectVersion:   Dev-Networking (A4E4105C-59A1-49B5-A7C5-40C4547EDFEE): 0
LogDevObjectVersion:   Dev-Online (39C831C9-5AE6-47DC-9A44-9C173E1C8E7C): 0
LogDevObjectVersion:   Dev-Physics (78F01B33-EBEA-4F98-B9B4-84EACCB95AA2): 14
LogDevObjectVersion:   Dev-Platform (6631380F-2D4D-43E0-8009-CF276956A95A): 0
LogDevObjectVersion:   Dev-Rendering (12F88B9F-8875-4AFC-A67C-D90C383ABD29): 45
LogDevObjectVersion:   Dev-Sequencer (7B5AE74C-D270-4C10-A958-57980B212A5A): 13
LogDevObjectVersion:   Dev-VR (D7296918-1DD6-4BDD-9DE2-64A83CC13884): 3
LogDevObjectVersion:   Dev-LoadTimes (C2A15278-BFE7-4AFE-6C17-90FF531DF755): 1
LogDevObjectVersion:   Private-Geometry (6EACA3D4-40EC-4CC1-B786-8BED09428FC5): 3
LogDevObjectVersion:   Dev-AnimPhys (29E575DD-E0A3-4627-9D10-D276232CDCEA): 17
LogDevObjectVersion:   Dev-Anim (AF43A65D-7FD3-4947-9873-3E8ED9C1BB05): 15
LogDevObjectVersion:   Dev-ReflectionCapture (6B266CEC-1EC7-4B8F-A30B-E4D90942FC07): 1
LogDevObjectVersion:   Dev-Automation (0DF73D61-A23F-47EA-B727-89E90C41499A): 1
LogDevObjectVersion:   FortniteMain (601D1886-AC64-4F84-AA16-D3DE0DEAC7D6): 47
LogDevObjectVersion:   FortniteRelease (E7086368-6B23-4C58-8439-1B7016265E91): 1
LogDevObjectVersion:   Dev-Enterprise (9DFFBCD6-494F-0158-E221-12823C92A888): 10
LogDevObjectVersion:   Dev-Niagara (F2AED0AC-9AFE-416F-8664-AA7FFA26D6FC): 1
LogDevObjectVersion:   Dev-Destruction (174F1F0B-B4C6-45A5-B13F-2EE8D0FB917D): 10
LogDevObjectVersion:   Dev-Physics-Ext (35F94A83-E258-406C-A318-09F59610247C): 41
LogDevObjectVersion:   Dev-PhysicsMaterial-Chaos (B68FC16E-8B1B-42E2-B453-215C058844FE): 1
LogDevObjectVersion:   Dev-CineCamera (B2E18506-4273-CFC2-A54E-F4BB758BBA07): 1
LogDevObjectVersion:   Dev-VirtualProduction (64F58936-FD1B-42BA-BA96-7289D5D0FA4E): 1
LogDevObjectVersion:   Dev-MediaFramework (6F0ED827-A609-4895-9C91-998D90180EA4): 2
LogInit: Presizing for max 25165824 objects, including 0 objects not considered by GC, pre-allocating 0 bytes for permanent pool.
LogConfig: Applying CVar settings from Section [/Script/Engine.StreamingSettings] File [C:/Users/felipe.lanfranchi/Documents/TCC/Sorry/Saved/Config/Windows/Engine.ini]
LogConfig: Setting CVar [[s.MinBulkDataSizeForAsyncLoading:131072]]
LogConfig: Setting CVar [[s.AsyncLoadingThreadEnabled:0]]
LogConfig: Setting CVar [[s.EventDrivenLoaderEnabled:1]]
LogConfig: Setting CVar [[s.WarnIfTimeLimitExceeded:0]]
LogConfig: Setting CVar [[s.TimeLimitExceededMultiplier:1.5]]
LogConfig: Setting CVar [[s.TimeLimitExceededMinTime:0.005]]
LogConfig: Setting CVar [[s.UseBackgroundLevelStreaming:1]]
LogConfig: Setting CVar [[s.PriorityAsyncLoadingExtraTime:15.0]]
LogConfig: Setting CVar [[s.LevelStreamingActorsUpdateTimeLimit:5.0]]
LogConfig: Setting CVar [[s.PriorityLevelStreamingActorsUpdateExtraTime:5.0]]
LogConfig: Setting CVar [[s.LevelStreamingComponentsRegistrationGranularity:10]]
LogConfig: Setting CVar [[s.UnregisterComponentsTimeLimit:1.0]]
LogConfig: Setting CVar [[s.LevelStreamingComponentsUnregistrationGranularity:5]]
LogConfig: Setting CVar [[s.FlushStreamingOnExit:1]]
LogInit: Object subsystem initialized
LogConfig: Setting CVar [[con.DebugEarlyDefault:1]]
LogConfig: Setting CVar [[r.setres:1280x720]]
[2025.08.04-20.07.20:953][  0]LogConfig: Setting CVar [[r.VSync:0]]
[2025.08.04-20.07.20:953][  0]LogConfig: Setting CVar [[r.RHICmdBypass:0]]
[2025.08.04-20.07.20:953][  0]LogConfig: Applying CVar settings from Section [/Script/Engine.RendererSettings] File [C:/Users/felipe.lanfranchi/Documents/TCC/Sorry/Saved/Config/Windows/Engine.ini]
[2025.08.04-20.07.20:953][  0]LogConfig: Setting CVar [[r.GPUCrashDebugging:0]]
[2025.08.04-20.07.20:953][  0]LogConfig: Applying CVar settings from Section [/Script/Engine.RendererOverrideSettings] File [C:/Users/felipe.lanfranchi/Documents/TCC/Sorry/Saved/Config/Windows/Engine.ini]
[2025.08.04-20.07.20:953][  0]LogConfig: Applying CVar settings from Section [/Script/Engine.StreamingSettings] File [C:/Users/felipe.lanfranchi/Documents/TCC/Sorry/Saved/Config/Windows/Engine.ini]
[2025.08.04-20.07.20:953][  0]LogConfig: Setting CVar [[s.MinBulkDataSizeForAsyncLoading:131072]]
[2025.08.04-20.07.20:953][  0]LogConfig: Setting CVar [[s.AsyncLoadingThreadEnabled:0]]
[2025.08.04-20.07.20:953][  0]LogConfig: Setting CVar [[s.EventDrivenLoaderEnabled:1]]
[2025.08.04-20.07.20:953][  0]LogConfig: Setting CVar [[s.WarnIfTimeLimitExceeded:0]]
[2025.08.04-20.07.20:953][  0]LogConfig: Setting CVar [[s.TimeLimitExceededMultiplier:1.5]]
[2025.08.04-20.07.20:953][  0]LogConfig: Setting CVar [[s.TimeLimitExceededMinTime:0.005]]
[2025.08.04-20.07.20:953][  0]LogConfig: Setting CVar [[s.UseBackgroundLevelStreaming:1]]
[2025.08.04-20.07.20:953][  0]LogConfig: Setting CVar [[s.PriorityAsyncLoadingExtraTime:15.0]]
[2025.08.04-20.07.20:953][  0]LogConfig: Setting CVar [[s.LevelStreamingActorsUpdateTimeLimit:5.0]]
[2025.08.04-20.07.20:953][  0]LogConfig: Setting CVar [[s.PriorityLevelStreamingActorsUpdateExtraTime:5.0]]
[2025.08.04-20.07.20:953][  0]LogConfig: Setting CVar [[s.LevelStreamingComponentsRegistrationGranularity:10]]
[2025.08.04-20.07.20:953][  0]LogConfig: Setting CVar [[s.UnregisterComponentsTimeLimit:1.0]]
[2025.08.04-20.07.20:953][  0]LogConfig: Setting CVar [[s.LevelStreamingComponentsUnregistrationGranularity:5]]
[2025.08.04-20.07.20:953][  0]LogConfig: Setting CVar [[s.FlushStreamingOnExit:1]]
[2025.08.04-20.07.20:953][  0]LogConfig: Applying CVar settings from Section [/Script/Engine.GarbageCollectionSettings] File [C:/Users/felipe.lanfranchi/Documents/TCC/Sorry/Saved/Config/Windows/Engine.ini]
[2025.08.04-20.07.20:953][  0]LogConfig: Setting CVar [[gc.MaxObjectsNotConsideredByGC:1]]
[2025.08.04-20.07.20:953][  0]LogConfig: Setting CVar [[gc.SizeOfPermanentObjectPool:0]]
[2025.08.04-20.07.20:953][  0]LogConfig: Setting CVar [[gc.FlushStreamingOnGC:0]]
[2025.08.04-20.07.20:953][  0]LogConfig: Setting CVar [[gc.NumRetriesBeforeForcingGC:10]]
[2025.08.04-20.07.20:953][  0]LogConfig: Setting CVar [[gc.AllowParallelGC:1]]
[2025.08.04-20.07.20:953][  0]LogConfig: Setting CVar [[gc.TimeBetweenPurgingPendingKillObjects:61.1]]
[2025.08.04-20.07.20:953][  0]LogConfig: Setting CVar [[gc.MaxObjectsInEditor:25165824]]
[2025.08.04-20.07.20:953][  0]LogConfig: Setting CVar [[gc.IncrementalBeginDestroyEnabled:1]]
[2025.08.04-20.07.20:953][  0]LogConfig: Setting CVar [[gc.CreateGCClusters:1]]
[2025.08.04-20.07.20:953][  0]LogConfig: Setting CVar [[gc.MinGCClusterSize:5]]
[2025.08.04-20.07.20:953][  0]LogConfig: Setting CVar [[gc.ActorClusteringEnabled:0]]
[2025.08.04-20.07.20:953][  0]LogConfig: Setting CVar [[gc.BlueprintClusteringEnabled:0]]
[2025.08.04-20.07.20:953][  0]LogConfig: Setting CVar [[gc.UseDisregardForGCOnDedicatedServers:0]]
[2025.08.04-20.07.20:953][  0]LogConfig: Setting CVar [[gc.MultithreadedDestructionEnabled:1]]
[2025.08.04-20.07.20:953][  0]LogConfig: Applying CVar settings from Section [/Script/Engine.NetworkSettings] File [C:/Users/felipe.lanfranchi/Documents/TCC/Sorry/Saved/Config/Windows/Engine.ini]
[2025.08.04-20.07.20:953][  0]LogConfig: Applying CVar settings from Section [/Script/UnrealEd.CookerSettings] File [C:/Users/felipe.lanfranchi/Documents/TCC/Sorry/Saved/Config/Windows/Engine.ini]
[2025.08.04-20.07.20:958][  0]LogConfig: Applying CVar settings from Section [ViewDistanceQuality@3] File [C:/Users/felipe.lanfranchi/Documents/TCC/Sorry/Saved/Config/Windows/Scalability.ini]
[2025.08.04-20.07.20:958][  0]LogConfig: Setting CVar [[r.SkeletalMeshLODBias:0]]
[2025.08.04-20.07.20:958][  0]LogConfig: Setting CVar [[r.ViewDistanceScale:1.0]]
[2025.08.04-20.07.20:958][  0]LogConfig: Applying CVar settings from Section [AntiAliasingQuality@3] File [C:/Users/felipe.lanfranchi/Documents/TCC/Sorry/Saved/Config/Windows/Scalability.ini]
[2025.08.04-20.07.20:958][  0]LogConfig: Setting CVar [[r.PostProcessAAQuality:4]]
[2025.08.04-20.07.20:958][  0]LogConfig: Applying CVar settings from Section [ShadowQuality@3] File [C:/Users/felipe.lanfranchi/Documents/TCC/Sorry/Saved/Config/Windows/Scalability.ini]
[2025.08.04-20.07.20:958][  0]LogConfig: Setting CVar [[r.LightFunctionQuality:1]]
[2025.08.04-20.07.20:958][  0]LogConfig: Setting CVar [[r.ShadowQuality:5]]
[2025.08.04-20.07.20:958][  0]LogConfig: Setting CVar [[r.Shadow.CSM.MaxCascades:10]]
[2025.08.04-20.07.20:958][  0]LogConfig: Setting CVar [[r.Shadow.MaxResolution:2048]]
[2025.08.04-20.07.20:958][  0]LogConfig: Setting CVar [[r.Shadow.MaxCSMResolution:2048]]
[2025.08.04-20.07.20:958][  0]LogConfig: Setting CVar [[r.Shadow.RadiusThreshold:0.01]]
[2025.08.04-20.07.20:958][  0]LogConfig: Setting CVar [[r.Shadow.DistanceScale:1.0]]
[2025.08.04-20.07.20:958][  0]LogConfig: Setting CVar [[r.Shadow.CSM.TransitionScale:1.0]]
[2025.08.04-20.07.20:958][  0]LogConfig: Setting CVar [[r.Shadow.PreShadowResolutionFactor:1.0]]
[2025.08.04-20.07.20:958][  0]LogConfig: Setting CVar [[r.DistanceFieldShadowing:1]]
[2025.08.04-20.07.20:958][  0]LogConfig: Setting CVar [[r.DistanceFieldAO:1]]
[2025.08.04-20.07.20:958][  0]LogConfig: Setting CVar [[r.AOQuality:2]]
[2025.08.04-20.07.20:958][  0]LogConfig: Setting CVar [[r.VolumetricFog:1]]
[2025.08.04-20.07.20:958][  0]LogConfig: Setting CVar [[r.VolumetricFog.GridPixelSize:8]]
[2025.08.04-20.07.20:958][  0]LogConfig: Setting CVar [[r.VolumetricFog.GridSizeZ:128]]
[2025.08.04-20.07.20:958][  0]LogConfig: Setting CVar [[r.VolumetricFog.HistoryMissSupersampleCount:4]]
[2025.08.04-20.07.20:958][  0]LogConfig: Setting CVar [[r.LightMaxDrawDistanceScale:1]]
[2025.08.04-20.07.20:958][  0]LogConfig: Setting CVar [[r.CapsuleShadows:1]]
[2025.08.04-20.07.20:958][  0]LogConfig: Applying CVar settings from Section [PostProcessQuality@3] File [C:/Users/felipe.lanfranchi/Documents/TCC/Sorry/Saved/Config/Windows/Scalability.ini]
[2025.08.04-20.07.20:958][  0]LogConfig: Setting CVar [[r.MotionBlurQuality:4]]
[2025.08.04-20.07.20:958][  0]LogConfig: Setting CVar [[r.AmbientOcclusionMipLevelFactor:0.4]]
[2025.08.04-20.07.20:958][  0]LogConfig: Setting CVar [[r.AmbientOcclusionMaxQuality:100]]
[2025.08.04-20.07.20:958][  0]LogConfig: Setting CVar [[r.AmbientOcclusionLevels:-1]]
[2025.08.04-20.07.20:958][  0]LogConfig: Setting CVar [[r.AmbientOcclusionRadiusScale:1.0]]
[2025.08.04-20.07.20:958][  0]LogConfig: Setting CVar [[r.DepthOfFieldQuality:2]]
[2025.08.04-20.07.20:958][  0]LogConfig: Setting CVar [[r.RenderTargetPoolMin:400]]
[2025.08.04-20.07.20:958][  0]LogConfig: Setting CVar [[r.LensFlareQuality:2]]
[2025.08.04-20.07.20:958][  0]LogConfig: Setting CVar [[r.SceneColorFringeQuality:1]]
[2025.08.04-20.07.20:958][  0]LogConfig: Setting CVar [[r.EyeAdaptationQuality:2]]
[2025.08.04-20.07.20:958][  0]LogConfig: Setting CVar [[r.BloomQuality:5]]
[2025.08.04-20.07.20:958][  0]LogConfig: Setting CVar [[r.FastBlurThreshold:100]]
[2025.08.04-20.07.20:958][  0]LogConfig: Setting CVar [[r.Upscale.Quality:3]]
[2025.08.04-20.07.20:958][  0]LogConfig: Setting CVar [[r.Tonemapper.GrainQuantization:1]]
[2025.08.04-20.07.20:958][  0]LogConfig: Setting CVar [[r.LightShaftQuality:1]]
[2025.08.04-20.07.20:958][  0]LogConfig: Setting CVar [[r.Filter.SizeScale:1]]
[2025.08.04-20.07.20:959][  0]LogConfig: Setting CVar [[r.Tonemapper.Quality:5]]
[2025.08.04-20.07.20:959][  0]LogConfig: Setting CVar [[r.DOF.Gather.AccumulatorQuality:1        ; higher gathering accumulator quality]]
[2025.08.04-20.07.20:959][  0]LogConfig: Setting CVar [[r.DOF.Gather.PostfilterMethod:1          ; Median3x3 postfilering method]]
[2025.08.04-20.07.20:959][  0]LogConfig: Setting CVar [[r.DOF.Gather.EnableBokehSettings:0       ; no bokeh simulation when gathering]]
[2025.08.04-20.07.20:959][  0]LogConfig: Setting CVar [[r.DOF.Gather.RingCount:4                 ; medium number of samples when gathering]]
[2025.08.04-20.07.20:959][  0]LogConfig: Setting CVar [[r.DOF.Scatter.ForegroundCompositing:1    ; additive foreground scattering]]
[2025.08.04-20.07.20:959][  0]LogConfig: Setting CVar [[r.DOF.Scatter.BackgroundCompositing:2    ; additive background scattering]]
[2025.08.04-20.07.20:959][  0]LogConfig: Setting CVar [[r.DOF.Scatter.EnableBokehSettings:1      ; bokeh simulation when scattering]]
[2025.08.04-20.07.20:959][  0]LogConfig: Setting CVar [[r.DOF.Scatter.MaxSpriteRatio:0.1         ; only a maximum of 10% of scattered bokeh]]
[2025.08.04-20.07.20:959][  0]LogConfig: Setting CVar [[r.DOF.Recombine.Quality:1                ; cheap slight out of focus]]
[2025.08.04-20.07.20:959][  0]LogConfig: Setting CVar [[r.DOF.Recombine.EnableBokehSettings:0    ; no bokeh simulation on slight out of focus]]
[2025.08.04-20.07.20:959][  0]LogConfig: Setting CVar [[r.DOF.TemporalAAQuality:1                ; more stable temporal accumulation]]
[2025.08.04-20.07.20:959][  0]LogConfig: Setting CVar [[r.DOF.Kernel.MaxForegroundRadius:0.025]]
[2025.08.04-20.07.20:959][  0]LogConfig: Setting CVar [[r.DOF.Kernel.MaxBackgroundRadius:0.025]]
[2025.08.04-20.07.20:959][  0]LogConfig: Applying CVar settings from Section [TextureQuality@3] File [C:/Users/felipe.lanfranchi/Documents/TCC/Sorry/Saved/Config/Windows/Scalability.ini]
[2025.08.04-20.07.20:959][  0]LogConfig: Setting CVar [[r.Streaming.MipBias:0]]
[2025.08.04-20.07.20:959][  0]LogConfig: Setting CVar [[r.Streaming.AmortizeCPUToGPUCopy:0]]
[2025.08.04-20.07.20:959][  0]LogConfig: Setting CVar [[r.Streaming.MaxNumTexturesToStreamPerFrame:0]]
[2025.08.04-20.07.20:959][  0]LogConfig: Setting CVar [[r.Streaming.Boost:1]]
[2025.08.04-20.07.20:959][  0]LogConfig: Setting CVar [[r.MaxAnisotropy:8]]
[2025.08.04-20.07.20:959][  0]LogConfig: Setting CVar [[r.VT.MaxAnisotropy:8]]
[2025.08.04-20.07.20:959][  0]LogConfig: Setting CVar [[r.Streaming.LimitPoolSizeToVRAM:0]]
[2025.08.04-20.07.20:959][  0]LogConfig: Setting CVar [[r.Streaming.PoolSize:1000]]
[2025.08.04-20.07.20:959][  0]LogConfig: Setting CVar [[r.Streaming.MaxEffectiveScreenSize:0]]
[2025.08.04-20.07.20:959][  0]LogConfig: Applying CVar settings from Section [EffectsQuality@3] File [C:/Users/felipe.lanfranchi/Documents/TCC/Sorry/Saved/Config/Windows/Scalability.ini]
[2025.08.04-20.07.20:959][  0]LogConfig: Setting CVar [[r.TranslucencyLightingVolumeDim:64]]
[2025.08.04-20.07.20:959][  0]LogConfig: Setting CVar [[r.RefractionQuality:2]]
[2025.08.04-20.07.20:959][  0]LogConfig: Setting CVar [[r.SSR.Quality:3]]
[2025.08.04-20.07.20:959][  0]LogConfig: Setting CVar [[r.SSR.HalfResSceneColor:0]]
[2025.08.04-20.07.20:959][  0]LogConfig: Setting CVar [[r.SceneColorFormat:4]]
[2025.08.04-20.07.20:959][  0]LogConfig: Setting CVar [[r.DetailMode:2]]
[2025.08.04-20.07.20:959][  0]LogConfig: Setting CVar [[r.TranslucencyVolumeBlur:1]]
[2025.08.04-20.07.20:959][  0]LogConfig: Setting CVar [[r.MaterialQualityLevel:1 ; High quality]]
[2025.08.04-20.07.20:959][  0]LogConfig: Setting CVar [[r.AnisotropicMaterials:1]]
[2025.08.04-20.07.20:959][  0]LogConfig: Setting CVar [[r.SSS.Scale:1]]
[2025.08.04-20.07.20:959][  0]LogConfig: Setting CVar [[r.SSS.SampleSet:2]]
[2025.08.04-20.07.20:959][  0]LogConfig: Setting CVar [[r.SSS.Quality:1]]
[2025.08.04-20.07.20:959][  0]LogConfig: Setting CVar [[r.SSS.HalfRes:0]]
[2025.08.04-20.07.20:959][  0]LogConfig: Setting CVar [[r.SSGI.Quality:3]]
[2025.08.04-20.07.20:959][  0]LogConfig: Setting CVar [[r.EmitterSpawnRateScale:1.0]]
[2025.08.04-20.07.20:959][  0]LogConfig: Setting CVar [[r.ParticleLightQuality:2]]
[2025.08.04-20.07.20:959][  0]LogConfig: Setting CVar [[r.SkyAtmosphere.AerialPerspectiveLUT.FastApplyOnOpaque:1 ; Always have FastSkyLUT 1 in this case to avoid wrong sky]]
[2025.08.04-20.07.20:959][  0]LogConfig: Setting CVar [[r.SkyAtmosphere.AerialPerspectiveLUT.SampleCountMaxPerSlice:4]]
[2025.08.04-20.07.20:959][  0]LogConfig: Setting CVar [[r.SkyAtmosphere.AerialPerspectiveLUT.DepthResolution:16.0]]
[2025.08.04-20.07.20:959][  0]LogConfig: Setting CVar [[r.SkyAtmosphere.FastSkyLUT:1]]
[2025.08.04-20.07.20:959][  0]LogConfig: Setting CVar [[r.SkyAtmosphere.FastSkyLUT.SampleCountMin:4.0]]
[2025.08.04-20.07.20:959][  0]LogConfig: Setting CVar [[r.SkyAtmosphere.FastSkyLUT.SampleCountMax:128.0]]
[2025.08.04-20.07.20:959][  0]LogConfig: Setting CVar [[r.SkyAtmosphere.SampleCountMin:4.0]]
[2025.08.04-20.07.20:959][  0]LogConfig: Setting CVar [[r.SkyAtmosphere.SampleCountMax:128.0]]
[2025.08.04-20.07.20:959][  0]LogConfig: Setting CVar [[r.SkyAtmosphere.TransmittanceLUT.UseSmallFormat:0]]
[2025.08.04-20.07.20:959][  0]LogConfig: Setting CVar [[r.SkyAtmosphere.TransmittanceLUT.SampleCount:10.0]]
[2025.08.04-20.07.20:959][  0]LogConfig: Setting CVar [[r.SkyAtmosphere.MultiScatteringLUT.SampleCount:15.0]]
[2025.08.04-20.07.20:959][  0]LogConfig: Setting CVar [[r.SkyLight.RealTimeReflectionCapture:1]]
[2025.08.04-20.07.20:959][  0]LogConfig: Applying CVar settings from Section [FoliageQuality@3] File [C:/Users/felipe.lanfranchi/Documents/TCC/Sorry/Saved/Config/Windows/Scalability.ini]
[2025.08.04-20.07.20:959][  0]LogConfig: Setting CVar [[foliage.DensityScale:1.0]]
[2025.08.04-20.07.20:959][  0]LogConfig: Setting CVar [[grass.DensityScale:1.0]]
[2025.08.04-20.07.20:959][  0]LogConfig: Applying CVar settings from Section [ShadingQuality@3] File [C:/Users/felipe.lanfranchi/Documents/TCC/Sorry/Saved/Config/Windows/Scalability.ini]
[2025.08.04-20.07.20:959][  0]LogConfig: Setting CVar [[r.HairStrands.SkyLighting.IntegrationType:2]]
[2025.08.04-20.07.20:959][  0]LogConfig: Setting CVar [[r.HairStrands.SkyAO.SampleCount:4]]
[2025.08.04-20.07.20:959][  0]LogConfig: Setting CVar [[r.HairStrands.Visibility.MSAA.SamplePerPixel:4]]
[2025.08.04-20.07.20:959][  0]LogInit: Selected Device Profile: [Windows]
[2025.08.04-20.07.20:959][  0]LogInit: Applying CVar settings loaded from the selected device profile: [Windows]
[2025.08.04-20.07.20:959][  0]LogHAL: Display: Platform has ~ 16 GB [17025171456 / 17179869184 / 16], which maps to Larger [LargestMinGB=32, LargerMinGB=12, DefaultMinGB=8, SmallerMinGB=6, SmallestMinGB=0)
[2025.08.04-20.07.20:959][  0]LogInit: Going up to parent DeviceProfile []
[2025.08.04-20.07.20:959][  0]LogConfig: Applying CVar settings from Section [ViewDistanceQuality@0] File [C:/Users/felipe.lanfranchi/Documents/TCC/Sorry/Saved/Config/Windows/Scalability.ini]
[2025.08.04-20.07.20:959][  0]LogConfig: Setting CVar [[r.SkeletalMeshLODBias:2]]
[2025.08.04-20.07.20:959][  0]LogConfig: Setting CVar [[r.ViewDistanceScale:0.4]]
[2025.08.04-20.07.20:959][  0]LogConfig: Applying CVar settings from Section [AntiAliasingQuality@0] File [C:/Users/felipe.lanfranchi/Documents/TCC/Sorry/Saved/Config/Windows/Scalability.ini]
[2025.08.04-20.07.20:959][  0]LogConfig: Setting CVar [[r.PostProcessAAQuality:0]]
[2025.08.04-20.07.20:959][  0]LogConfig: Applying CVar settings from Section [ShadowQuality@0] File [C:/Users/felipe.lanfranchi/Documents/TCC/Sorry/Saved/Config/Windows/Scalability.ini]
[2025.08.04-20.07.20:959][  0]LogConfig: Setting CVar [[r.LightFunctionQuality:0]]
[2025.08.04-20.07.20:959][  0]LogConfig: Setting CVar [[r.ShadowQuality:0]]
[2025.08.04-20.07.20:959][  0]LogConfig: Setting CVar [[r.Shadow.CSM.MaxCascades:1]]
[2025.08.04-20.07.20:959][  0]LogConfig: Setting CVar [[r.Shadow.MaxResolution:512]]
[2025.08.04-20.07.20:959][  0]LogConfig: Setting CVar [[r.Shadow.MaxCSMResolution:512]]
[2025.08.04-20.07.20:959][  0]LogConfig: Setting CVar [[r.Shadow.RadiusThreshold:0.06]]
[2025.08.04-20.07.20:959][  0]LogConfig: Setting CVar [[r.Shadow.DistanceScale:0.6]]
[2025.08.04-20.07.20:959][  0]LogConfig: Setting CVar [[r.Shadow.CSM.TransitionScale:0]]
[2025.08.04-20.07.20:959][  0]LogConfig: Setting CVar [[r.Shadow.PreShadowResolutionFactor:0.5]]
[2025.08.04-20.07.20:959][  0]LogConfig: Setting CVar [[r.DistanceFieldShadowing:0]]
[2025.08.04-20.07.20:959][  0]LogConfig: Setting CVar [[r.DistanceFieldAO:0]]
[2025.08.04-20.07.20:959][  0]LogConfig: Setting CVar [[r.VolumetricFog:0]]
[2025.08.04-20.07.20:959][  0]LogConfig: Setting CVar [[r.LightMaxDrawDistanceScale:0]]
[2025.08.04-20.07.20:959][  0]LogConfig: Setting CVar [[r.CapsuleShadows:0]]
[2025.08.04-20.07.20:959][  0]LogConfig: Applying CVar settings from Section [PostProcessQuality@0] File [C:/Users/felipe.lanfranchi/Documents/TCC/Sorry/Saved/Config/Windows/Scalability.ini]
[2025.08.04-20.07.20:959][  0]LogConfig: Setting CVar [[r.MotionBlurQuality:0]]
[2025.08.04-20.07.20:959][  0]LogConfig: Setting CVar [[r.AmbientOcclusionMipLevelFactor:1.0]]
[2025.08.04-20.07.20:959][  0]LogConfig: Setting CVar [[r.AmbientOcclusionMaxQuality:0]]
[2025.08.04-20.07.20:959][  0]LogConfig: Setting CVar [[r.AmbientOcclusionLevels:0]]
[2025.08.04-20.07.20:959][  0]LogConfig: Setting CVar [[r.AmbientOcclusionRadiusScale:1.2]]
[2025.08.04-20.07.20:959][  0]LogConfig: Setting CVar [[r.DepthOfFieldQuality:0]]
[2025.08.04-20.07.20:959][  0]LogConfig: Setting CVar [[r.RenderTargetPoolMin:300]]
[2025.08.04-20.07.20:959][  0]LogConfig: Setting CVar [[r.LensFlareQuality:0]]
[2025.08.04-20.07.20:960][  0]LogConfig: Setting CVar [[r.SceneColorFringeQuality:0]]
[2025.08.04-20.07.20:960][  0]LogConfig: Setting CVar [[r.EyeAdaptationQuality:2]]
[2025.08.04-20.07.20:960][  0]LogConfig: Setting CVar [[r.BloomQuality:4]]
[2025.08.04-20.07.20:960][  0]LogConfig: Setting CVar [[r.FastBlurThreshold:0]]
[2025.08.04-20.07.20:960][  0]LogConfig: Setting CVar [[r.Upscale.Quality:1]]
[2025.08.04-20.07.20:960][  0]LogConfig: Setting CVar [[r.Tonemapper.GrainQuantization:0]]
[2025.08.04-20.07.20:960][  0]LogConfig: Setting CVar [[r.LightShaftQuality:0]]
[2025.08.04-20.07.20:960][  0]LogConfig: Setting CVar [[r.Filter.SizeScale:0.6]]
[2025.08.04-20.07.20:960][  0]LogConfig: Setting CVar [[r.Tonemapper.Quality:0]]
[2025.08.04-20.07.20:960][  0]LogConfig: Applying CVar settings from Section [TextureQuality@0] File [C:/Users/felipe.lanfranchi/Documents/TCC/Sorry/Saved/Config/Windows/Scalability.ini]
[2025.08.04-20.07.20:960][  0]LogConfig: Setting CVar [[r.Streaming.MipBias:16]]
[2025.08.04-20.07.20:960][  0]LogConfig: Setting CVar [[r.Streaming.AmortizeCPUToGPUCopy:1]]
[2025.08.04-20.07.20:960][  0]LogConfig: Setting CVar [[r.Streaming.MaxNumTexturesToStreamPerFrame:1]]
[2025.08.04-20.07.20:960][  0]LogConfig: Setting CVar [[r.Streaming.Boost:0.3]]
[2025.08.04-20.07.20:960][  0]LogConfig: Setting CVar [[r.MaxAnisotropy:0]]
[2025.08.04-20.07.20:960][  0]LogConfig: Setting CVar [[r.VT.MaxAnisotropy:4]]
[2025.08.04-20.07.20:960][  0]LogConfig: Setting CVar [[r.Streaming.LimitPoolSizeToVRAM:1]]
[2025.08.04-20.07.20:960][  0]LogConfig: Setting CVar [[r.Streaming.PoolSize:400]]
[2025.08.04-20.07.20:960][  0]LogConfig: Setting CVar [[r.Streaming.MaxEffectiveScreenSize:0]]
[2025.08.04-20.07.20:960][  0]LogConfig: Applying CVar settings from Section [EffectsQuality@0] File [C:/Users/felipe.lanfranchi/Documents/TCC/Sorry/Saved/Config/Windows/Scalability.ini]
[2025.08.04-20.07.20:960][  0]LogConfig: Setting CVar [[r.TranslucencyLightingVolumeDim:24]]
[2025.08.04-20.07.20:960][  0]LogConfig: Setting CVar [[r.RefractionQuality:0]]
[2025.08.04-20.07.20:960][  0]LogConfig: Setting CVar [[r.SSR.Quality:0]]
[2025.08.04-20.07.20:960][  0]LogConfig: Setting CVar [[r.SSR.HalfResSceneColor:1]]
[2025.08.04-20.07.20:960][  0]LogConfig: Setting CVar [[r.SceneColorFormat:3]]
[2025.08.04-20.07.20:960][  0]LogConfig: Setting CVar [[r.DetailMode:0]]
[2025.08.04-20.07.20:960][  0]LogConfig: Setting CVar [[r.TranslucencyVolumeBlur:0]]
[2025.08.04-20.07.20:960][  0]LogConfig: Setting CVar [[r.MaterialQualityLevel:0 ; Low quality]]
[2025.08.04-20.07.20:960][  0]LogConfig: Setting CVar [[r.AnisotropicMaterials:0]]
[2025.08.04-20.07.20:960][  0]LogConfig: Setting CVar [[r.SSS.Scale:0]]
[2025.08.04-20.07.20:960][  0]LogConfig: Setting CVar [[r.SSS.SampleSet:0]]
[2025.08.04-20.07.20:960][  0]LogConfig: Setting CVar [[r.SSS.Quality:0]]
[2025.08.04-20.07.20:960][  0]LogConfig: Setting CVar [[r.SSS.HalfRes:1]]
[2025.08.04-20.07.20:960][  0]LogConfig: Setting CVar [[r.SSGI.Quality:0]]
[2025.08.04-20.07.20:960][  0]LogConfig: Setting CVar [[r.EmitterSpawnRateScale:0.125]]
[2025.08.04-20.07.20:960][  0]LogConfig: Setting CVar [[r.ParticleLightQuality:0]]
[2025.08.04-20.07.20:960][  0]LogConfig: Setting CVar [[r.SkyAtmosphere.AerialPerspectiveLUT.FastApplyOnOpaque:1 ; Always have FastSkyLUT 1 in this case to avoid wrong sky]]
[2025.08.04-20.07.20:960][  0]LogConfig: Setting CVar [[r.SkyAtmosphere.AerialPerspectiveLUT.SampleCountMaxPerSlice:1]]
[2025.08.04-20.07.20:960][  0]LogConfig: Setting CVar [[r.SkyAtmosphere.AerialPerspectiveLUT.DepthResolution:8.0]]
[2025.08.04-20.07.20:960][  0]LogConfig: Setting CVar [[r.SkyAtmosphere.FastSkyLUT:1]]
[2025.08.04-20.07.20:960][  0]LogConfig: Setting CVar [[r.SkyAtmosphere.FastSkyLUT.SampleCountMin:2.0]]
[2025.08.04-20.07.20:960][  0]LogConfig: Setting CVar [[r.SkyAtmosphere.FastSkyLUT.SampleCountMax:16.0]]
[2025.08.04-20.07.20:960][  0]LogConfig: Setting CVar [[r.SkyAtmosphere.SampleCountMin:2.0]]
[2025.08.04-20.07.20:960][  0]LogConfig: Setting CVar [[r.SkyAtmosphere.SampleCountMax:16.0]]
[2025.08.04-20.07.20:960][  0]LogConfig: Setting CVar [[r.SkyAtmosphere.TransmittanceLUT.UseSmallFormat:1]]
[2025.08.04-20.07.20:960][  0]LogConfig: Setting CVar [[r.SkyAtmosphere.TransmittanceLUT.SampleCount:10.0]]
[2025.08.04-20.07.20:960][  0]LogConfig: Setting CVar [[r.SkyAtmosphere.MultiScatteringLUT.SampleCount:15.0]]
[2025.08.04-20.07.20:960][  0]LogConfig: Setting CVar [[r.SkyLight.RealTimeReflectionCapture:0]]
[2025.08.04-20.07.20:960][  0]LogConfig: Applying CVar settings from Section [FoliageQuality@0] File [C:/Users/felipe.lanfranchi/Documents/TCC/Sorry/Saved/Config/Windows/Scalability.ini]
[2025.08.04-20.07.20:960][  0]LogConfig: Setting CVar [[foliage.DensityScale:0]]
[2025.08.04-20.07.20:960][  0]LogConfig: Setting CVar [[grass.DensityScale:0]]
[2025.08.04-20.07.20:960][  0]LogConfig: Applying CVar settings from Section [ShadingQuality@0] File [C:/Users/felipe.lanfranchi/Documents/TCC/Sorry/Saved/Config/Windows/Scalability.ini]
[2025.08.04-20.07.20:960][  0]LogConfig: Setting CVar [[r.HairStrands.SkyLighting.IntegrationType:2]]
[2025.08.04-20.07.20:960][  0]LogConfig: Setting CVar [[r.HairStrands.SkyAO.SampleCount:4]]
[2025.08.04-20.07.20:960][  0]LogConfig: Setting CVar [[r.HairStrands.Visibility.MSAA.SamplePerPixel:1]]
[2025.08.04-20.07.20:960][  0]LogConfig: Applying CVar settings from Section [Startup] File [../../../Engine/Config/ConsoleVariables.ini]
[2025.08.04-20.07.20:960][  0]LogConfig: Setting CVar [[net.UseAdaptiveNetUpdateFrequency:0]]
[2025.08.04-20.07.20:960][  0]LogConfig: Setting CVar [[p.chaos.AllowCreatePhysxBodies:1]]
[2025.08.04-20.07.20:960][  0]LogConfig: Setting CVar [[fx.SkipVectorVMBackendOptimizations:1]]
[2025.08.04-20.07.20:960][  0]LogConfig: Applying CVar settings from Section [ConsoleVariables] File [C:/Users/felipe.lanfranchi/Documents/TCC/Sorry/Saved/Config/Windows/Engine.ini]
[2025.08.04-20.07.20:960][  0]LogConfig: Applying CVar settings from Section [ConsoleVariables] File [C:/Users/felipe.lanfranchi/Documents/TCC/Sorry/Saved/Config/Windows/Editor.ini]
[2025.08.04-20.07.20:960][  0]LogInit: Computer: SGS1-D03
[2025.08.04-20.07.20:960][  0]LogInit: User: felipelanfranchi
[2025.08.04-20.07.20:960][  0]LogInit: CPU Page size=4096, Cores=6
[2025.08.04-20.07.20:960][  0]LogInit: High frequency timer resolution =10.000000 MHz
[2025.08.04-20.07.20:960][  0]LogMemory: Memory total: Physical=15.9GB (16GB approx)
[2025.08.04-20.07.20:960][  0]LogMemory: Platform Memory Stats for Windows
[2025.08.04-20.07.20:960][  0]LogMemory: Process Physical Memory: 144.88 MB used, 144.89 MB peak
[2025.08.04-20.07.20:960][  0]LogMemory: Process Virtual Memory: 131.77 MB used, 131.77 MB peak
[2025.08.04-20.07.20:960][  0]LogMemory: Physical Memory: 5643.79 MB used,  10592.68 MB free, 16236.47 MB total
[2025.08.04-20.07.20:960][  0]LogMemory: Virtual Memory: 134202224.00 MB used,  15504.02 MB free, 134217728.00 MB total
[2025.08.04-20.07.20:964][  0]LogWindows: WindowsPlatformFeatures enabled
[2025.08.04-20.07.20:996][  0]LogInit: Physics initialised using underlying interface: PhysX
[2025.08.04-20.07.20:997][  0]LogInit: Using OS detected language (pt-BR).
[2025.08.04-20.07.20:997][  0]LogInit: Using OS detected locale (pt-BR).
[2025.08.04-20.07.21:016][  0]LogTextLocalizationResource: LocRes '../../../Engine/Content/Localization/Editor/pt/Editor.locres' could not be opened for reading!
[2025.08.04-20.07.21:016][  0]LogTextLocalizationResource: LocRes '../../../Engine/Content/Localization/EditorTutorials/pt/EditorTutorials.locres' could not be opened for reading!
[2025.08.04-20.07.21:016][  0]LogTextLocalizationResource: LocRes '../../../Engine/Content/Localization/Keywords/pt/Keywords.locres' could not be opened for reading!
[2025.08.04-20.07.21:016][  0]LogTextLocalizationResource: LocRes '../../../Engine/Content/Localization/Category/pt/Category.locres' could not be opened for reading!
[2025.08.04-20.07.21:016][  0]LogTextLocalizationResource: LocRes '../../../Engine/Content/Localization/ToolTips/pt/ToolTips.locres' could not be opened for reading!
[2025.08.04-20.07.21:016][  0]LogTextLocalizationResource: LocRes '../../../Engine/Content/Localization/PropertyNames/pt/PropertyNames.locres' could not be opened for reading!
[2025.08.04-20.07.21:016][  0]LogTextLocalizationResource: LocRes '../../../Engine/Content/Localization/Engine/pt/Engine.locres' could not be opened for reading!
[2025.08.04-20.07.21:016][  0]LogTextLocalizationResource: LocRes '../../../Engine/Plugins/Online/OnlineSubsystem/Content/Localization/OnlineSubsystem/pt/OnlineSubsystem.locres' could not be opened for reading!
[2025.08.04-20.07.21:016][  0]LogTextLocalizationResource: LocRes '../../../Engine/Plugins/Online/OnlineSubsystemUtils/Content/Localization/OnlineSubsystemUtils/pt/OnlineSubsystemUtils.locres' could not be opened for reading!
[2025.08.04-20.07.21:016][  0]LogTextLocalizationResource: LocRes '../../../Engine/Plugins/Online/Android/OnlineSubsystemGooglePlay/Content/Localization/OnlineSubsystemGooglePlay/pt/OnlineSubsystemGooglePlay.locres' could not be opened for reading!
[2025.08.04-20.07.21:016][  0]LogTextLocalizationResource: LocRes '../../../Engine/Plugins/Online/IOS/OnlineSubsystemIOS/Content/Localization/OnlineSubsystemIOS/pt/OnlineSubsystemIOS.locres' could not be opened for reading!
[2025.08.04-20.07.21:024][  0]LogInit: Setting process to per monitor DPI aware
[2025.08.04-20.07.21:033][  0]LogWindowsTextInputMethodSystem: Display: IME system deactivated.
[2025.08.04-20.07.21:042][  0]LogSlate: New Slate User Created.  User Index 0, Is Virtual User: 0
[2025.08.04-20.07.21:042][  0]LogSlate: Slate User Registered.  User Index 0, Is Virtual User: 0
[2025.08.04-20.07.21:154][  0]LogD3D11RHI: Loaded GFSDK_Aftermath_Lib.x64.dll
[2025.08.04-20.07.21:155][  0]LogHMD: Failed to initialize OpenVR with code 110
[2025.08.04-20.07.21:155][  0]LogD3D11RHI: D3D11 min allowed feature level: 11_0
[2025.08.04-20.07.21:155][  0]LogD3D11RHI: D3D11 max allowed feature level: 11_0
[2025.08.04-20.07.21:155][  0]LogD3D11RHI: D3D11 adapters:
[2025.08.04-20.07.21:316][  0]LogD3D11RHI:    0. 'NVIDIA GeForce RTX 3050' (Feature Level 11_0)
[2025.08.04-20.07.21:316][  0]LogD3D11RHI:       6002/0/8118 MB DedicatedVideo/DedicatedSystem/SharedSystem, Outputs:1, VendorId:0x10de
[2025.08.04-20.07.21:318][  0]LogD3D11RHI:    1. 'Microsoft Basic Render Driver' (Feature Level 11_0)
[2025.08.04-20.07.21:318][  0]LogD3D11RHI:       0/0/8118 MB DedicatedVideo/DedicatedSystem/SharedSystem, Outputs:0, VendorId:0x1414
[2025.08.04-20.07.21:318][  0]LogD3D11RHI: Chosen D3D11 Adapter:
[2025.08.04-20.07.21:318][  0]LogD3D11RHI:     Description : NVIDIA GeForce RTX 3050
[2025.08.04-20.07.21:318][  0]LogD3D11RHI:     VendorId    : 10de
[2025.08.04-20.07.21:318][  0]LogD3D11RHI:     DeviceId    : 2584
[2025.08.04-20.07.21:318][  0]LogD3D11RHI:     SubSysId    : 41691458
[2025.08.04-20.07.21:318][  0]LogD3D11RHI:     Revision    : 00a1
[2025.08.04-20.07.21:318][  0]LogD3D11RHI:     DedicatedVideoMemory : 6293553152 bytes
[2025.08.04-20.07.21:318][  0]LogD3D11RHI:     DedicatedSystemMemory : 0 bytes
[2025.08.04-20.07.21:318][  0]LogD3D11RHI:     SharedSystemMemory : 8512585728 bytes
[2025.08.04-20.07.21:318][  0]LogD3D11RHI:     AdapterLuid : 0 48906
[2025.08.04-20.07.21:321][  0]LogD3D11RHI: Creating new Direct3DDevice
[2025.08.04-20.07.21:321][  0]LogD3D11RHI:     GPU DeviceId: 0x2584 (for the marketing name, search the web for "GPU Device Id")
[2025.08.04-20.07.21:321][  0]LogWindows: EnumDisplayDevices:
[2025.08.04-20.07.21:321][  0]LogWindows:    0. 'NVIDIA GeForce RTX 3050' (P:1 D:1)
[2025.08.04-20.07.21:322][  0]LogWindows:    1. 'NVIDIA GeForce RTX 3050' (P:0 D:0)
[2025.08.04-20.07.21:322][  0]LogWindows:    2. 'NVIDIA GeForce RTX 3050' (P:0 D:0)
[2025.08.04-20.07.21:322][  0]LogWindows:    3. 'NVIDIA GeForce RTX 3050' (P:0 D:0)
[2025.08.04-20.07.21:322][  0]LogWindows: DebugString: FoundDriverCount:4 
[2025.08.04-20.07.21:322][  0]LogD3D11RHI:     Adapter Name: NVIDIA GeForce RTX 3050
[2025.08.04-20.07.21:322][  0]LogD3D11RHI:   Driver Version: 577.00 (internal:32.0.15.7700, unified:577.00)
[2025.08.04-20.07.21:322][  0]LogD3D11RHI:      Driver Date: 7-14-2025
[2025.08.04-20.07.21:322][  0]LogRHI: Texture pool is 4201 MB (70% of 6002 MB)
[2025.08.04-20.07.21:322][  0]LogD3D11RHI: Creating D3DDevice using adapter:
[2025.08.04-20.07.21:322][  0]LogD3D11RHI:     Description : NVIDIA GeForce RTX 3050
[2025.08.04-20.07.21:322][  0]LogD3D11RHI:     VendorId    : 10de
[2025.08.04-20.07.21:322][  0]LogD3D11RHI:     DeviceId    : 2584
[2025.08.04-20.07.21:322][  0]LogD3D11RHI:     SubSysId    : 41691458
[2025.08.04-20.07.21:322][  0]LogD3D11RHI:     Revision    : 00a1
[2025.08.04-20.07.21:322][  0]LogD3D11RHI:     DedicatedVideoMemory : 6293553152 bytes
[2025.08.04-20.07.21:322][  0]LogD3D11RHI:     DedicatedSystemMemory : 0 bytes
[2025.08.04-20.07.21:322][  0]LogD3D11RHI:     SharedSystemMemory : 8512585728 bytes
[2025.08.04-20.07.21:322][  0]LogD3D11RHI:     AdapterLuid : 0 48906
[2025.08.04-20.07.21:439][  0]LogD3D11RHI: RHI has support for 64 bit atomics
[2025.08.04-20.07.21:439][  0]LogD3D11RHI: Async texture creation enabled
[2025.08.04-20.07.21:439][  0]LogD3D11RHI: Array index from any shader is supported
[2025.08.04-20.07.21:451][  0]LogD3D11RHI: GPU Timing Frequency: 1000.000000 (Debug: 2 1)
[2025.08.04-20.07.21:482][  0]LogRHI: GeForceNow SDK initialized: 1
[2025.08.04-20.07.21:701][  0]LogTargetPlatformManager: Display: Loaded TargetPlatform 'AllDesktop'
[2025.08.04-20.07.21:718][  0]LogTargetPlatformManager: Display: Loaded TargetPlatform 'Android'
[2025.08.04-20.07.21:718][  0]LogTargetPlatformManager: Display: Loaded TargetPlatform 'Android_ASTC'
[2025.08.04-20.07.21:718][  0]LogTargetPlatformManager: Display: Loaded TargetPlatform 'Android_DXT'
[2025.08.04-20.07.21:718][  0]LogTargetPlatformManager: Display: Loaded TargetPlatform 'Android_ETC2'
[2025.08.04-20.07.21:718][  0]LogTargetPlatformManager: Display: Loaded TargetPlatform 'AndroidClient'
[2025.08.04-20.07.21:718][  0]LogTargetPlatformManager: Display: Loaded TargetPlatform 'Android_ASTCClient'
[2025.08.04-20.07.21:718][  0]LogTargetPlatformManager: Display: Loaded TargetPlatform 'Android_DXTClient'
[2025.08.04-20.07.21:718][  0]LogTargetPlatformManager: Display: Loaded TargetPlatform 'Android_ETC2Client'
[2025.08.04-20.07.21:718][  0]LogTargetPlatformManager: Display: Loaded TargetPlatform 'Android_Multi'
[2025.08.04-20.07.21:718][  0]LogTargetPlatformManager: Display: Loaded TargetPlatform 'Android_MultiClient'
[2025.08.04-20.07.21:732][  0]LogTargetPlatformManager: Display: Loaded TargetPlatform 'IOSClient'
[2025.08.04-20.07.21:732][  0]LogTargetPlatformManager: Display: Loaded TargetPlatform 'IOS'
[2025.08.04-20.07.21:740][  0]LogTargetPlatformManager: Display: Loaded TargetPlatform 'Linux'
[2025.08.04-20.07.21:743][  0]LogTargetPlatformManager: Display: Loaded TargetPlatform 'LinuxNoEditor'
[2025.08.04-20.07.21:747][  0]LogTargetPlatformManager: Display: Loaded TargetPlatform 'LinuxClient'
[2025.08.04-20.07.21:750][  0]LogTargetPlatformManager: Display: Loaded TargetPlatform 'LinuxServer'
[2025.08.04-20.07.21:758][  0]LogTargetPlatformManager: Display: Loaded TargetPlatform 'LinuxAArch64NoEditor'
[2025.08.04-20.07.21:760][  0]LogTargetPlatformManager: Display: Loaded TargetPlatform 'LinuxAArch64Client'
[2025.08.04-20.07.21:763][  0]LogTargetPlatformManager: Display: Loaded TargetPlatform 'LinuxAArch64Server'
[2025.08.04-20.07.21:783][  0]LogTargetPlatformManager: Display: Loaded TargetPlatform 'Lumin'
[2025.08.04-20.07.21:783][  0]LogTargetPlatformManager: Display: Loaded TargetPlatform 'LuminClient'
[2025.08.04-20.07.21:789][  0]LogTargetPlatformManager: Display: Loaded TargetPlatform 'MacNoEditor'
[2025.08.04-20.07.21:793][  0]LogTargetPlatformManager: Display: Loaded TargetPlatform 'Mac'
[2025.08.04-20.07.21:796][  0]LogTargetPlatformManager: Display: Loaded TargetPlatform 'MacClient'
[2025.08.04-20.07.21:799][  0]LogTargetPlatformManager: Display: Loaded TargetPlatform 'MacServer'
[2025.08.04-20.07.21:807][  0]LogTargetPlatformManager: Display: Loaded TargetPlatform 'TVOSClient'
[2025.08.04-20.07.21:807][  0]LogTargetPlatformManager: Display: Loaded TargetPlatform 'TVOS'
[2025.08.04-20.07.21:814][  0]LogTargetPlatformManager: Display: Loaded TargetPlatform 'WindowsNoEditor'
[2025.08.04-20.07.21:817][  0]LogTargetPlatformManager: Display: Loaded TargetPlatform 'Windows'
[2025.08.04-20.07.21:821][  0]LogTargetPlatformManager: Display: Loaded TargetPlatform 'WindowsClient'
[2025.08.04-20.07.21:824][  0]LogTargetPlatformManager: Display: Loaded TargetPlatform 'WindowsServer'
[2025.08.04-20.07.21:824][  0]LogTargetPlatformManager: Display: Building Assets For Windows
[2025.08.04-20.07.21:829][  0]LogAudioDebug: Display: Lib vorbis DLL was dynamically loaded.
[2025.08.04-20.07.21:852][  0]LogTextureFormatOodle: Display: Oodle Texture 2.9.0 init RDO Off
[2025.08.04-20.07.21:874][  0]LogRendererCore: Ray tracing is disabled. Reason: r.RayTracing=0.
[2025.08.04-20.07.21:874][  0]LogShaderCompilers: Guid format shader working directory is -4 characters bigger than the processId version (../../../../../../Users/felipe.lanfranchi/Documents/TCC/Sorry/Intermediate/Shaders/WorkingDirectory/12116/).
[2025.08.04-20.07.21:874][  0]LogShaderCompilers: Cleaned the shader compiler working directory 'C:/Users/felipe.lanfranchi/AppData/Local/Temp/UnrealShaderWorkingDir/AE9C4A4F4A98461F5025289D8FD4E525/'.
[2025.08.04-20.07.21:875][  0]LogXGEController: Cannot use XGE Controller as Incredibuild is not installed on this machine.
[2025.08.04-20.07.21:875][  0]LogShaderCompilers: Cannot use XGE Shader Compiler as Incredibuild is not installed on this machine.
[2025.08.04-20.07.21:875][  0]LogShaderCompilers: Display: Using Local Shader Compiler.
[2025.08.04-20.07.22:545][  0]LogDerivedDataCache: Display: Max Cache Size: 512 MB
[2025.08.04-20.07.22:591][  0]LogDerivedDataCache: Loaded boot cache 0.05s 94MB C:/Users/felipe.lanfranchi/AppData/Local/UnrealEngine/4.27/DerivedDataCache/Boot.ddc.
[2025.08.04-20.07.22:591][  0]LogDerivedDataCache: Display: Loaded Boot cache: C:/Users/felipe.lanfranchi/AppData/Local/UnrealEngine/4.27/DerivedDataCache/Boot.ddc
[2025.08.04-20.07.22:591][  0]LogDerivedDataCache: FDerivedDataBackendGraph:  Pak pak cache file ../../../../../../Users/felipe.lanfranchi/Documents/TCC/Sorry/DerivedDataCache/DDC.ddp not found, will not use a pak cache.
[2025.08.04-20.07.22:591][  0]LogDerivedDataCache: Unable to find inner node Pak for hierarchical cache Hierarchy.
[2025.08.04-20.07.22:591][  0]LogDerivedDataCache: FDerivedDataBackendGraph:  CompressedPak pak cache file ../../../../../../Users/felipe.lanfranchi/Documents/TCC/Sorry/DerivedDataCache/Compressed.ddp not found, will not use a pak cache.
[2025.08.04-20.07.22:591][  0]LogDerivedDataCache: Unable to find inner node CompressedPak for hierarchical cache Hierarchy.
[2025.08.04-20.07.22:606][  0]LogDerivedDataCache: Display: Pak cache opened for reading ../../../Engine/DerivedDataCache/Compressed.ddp.
[2025.08.04-20.07.22:606][  0]LogDerivedDataCache: FDerivedDataBackendGraph:  EnterprisePak pak cache file ../../../Enterprise/DerivedDataCache/Compressed.ddp not found, will not use a pak cache.
[2025.08.04-20.07.22:606][  0]LogDerivedDataCache: Unable to find inner node EnterprisePak for hierarchical cache Hierarchy.
[2025.08.04-20.07.22:611][  0]LogDerivedDataCache: Speed tests for C:/Users/felipe.lanfranchi/AppData/Local/UnrealEngine/Common/DerivedDataCache took 0.01 seconds
[2025.08.04-20.07.22:611][  0]LogDerivedDataCache: Display: Performance to C:/Users/felipe.lanfranchi/AppData/Local/UnrealEngine/Common/DerivedDataCache: Latency=0.02ms. RandomReadSpeed=1316.46MBs, RandomWriteSpeed=213.03MBs. Assigned SpeedClass 'Local'
[2025.08.04-20.07.22:612][  0]LogDerivedDataCache: Using Local data cache path C:/Users/felipe.lanfranchi/AppData/Local/UnrealEngine/Common/DerivedDataCache: Writable
[2025.08.04-20.07.22:612][  0]LogDerivedDataCache: Shared data cache path not found in *engine.ini, will not use an Shared cache.
[2025.08.04-20.07.22:612][  0]LogDerivedDataCache: Unable to find inner node Shared for hierarchical cache Hierarchy.
[2025.08.04-20.07.22:656][  0]LogSlate: Using FreeType 2.10.0
[2025.08.04-20.07.22:656][  0]LogSlate: SlateFontServices - WITH_FREETYPE: 1, WITH_HARFBUZZ: 1
[2025.08.04-20.07.22:675][  0]LogAssetRegistry: FAssetRegistry took 0.0022 seconds to start up
[2025.08.04-20.07.22:984][  0]LogInit: Selected Device Profile: [Windows]
[2025.08.04-20.07.22:984][  0]LogInit: Active device profile: [000001F50EE08900][000001F50D349980 49] Windows
[2025.08.04-20.07.22:984][  0]LogInit: Profiles: [000001F50EE08900][000001F50D349980 49] Windows, [000001F50EDBB800][000001F50F6D1B00 49] WindowsNoEditor, [000001F50EE0B500][000001F50F6D4100 49] WindowsServer, [000001F50EDB8E00][000001F50F6D8280 49] WindowsClient, [000001F50EE0B800][000001F50F6DC400 49] IOS, [000001F50EDBA800][000001F50F6E0580 49] iPadAir, [000001F50EE0A000][000001F50F6E4700 49] iPadAir2, [000001F50ED6CA00][000001F50F6E8940 49] IPadPro, [000001F50ED6CB00][000001F50D34C980 49] iPadAir3, [000001F50EDB9800][000001F50F6ECAC0 49] iPadAir4, [000001F50ED6F400][000001F50F6F4C40 49] iPadMini2, [000001F50EDBAA00][000001F50F6F8DC0 49] iPadMini3, [000001F50ED6D700][000001F50F6FCF40 49] iPadMini4, [000001F50EE09000][000001F50F7010C0 49] iPadMini5, [000001F50ED74300][000001F50F709380 49] iPhone6, [000001F50ED74400][000001F50F7053C0 49] iPodTouch6, [000001F50ED6F600][000001F50F711680 49] iPhone7, [000001F50ED6D800][000001F50F70D6C0 49] iPodTouch7, [000001F50ED77F00][000001F50F715840 49] iPhone5S, [000001F50EDBA300][000001F50F7199C0 49] iPhone6Plus, [000001F50ED6C200][000001F50F71DB40 49] iPhone6S, [000001F50EDBA200][000001F50F720140 49] iPhone6SPlus, [000001F50ED6FC00][000001F50F7242C0 49] iPhone7Plus, [000001F50EDB8100][000001F50F728440 49] iPhoneSE, [000001F50ED6F500][000001F50F72C5C0 49] iPhone8, [000001F50EDB9E00][000001F50F730740 49] iPhone8Plus, [000001F50ED6D000][000001F50F7348C0 49] iPhoneX, [000001F50EDB8A00][000001F50F6F0A00 49] iPhoneXS, [000001F50ED6D200][000001F50F738B40 49] iPhoneXSMax, [000001F50EDB9500][000001F50F73CC80 49] iPhoneXR, [000001F50ED6F700][000001F50F740DC0 49] iPhone11, [000001F50EDB8D00][000001F50F748F40 49] iPhone11Pro, [000001F50ED6F800][000001F50F74D0C0 49] iPhone11ProMax, [000001F50EDB8F00][000001F50F751240 49] iPhoneSE2, [000001F50ED6EE00][000001F50F7553C0 49] iPhone12Mini, [000001F50EDBB100][000001F50F759540 49] iPhone12, [000001F50ED6EB00][000001F50F75D6C0 49] iPhone12Pro, [000001F50EDB8800][000001F50F771840 49] iPhone12ProMax, [000001F50ED6E300][000001F50F7759C0 49] iPadPro105, [000001F50EDBAF00][000001F50F779B40 49] iPadPro129, [000001F50ED6E000][000001F50F77C140 49] iPadPro97, [000001F50EDB9300][000001F50F7802C0 49] iPadPro2_129, [000001F50ED6DA00][000001F50F784440 49] iPad5, [000001F50EDB9A00][000001F50F7885C0 49] iPad6, [000001F50ED6E800][000001F50F78C740 49] iPad7, [000001F50EDB8C00][000001F50F7908C0 49] iPad8, [000001F50ED6F200][000001F50F794A40 49] iPadPro11, [000001F50EDB9600][000001F50F744B80 49] iPadPro2_11, [000001F50ED6DC00][000001F50F798CC0 49] iPadPro3_129, [000001F50EDBB900][000001F50F79CE00 49] iPadPro4_129, [000001F50ED6D500][000001F50F7A0F40 49] AppleTV, [000001F50EDB8300][000001F50F7A90C0 49] AppleTV4K, [000001F50ED6C100][000001F50F7AD240 49] TVOS, [000001F50EDBA400][000001F50F7B13C0 49] Mac, [000001F50ED6E100][000001F50F7B5540 49] MacClient, [000001F50EDBB400][000001F50F7B96C0 49] MacNoEditor, [000001F50ED6DF00][000001F50F7BD840 49] MacServer, [000001F50EDB8600][000001F50F7C19C0 49] Linux, [000001F50ED6E200][000001F50F7C5B40 49] LinuxAArch64, [000001F50EDBB600][000001F50F7C8140 49] LinuxNoEditor, [000001F50ED6DD00][000001F50F7CC2C0 49] LinuxAArch64NoEditor, [000001F50EDB9400][000001F50F7D0440 49] LinuxClient, [000001F50ED6F100][000001F50F7D45C0 49] LinuxAArch64Client, [000001F50EDB9900][000001F50F7D8740 49] LinuxServer, [000001F50ED6F000][000001F50F7DC8C0 49] LinuxAArch64Server, [000001F50EDBA600][000001F50F7E0A40 49] Android, [000001F50ED6C700][000001F50F7E4BC0 49] Android_Low, [000001F50EDB9B00][000001F50F7E8D40 49] Android_Mid, [000001F50EE0BA00][000001F50F7A4E80 49] Android_High, [000001F50ED75C00][000001F50F7ECFC0 49] Android_Default, [000001F50EE0A100][000001F50F7F1100 49] Android_Adreno4xx, [000001F50ED76700][000001F50F7F9280 49] Android_Adreno5xx_Low, [000001F50EE08B00][000001F50F7FD400 49] Android_Adreno5xx, [000001F50ED76D00][000001F50F801580 49] Android_Adreno6xx, [000001F50EE09200][000001F50F805700 49] Android_Adreno6xx_Vulkan, [000001F50ED76800][000001F50F809880 49] Android_Mali_T6xx, [000001F50EE0B200][000001F50F80DA00 49] Android_Mali_T7xx, [000001F50ED76E00][000001F50F811B80 49] Android_Mali_T8xx, [000001F50EE0A500][000001F50F814180 49] Android_Mali_G71, [000001F50ED77E00][000001F50F818300 49] Android_Mali_G72, [000001F50EE0AA00][000001F50F81C480 49] Android_Mali_G72_Vulkan, [000001F50ED75B00][000001F50F820600 49] Android_Mali_G76, [000001F50EE09B00][000001F50F824780 49] Android_Mali_G76_Vulkan, [000001F50ED77D00][000001F50F828900 49] Android_Mali_G77, [000001F50EE0AD00][000001F50F82CA80 49] Android_Mali_G77_Vulkan, [000001F50ED77900][000001F50F830C00 49] Android_Mali_G78, [000001F50EE08D00][000001F50F834D80 49] Android_Mali_G78_Vulkan, [000001F50ED74500][000001F50F838F00 49] Android_Mali_G710, [000001F50EE0AB00][000001F50F7F5040 49] Android_Mali_G710_Vulkan, [000001F50ED77500][000001F50F83D180 49] Android_Vulkan_SM5, [000001F50EE0B400][000001F50F8412C0 49] Android_PowerVR_G6xxx, [000001F50ED76400][000001F50F849440 49] Android_PowerVR_GT7xxx, [000001F50EE0BC00][000001F50F84D5C0 49] Android_PowerVR_GE8xxx, [000001F50ED76200][000001F50F851740 49] Android_PowerVR_GM9xxx, [000001F50EE0B000][000001F50F8558C0 49] Android_PowerVR_GM9xxx_Vulkan, [000001F50ED75500][000001F50F859A40 49] Android_TegraK1, [000001F50EE09100][000001F50F85DBC0 49] Android_Unknown_Vulkan, [000001F50EDBBD00][000001F50F8601C0 49] Lumin, [000001F50EE0A900][000001F50F864340 49] Lumin_Desktop, [000001F50EDBBE00][000001F50F8684C0 49] HoloLens, 
[2025.08.04-20.07.23:157][  0]LogMeshReduction: Using QuadricMeshReduction for automatic static mesh reduction
[2025.08.04-20.07.23:157][  0]LogMeshReduction: Using SimplygonMeshReduction for automatic skeletal mesh reduction
[2025.08.04-20.07.23:157][  0]LogMeshReduction: Using ProxyLODMeshReduction for automatic mesh merging
[2025.08.04-20.07.23:157][  0]LogMeshReduction: No distributed automatic mesh merging module available
[2025.08.04-20.07.23:157][  0]LogMeshMerging: No distributed automatic mesh merging module available
[2025.08.04-20.07.23:174][  0]LogNetVersion: Sorry 1.0.0, NetCL: 17155196, EngineNetVer: 17, GameNetVer: 0 (Checksum: 3363201869)
[2025.08.04-20.07.23:631][  0]LogTexture: Default maximum texture size for cubemaps generated from long-lat sources has been changed from 512 to unlimited. In order to preserve old behaiour for '/Engine/MapTemplates/Sky/DaylightAmbientCubemap.DaylightAmbientCubemap', its maximum texture size has been explicitly set to 512.
[2025.08.04-20.07.23:713][  0]LogHMD: PokeAHoleMaterial loaded successfully
[2025.08.04-20.07.23:721][  0]LogUObjectArray: 17178 objects as part of root set at end of initial load.
[2025.08.04-20.07.23:721][  0]LogUObjectAllocator: 4302048 out of 0 bytes used by permanent object pool.
[2025.08.04-20.07.23:721][  0]LogUObjectArray: CloseDisregardForGC: 0/0 objects in disregard for GC pool
[2025.08.04-20.07.23:920][  0]LogNiagaraDebuggerClient: Niagara Debugger Client Initialized | Session: 2E6063E34922E4EF7772CF83A308FA5F | Instance: 132D477244708CCF2ADFA184C663B45C (SGS1-D03-12116).
[2025.08.04-20.07.24:094][  0]LogPython: Using Python 3.7.7
[2025.08.04-20.07.24:869][  0]LogUdpMessaging: Initializing bridge on interface 0.0.0.0:0 to multicast group 230.0.0.1:6666.
[2025.08.04-20.07.24:875][  0]LogTcpMessaging: Initializing TcpMessaging bridge
[2025.08.04-20.07.24:987][  0]SourceControl: Controle de origem desativado
[2025.08.04-20.07.24:987][  0]SourceControl: Controle de origem desativado
[2025.08.04-20.07.24:990][  0]SourceControl: Controle de origem desativado
[2025.08.04-20.07.24:994][  0]SourceControl: Controle de origem desativado
[2025.08.04-20.07.24:996][  0]SourceControl: Controle de origem desativado
[2025.08.04-20.07.25:003][  0]LogUProjectInfo: Found projects:
[2025.08.04-20.07.25:154][  0]LogOpenImageDenoise: OIDN starting up
[2025.08.04-20.07.25:193][  0]LogAndroidPermission: UAndroidPermissionCallbackProxy::GetInstance
[2025.08.04-20.07.25:209][  0]LogAudioCaptureCore: Display: No Audio Capture implementations found. Audio input will be silent.
[2025.08.04-20.07.25:209][  0]LogAudioCaptureCore: Display: No Audio Capture implementations found. Audio input will be silent.
[2025.08.04-20.07.25:303][  0]LogCollectionManager: Loaded 0 collections in 0.001159 seconds
[2025.08.04-20.07.25:321][  0]LogFileCache: Scanning file cache for directory 'C:/Users/felipe.lanfranchi/Documents/TCC/Sorry/Saved/Collections/' took 0.00s
[2025.08.04-20.07.25:321][  0]LogFileCache: Scanning file cache for directory 'C:/Users/felipe.lanfranchi/Documents/TCC/Sorry/Content/Developers/felipelanfranchi/Collections/' took 0.00s
[2025.08.04-20.07.25:321][  0]LogFileCache: Scanning file cache for directory 'C:/Users/felipe.lanfranchi/Documents/TCC/Sorry/Content/Collections/' took 0.00s
[2025.08.04-20.07.25:321][  0]LogOcInput: OculusInput pre-init called
[2025.08.04-20.07.25:503][  0]LogEngine: Initializing Engine...
[2025.08.04-20.07.25:559][  0]LogHMD: Failed to enumerate extensions. Please check that you have a valid OpenXR runtime installed.
[2025.08.04-20.07.25:559][  0]LogHMD: Failed to initialize OpenVR with code 110
[2025.08.04-20.07.25:560][  0]LogMagicLeap: Warning: VR disabled because ZI is not enabled.  To enable, in the editor, Edit -> Project Settings -> Plugins -> Magic Leap Plugin -> Enable Zero Iteration
[2025.08.04-20.07.25:560][  0]LogStats: UGameplayTagsManager::InitializeManager -  0.000 s
[2025.08.04-20.07.25:655][  0]LogInit: Initializing FReadOnlyCVARCache
[2025.08.04-20.07.25:661][  0]LogAIModule: Creating AISystem for world Untitled
[2025.08.04-20.07.25:669][  0]LogAudio: Display: Initializing Audio Device Manager...
[2025.08.04-20.07.25:672][  0]LogAudio: Display: Loading Default Audio Settings Objects...
[2025.08.04-20.07.25:672][  0]LogAudio: Display: No default SoundConcurrencyObject specified (or failed to load).
[2025.08.04-20.07.25:673][  0]LogAudio: Display: Audio Device Manager Initialized
[2025.08.04-20.07.25:673][  0]LogAudio: Display: Creating Audio Device:                 Id: 1, Scope: Shared, Realtime: True
[2025.08.04-20.07.25:673][  0]LogAudioMixer: Display: Audio Mixer Platform Settings:
[2025.08.04-20.07.25:673][  0]LogAudioMixer: Display: 	Sample Rate:						  48000
[2025.08.04-20.07.25:673][  0]LogAudioMixer: Display: 	Callback Buffer Frame Size Requested: 1024
[2025.08.04-20.07.25:673][  0]LogAudioMixer: Display: 	Callback Buffer Frame Size To Use:	  1024
[2025.08.04-20.07.25:673][  0]LogAudioMixer: Display: 	Number of buffers to queue:			  2
[2025.08.04-20.07.25:673][  0]LogAudioMixer: Display: 	Max Channels (voices):				  32
[2025.08.04-20.07.25:673][  0]LogAudioMixer: Display: 	Number of Async Source Workers:		  0
[2025.08.04-20.07.25:673][  0]LogAudio: Display: AudioDevice MaxSources: 32
[2025.08.04-20.07.25:673][  0]LogAudio: Display: Audio Spatialization Plugin: None (built-in).
[2025.08.04-20.07.25:673][  0]LogAudio: Display: Audio Reverb Plugin: None (built-in).
[2025.08.04-20.07.25:673][  0]LogAudio: Display: Audio Occlusion Plugin: None (built-in).
[2025.08.04-20.07.25:673][  0]LogAudioMixer: Display: Initializing audio mixer.
[2025.08.04-20.07.25:683][  0]LogAudioMixer: Display: 0: FrontLeft
[2025.08.04-20.07.25:683][  0]LogAudioMixer: Display: 1: FrontRight
[2025.08.04-20.07.25:719][  0]LogAudioMixer: Display: Using Audio Device 22B1WG5 (NVIDIA High Definition Audio)
[2025.08.04-20.07.25:719][  0]LogAudioMixer: Display: Initializing Sound Submixes...
[2025.08.04-20.07.25:721][  0]LogAudioMixer: Display: Creating Master Submix 'MasterSubmixDefault'
[2025.08.04-20.07.25:721][  0]LogAudioMixer: Display: Creating Master Submix 'MasterReverbSubmixDefault'
[2025.08.04-20.07.25:721][  0]LogAudioMixer: Display: Creating Master Submix 'MasterEQSubmixDefault'
[2025.08.04-20.07.25:722][  0]LogAudioMixer: FMixerPlatformXAudio2::StartAudioStream() called
[2025.08.04-20.07.25:722][  0]LogAudioMixer: Display: Output buffers initialized: Frames=1024, Channels=2, Samples=2048
[2025.08.04-20.07.25:722][  0]LogAudioMixer: Display: Starting AudioMixerPlatformInterface::RunInternal()
[2025.08.04-20.07.25:722][  0]LogAudioMixer: Display: FMixerPlatformXAudio2::SubmitBuffer() called for the first time
[2025.08.04-20.07.25:722][  0]LogInit: FAudioDevice initialized.
[2025.08.04-20.07.25:722][  0]LogAudio: Display: Audio Device (ID: 1) registered with world 'Untitled'.
[2025.08.04-20.07.25:722][  0]LogNetVersion: Set ProjectVersion to 1.0.0.0. Version Checksum will be recalculated on next use.
[2025.08.04-20.07.25:767][  0]LogDerivedDataCache: Saved boot cache 0.04s 94MB C:/Users/felipe.lanfranchi/AppData/Local/UnrealEngine/4.27/DerivedDataCache/Boot.ddc.
[2025.08.04-20.07.25:768][  0]LogInit: Texture streaming: Enabled
[2025.08.04-20.07.25:777][  0]LogAnalytics: Display: [UEEditor.Rocket.Release] APIServer = https://datarouter.ol.epicgames.com/. AppVersion = 4.27.2-18319896+++UE4+Release-4.27
[2025.08.04-20.07.25:779][  0]LogEngineSessionManager: EngineSessionManager initialized
[2025.08.04-20.07.25:779][  0]LogEditorSessionSummary: Verbose: Initializing EditorSessionSummaryWriter for editor session tracking
[2025.08.04-20.07.25:781][  0]LogEditorSessionSummary: EditorSessionSummaryWriter initialized
[2025.08.04-20.07.25:798][  0]LogInit: Transaction tracking system initialized
[2025.08.04-20.07.25:814][  0]BlueprintLog: New page: Carregar Editor
[2025.08.04-20.07.25:856][  0]LocalizationService: Localization service is disabled
[2025.08.04-20.07.25:879][  0]TimingProfiler: Initialize
[2025.08.04-20.07.25:879][  0]TimingProfiler: OnSessionChanged
[2025.08.04-20.07.25:879][  0]LoadingProfiler: Initialize
[2025.08.04-20.07.25:879][  0]LoadingProfiler: OnSessionChanged
[2025.08.04-20.07.25:879][  0]NetworkingProfiler: Initialize
[2025.08.04-20.07.25:879][  0]NetworkingProfiler: OnSessionChanged
[2025.08.04-20.07.25:879][  0]MemoryProfiler: Initialize
[2025.08.04-20.07.25:879][  0]MemoryProfiler: OnSessionChanged
[2025.08.04-20.07.26:007][  0]LogCook: Display: CookSettings for Memory: MemoryMaxUsedVirtual 0MiB, MemoryMaxUsedPhysical 16384MiB, MemoryMinFreeVirtual 0MiB, MemoryMinFreePhysical 1024MiB
[2025.08.04-20.07.26:007][  0]LogCook: Display: Mobile HDR setting 1
[2025.08.04-20.07.26:011][  0]LogFileCache: Scanning file cache for directory 'C:/Users/felipe.lanfranchi/Documents/TCC/Sorry/Content/' took 0.01s
[2025.08.04-20.07.26:011][  0]LogLinker: Warning: Error opening file '../../../Engine/Content/BasicShapes/Cube.uasset'.
[2025.08.04-20.07.26:012][  0]LogLinker: Warning: Error opening file '../../../Engine/Content/BasicShapes/Cube.uasset'.
[2025.08.04-20.07.26:012][  0]LogUObjectGlobals: Warning: Falha ao encontrar objeto “StaticMesh /Engine/BasicShapes/Cube.Cube”
[2025.08.04-20.07.26:012][  0]LogLinker: Warning: Error opening file '../../../Engine/Content/BasicShapes/Sphere.uasset'.
[2025.08.04-20.07.26:012][  0]LogLinker: Warning: Error opening file '../../../Engine/Content/BasicShapes/Sphere.uasset'.
[2025.08.04-20.07.26:012][  0]LogUObjectGlobals: Warning: Falha ao encontrar objeto “StaticMesh /Engine/BasicShapes/Sphere.Sphere”
[2025.08.04-20.07.26:289][  0]LogInit: Display: Engine is initialized. Leaving FEngineLoop::Init()
[2025.08.04-20.07.26:292][  0]SourceControl: Controle de origem desativado
[2025.08.04-20.07.26:408][  0]LogSlate: Took 0.000116 seconds to synchronously load lazily loaded font '../../../Engine/Content/Slate/Fonts/Roboto-Regular.ttf' (155K)
[2025.08.04-20.09.23:728][  0]LogSlate: Window 'Restaurar Pacotes' being destroyed
[2025.08.04-20.09.23:728][  0]LogWindowsTextInputMethodSystem: Display: IME system deactivated.
[2025.08.04-20.09.23:737][  0]LogUnrealEdMisc: Loading editor; pre map load, took 123.650
[2025.08.04-20.09.23:738][  0]Cmd: MAP LOAD FILE="../../../../../../Users/felipe.lanfranchi/Documents/TCC/Sorry/Content/StarterContent/Maps/Minimal_Default.umap" TEMPLATE=0 SHOWPROGRESS=1 FEATURELEVEL=3
[2025.08.04-20.09.23:746][  0]LightingResults: New page: Compilação de Iluminação
[2025.08.04-20.09.23:748][  0]LogWorld: UWorld::CleanupWorld for Untitled, bSessionEnded=true, bCleanupResources=true
[2025.08.04-20.09.23:748][  0]LogSlate: InvalidateAllWidgets triggered.  All widgets were invalidated
[2025.08.04-20.09.23:748][  0]MapCheck: New page: Verificação de Mapa
[2025.08.04-20.09.23:748][  0]LightingResults: New page: Compilação de Iluminação
[2025.08.04-20.09.23:752][  0]LogAudio: Display: Audio Device unregistered from world 'None'.
[2025.08.04-20.09.23:755][  0]LogUObjectHash: Compacting FUObjectHashTables data took   0.79ms
[2025.08.04-20.09.24:069][  0]LogAudio: Display: Audio Device (ID: 1) registered with world 'Minimal_Default'.
[2025.08.04-20.09.24:070][  0]LogAIModule: Creating AISystem for world Minimal_Default
[2025.08.04-20.09.24:075][  0]LogEditorServer: Finished looking for orphan Actors (0.000 secs)
[2025.08.04-20.09.24:081][  0]LogUObjectHash: Compacting FUObjectHashTables data took   0.77ms
[2025.08.04-20.09.24:081][  0]Cmd: MAP CHECKDEP NOCLEARLOG
[2025.08.04-20.09.24:081][  0]MapCheck: Map check complete: 0 Error(s), 0 Warning(s), took 0,129ms to complete.
[2025.08.04-20.09.24:081][  0]LogFileHelpers: Loading map 'Minimal_Default' took 0.344
[2025.08.04-20.09.24:083][  0]LogUnrealEdMisc: Total Editor Startup Time, took 123.996
[2025.08.04-20.09.24:102][  0]LogWindowsTextInputMethodSystem: Display: IME system deactivated.
[2025.08.04-20.09.24:176][  0]LogSlate: Updating window title bar state: overlay mode, drag disabled, window buttons hidden, title bar hidden
[2025.08.04-20.09.24:182][  0]LogSlate: Updating window title bar state: overlay mode, drag disabled, window buttons hidden, title bar hidden
[2025.08.04-20.09.24:187][  0]LogSlate: Updating window title bar state: overlay mode, drag disabled, window buttons hidden, title bar hidden
[2025.08.04-20.09.24:192][  0]LogSlate: Updating window title bar state: overlay mode, drag disabled, window buttons hidden, title bar hidden
[2025.08.04-20.09.24:224][  0]LogNativeClassHierarchy: Verbose: Native class hierarchy populated in 0.0083 seconds. Added 3822 classes and 928 folders.
[2025.08.04-20.09.24:229][  0]LogNativeClassHierarchy: Verbose: Native class hierarchy updated for 'WidgetCarousel' in 0.0002 seconds. Added 0 classes and 0 folders.
[2025.08.04-20.09.24:242][  0]LogPakFile: PakFile PrimaryIndexSize=187
[2025.08.04-20.09.24:242][  0]LogPakFile: PakFile PathHashIndexSize=101
[2025.08.04-20.09.24:242][  0]LogPakFile: PakFile FullDirectoryIndexSize=148
[2025.08.04-20.09.24:242][  0]LogShaderLibrary: Display: ShaderCodeLibraryPakFileMountedCallback: PakFile 'C:/Program Files/Epic Games/UE_4.27/FeaturePacks/FP_FirstPerson.upack' (chunk index -1, root 'root:/') mounted
[2025.08.04-20.09.24:242][  0]LogShaderLibrary: Display: ShaderCodeLibraryPakFileMountedCallback: pending pak file info (ChunkID:-1 Root:root:/ File:C:/Program Files/Epic Games/UE_4.27/FeaturePacks/FP_FirstPerson.upack)
[2025.08.04-20.09.24:242][  0]LogPakFile: OnPakFileMounted2Time == 0.000049
[2025.08.04-20.09.24:254][  0]LogPakFile: PakFile PrimaryIndexSize=189
[2025.08.04-20.09.24:254][  0]LogPakFile: PakFile PathHashIndexSize=101
[2025.08.04-20.09.24:254][  0]LogPakFile: PakFile FullDirectoryIndexSize=152
[2025.08.04-20.09.24:254][  0]LogShaderLibrary: Display: ShaderCodeLibraryPakFileMountedCallback: PakFile 'C:/Program Files/Epic Games/UE_4.27/FeaturePacks/FP_FirstPersonBP.upack' (chunk index -1, root 'root:/') mounted
[2025.08.04-20.09.24:254][  0]LogShaderLibrary: Display: ShaderCodeLibraryPakFileMountedCallback: pending pak file info (ChunkID:-1 Root:root:/ File:C:/Program Files/Epic Games/UE_4.27/FeaturePacks/FP_FirstPersonBP.upack)
[2025.08.04-20.09.24:254][  0]LogPakFile: OnPakFileMounted2Time == 0.000041
[2025.08.04-20.09.24:262][  0]LogPakFile: PakFile PrimaryIndexSize=191
[2025.08.04-20.09.24:262][  0]LogPakFile: PakFile PathHashIndexSize=101
[2025.08.04-20.09.24:262][  0]LogPakFile: PakFile FullDirectoryIndexSize=160
[2025.08.04-20.09.24:262][  0]LogShaderLibrary: Display: ShaderCodeLibraryPakFileMountedCallback: PakFile 'C:/Program Files/Epic Games/UE_4.27/FeaturePacks/MobileStarterContent.upack' (chunk index -1, root 'root:/') mounted
[2025.08.04-20.09.24:262][  0]LogShaderLibrary: Display: ShaderCodeLibraryPakFileMountedCallback: pending pak file info (ChunkID:-1 Root:root:/ File:C:/Program Files/Epic Games/UE_4.27/FeaturePacks/MobileStarterContent.upack)
[2025.08.04-20.09.24:262][  0]LogPakFile: OnPakFileMounted2Time == 0.000035
[2025.08.04-20.09.24:268][  0]LogPakFile: PakFile PrimaryIndexSize=185
[2025.08.04-20.09.24:268][  0]LogPakFile: PakFile PathHashIndexSize=101
[2025.08.04-20.09.24:268][  0]LogPakFile: PakFile FullDirectoryIndexSize=148
[2025.08.04-20.09.24:268][  0]LogShaderLibrary: Display: ShaderCodeLibraryPakFileMountedCallback: PakFile 'C:/Program Files/Epic Games/UE_4.27/FeaturePacks/StarterContent.upack' (chunk index -1, root 'root:/') mounted
[2025.08.04-20.09.24:268][  0]LogShaderLibrary: Display: ShaderCodeLibraryPakFileMountedCallback: pending pak file info (ChunkID:-1 Root:root:/ File:C:/Program Files/Epic Games/UE_4.27/FeaturePacks/StarterContent.upack)
[2025.08.04-20.09.24:268][  0]LogPakFile: OnPakFileMounted2Time == 0.000040
[2025.08.04-20.09.24:275][  0]LogPakFile: PakFile PrimaryIndexSize=190
[2025.08.04-20.09.24:275][  0]LogPakFile: PakFile PathHashIndexSize=101
[2025.08.04-20.09.24:275][  0]LogPakFile: PakFile FullDirectoryIndexSize=154
[2025.08.04-20.09.24:275][  0]LogShaderLibrary: Display: ShaderCodeLibraryPakFileMountedCallback: PakFile 'C:/Program Files/Epic Games/UE_4.27/FeaturePacks/TP_2DSideScroller.upack' (chunk index -1, root 'root:/') mounted
[2025.08.04-20.09.24:275][  0]LogShaderLibrary: Display: ShaderCodeLibraryPakFileMountedCallback: pending pak file info (ChunkID:-1 Root:root:/ File:C:/Program Files/Epic Games/UE_4.27/FeaturePacks/TP_2DSideScroller.upack)
[2025.08.04-20.09.24:275][  0]LogPakFile: OnPakFileMounted2Time == 0.000034
[2025.08.04-20.09.24:281][  0]LogPakFile: PakFile PrimaryIndexSize=192
[2025.08.04-20.09.24:281][  0]LogPakFile: PakFile PathHashIndexSize=101
[2025.08.04-20.09.24:281][  0]LogPakFile: PakFile FullDirectoryIndexSize=158
[2025.08.04-20.09.24:281][  0]LogShaderLibrary: Display: ShaderCodeLibraryPakFileMountedCallback: PakFile 'C:/Program Files/Epic Games/UE_4.27/FeaturePacks/TP_2DSideScrollerBP.upack' (chunk index -1, root 'root:/') mounted
[2025.08.04-20.09.24:281][  0]LogShaderLibrary: Display: ShaderCodeLibraryPakFileMountedCallback: pending pak file info (ChunkID:-1 Root:root:/ File:C:/Program Files/Epic Games/UE_4.27/FeaturePacks/TP_2DSideScrollerBP.upack)
[2025.08.04-20.09.24:281][  0]LogPakFile: OnPakFileMounted2Time == 0.000042
[2025.08.04-20.09.24:287][  0]LogPakFile: PakFile PrimaryIndexSize=182
[2025.08.04-20.09.24:287][  0]LogPakFile: PakFile PathHashIndexSize=101
[2025.08.04-20.09.24:287][  0]LogPakFile: PakFile FullDirectoryIndexSize=138
[2025.08.04-20.09.24:287][  0]LogShaderLibrary: Display: ShaderCodeLibraryPakFileMountedCallback: PakFile 'C:/Program Files/Epic Games/UE_4.27/FeaturePacks/TP_Flying.upack' (chunk index -1, root 'root:/') mounted
[2025.08.04-20.09.24:287][  0]LogShaderLibrary: Display: ShaderCodeLibraryPakFileMountedCallback: pending pak file info (ChunkID:-1 Root:root:/ File:C:/Program Files/Epic Games/UE_4.27/FeaturePacks/TP_Flying.upack)
[2025.08.04-20.09.24:287][  0]LogPakFile: OnPakFileMounted2Time == 0.000035
[2025.08.04-20.09.24:294][  0]LogPakFile: PakFile PrimaryIndexSize=184
[2025.08.04-20.09.24:294][  0]LogPakFile: PakFile PathHashIndexSize=101
[2025.08.04-20.09.24:294][  0]LogPakFile: PakFile FullDirectoryIndexSize=142
[2025.08.04-20.09.24:294][  0]LogShaderLibrary: Display: ShaderCodeLibraryPakFileMountedCallback: PakFile 'C:/Program Files/Epic Games/UE_4.27/FeaturePacks/TP_FlyingBP.upack' (chunk index -1, root 'root:/') mounted
[2025.08.04-20.09.24:294][  0]LogShaderLibrary: Display: ShaderCodeLibraryPakFileMountedCallback: pending pak file info (ChunkID:-1 Root:root:/ File:C:/Program Files/Epic Games/UE_4.27/FeaturePacks/TP_FlyingBP.upack)
[2025.08.04-20.09.24:294][  0]LogPakFile: OnPakFileMounted2Time == 0.000035
[2025.08.04-20.09.24:303][  0]LogPakFile: PakFile PrimaryIndexSize=188
[2025.08.04-20.09.24:303][  0]LogPakFile: PakFile PathHashIndexSize=101
[2025.08.04-20.09.24:303][  0]LogPakFile: PakFile FullDirectoryIndexSize=150
[2025.08.04-20.09.24:303][  0]LogShaderLibrary: Display: ShaderCodeLibraryPakFileMountedCallback: PakFile 'C:/Program Files/Epic Games/UE_4.27/FeaturePacks/TP_HandheldARBP.upack' (chunk index -1, root 'root:/') mounted
[2025.08.04-20.09.24:303][  0]LogShaderLibrary: Display: ShaderCodeLibraryPakFileMountedCallback: pending pak file info (ChunkID:-1 Root:root:/ File:C:/Program Files/Epic Games/UE_4.27/FeaturePacks/TP_HandheldARBP.upack)
[2025.08.04-20.09.24:303][  0]LogPakFile: OnPakFileMounted2Time == 0.000038
[2025.08.04-20.09.24:311][  0]LogPakFile: PakFile PrimaryIndexSize=182
[2025.08.04-20.09.24:311][  0]LogPakFile: PakFile PathHashIndexSize=101
[2025.08.04-20.09.24:311][  0]LogPakFile: PakFile FullDirectoryIndexSize=138
[2025.08.04-20.09.24:311][  0]LogShaderLibrary: Display: ShaderCodeLibraryPakFileMountedCallback: PakFile 'C:/Program Files/Epic Games/UE_4.27/FeaturePacks/TP_Puzzle.upack' (chunk index -1, root 'root:/') mounted
[2025.08.04-20.09.24:311][  0]LogShaderLibrary: Display: ShaderCodeLibraryPakFileMountedCallback: pending pak file info (ChunkID:-1 Root:root:/ File:C:/Program Files/Epic Games/UE_4.27/FeaturePacks/TP_Puzzle.upack)
[2025.08.04-20.09.24:311][  0]LogPakFile: OnPakFileMounted2Time == 0.000035
[2025.08.04-20.09.24:317][  0]LogPakFile: PakFile PrimaryIndexSize=184
[2025.08.04-20.09.24:317][  0]LogPakFile: PakFile PathHashIndexSize=101
[2025.08.04-20.09.24:317][  0]LogPakFile: PakFile FullDirectoryIndexSize=142
[2025.08.04-20.09.24:317][  0]LogShaderLibrary: Display: ShaderCodeLibraryPakFileMountedCallback: PakFile 'C:/Program Files/Epic Games/UE_4.27/FeaturePacks/TP_PuzzleBP.upack' (chunk index -1, root 'root:/') mounted
[2025.08.04-20.09.24:317][  0]LogShaderLibrary: Display: ShaderCodeLibraryPakFileMountedCallback: pending pak file info (ChunkID:-1 Root:root:/ File:C:/Program Files/Epic Games/UE_4.27/FeaturePacks/TP_PuzzleBP.upack)
[2025.08.04-20.09.24:317][  0]LogPakFile: OnPakFileMounted2Time == 0.000033
[2025.08.04-20.09.24:325][  0]LogPakFile: PakFile PrimaryIndexSize=183
[2025.08.04-20.09.24:325][  0]LogPakFile: PakFile PathHashIndexSize=101
[2025.08.04-20.09.24:325][  0]LogPakFile: PakFile FullDirectoryIndexSize=140
[2025.08.04-20.09.24:325][  0]LogShaderLibrary: Display: ShaderCodeLibraryPakFileMountedCallback: PakFile 'C:/Program Files/Epic Games/UE_4.27/FeaturePacks/TP_Rolling.upack' (chunk index -1, root 'root:/') mounted
[2025.08.04-20.09.24:325][  0]LogShaderLibrary: Display: ShaderCodeLibraryPakFileMountedCallback: pending pak file info (ChunkID:-1 Root:root:/ File:C:/Program Files/Epic Games/UE_4.27/FeaturePacks/TP_Rolling.upack)
[2025.08.04-20.09.24:325][  0]LogPakFile: OnPakFileMounted2Time == 0.000036
[2025.08.04-20.09.24:332][  0]LogPakFile: PakFile PrimaryIndexSize=185
[2025.08.04-20.09.24:332][  0]LogPakFile: PakFile PathHashIndexSize=101
[2025.08.04-20.09.24:332][  0]LogPakFile: PakFile FullDirectoryIndexSize=144
[2025.08.04-20.09.24:332][  0]LogShaderLibrary: Display: ShaderCodeLibraryPakFileMountedCallback: PakFile 'C:/Program Files/Epic Games/UE_4.27/FeaturePacks/TP_RollingBP.upack' (chunk index -1, root 'root:/') mounted
[2025.08.04-20.09.24:332][  0]LogShaderLibrary: Display: ShaderCodeLibraryPakFileMountedCallback: pending pak file info (ChunkID:-1 Root:root:/ File:C:/Program Files/Epic Games/UE_4.27/FeaturePacks/TP_RollingBP.upack)
[2025.08.04-20.09.24:332][  0]LogPakFile: OnPakFileMounted2Time == 0.000034
[2025.08.04-20.09.24:338][  0]LogPakFile: PakFile PrimaryIndexSize=188
[2025.08.04-20.09.24:338][  0]LogPakFile: PakFile PathHashIndexSize=101
[2025.08.04-20.09.24:338][  0]LogPakFile: PakFile FullDirectoryIndexSize=150
[2025.08.04-20.09.24:338][  0]LogShaderLibrary: Display: ShaderCodeLibraryPakFileMountedCallback: PakFile 'C:/Program Files/Epic Games/UE_4.27/FeaturePacks/TP_SideScroller.upack' (chunk index -1, root 'root:/') mounted
[2025.08.04-20.09.24:338][  0]LogShaderLibrary: Display: ShaderCodeLibraryPakFileMountedCallback: pending pak file info (ChunkID:-1 Root:root:/ File:C:/Program Files/Epic Games/UE_4.27/FeaturePacks/TP_SideScroller.upack)
[2025.08.04-20.09.24:338][  0]LogPakFile: OnPakFileMounted2Time == 0.000034
[2025.08.04-20.09.24:345][  0]LogPakFile: PakFile PrimaryIndexSize=190
[2025.08.04-20.09.24:345][  0]LogPakFile: PakFile PathHashIndexSize=101
[2025.08.04-20.09.24:345][  0]LogPakFile: PakFile FullDirectoryIndexSize=154
[2025.08.04-20.09.24:345][  0]LogShaderLibrary: Display: ShaderCodeLibraryPakFileMountedCallback: PakFile 'C:/Program Files/Epic Games/UE_4.27/FeaturePacks/TP_SideScrollerBP.upack' (chunk index -1, root 'root:/') mounted
[2025.08.04-20.09.24:345][  0]LogShaderLibrary: Display: ShaderCodeLibraryPakFileMountedCallback: pending pak file info (ChunkID:-1 Root:root:/ File:C:/Program Files/Epic Games/UE_4.27/FeaturePacks/TP_SideScrollerBP.upack)
[2025.08.04-20.09.24:345][  0]LogPakFile: OnPakFileMounted2Time == 0.000043
[2025.08.04-20.09.24:352][  0]LogPakFile: PakFile PrimaryIndexSize=187
[2025.08.04-20.09.24:352][  0]LogPakFile: PakFile PathHashIndexSize=101
[2025.08.04-20.09.24:352][  0]LogPakFile: PakFile FullDirectoryIndexSize=148
[2025.08.04-20.09.24:352][  0]LogShaderLibrary: Display: ShaderCodeLibraryPakFileMountedCallback: PakFile 'C:/Program Files/Epic Games/UE_4.27/FeaturePacks/TP_ThirdPerson.upack' (chunk index -1, root 'root:/') mounted
[2025.08.04-20.09.24:352][  0]LogShaderLibrary: Display: ShaderCodeLibraryPakFileMountedCallback: pending pak file info (ChunkID:-1 Root:root:/ File:C:/Program Files/Epic Games/UE_4.27/FeaturePacks/TP_ThirdPerson.upack)
[2025.08.04-20.09.24:352][  0]LogPakFile: OnPakFileMounted2Time == 0.000037
[2025.08.04-20.09.24:358][  0]LogPakFile: PakFile PrimaryIndexSize=189
[2025.08.04-20.09.24:358][  0]LogPakFile: PakFile PathHashIndexSize=101
[2025.08.04-20.09.24:358][  0]LogPakFile: PakFile FullDirectoryIndexSize=152
[2025.08.04-20.09.24:358][  0]LogShaderLibrary: Display: ShaderCodeLibraryPakFileMountedCallback: PakFile 'C:/Program Files/Epic Games/UE_4.27/FeaturePacks/TP_ThirdPersonBP.upack' (chunk index -1, root 'root:/') mounted
[2025.08.04-20.09.24:358][  0]LogShaderLibrary: Display: ShaderCodeLibraryPakFileMountedCallback: pending pak file info (ChunkID:-1 Root:root:/ File:C:/Program Files/Epic Games/UE_4.27/FeaturePacks/TP_ThirdPersonBP.upack)
[2025.08.04-20.09.24:358][  0]LogPakFile: OnPakFileMounted2Time == 0.000033
[2025.08.04-20.09.24:365][  0]LogPakFile: PakFile PrimaryIndexSize=183
[2025.08.04-20.09.24:365][  0]LogPakFile: PakFile PathHashIndexSize=101
[2025.08.04-20.09.24:365][  0]LogPakFile: PakFile FullDirectoryIndexSize=140
[2025.08.04-20.09.24:365][  0]LogShaderLibrary: Display: ShaderCodeLibraryPakFileMountedCallback: PakFile 'C:/Program Files/Epic Games/UE_4.27/FeaturePacks/TP_TopDown.upack' (chunk index -1, root 'root:/') mounted
[2025.08.04-20.09.24:365][  0]LogShaderLibrary: Display: ShaderCodeLibraryPakFileMountedCallback: pending pak file info (ChunkID:-1 Root:root:/ File:C:/Program Files/Epic Games/UE_4.27/FeaturePacks/TP_TopDown.upack)
[2025.08.04-20.09.24:365][  0]LogPakFile: OnPakFileMounted2Time == 0.000043
[2025.08.04-20.09.24:370][  0]LogPakFile: PakFile PrimaryIndexSize=185
[2025.08.04-20.09.24:370][  0]LogPakFile: PakFile PathHashIndexSize=101
[2025.08.04-20.09.24:370][  0]LogPakFile: PakFile FullDirectoryIndexSize=144
[2025.08.04-20.09.24:370][  0]LogShaderLibrary: Display: ShaderCodeLibraryPakFileMountedCallback: PakFile 'C:/Program Files/Epic Games/UE_4.27/FeaturePacks/TP_TopDownBP.upack' (chunk index -1, root 'root:/') mounted
[2025.08.04-20.09.24:370][  0]LogShaderLibrary: Display: ShaderCodeLibraryPakFileMountedCallback: pending pak file info (ChunkID:-1 Root:root:/ File:C:/Program Files/Epic Games/UE_4.27/FeaturePacks/TP_TopDownBP.upack)
[2025.08.04-20.09.24:370][  0]LogPakFile: OnPakFileMounted2Time == 0.000036
[2025.08.04-20.09.24:380][  0]LogPakFile: PakFile PrimaryIndexSize=185
[2025.08.04-20.09.24:380][  0]LogPakFile: PakFile PathHashIndexSize=101
[2025.08.04-20.09.24:380][  0]LogPakFile: PakFile FullDirectoryIndexSize=144
[2025.08.04-20.09.24:380][  0]LogShaderLibrary: Display: ShaderCodeLibraryPakFileMountedCallback: PakFile 'C:/Program Files/Epic Games/UE_4.27/FeaturePacks/TP_TwinStick.upack' (chunk index -1, root 'root:/') mounted
[2025.08.04-20.09.24:380][  0]LogShaderLibrary: Display: ShaderCodeLibraryPakFileMountedCallback: pending pak file info (ChunkID:-1 Root:root:/ File:C:/Program Files/Epic Games/UE_4.27/FeaturePacks/TP_TwinStick.upack)
[2025.08.04-20.09.24:380][  0]LogPakFile: OnPakFileMounted2Time == 0.000033
[2025.08.04-20.09.24:386][  0]LogPakFile: PakFile PrimaryIndexSize=187
[2025.08.04-20.09.24:386][  0]LogPakFile: PakFile PathHashIndexSize=101
[2025.08.04-20.09.24:386][  0]LogPakFile: PakFile FullDirectoryIndexSize=148
[2025.08.04-20.09.24:386][  0]LogShaderLibrary: Display: ShaderCodeLibraryPakFileMountedCallback: PakFile 'C:/Program Files/Epic Games/UE_4.27/FeaturePacks/TP_TwinStickBP.upack' (chunk index -1, root 'root:/') mounted
[2025.08.04-20.09.24:386][  0]LogShaderLibrary: Display: ShaderCodeLibraryPakFileMountedCallback: pending pak file info (ChunkID:-1 Root:root:/ File:C:/Program Files/Epic Games/UE_4.27/FeaturePacks/TP_TwinStickBP.upack)
[2025.08.04-20.09.24:386][  0]LogPakFile: OnPakFileMounted2Time == 0.000035
[2025.08.04-20.09.24:393][  0]LogPakFile: PakFile PrimaryIndexSize=183
[2025.08.04-20.09.24:393][  0]LogPakFile: PakFile PathHashIndexSize=101
[2025.08.04-20.09.24:393][  0]LogPakFile: PakFile FullDirectoryIndexSize=140
[2025.08.04-20.09.24:393][  0]LogShaderLibrary: Display: ShaderCodeLibraryPakFileMountedCallback: PakFile 'C:/Program Files/Epic Games/UE_4.27/FeaturePacks/TP_Vehicle.upack' (chunk index -1, root 'root:/') mounted
[2025.08.04-20.09.24:393][  0]LogShaderLibrary: Display: ShaderCodeLibraryPakFileMountedCallback: pending pak file info (ChunkID:-1 Root:root:/ File:C:/Program Files/Epic Games/UE_4.27/FeaturePacks/TP_Vehicle.upack)
[2025.08.04-20.09.24:393][  0]LogPakFile: OnPakFileMounted2Time == 0.000035
[2025.08.04-20.09.24:400][  0]LogPakFile: PakFile PrimaryIndexSize=186
[2025.08.04-20.09.24:400][  0]LogPakFile: PakFile PathHashIndexSize=101
[2025.08.04-20.09.24:400][  0]LogPakFile: PakFile FullDirectoryIndexSize=146
[2025.08.04-20.09.24:400][  0]LogShaderLibrary: Display: ShaderCodeLibraryPakFileMountedCallback: PakFile 'C:/Program Files/Epic Games/UE_4.27/FeaturePacks/TP_VehicleAdv.upack' (chunk index -1, root 'root:/') mounted
[2025.08.04-20.09.24:400][  0]LogShaderLibrary: Display: ShaderCodeLibraryPakFileMountedCallback: pending pak file info (ChunkID:-1 Root:root:/ File:C:/Program Files/Epic Games/UE_4.27/FeaturePacks/TP_VehicleAdv.upack)
[2025.08.04-20.09.24:400][  0]LogPakFile: OnPakFileMounted2Time == 0.000044
[2025.08.04-20.09.24:408][  0]LogPakFile: PakFile PrimaryIndexSize=188
[2025.08.04-20.09.24:408][  0]LogPakFile: PakFile PathHashIndexSize=101
[2025.08.04-20.09.24:408][  0]LogPakFile: PakFile FullDirectoryIndexSize=150
[2025.08.04-20.09.24:408][  0]LogShaderLibrary: Display: ShaderCodeLibraryPakFileMountedCallback: PakFile 'C:/Program Files/Epic Games/UE_4.27/FeaturePacks/TP_VehicleAdvBP.upack' (chunk index -1, root 'root:/') mounted
[2025.08.04-20.09.24:408][  0]LogShaderLibrary: Display: ShaderCodeLibraryPakFileMountedCallback: pending pak file info (ChunkID:-1 Root:root:/ File:C:/Program Files/Epic Games/UE_4.27/FeaturePacks/TP_VehicleAdvBP.upack)
[2025.08.04-20.09.24:408][  0]LogPakFile: OnPakFileMounted2Time == 0.000035
[2025.08.04-20.09.24:414][  0]LogPakFile: PakFile PrimaryIndexSize=185
[2025.08.04-20.09.24:414][  0]LogPakFile: PakFile PathHashIndexSize=101
[2025.08.04-20.09.24:414][  0]LogPakFile: PakFile FullDirectoryIndexSize=144
[2025.08.04-20.09.24:414][  0]LogShaderLibrary: Display: ShaderCodeLibraryPakFileMountedCallback: PakFile 'C:/Program Files/Epic Games/UE_4.27/FeaturePacks/TP_VehicleBP.upack' (chunk index -1, root 'root:/') mounted
[2025.08.04-20.09.24:414][  0]LogShaderLibrary: Display: ShaderCodeLibraryPakFileMountedCallback: pending pak file info (ChunkID:-1 Root:root:/ File:C:/Program Files/Epic Games/UE_4.27/FeaturePacks/TP_VehicleBP.upack)
[2025.08.04-20.09.24:414][  0]LogPakFile: OnPakFileMounted2Time == 0.000033
[2025.08.04-20.09.24:421][  0]LogPakFile: PakFile PrimaryIndexSize=192
[2025.08.04-20.09.24:421][  0]LogPakFile: PakFile PathHashIndexSize=101
[2025.08.04-20.09.24:421][  0]LogPakFile: PakFile FullDirectoryIndexSize=158
[2025.08.04-20.09.24:421][  0]LogShaderLibrary: Display: ShaderCodeLibraryPakFileMountedCallback: PakFile 'C:/Program Files/Epic Games/UE_4.27/FeaturePacks/TP_VirtualRealityBP.upack' (chunk index -1, root 'root:/') mounted
[2025.08.04-20.09.24:421][  0]LogShaderLibrary: Display: ShaderCodeLibraryPakFileMountedCallback: pending pak file info (ChunkID:-1 Root:root:/ File:C:/Program Files/Epic Games/UE_4.27/FeaturePacks/TP_VirtualRealityBP.upack)
[2025.08.04-20.09.24:421][  0]LogPakFile: OnPakFileMounted2Time == 0.000034
[2025.08.04-20.09.24:599][  0]LogNativeClassHierarchy: Verbose: Native class hierarchy updated for 'AddContentDialog' in 0.0002 seconds. Added 0 classes and 0 folders.
[2025.08.04-20.09.24:603][  0]LogNativeClassHierarchy: Verbose: Native class hierarchy updated for 'SceneOutliner' in 0.0002 seconds. Added 2 classes and 0 folders.
[2025.08.04-20.09.24:659][  0]LogSlate: Took 0.006731 seconds to synchronously load lazily loaded font '../../../Engine/Content/Editor/Slate/Fonts/FontAwesome.ttf' (139K)
[2025.08.04-20.09.24:659][  0]LogSlate: Took 0.000112 seconds to synchronously load lazily loaded font '../../../Engine/Content/Slate/Fonts/Roboto-Bold.ttf' (160K)
[2025.08.04-20.09.24:754][  0]LogRenderer: Reallocating scene render targets to support 1208x572 Format 9 NumSamples 1 (Frame:1).
[2025.08.04-20.09.25:001][  0]LogNativeClassHierarchy: Verbose: Native class hierarchy updated for 'HierarchicalLODOutliner' in 0.0003 seconds. Added 0 classes and 0 folders.
[2025.08.04-20.09.25:001][  0]LogLoad: (Engine Initialization) Total time: 124.91 seconds
[2025.08.04-20.09.25:001][  0]LogLoad: (Engine Initialization) Total Blueprint compile time: 0.00 seconds
[2025.08.04-20.09.25:014][  0]LogLinker: Warning: Error opening file '../../../Engine/Content/BasicShapes/Cube.uasset'.
[2025.08.04-20.09.25:014][  0]LogLinker: Warning: Error opening file '../../../Engine/Content/BasicShapes/Cube.uasset'.
[2025.08.04-20.09.25:014][  0]LogUObjectGlobals: Warning: Falha ao encontrar objeto “StaticMesh /Engine/BasicShapes/Cube.Cube”
[2025.08.04-20.09.25:014][  0]LogLinker: Warning: Error opening file '../../../Engine/Content/BasicShapes/Sphere.uasset'.
[2025.08.04-20.09.25:014][  0]LogLinker: Warning: Error opening file '../../../Engine/Content/BasicShapes/Sphere.uasset'.
[2025.08.04-20.09.25:014][  0]LogUObjectGlobals: Warning: Falha ao encontrar objeto “StaticMesh /Engine/BasicShapes/Sphere.Sphere”
[2025.08.04-20.09.25:037][  0]LogAssetRegistry: Asset discovery search completed in 122.3656 seconds
[2025.08.04-20.09.25:042][  0]LogCollectionManager: Fixed up redirectors for 0 collections in 0.000003 seconds (updated 0 objects)
[2025.08.04-20.09.25:044][  0]LogContentStreaming: Texture pool size now 400 MB
[2025.08.04-20.09.25:056][  1]LogLinker: Warning: Error opening file '../../../Engine/Content/BasicShapes/Cube.uasset'.
[2025.08.04-20.09.25:056][  1]LogLinker: Warning: Error opening file '../../../Engine/Content/BasicShapes/Sphere.uasset'.
[2025.08.04-20.09.25:237][  4]LogSlate: Took 0.006480 seconds to synchronously load lazily loaded font '../../../Engine/Content/Slate/Fonts/Roboto-Light.ttf' (167K)
[2025.08.04-20.09.26:016][ 86]LogSlate: Took 0.000174 seconds to synchronously load lazily loaded font '../../../Engine/Content/Slate/Fonts/Roboto-Light.ttf' (167K)
[2025.08.04-20.09.30:889][512]LogUObjectHash: Compacting FUObjectHashTables data took   0.56ms
[2025.08.04-20.09.30:916][512]LogLinker: Warning: Error opening file '../../../Engine/Content/BasicShapes/Cube.uasset'.
[2025.08.04-20.09.30:916][512]LogLinker: Warning: Error opening file '../../../Engine/Content/BasicShapes/Cube.uasset'.
[2025.08.04-20.09.30:960][512]LogLinker: Warning: Error opening file '../../../Engine/Content/BasicShapes/Cube.uasset'.
[2025.08.04-20.09.30:961][512]LogLinker: Warning: Error opening file '../../../Engine/Content/BasicShapes/Cube.uasset'.
[2025.08.04-20.09.30:962][512]LogLinker: Warning: Error opening file '../../../Engine/Content/BasicShapes/Cube.uasset'.
[2025.08.04-20.09.30:962][512]LogLinker: Warning: Error opening file '../../../Engine/Content/BasicShapes/Cube.uasset'.
[2025.08.04-20.09.30:962][512]LogLinker: Warning: Error opening file '../../../Engine/Content/BasicShapes/Cube.uasset'.
[2025.08.04-20.09.30:962][512]LogLinker: Warning: Error opening file '../../../Engine/Content/BasicShapes/Cube.uasset'.
[2025.08.04-20.09.30:966][512]LogLinker: Warning: Error opening file '../../../Engine/Content/BasicShapes/Cube.uasset'.
[2025.08.04-20.09.30:966][512]LogLinker: Warning: Error opening file '../../../Engine/Content/BasicShapes/Cube.uasset'.
[2025.08.04-20.09.30:966][512]LogLinker: Warning: Error opening file '../../../Engine/Content/BasicShapes/Cube.uasset'.
[2025.08.04-20.09.30:966][512]LogLinker: Warning: Error opening file '../../../Engine/Content/BasicShapes/Cube.uasset'.
[2025.08.04-20.09.30:966][512]LogLinker: Warning: Error opening file '../../../Engine/Content/BasicShapes/Cube.uasset'.
[2025.08.04-20.09.30:966][512]LogLinker: Warning: Error opening file '../../../Engine/Content/BasicShapes/Cube.uasset'.
[2025.08.04-20.09.30:966][512]LogLinker: Warning: Error opening file '../../../Engine/Content/BasicShapes/Cube.uasset'.
[2025.08.04-20.09.30:967][512]LogLinker: Warning: Error opening file '../../../Engine/Content/BasicShapes/Cube.uasset'.
[2025.08.04-20.09.30:967][512]LogLinker: Warning: Error opening file '../../../Engine/Content/BasicShapes/Cube.uasset'.
[2025.08.04-20.09.30:967][512]LogLinker: Warning: Error opening file '../../../Engine/Content/BasicShapes/Cube.uasset'.
[2025.08.04-20.09.30:999][512]LogAssetEditorSubsystem: Opening Asset editor for World /Game/Cenas/Felipe.Felipe
[2025.08.04-20.09.30:999][512]Cmd: MAP LOAD FILE="../../../../../../Users/felipe.lanfranchi/Documents/TCC/Sorry/Content/Cenas/Felipe.umap" TEMPLATE=0 SHOWPROGRESS=1 FEATURELEVEL=3
[2025.08.04-20.09.30:999][512]LightingResults: New page: Compilação de Iluminação
[2025.08.04-20.09.30:999][512]LoadErrors: New page: Carregando mapa: Felipe.umap
[2025.08.04-20.09.31:039][512]LogWorld: UWorld::CleanupWorld for Minimal_Default, bSessionEnded=true, bCleanupResources=true
[2025.08.04-20.09.31:039][512]LogSlate: InvalidateAllWidgets triggered.  All widgets were invalidated
[2025.08.04-20.09.31:039][512]MapCheck: New page: Verificação de Mapa
[2025.08.04-20.09.31:039][512]LightingResults: New page: Compilação de Iluminação
[2025.08.04-20.09.31:044][512]LogAudio: Display: Audio Device unregistered from world 'None'.
[2025.08.04-20.09.31:045][512]LogUObjectHash: Compacting FUObjectHashTables data took   0.70ms
[2025.08.04-20.09.31:045][512]LogAudio: Display: Audio Device (ID: 1) registered with world 'Felipe'.
[2025.08.04-20.09.31:053][512]LogEditorServer: Finished looking for orphan Actors (0.000 secs)
[2025.08.04-20.09.31:053][512]LogAIModule: Creating AISystem for world Felipe
[2025.08.04-20.09.31:060][512]LogUObjectHash: Compacting FUObjectHashTables data took   0.60ms
[2025.08.04-20.09.31:070][512]Cmd: MAP CHECKDEP NOCLEARLOG
[2025.08.04-20.09.31:071][512]MapCheck: Map check complete: 0 Error(s), 0 Warning(s), took 0,106ms to complete.
[2025.08.04-20.09.31:071][512]LogFileHelpers: Loading map 'Felipe' took 0.071
[2025.08.04-20.09.34:336][874]LogEditorViewport: Clicking on Actor (context menu): StaticMeshActor (Shape_Cube10)
[2025.08.04-20.09.35:760][  0]LogEditorViewport: Clicking on Actor (context menu): StaticMeshActor (Shape_Cube10)
[2025.08.04-20.09.36:829][111]LogEditorViewport: Clicking on Actor (context menu): StaticMeshActor (Shape_Cube2)
[2025.08.04-20.09.37:634][184]LogEditorViewport: Clicking on Actor (LMB): StaticMeshActor (Shape_Cube10)
[2025.08.04-20.10.02:787][190]LogEditorViewport: Clicking on Actor (LMB): StaticMeshActor (Shape_Cube10)
[2025.08.04-20.10.24:071][629]LogEditorViewport: Clicking on Actor (context menu): StaticMeshActor (Shape_Cube2)
[2025.08.04-20.10.25:061][725]LogEditorViewport: Clicking on Actor (context menu): StaticMeshActor (Shape_Cube10)
[2025.08.04-20.10.26:112][824]LogEditorViewport: Clicking on Actor (context menu): StaticMeshActor (Shape_Cube4)
[2025.08.04-20.10.27:197][930]LogEditorViewport: Clicking on Actor (LMB): StaticMeshActor (Shape_Cube10)
[2025.08.04-20.10.34:805][839]LogEditorViewport: Clicking on Actor (context menu): StaticMeshActor (Shape_Cube10)
[2025.08.04-20.10.35:654][921]LogEditorViewport: Clicking on Actor (context menu): StaticMeshActor (Shape_Cube2)
[2025.08.04-20.10.56:471][267]LogSlate: Took 0.007944 seconds to synchronously load lazily loaded font '../../../Engine/Content/Slate/Fonts/Roboto-Italic.ttf' (157K)
[2025.08.04-20.12.03:397][ 74]LogEditorViewport: Clicking on Actor (context menu): BP_Sky_Sphere_C (BP_Sky_Sphere)
[2025.08.04-20.12.18:256][812]LogUObjectHash: Compacting FUObjectHashTables data took   0.60ms
[2025.08.04-20.12.18:283][812]LogAssetEditorSubsystem: Opening Asset editor for World /Game/Cenas/Felipe.Felipe
[2025.08.04-20.12.18:284][812]Cmd: MAP LOAD FILE="../../../../../../Users/felipe.lanfranchi/Documents/TCC/Sorry/Content/Cenas/Felipe.umap" TEMPLATE=0 SHOWPROGRESS=1 FEATURELEVEL=3
[2025.08.04-20.12.18:284][812]LightingResults: New page: Compilação de Iluminação
[2025.08.04-20.12.18:284][812]LoadErrors: New page: Carregando mapa: Felipe.umap
[2025.08.04-20.12.18:307][812]LogWorld: UWorld::CleanupWorld for Felipe, bSessionEnded=true, bCleanupResources=true
[2025.08.04-20.12.18:307][812]LogSlate: InvalidateAllWidgets triggered.  All widgets were invalidated
[2025.08.04-20.12.18:307][812]MapCheck: New page: Verificação de Mapa
[2025.08.04-20.12.18:307][812]LightingResults: New page: Compilação de Iluminação
[2025.08.04-20.12.18:311][812]LogAudio: Display: Audio Device unregistered from world 'None'.
[2025.08.04-20.12.18:313][812]LogUObjectHash: Compacting FUObjectHashTables data took   0.68ms
[2025.08.04-20.12.18:314][812]LogLinker: Warning: Error opening file '../../../Engine/Content/BasicShapes/Cube.uasset'.
[2025.08.04-20.12.18:314][812]LogLinker: Warning: Error opening file '../../../Engine/Content/BasicShapes/Cube.uasset'.
[2025.08.04-20.12.18:314][812]LogLinker: Warning: Error opening file '../../../Engine/Content/BasicShapes/Cube.uasset'.
[2025.08.04-20.12.18:315][812]LogLinker: Warning: Error opening file '../../../Engine/Content/BasicShapes/Cube.uasset'.
[2025.08.04-20.12.18:315][812]LogLinker: Warning: Error opening file '../../../Engine/Content/BasicShapes/Cube.uasset'.
[2025.08.04-20.12.18:315][812]LogLinker: Warning: Error opening file '../../../Engine/Content/BasicShapes/Cube.uasset'.
[2025.08.04-20.12.18:315][812]LogLinker: Warning: Error opening file '../../../Engine/Content/BasicShapes/Cube.uasset'.
[2025.08.04-20.12.18:316][812]LogLinker: Warning: Error opening file '../../../Engine/Content/BasicShapes/Cube.uasset'.
[2025.08.04-20.12.18:317][812]LogLinker: Warning: Error opening file '../../../Engine/Content/BasicShapes/Cube.uasset'.
[2025.08.04-20.12.18:317][812]LogLinker: Warning: Error opening file '../../../Engine/Content/BasicShapes/Cube.uasset'.
[2025.08.04-20.12.18:317][812]LogLinker: Warning: Error opening file '../../../Engine/Content/BasicShapes/Cube.uasset'.
[2025.08.04-20.12.18:318][812]LogLinker: Warning: Error opening file '../../../Engine/Content/BasicShapes/Cube.uasset'.
[2025.08.04-20.12.18:318][812]LogLinker: Warning: Error opening file '../../../Engine/Content/BasicShapes/Cube.uasset'.
[2025.08.04-20.12.18:318][812]LogLinker: Warning: Error opening file '../../../Engine/Content/BasicShapes/Cube.uasset'.
[2025.08.04-20.12.18:318][812]LogLinker: Warning: Error opening file '../../../Engine/Content/BasicShapes/Cube.uasset'.
[2025.08.04-20.12.18:318][812]LogLinker: Warning: Error opening file '../../../Engine/Content/BasicShapes/Cube.uasset'.
[2025.08.04-20.12.18:318][812]LogLinker: Warning: Error opening file '../../../Engine/Content/BasicShapes/Cube.uasset'.
[2025.08.04-20.12.18:318][812]LogLinker: Warning: Error opening file '../../../Engine/Content/BasicShapes/Cube.uasset'.
[2025.08.04-20.12.18:320][812]LogAudio: Display: Audio Device (ID: 1) registered with world 'Felipe'.
[2025.08.04-20.12.18:320][812]LogAIModule: Creating AISystem for world Felipe
[2025.08.04-20.12.18:324][812]LogEditorServer: Finished looking for orphan Actors (0.000 secs)
[2025.08.04-20.12.18:331][812]LogUObjectHash: Compacting FUObjectHashTables data took   0.60ms
[2025.08.04-20.12.18:341][812]Cmd: MAP CHECKDEP NOCLEARLOG
[2025.08.04-20.12.18:341][812]MapCheck: Map check complete: 0 Error(s), 0 Warning(s), took 0,105ms to complete.
[2025.08.04-20.12.18:341][812]LogFileHelpers: Loading map 'Felipe' took 0.058
[2025.08.04-20.12.20:478][ 49]LogEditorViewport: Clicking on Actor (LMB): TextRenderActor (TextRenderActor3)
[2025.08.04-20.14.12:842][265]LogEditorViewport: Clicking on Actor (LMB): StaticMeshActor (Shape_Cube2)
[2025.08.04-20.14.14:513][462]LogEditorViewport: Clicking on Actor (context menu): StaticMeshActor (Shape_Cube2)
[2025.08.04-20.14.15:360][543]LogEditorViewport: Clicking on Actor (context menu): StaticMeshActor (Shape_Cube2)
[2025.08.04-20.14.16:850][698]LogEditorViewport: Clicking on Actor (LMB): StaticMeshActor (Shape_Cube2)
[2025.08.04-20.14.19:754][ 41]LogEditorViewport: Clicking on Actor (context menu): StaticMeshActor (Shape_Cube2)
[2025.08.04-20.14.20:365][ 99]LogEditorViewport: Clicking on Actor (LMB): StaticMeshActor (Shape_Cube10)
[2025.08.04-20.14.20:802][148]Cmd: POLY SELECT ALL
[2025.08.04-20.14.25:298][687]LogEditorViewport: Clicking on Actor (context menu): StaticMeshActor (Shape_Cube3)
[2025.08.04-20.14.25:987][746]LogEditorViewport: Clicking on Actor (LMB): BP_Sky_Sphere_C (BP_Sky_Sphere)
[2025.08.04-20.14.28:269][ 16]LogWindowsTextInputMethodSystem: Display: IME system deactivated.
[2025.08.04-20.14.28:269][ 16]LogWindowsTextInputMethodSystem: Display: IME system deactivated.
[2025.08.04-20.14.35:508][882]LogEditorViewport: Clicking on Actor (double click): StaticMeshActor (Shape_Cube3)
[2025.08.04-20.14.44:888][991]LogEditorViewport: Clicking on Actor (LMB): BP_Sky_Sphere_C (BP_Sky_Sphere)
[2025.08.04-20.14.49:971][570]LogEditorViewport: Clicking on Actor (context menu): BP_Sky_Sphere_C (BP_Sky_Sphere)
[2025.08.04-20.14.50:770][644]LogEditorViewport: Clicking on Actor (LMB): BP_Sky_Sphere_C (BP_Sky_Sphere)
[2025.08.04-20.14.52:983][898]LogEditorViewport: Clicking on Actor (context menu): BP_Sky_Sphere_C (BP_Sky_Sphere)
[2025.08.04-20.14.53:633][960]LogEditorViewport: Clicking on Actor (context menu): BP_Sky_Sphere_C (BP_Sky_Sphere)
[2025.08.04-20.14.57:816][429]LogEditorViewport: Clicking on Actor (LMB): BP_Sky_Sphere_C (BP_Sky_Sphere)
[2025.08.04-20.15.00:106][702]LogEditorViewport: Clicking on Actor (LMB): BP_Sky_Sphere_C (BP_Sky_Sphere)
[2025.08.04-20.15.01:463][864]LogEditorViewport: Clicking on Actor (LMB): BP_Sky_Sphere_C (BP_Sky_Sphere)
[2025.08.04-20.15.01:838][909]LogEditorViewport: Clicking on Component (LMB): StaticMeshComponent (SkySphereMesh)
[2025.08.04-20.15.02:259][955]LogEditorViewport: Clicking on Component (LMB): StaticMeshComponent (SkySphereMesh)
[2025.08.04-20.15.14:441][372]LogEditorViewport: Clicking Background
[2025.08.04-20.15.33:728][686]LogEditorViewport: Clicking on Actor (context menu): BP_Sky_Sphere_C (BP_Sky_Sphere)
[2025.08.04-20.15.34:413][745]LogEditorViewport: Clicking Background
[2025.08.04-20.15.50:985][662]LogEditorViewport: Clicking on Actor (LMB): BP_Sky_Sphere_C (BP_Sky_Sphere)
[2025.08.04-20.15.51:650][739]LogEditorViewport: Clicking Background
[2025.08.04-20.16.00:258][771]LogEditorViewport: Clicking on Actor (LMB): BP_Sky_Sphere_C (BP_Sky_Sphere)
[2025.08.04-20.16.10:850][ 40]LogEditorViewport: Clicking Background
[2025.08.04-20.16.14:157][436]Cmd: TRANSACTION UNDO
[2025.08.04-20.16.14:157][436]LogEditorTransaction: Undo Clicando no Fundo
[2025.08.04-20.16.15:418][520]Cmd: TRANSACTION UNDO
[2025.08.04-20.16.15:418][520]LogEditorTransaction: Undo Clicando nos Atores
[2025.08.04-20.16.15:895][566]Cmd: TRANSACTION UNDO
[2025.08.04-20.16.15:895][566]LogEditorTransaction: Undo Clicando no Fundo
[2025.08.04-20.16.16:352][611]Cmd: TRANSACTION UNDO
[2025.08.04-20.16.16:352][611]LogEditorTransaction: Undo Clicando nos Atores
[2025.08.04-20.16.16:743][650]Cmd: TRANSACTION UNDO
[2025.08.04-20.16.16:743][650]LogEditorTransaction: Undo Clicando no Fundo
[2025.08.04-20.16.17:152][690]Cmd: TRANSACTION UNDO
[2025.08.04-20.16.17:152][690]LogEditorTransaction: Undo Clicando nos Atores (menu de contexto)
[2025.08.04-20.16.17:535][725]Cmd: TRANSACTION UNDO
[2025.08.04-20.16.17:535][725]LogEditorTransaction: Undo Clicando no Fundo
[2025.08.04-20.16.18:279][801]Cmd: TRANSACTION UNDO
[2025.08.04-20.16.18:279][801]LogEditorTransaction: Undo Move World Outliner Items
[2025.08.04-20.16.19:020][880]Cmd: TRANSACTION UNDO
[2025.08.04-20.16.19:020][880]LogEditorTransaction: Undo Clicking on Components
[2025.08.04-20.16.19:855][970]Cmd: TRANSACTION UNDO
[2025.08.04-20.16.19:855][970]LogEditorTransaction: Undo Clicando nos Atores
[2025.08.04-20.16.20:505][ 35]Cmd: TRANSACTION UNDO
[2025.08.04-20.16.20:506][ 35]LogEditorTransaction: Undo Clicando nos Atores (duplo clique)
[2025.08.04-20.16.20:930][ 76]Cmd: TRANSACTION UNDO
[2025.08.04-20.16.20:930][ 76]LogEditorTransaction: Undo Clicando nos Atores
[2025.08.04-20.16.21:265][102]Cmd: TRANSACTION UNDO
[2025.08.04-20.16.21:265][102]LogEditorTransaction: Undo Clicando nos Atores (menu de contexto)
[2025.08.04-20.16.21:548][128]Cmd: TRANSACTION UNDO
[2025.08.04-20.16.21:548][128]LogEditorTransaction: Undo Selecionar Todos
[2025.08.04-20.16.24:509][464]Cmd: TRANSACTION UNDO
[2025.08.04-20.16.24:509][464]LogEditorTransaction: Undo Clicando nos Atores
[2025.08.04-20.16.38:727][ 71]LogEditorViewport: Clicking Background
[2025.08.04-20.16.47:130][ 60]LogEditorViewport: Clicking Background
[2025.08.04-20.16.55:167][ 23]LogEditorViewport: Clicking Background
[2025.08.04-20.16.57:688][324]LogEditorViewport: Clicking Background
[2025.08.04-20.17.16:612][594]LogEditorViewport: Clicking Background
[2025.08.04-20.17.26:799][775]Cmd: CAMERA ALIGN ACTIVEVIEWPORTONLY
[2025.08.04-20.17.26:799][775]Can't find target actor or component.
[2025.08.04-20.17.36:544][866]Cmd: CAMERA ALIGN ACTIVEVIEWPORTONLY
[2025.08.04-20.17.36:544][866]Can't find target actor or component.
[2025.08.04-20.17.56:657][125]Cmd: STAT FPS
[2025.08.04-20.17.59:384][430]Cmd: STAT FPS
[2025.08.04-20.18.06:890][239]Cmd: CAMERA ALIGN ACTIVEVIEWPORTONLY
[2025.08.04-20.18.06:890][239]Can't find target actor or component.
[2025.08.04-20.18.07:241][281]Cmd: CAMERA ALIGN ACTIVEVIEWPORTONLY
[2025.08.04-20.18.07:241][281]Can't find target actor or component.
[2025.08.04-20.18.07:440][305]Cmd: CAMERA ALIGN ACTIVEVIEWPORTONLY
[2025.08.04-20.18.07:440][305]Can't find target actor or component.
[2025.08.04-20.18.07:632][328]Cmd: CAMERA ALIGN ACTIVEVIEWPORTONLY
[2025.08.04-20.18.07:632][328]Can't find target actor or component.
[2025.08.04-20.18.07:841][353]Cmd: CAMERA ALIGN ACTIVEVIEWPORTONLY
[2025.08.04-20.18.07:841][353]Can't find target actor or component.
[2025.08.04-20.18.08:466][416]Cmd: CAMERA ALIGN ACTIVEVIEWPORTONLY
[2025.08.04-20.18.08:466][416]Can't find target actor or component.
[2025.08.04-20.18.08:707][438]Cmd: CAMERA ALIGN ACTIVEVIEWPORTONLY
[2025.08.04-20.18.08:707][438]Can't find target actor or component.
[2025.08.04-20.18.08:898][461]Cmd: CAMERA ALIGN ACTIVEVIEWPORTONLY
[2025.08.04-20.18.08:898][461]Can't find target actor or component.
[2025.08.04-20.18.10:801][688]LogEditorViewport: Clicking on Actor (context menu): BP_Sky_Sphere_C (BP_Sky_Sphere)
[2025.08.04-20.18.28:032][353]LogUObjectHash: Compacting FUObjectHashTables data took   0.89ms
