Log file open, 09/01/25 17:43:24
LogWindows: Failed to load 'aqProf.dll' (GetLastError=126)
LogWindows: File 'aqProf.dll' does not exist
LogWindows: Failed to load 'VtuneApi.dll' (GetLastError=126)
LogWindows: File 'VtuneApi.dll' does not exist
LogWindows: Failed to load 'VtuneApi32e.dll' (GetLastError=126)
LogWindows: File 'VtuneApi32e.dll' does not exist
LogConsoleResponse: Display: Failed to find resolution value strings in scalability ini. Falling back to default.
LogConsoleResponse: Display: Failed to find resolution value strings in scalability ini. Falling back to default.
LogInit: Display: Running engine for game: Sorry
LogPlatformFile: Not using cached read wrapper
LogTaskGraph: Started task graph with 5 named threads and 35 total threads with 3 sets of task threads.
LogStats: Stats thread started at 0.206337
LogICUInternationalization: ICU TimeZone Detection - Raw Offset: -3:00, Platform Override: ''
LogInit: Display: Loading text-based GConfig....
LogPluginManager: Mounting plugin MeshPainting
LogPluginManager: Mounting plugin XGEController
LogPluginManager: Mounting plugin Paper2D
LogPluginManager: Mounting plugin AISupport
LogPluginManager: Mounting plugin EnvironmentQueryEditor
LogPluginManager: Mounting plugin LiveLink
LogPluginManager: Mounting plugin LightPropagationVolume
LogPluginManager: Mounting plugin GameplayCameras
LogPluginManager: Mounting plugin CameraShakePreviewer
LogPluginManager: Mounting plugin OodleData
LogPluginManager: Mounting plugin OodleNetwork
LogPluginManager: Mounting plugin Niagara
LogPluginManager: Mounting plugin AssetManagerEditor
LogPluginManager: Mounting plugin CryptoKeys
LogPluginManager: Mounting plugin DataValidation
LogPluginManager: Mounting plugin CurveEditorTools
LogPluginManager: Mounting plugin FacialAnimation
LogPluginManager: Mounting plugin GameplayTagsEditor
LogPluginManager: Mounting plugin GeometryMode
LogPluginManager: Mounting plugin MaterialAnalyzer
LogPluginManager: Mounting plugin MacGraphicsSwitching
LogPluginManager: Mounting plugin MobileLauncherProfileWizard
LogPluginManager: Mounting plugin PluginBrowser
LogPluginManager: Mounting plugin SpeedTreeImporter
LogPluginManager: Mounting plugin AnimationSharing
LogPluginManager: Mounting plugin CLionSourceCodeAccess
LogPluginManager: Mounting plugin CodeLiteSourceCodeAccess
LogPluginManager: Mounting plugin GitSourceControl
LogPluginManager: Mounting plugin KDevelopSourceCodeAccess
LogPluginManager: Mounting plugin NullSourceCodeAccess
LogPluginManager: Mounting plugin PerforceSourceControl
LogPluginManager: Mounting plugin PlasticSourceControl
LogPluginManager: Mounting plugin PixWinPlugin
LogPluginManager: Mounting plugin PluginUtils
LogPluginManager: Mounting plugin PropertyAccessNode
LogPluginManager: Mounting plugin RiderSourceCodeAccess
LogPluginManager: Mounting plugin TextureFormatOodle
LogPluginManager: Mounting plugin SubversionSourceControl
LogPluginManager: Mounting plugin UObjectPlugin
LogPluginManager: Mounting plugin AlembicImporter
LogPluginManager: Mounting plugin AutomationUtils
LogPluginManager: Mounting plugin BackChannel
LogPluginManager: Mounting plugin ChaosCloth
LogPluginManager: Mounting plugin ChaosClothEditor
LogPluginManager: Mounting plugin ChaosEditor
LogPluginManager: Mounting plugin ChaosNiagara
LogPluginManager: Mounting plugin ChaosSolverPlugin
LogPluginManager: Mounting plugin CharacterAI
LogPluginManager: Mounting plugin DatasmithContent
LogPluginManager: Mounting plugin GeometryCache
LogPluginManager: Mounting plugin GeometryCollectionPlugin
LogPluginManager: Mounting plugin VisualStudioCodeSourceCodeAccess
LogPluginManager: Mounting plugin VariantManagerContent
LogPluginManager: Mounting plugin VisualStudioSourceCodeAccess
LogPluginManager: Mounting plugin XCodeSourceCodeAccess
LogPluginManager: Mounting plugin GeometryProcessing
LogPluginManager: Mounting plugin OpenImageDenoise
LogPluginManager: Mounting plugin MotoSynth
LogPluginManager: Mounting plugin PlanarCut
LogPluginManager: Mounting plugin PlatformCrypto
LogPluginManager: Mounting plugin ProxyLODPlugin
LogPluginManager: Mounting plugin PythonScriptPlugin
LogPluginManager: Mounting plugin SkeletalReduction
LogPluginManager: Mounting plugin AndroidMedia
LogPluginManager: Mounting plugin AvfMedia
LogPluginManager: Mounting plugin ImgMedia
LogPluginManager: Mounting plugin MediaPlayerEditor
LogPluginManager: Mounting plugin MediaCompositing
LogPluginManager: Mounting plugin WebMMedia
LogPluginManager: Mounting plugin WmfMedia
LogPluginManager: Mounting plugin LuminPlatformFeatures
LogPluginManager: Mounting plugin MagicLeap
LogPluginManager: Mounting plugin TcpMessaging
LogPluginManager: Mounting plugin UdpMessaging
LogPluginManager: Mounting plugin MagicLeapLightEstimation
LogPluginManager: Mounting plugin MagicLeapMedia
LogPluginManager: Mounting plugin MagicLeapPassableWorld
LogPluginManager: Mounting plugin MLSDK
LogPluginManager: Mounting plugin ActorSequence
LogPluginManager: Mounting plugin LevelSequenceEditor
LogPluginManager: Mounting plugin MatineeToLevelSequence
LogPluginManager: Mounting plugin OnlineSubsystem
LogPluginManager: Mounting plugin TemplateSequence
LogPluginManager: Mounting plugin OnlineSubsystemNull
LogPluginManager: Mounting plugin OnlineSubsystemUtils
LogPluginManager: Mounting plugin LauncherChunkInstaller
LogPluginManager: Mounting plugin ActorLayerUtilities
LogPluginManager: Mounting plugin AndroidDeviceProfileSelector
LogPluginManager: Mounting plugin AndroidMoviePlayer
LogPluginManager: Mounting plugin AndroidPermission
LogPluginManager: Mounting plugin AppleMoviePlayer
LogPluginManager: Mounting plugin AppleImageUtils
LogPluginManager: Mounting plugin ArchVisCharacter
LogPluginManager: Mounting plugin AssetTags
LogPluginManager: Mounting plugin AudioCapture
LogPluginManager: Mounting plugin AudioSynesthesia
LogPluginManager: Mounting plugin CableComponent
LogPluginManager: Mounting plugin ChunkDownloader
LogPluginManager: Mounting plugin CustomMeshComponent
LogPluginManager: Mounting plugin EditableMesh
LogPluginManager: Mounting plugin ExampleDeviceProfileSelector
LogPluginManager: Mounting plugin GoogleCloudMessaging
LogPluginManager: Mounting plugin GooglePAD
LogPluginManager: Mounting plugin ScreenshotTools
LogPluginManager: Mounting plugin IOSDeviceProfileSelector
LogPluginManager: Mounting plugin LinuxDeviceProfileSelector
LogPluginManager: Mounting plugin LocationServicesBPLibrary
LogPluginManager: Mounting plugin MobilePatchingUtils
LogPluginManager: Mounting plugin OpenXR
LogPluginManager: Mounting plugin OpenXREyeTracker
LogPluginManager: Mounting plugin OpenXRHandTracking
LogPluginManager: Mounting plugin PhysXVehicles
LogPluginManager: Mounting plugin Takes
LogPluginManager: Mounting plugin PostSplashScreen
LogPluginManager: Mounting plugin ProceduralMeshComponent
LogPluginManager: Mounting plugin PropertyAccessEditor
LogPluginManager: Mounting plugin RuntimePhysXCooking
LogPluginManager: Mounting plugin SignificanceManager
LogPluginManager: Mounting plugin SoundFields
LogPluginManager: Mounting plugin Synthesis
LogPluginManager: Mounting plugin WebMMoviePlayer
LogPluginManager: Mounting plugin WindowsMoviePlayer
LogPluginManager: Mounting plugin ContentBrowserAssetDataSource
LogPluginManager: Mounting plugin ContentBrowserClassDataSource
LogPluginManager: Mounting plugin ContentBrowserFileDataSource
LogPluginManager: Mounting plugin OnlineSubsystemGooglePlay
LogPluginManager: Mounting plugin OnlineSubsystemIOS
LogPluginManager: Mounting plugin OculusVR
LogPluginManager: Mounting plugin SteamVR
PixWinPlugin: PIX capture plugin failed to initialize! Check that the process is launched from PIX.
LogInit: Using libcurl 7.55.1-DEV
LogInit:  - built for x86_64-pc-win32
LogInit:  - supports SSL with OpenSSL/1.1.1
LogInit:  - supports HTTP deflate (compression) using libz 1.2.8
LogInit:  - other features:
LogInit:      CURL_VERSION_SSL
LogInit:      CURL_VERSION_LIBZ
LogInit:      CURL_VERSION_IPV6
LogInit:      CURL_VERSION_ASYNCHDNS
LogInit:      CURL_VERSION_LARGEFILE
LogInit:      CURL_VERSION_IDN
LogInit:  CurlRequestOptions (configurable via config and command line):
LogInit:  - bVerifyPeer = true  - Libcurl will verify peer certificate
LogInit:  - bUseHttpProxy = false  - Libcurl will NOT use HTTP proxy
LogInit:  - bDontReuseConnections = false  - Libcurl will reuse connections
LogInit:  - MaxHostConnections = 16  - Libcurl will limit the number of connections to a host
LogInit:  - LocalHostAddr = Default
LogInit:  - BufferSize = 65536
LogOnline: OSS: Creating online subsystem instance for: NULL
LogInit: WinSock: version 1.1 (2.2), MaxSocks=32767, MaxUdp=65467
LogOnline: OSS: TryLoadSubsystemAndSetDefault: Loaded subsystem for module [NULL]
LogOculusPluginWrapper: OculusPlugin initialized successfully
LogHMD: Failed initializing OVRPlugin 1.59.0
LogInit: Build: ++UE4+Release-4.27-CL-18319896
LogInit: Engine Version: 4.27.2-18319896+++UE4+Release-4.27
LogInit: Compatible Engine Version: 4.27.0-17155196+++UE4+Release-4.27
LogInit: Net CL: 17155196
LogInit: OS: Windows 10 (Release 2009) (), CPU: Intel(R) Core(TM) i5-10400 CPU @ 2.90GHz, GPU: NVIDIA GeForce RTX 3050
LogInit: Compiled (64-bit): Nov 30 2021 07:12:08
LogInit: Compiled with Visual C++: 19.24.28315.00
LogInit: Build Configuration: Development
LogInit: Branch Name: ++UE4+Release-4.27
LogInit: Command Line:  -AUTH_LOGIN=unused -AUTH_PASSWORD=85785edb0a81486c895539b185f36fb4 -AUTH_TYPE=exchangecode -epicapp=UE_4.27 -epicenv=Prod -EpicPortal -epicusername=LelekoMEG -epicuserid=e0dd289ee6154cdf8a7ddac8381f6f7e -epiclocale=pt-BR -epicsandboxid=ue
LogInit: Base Directory: C:/Program Files/Epic Games/UE_4.27/Engine/Binaries/Win64/
LogInit: Allocator: TBB
LogInit: Installed Engine Build: 1
LogDevObjectVersion: Number of dev versions registered: 29
LogDevObjectVersion:   Dev-Blueprints (B0D832E4-1F89-4F0D-ACCF-7EB736FD4AA2): 10
LogDevObjectVersion:   Dev-Build (E1C64328-A22C-4D53-A36C-8E866417BD8C): 0
LogDevObjectVersion:   Dev-Core (375EC13C-06E4-48FB-B500-84F0262A717E): 4
LogDevObjectVersion:   Dev-Editor (E4B068ED-F494-42E9-A231-DA0B2E46BB41): 40
LogDevObjectVersion:   Dev-Framework (CFFC743F-43B0-4480-9391-14DF171D2073): 37
LogDevObjectVersion:   Dev-Mobile (B02B49B5-BB20-44E9-A304-32B752E40360): 3
LogDevObjectVersion:   Dev-Networking (A4E4105C-59A1-49B5-A7C5-40C4547EDFEE): 0
LogDevObjectVersion:   Dev-Online (39C831C9-5AE6-47DC-9A44-9C173E1C8E7C): 0
LogDevObjectVersion:   Dev-Physics (78F01B33-EBEA-4F98-B9B4-84EACCB95AA2): 14
LogDevObjectVersion:   Dev-Platform (6631380F-2D4D-43E0-8009-CF276956A95A): 0
LogDevObjectVersion:   Dev-Rendering (12F88B9F-8875-4AFC-A67C-D90C383ABD29): 45
LogDevObjectVersion:   Dev-Sequencer (7B5AE74C-D270-4C10-A958-57980B212A5A): 13
LogDevObjectVersion:   Dev-VR (D7296918-1DD6-4BDD-9DE2-64A83CC13884): 3
LogDevObjectVersion:   Dev-LoadTimes (C2A15278-BFE7-4AFE-6C17-90FF531DF755): 1
LogDevObjectVersion:   Private-Geometry (6EACA3D4-40EC-4CC1-B786-8BED09428FC5): 3
LogDevObjectVersion:   Dev-AnimPhys (29E575DD-E0A3-4627-9D10-D276232CDCEA): 17
LogDevObjectVersion:   Dev-Anim (AF43A65D-7FD3-4947-9873-3E8ED9C1BB05): 15
LogDevObjectVersion:   Dev-ReflectionCapture (6B266CEC-1EC7-4B8F-A30B-E4D90942FC07): 1
LogDevObjectVersion:   Dev-Automation (0DF73D61-A23F-47EA-B727-89E90C41499A): 1
LogDevObjectVersion:   FortniteMain (601D1886-AC64-4F84-AA16-D3DE0DEAC7D6): 47
LogDevObjectVersion:   FortniteRelease (E7086368-6B23-4C58-8439-1B7016265E91): 1
LogDevObjectVersion:   Dev-Enterprise (9DFFBCD6-494F-0158-E221-12823C92A888): 10
LogDevObjectVersion:   Dev-Niagara (F2AED0AC-9AFE-416F-8664-AA7FFA26D6FC): 1
LogDevObjectVersion:   Dev-Destruction (174F1F0B-B4C6-45A5-B13F-2EE8D0FB917D): 10
LogDevObjectVersion:   Dev-Physics-Ext (35F94A83-E258-406C-A318-09F59610247C): 41
LogDevObjectVersion:   Dev-PhysicsMaterial-Chaos (B68FC16E-8B1B-42E2-B453-215C058844FE): 1
LogDevObjectVersion:   Dev-CineCamera (B2E18506-4273-CFC2-A54E-F4BB758BBA07): 1
LogDevObjectVersion:   Dev-VirtualProduction (64F58936-FD1B-42BA-BA96-7289D5D0FA4E): 1
LogDevObjectVersion:   Dev-MediaFramework (6F0ED827-A609-4895-9C91-998D90180EA4): 2
LogInit: Presizing for max 25165824 objects, including 0 objects not considered by GC, pre-allocating 0 bytes for permanent pool.
LogConfig: Applying CVar settings from Section [/Script/Engine.StreamingSettings] File [C:/Users/leonardo.medeiros/Documents/TCC/Sorry/Saved/Config/Windows/Engine.ini]
LogConfig: Setting CVar [[s.MinBulkDataSizeForAsyncLoading:131072]]
LogConfig: Setting CVar [[s.AsyncLoadingThreadEnabled:0]]
LogConfig: Setting CVar [[s.EventDrivenLoaderEnabled:1]]
LogConfig: Setting CVar [[s.WarnIfTimeLimitExceeded:0]]
LogConfig: Setting CVar [[s.TimeLimitExceededMultiplier:1.5]]
LogConfig: Setting CVar [[s.TimeLimitExceededMinTime:0.005]]
LogConfig: Setting CVar [[s.UseBackgroundLevelStreaming:1]]
LogConfig: Setting CVar [[s.PriorityAsyncLoadingExtraTime:15.0]]
LogConfig: Setting CVar [[s.LevelStreamingActorsUpdateTimeLimit:5.0]]
LogConfig: Setting CVar [[s.PriorityLevelStreamingActorsUpdateExtraTime:5.0]]
LogConfig: Setting CVar [[s.LevelStreamingComponentsRegistrationGranularity:10]]
LogConfig: Setting CVar [[s.UnregisterComponentsTimeLimit:1.0]]
LogConfig: Setting CVar [[s.LevelStreamingComponentsUnregistrationGranularity:5]]
LogConfig: Setting CVar [[s.FlushStreamingOnExit:1]]
LogInit: Object subsystem initialized
LogConfig: Setting CVar [[con.DebugEarlyDefault:1]]
LogConfig: Setting CVar [[r.setres:1280x720]]
[2025.09.01-20.43.25:156][  0]LogConfig: Setting CVar [[r.VSync:0]]
[2025.09.01-20.43.25:156][  0]LogConfig: Setting CVar [[r.RHICmdBypass:0]]
[2025.09.01-20.43.25:156][  0]LogConfig: Applying CVar settings from Section [/Script/Engine.RendererSettings] File [C:/Users/leonardo.medeiros/Documents/TCC/Sorry/Saved/Config/Windows/Engine.ini]
[2025.09.01-20.43.25:156][  0]LogConfig: Setting CVar [[r.GPUCrashDebugging:0]]
[2025.09.01-20.43.25:156][  0]LogConfig: Applying CVar settings from Section [/Script/Engine.RendererOverrideSettings] File [C:/Users/leonardo.medeiros/Documents/TCC/Sorry/Saved/Config/Windows/Engine.ini]
[2025.09.01-20.43.25:156][  0]LogConfig: Applying CVar settings from Section [/Script/Engine.StreamingSettings] File [C:/Users/leonardo.medeiros/Documents/TCC/Sorry/Saved/Config/Windows/Engine.ini]
[2025.09.01-20.43.25:156][  0]LogConfig: Setting CVar [[s.MinBulkDataSizeForAsyncLoading:131072]]
[2025.09.01-20.43.25:156][  0]LogConfig: Setting CVar [[s.AsyncLoadingThreadEnabled:0]]
[2025.09.01-20.43.25:156][  0]LogConfig: Setting CVar [[s.EventDrivenLoaderEnabled:1]]
[2025.09.01-20.43.25:156][  0]LogConfig: Setting CVar [[s.WarnIfTimeLimitExceeded:0]]
[2025.09.01-20.43.25:156][  0]LogConfig: Setting CVar [[s.TimeLimitExceededMultiplier:1.5]]
[2025.09.01-20.43.25:156][  0]LogConfig: Setting CVar [[s.TimeLimitExceededMinTime:0.005]]
[2025.09.01-20.43.25:156][  0]LogConfig: Setting CVar [[s.UseBackgroundLevelStreaming:1]]
[2025.09.01-20.43.25:156][  0]LogConfig: Setting CVar [[s.PriorityAsyncLoadingExtraTime:15.0]]
[2025.09.01-20.43.25:156][  0]LogConfig: Setting CVar [[s.LevelStreamingActorsUpdateTimeLimit:5.0]]
[2025.09.01-20.43.25:156][  0]LogConfig: Setting CVar [[s.PriorityLevelStreamingActorsUpdateExtraTime:5.0]]
[2025.09.01-20.43.25:156][  0]LogConfig: Setting CVar [[s.LevelStreamingComponentsRegistrationGranularity:10]]
[2025.09.01-20.43.25:156][  0]LogConfig: Setting CVar [[s.UnregisterComponentsTimeLimit:1.0]]
[2025.09.01-20.43.25:156][  0]LogConfig: Setting CVar [[s.LevelStreamingComponentsUnregistrationGranularity:5]]
[2025.09.01-20.43.25:156][  0]LogConfig: Setting CVar [[s.FlushStreamingOnExit:1]]
[2025.09.01-20.43.25:156][  0]LogConfig: Applying CVar settings from Section [/Script/Engine.GarbageCollectionSettings] File [C:/Users/leonardo.medeiros/Documents/TCC/Sorry/Saved/Config/Windows/Engine.ini]
[2025.09.01-20.43.25:156][  0]LogConfig: Setting CVar [[gc.MaxObjectsNotConsideredByGC:1]]
[2025.09.01-20.43.25:156][  0]LogConfig: Setting CVar [[gc.SizeOfPermanentObjectPool:0]]
[2025.09.01-20.43.25:156][  0]LogConfig: Setting CVar [[gc.FlushStreamingOnGC:0]]
[2025.09.01-20.43.25:156][  0]LogConfig: Setting CVar [[gc.NumRetriesBeforeForcingGC:10]]
[2025.09.01-20.43.25:156][  0]LogConfig: Setting CVar [[gc.AllowParallelGC:1]]
[2025.09.01-20.43.25:156][  0]LogConfig: Setting CVar [[gc.TimeBetweenPurgingPendingKillObjects:61.1]]
[2025.09.01-20.43.25:157][  0]LogConfig: Setting CVar [[gc.MaxObjectsInEditor:25165824]]
[2025.09.01-20.43.25:157][  0]LogConfig: Setting CVar [[gc.IncrementalBeginDestroyEnabled:1]]
[2025.09.01-20.43.25:157][  0]LogConfig: Setting CVar [[gc.CreateGCClusters:1]]
[2025.09.01-20.43.25:157][  0]LogConfig: Setting CVar [[gc.MinGCClusterSize:5]]
[2025.09.01-20.43.25:157][  0]LogConfig: Setting CVar [[gc.ActorClusteringEnabled:0]]
[2025.09.01-20.43.25:157][  0]LogConfig: Setting CVar [[gc.BlueprintClusteringEnabled:0]]
[2025.09.01-20.43.25:157][  0]LogConfig: Setting CVar [[gc.UseDisregardForGCOnDedicatedServers:0]]
[2025.09.01-20.43.25:157][  0]LogConfig: Setting CVar [[gc.MultithreadedDestructionEnabled:1]]
[2025.09.01-20.43.25:157][  0]LogConfig: Applying CVar settings from Section [/Script/Engine.NetworkSettings] File [C:/Users/leonardo.medeiros/Documents/TCC/Sorry/Saved/Config/Windows/Engine.ini]
[2025.09.01-20.43.25:157][  0]LogConfig: Applying CVar settings from Section [/Script/UnrealEd.CookerSettings] File [C:/Users/leonardo.medeiros/Documents/TCC/Sorry/Saved/Config/Windows/Engine.ini]
[2025.09.01-20.43.25:161][  0]LogConfig: Applying CVar settings from Section [ViewDistanceQuality@3] File [C:/Users/leonardo.medeiros/Documents/TCC/Sorry/Saved/Config/Windows/Scalability.ini]
[2025.09.01-20.43.25:161][  0]LogConfig: Setting CVar [[r.SkeletalMeshLODBias:0]]
[2025.09.01-20.43.25:161][  0]LogConfig: Setting CVar [[r.ViewDistanceScale:1.0]]
[2025.09.01-20.43.25:161][  0]LogConfig: Applying CVar settings from Section [AntiAliasingQuality@3] File [C:/Users/leonardo.medeiros/Documents/TCC/Sorry/Saved/Config/Windows/Scalability.ini]
[2025.09.01-20.43.25:161][  0]LogConfig: Setting CVar [[r.PostProcessAAQuality:4]]
[2025.09.01-20.43.25:161][  0]LogConfig: Applying CVar settings from Section [ShadowQuality@3] File [C:/Users/leonardo.medeiros/Documents/TCC/Sorry/Saved/Config/Windows/Scalability.ini]
[2025.09.01-20.43.25:161][  0]LogConfig: Setting CVar [[r.LightFunctionQuality:1]]
[2025.09.01-20.43.25:161][  0]LogConfig: Setting CVar [[r.ShadowQuality:5]]
[2025.09.01-20.43.25:161][  0]LogConfig: Setting CVar [[r.Shadow.CSM.MaxCascades:10]]
[2025.09.01-20.43.25:161][  0]LogConfig: Setting CVar [[r.Shadow.MaxResolution:2048]]
[2025.09.01-20.43.25:161][  0]LogConfig: Setting CVar [[r.Shadow.MaxCSMResolution:2048]]
[2025.09.01-20.43.25:161][  0]LogConfig: Setting CVar [[r.Shadow.RadiusThreshold:0.01]]
[2025.09.01-20.43.25:161][  0]LogConfig: Setting CVar [[r.Shadow.DistanceScale:1.0]]
[2025.09.01-20.43.25:161][  0]LogConfig: Setting CVar [[r.Shadow.CSM.TransitionScale:1.0]]
[2025.09.01-20.43.25:161][  0]LogConfig: Setting CVar [[r.Shadow.PreShadowResolutionFactor:1.0]]
[2025.09.01-20.43.25:161][  0]LogConfig: Setting CVar [[r.DistanceFieldShadowing:1]]
[2025.09.01-20.43.25:161][  0]LogConfig: Setting CVar [[r.DistanceFieldAO:1]]
[2025.09.01-20.43.25:161][  0]LogConfig: Setting CVar [[r.AOQuality:2]]
[2025.09.01-20.43.25:161][  0]LogConfig: Setting CVar [[r.VolumetricFog:1]]
[2025.09.01-20.43.25:161][  0]LogConfig: Setting CVar [[r.VolumetricFog.GridPixelSize:8]]
[2025.09.01-20.43.25:161][  0]LogConfig: Setting CVar [[r.VolumetricFog.GridSizeZ:128]]
[2025.09.01-20.43.25:161][  0]LogConfig: Setting CVar [[r.VolumetricFog.HistoryMissSupersampleCount:4]]
[2025.09.01-20.43.25:161][  0]LogConfig: Setting CVar [[r.LightMaxDrawDistanceScale:1]]
[2025.09.01-20.43.25:161][  0]LogConfig: Setting CVar [[r.CapsuleShadows:1]]
[2025.09.01-20.43.25:161][  0]LogConfig: Applying CVar settings from Section [PostProcessQuality@3] File [C:/Users/leonardo.medeiros/Documents/TCC/Sorry/Saved/Config/Windows/Scalability.ini]
[2025.09.01-20.43.25:161][  0]LogConfig: Setting CVar [[r.MotionBlurQuality:4]]
[2025.09.01-20.43.25:161][  0]LogConfig: Setting CVar [[r.AmbientOcclusionMipLevelFactor:0.4]]
[2025.09.01-20.43.25:161][  0]LogConfig: Setting CVar [[r.AmbientOcclusionMaxQuality:100]]
[2025.09.01-20.43.25:161][  0]LogConfig: Setting CVar [[r.AmbientOcclusionLevels:-1]]
[2025.09.01-20.43.25:161][  0]LogConfig: Setting CVar [[r.AmbientOcclusionRadiusScale:1.0]]
[2025.09.01-20.43.25:161][  0]LogConfig: Setting CVar [[r.DepthOfFieldQuality:2]]
[2025.09.01-20.43.25:161][  0]LogConfig: Setting CVar [[r.RenderTargetPoolMin:400]]
[2025.09.01-20.43.25:161][  0]LogConfig: Setting CVar [[r.LensFlareQuality:2]]
[2025.09.01-20.43.25:161][  0]LogConfig: Setting CVar [[r.SceneColorFringeQuality:1]]
[2025.09.01-20.43.25:161][  0]LogConfig: Setting CVar [[r.EyeAdaptationQuality:2]]
[2025.09.01-20.43.25:161][  0]LogConfig: Setting CVar [[r.BloomQuality:5]]
[2025.09.01-20.43.25:161][  0]LogConfig: Setting CVar [[r.FastBlurThreshold:100]]
[2025.09.01-20.43.25:161][  0]LogConfig: Setting CVar [[r.Upscale.Quality:3]]
[2025.09.01-20.43.25:161][  0]LogConfig: Setting CVar [[r.Tonemapper.GrainQuantization:1]]
[2025.09.01-20.43.25:161][  0]LogConfig: Setting CVar [[r.LightShaftQuality:1]]
[2025.09.01-20.43.25:161][  0]LogConfig: Setting CVar [[r.Filter.SizeScale:1]]
[2025.09.01-20.43.25:161][  0]LogConfig: Setting CVar [[r.Tonemapper.Quality:5]]
[2025.09.01-20.43.25:161][  0]LogConfig: Setting CVar [[r.DOF.Gather.AccumulatorQuality:1        ; higher gathering accumulator quality]]
[2025.09.01-20.43.25:161][  0]LogConfig: Setting CVar [[r.DOF.Gather.PostfilterMethod:1          ; Median3x3 postfilering method]]
[2025.09.01-20.43.25:161][  0]LogConfig: Setting CVar [[r.DOF.Gather.EnableBokehSettings:0       ; no bokeh simulation when gathering]]
[2025.09.01-20.43.25:161][  0]LogConfig: Setting CVar [[r.DOF.Gather.RingCount:4                 ; medium number of samples when gathering]]
[2025.09.01-20.43.25:161][  0]LogConfig: Setting CVar [[r.DOF.Scatter.ForegroundCompositing:1    ; additive foreground scattering]]
[2025.09.01-20.43.25:161][  0]LogConfig: Setting CVar [[r.DOF.Scatter.BackgroundCompositing:2    ; additive background scattering]]
[2025.09.01-20.43.25:161][  0]LogConfig: Setting CVar [[r.DOF.Scatter.EnableBokehSettings:1      ; bokeh simulation when scattering]]
[2025.09.01-20.43.25:161][  0]LogConfig: Setting CVar [[r.DOF.Scatter.MaxSpriteRatio:0.1         ; only a maximum of 10% of scattered bokeh]]
[2025.09.01-20.43.25:161][  0]LogConfig: Setting CVar [[r.DOF.Recombine.Quality:1                ; cheap slight out of focus]]
[2025.09.01-20.43.25:161][  0]LogConfig: Setting CVar [[r.DOF.Recombine.EnableBokehSettings:0    ; no bokeh simulation on slight out of focus]]
[2025.09.01-20.43.25:161][  0]LogConfig: Setting CVar [[r.DOF.TemporalAAQuality:1                ; more stable temporal accumulation]]
[2025.09.01-20.43.25:161][  0]LogConfig: Setting CVar [[r.DOF.Kernel.MaxForegroundRadius:0.025]]
[2025.09.01-20.43.25:161][  0]LogConfig: Setting CVar [[r.DOF.Kernel.MaxBackgroundRadius:0.025]]
[2025.09.01-20.43.25:161][  0]LogConfig: Applying CVar settings from Section [TextureQuality@3] File [C:/Users/leonardo.medeiros/Documents/TCC/Sorry/Saved/Config/Windows/Scalability.ini]
[2025.09.01-20.43.25:161][  0]LogConfig: Setting CVar [[r.Streaming.MipBias:0]]
[2025.09.01-20.43.25:161][  0]LogConfig: Setting CVar [[r.Streaming.AmortizeCPUToGPUCopy:0]]
[2025.09.01-20.43.25:161][  0]LogConfig: Setting CVar [[r.Streaming.MaxNumTexturesToStreamPerFrame:0]]
[2025.09.01-20.43.25:162][  0]LogConfig: Setting CVar [[r.Streaming.Boost:1]]
[2025.09.01-20.43.25:162][  0]LogConfig: Setting CVar [[r.MaxAnisotropy:8]]
[2025.09.01-20.43.25:162][  0]LogConfig: Setting CVar [[r.VT.MaxAnisotropy:8]]
[2025.09.01-20.43.25:162][  0]LogConfig: Setting CVar [[r.Streaming.LimitPoolSizeToVRAM:0]]
[2025.09.01-20.43.25:162][  0]LogConfig: Setting CVar [[r.Streaming.PoolSize:1000]]
[2025.09.01-20.43.25:162][  0]LogConfig: Setting CVar [[r.Streaming.MaxEffectiveScreenSize:0]]
[2025.09.01-20.43.25:162][  0]LogConfig: Applying CVar settings from Section [EffectsQuality@3] File [C:/Users/leonardo.medeiros/Documents/TCC/Sorry/Saved/Config/Windows/Scalability.ini]
[2025.09.01-20.43.25:162][  0]LogConfig: Setting CVar [[r.TranslucencyLightingVolumeDim:64]]
[2025.09.01-20.43.25:162][  0]LogConfig: Setting CVar [[r.RefractionQuality:2]]
[2025.09.01-20.43.25:162][  0]LogConfig: Setting CVar [[r.SSR.Quality:3]]
[2025.09.01-20.43.25:162][  0]LogConfig: Setting CVar [[r.SSR.HalfResSceneColor:0]]
[2025.09.01-20.43.25:162][  0]LogConfig: Setting CVar [[r.SceneColorFormat:4]]
[2025.09.01-20.43.25:162][  0]LogConfig: Setting CVar [[r.DetailMode:2]]
[2025.09.01-20.43.25:162][  0]LogConfig: Setting CVar [[r.TranslucencyVolumeBlur:1]]
[2025.09.01-20.43.25:162][  0]LogConfig: Setting CVar [[r.MaterialQualityLevel:1 ; High quality]]
[2025.09.01-20.43.25:162][  0]LogConfig: Setting CVar [[r.AnisotropicMaterials:1]]
[2025.09.01-20.43.25:162][  0]LogConfig: Setting CVar [[r.SSS.Scale:1]]
[2025.09.01-20.43.25:162][  0]LogConfig: Setting CVar [[r.SSS.SampleSet:2]]
[2025.09.01-20.43.25:162][  0]LogConfig: Setting CVar [[r.SSS.Quality:1]]
[2025.09.01-20.43.25:162][  0]LogConfig: Setting CVar [[r.SSS.HalfRes:0]]
[2025.09.01-20.43.25:162][  0]LogConfig: Setting CVar [[r.SSGI.Quality:3]]
[2025.09.01-20.43.25:162][  0]LogConfig: Setting CVar [[r.EmitterSpawnRateScale:1.0]]
[2025.09.01-20.43.25:162][  0]LogConfig: Setting CVar [[r.ParticleLightQuality:2]]
[2025.09.01-20.43.25:162][  0]LogConfig: Setting CVar [[r.SkyAtmosphere.AerialPerspectiveLUT.FastApplyOnOpaque:1 ; Always have FastSkyLUT 1 in this case to avoid wrong sky]]
[2025.09.01-20.43.25:162][  0]LogConfig: Setting CVar [[r.SkyAtmosphere.AerialPerspectiveLUT.SampleCountMaxPerSlice:4]]
[2025.09.01-20.43.25:162][  0]LogConfig: Setting CVar [[r.SkyAtmosphere.AerialPerspectiveLUT.DepthResolution:16.0]]
[2025.09.01-20.43.25:162][  0]LogConfig: Setting CVar [[r.SkyAtmosphere.FastSkyLUT:1]]
[2025.09.01-20.43.25:162][  0]LogConfig: Setting CVar [[r.SkyAtmosphere.FastSkyLUT.SampleCountMin:4.0]]
[2025.09.01-20.43.25:162][  0]LogConfig: Setting CVar [[r.SkyAtmosphere.FastSkyLUT.SampleCountMax:128.0]]
[2025.09.01-20.43.25:162][  0]LogConfig: Setting CVar [[r.SkyAtmosphere.SampleCountMin:4.0]]
[2025.09.01-20.43.25:162][  0]LogConfig: Setting CVar [[r.SkyAtmosphere.SampleCountMax:128.0]]
[2025.09.01-20.43.25:162][  0]LogConfig: Setting CVar [[r.SkyAtmosphere.TransmittanceLUT.UseSmallFormat:0]]
[2025.09.01-20.43.25:162][  0]LogConfig: Setting CVar [[r.SkyAtmosphere.TransmittanceLUT.SampleCount:10.0]]
[2025.09.01-20.43.25:162][  0]LogConfig: Setting CVar [[r.SkyAtmosphere.MultiScatteringLUT.SampleCount:15.0]]
[2025.09.01-20.43.25:162][  0]LogConfig: Setting CVar [[r.SkyLight.RealTimeReflectionCapture:1]]
[2025.09.01-20.43.25:162][  0]LogConfig: Applying CVar settings from Section [FoliageQuality@3] File [C:/Users/leonardo.medeiros/Documents/TCC/Sorry/Saved/Config/Windows/Scalability.ini]
[2025.09.01-20.43.25:162][  0]LogConfig: Setting CVar [[foliage.DensityScale:1.0]]
[2025.09.01-20.43.25:162][  0]LogConfig: Setting CVar [[grass.DensityScale:1.0]]
[2025.09.01-20.43.25:162][  0]LogConfig: Applying CVar settings from Section [ShadingQuality@3] File [C:/Users/leonardo.medeiros/Documents/TCC/Sorry/Saved/Config/Windows/Scalability.ini]
[2025.09.01-20.43.25:162][  0]LogConfig: Setting CVar [[r.HairStrands.SkyLighting.IntegrationType:2]]
[2025.09.01-20.43.25:162][  0]LogConfig: Setting CVar [[r.HairStrands.SkyAO.SampleCount:4]]
[2025.09.01-20.43.25:162][  0]LogConfig: Setting CVar [[r.HairStrands.Visibility.MSAA.SamplePerPixel:4]]
[2025.09.01-20.43.25:162][  0]LogInit: Selected Device Profile: [Windows]
[2025.09.01-20.43.25:162][  0]LogInit: Applying CVar settings loaded from the selected device profile: [Windows]
[2025.09.01-20.43.25:162][  0]LogHAL: Display: Platform has ~ 16 GB [17025171456 / 17179869184 / 16], which maps to Larger [LargestMinGB=32, LargerMinGB=12, DefaultMinGB=8, SmallerMinGB=6, SmallestMinGB=0)
[2025.09.01-20.43.25:162][  0]LogInit: Going up to parent DeviceProfile []
[2025.09.01-20.43.25:162][  0]LogConfig: Applying CVar settings from Section [ViewDistanceQuality@1] File [C:/Users/leonardo.medeiros/Documents/TCC/Sorry/Saved/Config/Windows/Scalability.ini]
[2025.09.01-20.43.25:162][  0]LogConfig: Setting CVar [[r.SkeletalMeshLODBias:1]]
[2025.09.01-20.43.25:162][  0]LogConfig: Setting CVar [[r.ViewDistanceScale:0.6]]
[2025.09.01-20.43.25:162][  0]LogConfig: Applying CVar settings from Section [AntiAliasingQuality@1] File [C:/Users/leonardo.medeiros/Documents/TCC/Sorry/Saved/Config/Windows/Scalability.ini]
[2025.09.01-20.43.25:162][  0]LogConfig: Setting CVar [[r.PostProcessAAQuality:2]]
[2025.09.01-20.43.25:162][  0]LogConfig: Applying CVar settings from Section [ShadowQuality@1] File [C:/Users/leonardo.medeiros/Documents/TCC/Sorry/Saved/Config/Windows/Scalability.ini]
[2025.09.01-20.43.25:162][  0]LogConfig: Setting CVar [[r.LightFunctionQuality:1]]
[2025.09.01-20.43.25:162][  0]LogConfig: Setting CVar [[r.ShadowQuality:3]]
[2025.09.01-20.43.25:162][  0]LogConfig: Setting CVar [[r.Shadow.CSM.MaxCascades:1]]
[2025.09.01-20.43.25:162][  0]LogConfig: Setting CVar [[r.Shadow.MaxResolution:1024]]
[2025.09.01-20.43.25:162][  0]LogConfig: Setting CVar [[r.Shadow.MaxCSMResolution:1024]]
[2025.09.01-20.43.25:162][  0]LogConfig: Setting CVar [[r.Shadow.RadiusThreshold:0.05]]
[2025.09.01-20.43.25:162][  0]LogConfig: Setting CVar [[r.Shadow.DistanceScale:0.7]]
[2025.09.01-20.43.25:162][  0]LogConfig: Setting CVar [[r.Shadow.CSM.TransitionScale:0.25]]
[2025.09.01-20.43.25:162][  0]LogConfig: Setting CVar [[r.Shadow.PreShadowResolutionFactor:0.5]]
[2025.09.01-20.43.25:162][  0]LogConfig: Setting CVar [[r.DistanceFieldShadowing:0]]
[2025.09.01-20.43.25:162][  0]LogConfig: Setting CVar [[r.DistanceFieldAO:0]]
[2025.09.01-20.43.25:162][  0]LogConfig: Setting CVar [[r.VolumetricFog:0]]
[2025.09.01-20.43.25:162][  0]LogConfig: Setting CVar [[r.LightMaxDrawDistanceScale:.5]]
[2025.09.01-20.43.25:162][  0]LogConfig: Setting CVar [[r.CapsuleShadows:1]]
[2025.09.01-20.43.25:162][  0]LogConfig: Applying CVar settings from Section [PostProcessQuality@1] File [C:/Users/leonardo.medeiros/Documents/TCC/Sorry/Saved/Config/Windows/Scalability.ini]
[2025.09.01-20.43.25:162][  0]LogConfig: Setting CVar [[r.MotionBlurQuality:3]]
[2025.09.01-20.43.25:162][  0]LogConfig: Setting CVar [[r.AmbientOcclusionMipLevelFactor:1.0]]
[2025.09.01-20.43.25:162][  0]LogConfig: Setting CVar [[r.AmbientOcclusionMaxQuality:60]]
[2025.09.01-20.43.25:162][  0]LogConfig: Setting CVar [[r.AmbientOcclusionLevels:-1]]
[2025.09.01-20.43.25:162][  0]LogConfig: Setting CVar [[r.AmbientOcclusionRadiusScale:1.5]]
[2025.09.01-20.43.25:162][  0]LogConfig: Setting CVar [[r.DepthOfFieldQuality:1]]
[2025.09.01-20.43.25:162][  0]LogConfig: Setting CVar [[r.RenderTargetPoolMin:350]]
[2025.09.01-20.43.25:162][  0]LogConfig: Setting CVar [[r.LensFlareQuality:0]]
[2025.09.01-20.43.25:162][  0]LogConfig: Setting CVar [[r.SceneColorFringeQuality:0]]
[2025.09.01-20.43.25:162][  0]LogConfig: Setting CVar [[r.EyeAdaptationQuality:2]]
[2025.09.01-20.43.25:162][  0]LogConfig: Setting CVar [[r.BloomQuality:4]]
[2025.09.01-20.43.25:162][  0]LogConfig: Setting CVar [[r.FastBlurThreshold:2]]
[2025.09.01-20.43.25:162][  0]LogConfig: Setting CVar [[r.Upscale.Quality:2]]
[2025.09.01-20.43.25:162][  0]LogConfig: Setting CVar [[r.Tonemapper.GrainQuantization:0]]
[2025.09.01-20.43.25:162][  0]LogConfig: Setting CVar [[r.LightShaftQuality:0]]
[2025.09.01-20.43.25:162][  0]LogConfig: Setting CVar [[r.Filter.SizeScale:0.7]]
[2025.09.01-20.43.25:162][  0]LogConfig: Setting CVar [[r.Tonemapper.Quality:2]]
[2025.09.01-20.43.25:162][  0]LogConfig: Setting CVar [[r.DOF.Gather.AccumulatorQuality:0        ; lower gathering accumulator quality]]
[2025.09.01-20.43.25:162][  0]LogConfig: Setting CVar [[r.DOF.Gather.PostfilterMethod:2          ; Max3x3 postfilering method]]
[2025.09.01-20.43.25:162][  0]LogConfig: Setting CVar [[r.DOF.Gather.EnableBokehSettings:0       ; no bokeh simulation when gathering]]
[2025.09.01-20.43.25:162][  0]LogConfig: Setting CVar [[r.DOF.Gather.RingCount:3                 ; low number of samples when gathering]]
[2025.09.01-20.43.25:162][  0]LogConfig: Setting CVar [[r.DOF.Scatter.ForegroundCompositing:0    ; no foreground scattering]]
[2025.09.01-20.43.25:162][  0]LogConfig: Setting CVar [[r.DOF.Scatter.BackgroundCompositing:0    ; no foreground scattering]]
[2025.09.01-20.43.25:162][  0]LogConfig: Setting CVar [[r.DOF.Recombine.Quality:0                ; no slight out of focus]]
[2025.09.01-20.43.25:162][  0]LogConfig: Setting CVar [[r.DOF.TemporalAAQuality:0                ; faster temporal accumulation]]
[2025.09.01-20.43.25:162][  0]LogConfig: Setting CVar [[r.DOF.Kernel.MaxForegroundRadius:0.006   ; required because low gathering and no scattering and not looking great at 1080p]]
[2025.09.01-20.43.25:162][  0]LogConfig: Setting CVar [[r.DOF.Kernel.MaxBackgroundRadius:0.006   ; required because low gathering and no scattering and not looking great at 1080p]]
[2025.09.01-20.43.25:163][  0]LogConfig: Applying CVar settings from Section [TextureQuality@1] File [C:/Users/leonardo.medeiros/Documents/TCC/Sorry/Saved/Config/Windows/Scalability.ini]
[2025.09.01-20.43.25:163][  0]LogConfig: Setting CVar [[r.Streaming.MipBias:1]]
[2025.09.01-20.43.25:163][  0]LogConfig: Setting CVar [[r.Streaming.AmortizeCPUToGPUCopy:0]]
[2025.09.01-20.43.25:163][  0]LogConfig: Setting CVar [[r.Streaming.MaxNumTexturesToStreamPerFrame:0]]
[2025.09.01-20.43.25:163][  0]LogConfig: Setting CVar [[r.Streaming.Boost:1]]
[2025.09.01-20.43.25:163][  0]LogConfig: Setting CVar [[r.MaxAnisotropy:2]]
[2025.09.01-20.43.25:163][  0]LogConfig: Setting CVar [[r.VT.MaxAnisotropy:4]]
[2025.09.01-20.43.25:163][  0]LogConfig: Setting CVar [[r.Streaming.LimitPoolSizeToVRAM:1]]
[2025.09.01-20.43.25:163][  0]LogConfig: Setting CVar [[r.Streaming.PoolSize:600]]
[2025.09.01-20.43.25:163][  0]LogConfig: Setting CVar [[r.Streaming.MaxEffectiveScreenSize:0]]
[2025.09.01-20.43.25:163][  0]LogConfig: Applying CVar settings from Section [EffectsQuality@1] File [C:/Users/leonardo.medeiros/Documents/TCC/Sorry/Saved/Config/Windows/Scalability.ini]
[2025.09.01-20.43.25:163][  0]LogConfig: Setting CVar [[r.TranslucencyLightingVolumeDim:32]]
[2025.09.01-20.43.25:163][  0]LogConfig: Setting CVar [[r.RefractionQuality:0]]
[2025.09.01-20.43.25:163][  0]LogConfig: Setting CVar [[r.SSR.Quality:0]]
[2025.09.01-20.43.25:163][  0]LogConfig: Setting CVar [[r.SSR.HalfResSceneColor:1]]
[2025.09.01-20.43.25:163][  0]LogConfig: Setting CVar [[r.SceneColorFormat:3]]
[2025.09.01-20.43.25:163][  0]LogConfig: Setting CVar [[r.DetailMode:1]]
[2025.09.01-20.43.25:163][  0]LogConfig: Setting CVar [[r.TranslucencyVolumeBlur:0]]
[2025.09.01-20.43.25:163][  0]LogConfig: Setting CVar [[r.MaterialQualityLevel:2 ; Medium quality]]
[2025.09.01-20.43.25:163][  0]LogConfig: Setting CVar [[r.AnisotropicMaterials:0]]
[2025.09.01-20.43.25:163][  0]LogConfig: Setting CVar [[r.SSS.Scale:0.75]]
[2025.09.01-20.43.25:163][  0]LogConfig: Setting CVar [[r.SSS.SampleSet:0]]
[2025.09.01-20.43.25:163][  0]LogConfig: Setting CVar [[r.SSS.Quality:0]]
[2025.09.01-20.43.25:163][  0]LogConfig: Setting CVar [[r.SSS.HalfRes:1]]
[2025.09.01-20.43.25:163][  0]LogConfig: Setting CVar [[r.SSGI.Quality:1]]
[2025.09.01-20.43.25:163][  0]LogConfig: Setting CVar [[r.EmitterSpawnRateScale:0.25]]
[2025.09.01-20.43.25:163][  0]LogConfig: Setting CVar [[r.ParticleLightQuality:0]]
[2025.09.01-20.43.25:163][  0]LogConfig: Setting CVar [[r.SkyAtmosphere.AerialPerspectiveLUT.FastApplyOnOpaque:1 ; Always have FastSkyLUT 1 in this case to avoid wrong sky]]
[2025.09.01-20.43.25:163][  0]LogConfig: Setting CVar [[r.SkyAtmosphere.AerialPerspectiveLUT.SampleCountMaxPerSlice:1]]
[2025.09.01-20.43.25:163][  0]LogConfig: Setting CVar [[r.SkyAtmosphere.AerialPerspectiveLUT.DepthResolution:16.0]]
[2025.09.01-20.43.25:163][  0]LogConfig: Setting CVar [[r.SkyAtmosphere.FastSkyLUT:1]]
[2025.09.01-20.43.25:163][  0]LogConfig: Setting CVar [[r.SkyAtmosphere.FastSkyLUT.SampleCountMin:4.0]]
[2025.09.01-20.43.25:163][  0]LogConfig: Setting CVar [[r.SkyAtmosphere.FastSkyLUT.SampleCountMax:32.0]]
[2025.09.01-20.43.25:163][  0]LogConfig: Setting CVar [[r.SkyAtmosphere.SampleCountMin:4.0]]
[2025.09.01-20.43.25:163][  0]LogConfig: Setting CVar [[r.SkyAtmosphere.SampleCountMax:32.0]]
[2025.09.01-20.43.25:163][  0]LogConfig: Setting CVar [[r.SkyAtmosphere.TransmittanceLUT.UseSmallFormat:0]]
[2025.09.01-20.43.25:163][  0]LogConfig: Setting CVar [[r.SkyAtmosphere.TransmittanceLUT.SampleCount:10.0]]
[2025.09.01-20.43.25:163][  0]LogConfig: Setting CVar [[r.SkyAtmosphere.MultiScatteringLUT.SampleCount:15.0]]
[2025.09.01-20.43.25:163][  0]LogConfig: Setting CVar [[r.SkyLight.RealTimeReflectionCapture:0]]
[2025.09.01-20.43.25:163][  0]LogConfig: Applying CVar settings from Section [FoliageQuality@1] File [C:/Users/leonardo.medeiros/Documents/TCC/Sorry/Saved/Config/Windows/Scalability.ini]
[2025.09.01-20.43.25:163][  0]LogConfig: Setting CVar [[foliage.DensityScale:0.4]]
[2025.09.01-20.43.25:163][  0]LogConfig: Setting CVar [[grass.DensityScale:0.4]]
[2025.09.01-20.43.25:163][  0]LogConfig: Applying CVar settings from Section [ShadingQuality@1] File [C:/Users/leonardo.medeiros/Documents/TCC/Sorry/Saved/Config/Windows/Scalability.ini]
[2025.09.01-20.43.25:163][  0]LogConfig: Setting CVar [[r.HairStrands.SkyLighting.IntegrationType:2]]
[2025.09.01-20.43.25:163][  0]LogConfig: Setting CVar [[r.HairStrands.SkyAO.SampleCount:4]]
[2025.09.01-20.43.25:163][  0]LogConfig: Setting CVar [[r.HairStrands.Visibility.MSAA.SamplePerPixel:1]]
[2025.09.01-20.43.25:163][  0]LogConfig: Applying CVar settings from Section [Startup] File [../../../Engine/Config/ConsoleVariables.ini]
[2025.09.01-20.43.25:163][  0]LogConfig: Setting CVar [[net.UseAdaptiveNetUpdateFrequency:0]]
[2025.09.01-20.43.25:163][  0]LogConfig: Setting CVar [[p.chaos.AllowCreatePhysxBodies:1]]
[2025.09.01-20.43.25:163][  0]LogConfig: Setting CVar [[fx.SkipVectorVMBackendOptimizations:1]]
[2025.09.01-20.43.25:163][  0]LogConfig: Applying CVar settings from Section [ConsoleVariables] File [C:/Users/leonardo.medeiros/Documents/TCC/Sorry/Saved/Config/Windows/Engine.ini]
[2025.09.01-20.43.25:163][  0]LogConfig: Applying CVar settings from Section [ConsoleVariables] File [C:/Users/leonardo.medeiros/Documents/TCC/Sorry/Saved/Config/Windows/Editor.ini]
[2025.09.01-20.43.25:163][  0]LogInit: Computer: SGS1-D08
[2025.09.01-20.43.25:163][  0]LogInit: User: leonardomedeiros
[2025.09.01-20.43.25:163][  0]LogInit: CPU Page size=4096, Cores=6
[2025.09.01-20.43.25:163][  0]LogInit: High frequency timer resolution =10.000000 MHz
[2025.09.01-20.43.25:163][  0]LogMemory: Memory total: Physical=15.9GB (16GB approx)
[2025.09.01-20.43.25:163][  0]LogMemory: Platform Memory Stats for Windows
[2025.09.01-20.43.25:163][  0]LogMemory: Process Physical Memory: 146.09 MB used, 146.09 MB peak
[2025.09.01-20.43.25:163][  0]LogMemory: Process Virtual Memory: 128.74 MB used, 128.74 MB peak
[2025.09.01-20.43.25:163][  0]LogMemory: Physical Memory: 5418.23 MB used,  10818.23 MB free, 16236.47 MB total
[2025.09.01-20.43.25:163][  0]LogMemory: Virtual Memory: 134204048.00 MB used,  13683.55 MB free, 134217728.00 MB total
[2025.09.01-20.43.25:167][  0]LogWindows: WindowsPlatformFeatures enabled
[2025.09.01-20.43.25:200][  0]LogInit: Physics initialised using underlying interface: PhysX
[2025.09.01-20.43.25:201][  0]LogInit: Using OS detected language (pt-BR).
[2025.09.01-20.43.25:201][  0]LogInit: Using OS detected locale (pt-BR).
[2025.09.01-20.43.25:226][  0]LogTextLocalizationResource: LocRes '../../../Engine/Content/Localization/Editor/pt/Editor.locres' could not be opened for reading!
[2025.09.01-20.43.25:226][  0]LogTextLocalizationResource: LocRes '../../../Engine/Content/Localization/EditorTutorials/pt/EditorTutorials.locres' could not be opened for reading!
[2025.09.01-20.43.25:226][  0]LogTextLocalizationResource: LocRes '../../../Engine/Content/Localization/Keywords/pt/Keywords.locres' could not be opened for reading!
[2025.09.01-20.43.25:226][  0]LogTextLocalizationResource: LocRes '../../../Engine/Content/Localization/Category/pt/Category.locres' could not be opened for reading!
[2025.09.01-20.43.25:226][  0]LogTextLocalizationResource: LocRes '../../../Engine/Content/Localization/ToolTips/pt/ToolTips.locres' could not be opened for reading!
[2025.09.01-20.43.25:226][  0]LogTextLocalizationResource: LocRes '../../../Engine/Content/Localization/PropertyNames/pt/PropertyNames.locres' could not be opened for reading!
[2025.09.01-20.43.25:227][  0]LogTextLocalizationResource: LocRes '../../../Engine/Content/Localization/Engine/pt/Engine.locres' could not be opened for reading!
[2025.09.01-20.43.25:227][  0]LogTextLocalizationResource: LocRes '../../../Engine/Plugins/Online/OnlineSubsystem/Content/Localization/OnlineSubsystem/pt/OnlineSubsystem.locres' could not be opened for reading!
[2025.09.01-20.43.25:227][  0]LogTextLocalizationResource: LocRes '../../../Engine/Plugins/Online/OnlineSubsystemUtils/Content/Localization/OnlineSubsystemUtils/pt/OnlineSubsystemUtils.locres' could not be opened for reading!
[2025.09.01-20.43.25:227][  0]LogTextLocalizationResource: LocRes '../../../Engine/Plugins/Online/Android/OnlineSubsystemGooglePlay/Content/Localization/OnlineSubsystemGooglePlay/pt/OnlineSubsystemGooglePlay.locres' could not be opened for reading!
[2025.09.01-20.43.25:227][  0]LogTextLocalizationResource: LocRes '../../../Engine/Plugins/Online/IOS/OnlineSubsystemIOS/Content/Localization/OnlineSubsystemIOS/pt/OnlineSubsystemIOS.locres' could not be opened for reading!
[2025.09.01-20.43.25:236][  0]LogInit: Setting process to per monitor DPI aware
[2025.09.01-20.43.25:245][  0]LogWindowsTextInputMethodSystem: Display: IME system deactivated.
[2025.09.01-20.43.25:255][  0]LogSlate: New Slate User Created.  User Index 0, Is Virtual User: 0
[2025.09.01-20.43.25:255][  0]LogSlate: Slate User Registered.  User Index 0, Is Virtual User: 0
[2025.09.01-20.43.25:369][  0]LogD3D11RHI: Loaded GFSDK_Aftermath_Lib.x64.dll
[2025.09.01-20.43.25:371][  0]LogHMD: Failed to initialize OpenVR with code 110
[2025.09.01-20.43.25:371][  0]LogD3D11RHI: D3D11 min allowed feature level: 11_0
[2025.09.01-20.43.25:371][  0]LogD3D11RHI: D3D11 max allowed feature level: 11_0
[2025.09.01-20.43.25:371][  0]LogD3D11RHI: D3D11 adapters:
[2025.09.01-20.43.25:535][  0]LogD3D11RHI:    0. 'NVIDIA GeForce RTX 3050' (Feature Level 11_0)
[2025.09.01-20.43.25:535][  0]LogD3D11RHI:       6002/0/8118 MB DedicatedVideo/DedicatedSystem/SharedSystem, Outputs:1, VendorId:0x10de
[2025.09.01-20.43.25:537][  0]LogD3D11RHI:    1. 'Microsoft Basic Render Driver' (Feature Level 11_0)
[2025.09.01-20.43.25:537][  0]LogD3D11RHI:       0/0/8118 MB DedicatedVideo/DedicatedSystem/SharedSystem, Outputs:0, VendorId:0x1414
[2025.09.01-20.43.25:537][  0]LogD3D11RHI: Chosen D3D11 Adapter:
[2025.09.01-20.43.25:537][  0]LogD3D11RHI:     Description : NVIDIA GeForce RTX 3050
[2025.09.01-20.43.25:537][  0]LogD3D11RHI:     VendorId    : 10de
[2025.09.01-20.43.25:537][  0]LogD3D11RHI:     DeviceId    : 2584
[2025.09.01-20.43.25:537][  0]LogD3D11RHI:     SubSysId    : 41691458
[2025.09.01-20.43.25:537][  0]LogD3D11RHI:     Revision    : 00a1
[2025.09.01-20.43.25:537][  0]LogD3D11RHI:     DedicatedVideoMemory : 6293553152 bytes
[2025.09.01-20.43.25:537][  0]LogD3D11RHI:     DedicatedSystemMemory : 0 bytes
[2025.09.01-20.43.25:537][  0]LogD3D11RHI:     SharedSystemMemory : 8512585728 bytes
[2025.09.01-20.43.25:537][  0]LogD3D11RHI:     AdapterLuid : 0 50531
[2025.09.01-20.43.25:540][  0]LogD3D11RHI: Creating new Direct3DDevice
[2025.09.01-20.43.25:540][  0]LogD3D11RHI:     GPU DeviceId: 0x2584 (for the marketing name, search the web for "GPU Device Id")
[2025.09.01-20.43.25:540][  0]LogWindows: EnumDisplayDevices:
[2025.09.01-20.43.25:540][  0]LogWindows:    0. 'NVIDIA GeForce RTX 3050' (P:1 D:1)
[2025.09.01-20.43.25:540][  0]LogWindows:    1. 'NVIDIA GeForce RTX 3050' (P:0 D:0)
[2025.09.01-20.43.25:541][  0]LogWindows:    2. 'NVIDIA GeForce RTX 3050' (P:0 D:0)
[2025.09.01-20.43.25:541][  0]LogWindows:    3. 'NVIDIA GeForce RTX 3050' (P:0 D:0)
[2025.09.01-20.43.25:541][  0]LogWindows: DebugString: FoundDriverCount:4 
[2025.09.01-20.43.25:541][  0]LogD3D11RHI:     Adapter Name: NVIDIA GeForce RTX 3050
[2025.09.01-20.43.25:541][  0]LogD3D11RHI:   Driver Version: 577.00 (internal:32.0.15.7700, unified:577.00)
[2025.09.01-20.43.25:541][  0]LogD3D11RHI:      Driver Date: 7-14-2025
[2025.09.01-20.43.25:541][  0]LogRHI: Texture pool is 4201 MB (70% of 6002 MB)
[2025.09.01-20.43.25:541][  0]LogD3D11RHI: Creating D3DDevice using adapter:
[2025.09.01-20.43.25:541][  0]LogD3D11RHI:     Description : NVIDIA GeForce RTX 3050
[2025.09.01-20.43.25:541][  0]LogD3D11RHI:     VendorId    : 10de
[2025.09.01-20.43.25:541][  0]LogD3D11RHI:     DeviceId    : 2584
[2025.09.01-20.43.25:541][  0]LogD3D11RHI:     SubSysId    : 41691458
[2025.09.01-20.43.25:541][  0]LogD3D11RHI:     Revision    : 00a1
[2025.09.01-20.43.25:541][  0]LogD3D11RHI:     DedicatedVideoMemory : 6293553152 bytes
[2025.09.01-20.43.25:541][  0]LogD3D11RHI:     DedicatedSystemMemory : 0 bytes
[2025.09.01-20.43.25:541][  0]LogD3D11RHI:     SharedSystemMemory : 8512585728 bytes
[2025.09.01-20.43.25:541][  0]LogD3D11RHI:     AdapterLuid : 0 50531
[2025.09.01-20.43.25:662][  0]LogD3D11RHI: RHI has support for 64 bit atomics
[2025.09.01-20.43.25:662][  0]LogD3D11RHI: Async texture creation enabled
[2025.09.01-20.43.25:662][  0]LogD3D11RHI: Array index from any shader is supported
[2025.09.01-20.43.25:674][  0]LogD3D11RHI: GPU Timing Frequency: 1000.000000 (Debug: 2 1)
[2025.09.01-20.43.25:706][  0]LogRHI: GeForceNow SDK initialized: 1
[2025.09.01-20.43.25:947][  0]LogTargetPlatformManager: Display: Loaded TargetPlatform 'AllDesktop'
[2025.09.01-20.43.25:965][  0]LogTargetPlatformManager: Display: Loaded TargetPlatform 'Android'
[2025.09.01-20.43.25:965][  0]LogTargetPlatformManager: Display: Loaded TargetPlatform 'Android_ASTC'
[2025.09.01-20.43.25:965][  0]LogTargetPlatformManager: Display: Loaded TargetPlatform 'Android_DXT'
[2025.09.01-20.43.25:965][  0]LogTargetPlatformManager: Display: Loaded TargetPlatform 'Android_ETC2'
[2025.09.01-20.43.25:965][  0]LogTargetPlatformManager: Display: Loaded TargetPlatform 'AndroidClient'
[2025.09.01-20.43.25:965][  0]LogTargetPlatformManager: Display: Loaded TargetPlatform 'Android_ASTCClient'
[2025.09.01-20.43.25:965][  0]LogTargetPlatformManager: Display: Loaded TargetPlatform 'Android_DXTClient'
[2025.09.01-20.43.25:965][  0]LogTargetPlatformManager: Display: Loaded TargetPlatform 'Android_ETC2Client'
[2025.09.01-20.43.25:965][  0]LogTargetPlatformManager: Display: Loaded TargetPlatform 'Android_Multi'
[2025.09.01-20.43.25:965][  0]LogTargetPlatformManager: Display: Loaded TargetPlatform 'Android_MultiClient'
[2025.09.01-20.43.25:980][  0]LogTargetPlatformManager: Display: Loaded TargetPlatform 'IOSClient'
[2025.09.01-20.43.25:980][  0]LogTargetPlatformManager: Display: Loaded TargetPlatform 'IOS'
[2025.09.01-20.43.25:988][  0]LogTargetPlatformManager: Display: Loaded TargetPlatform 'Linux'
[2025.09.01-20.43.25:991][  0]LogTargetPlatformManager: Display: Loaded TargetPlatform 'LinuxNoEditor'
[2025.09.01-20.43.25:995][  0]LogTargetPlatformManager: Display: Loaded TargetPlatform 'LinuxClient'
[2025.09.01-20.43.25:998][  0]LogTargetPlatformManager: Display: Loaded TargetPlatform 'LinuxServer'
[2025.09.01-20.43.26:006][  0]LogTargetPlatformManager: Display: Loaded TargetPlatform 'LinuxAArch64NoEditor'
[2025.09.01-20.43.26:010][  0]LogTargetPlatformManager: Display: Loaded TargetPlatform 'LinuxAArch64Client'
[2025.09.01-20.43.26:013][  0]LogTargetPlatformManager: Display: Loaded TargetPlatform 'LinuxAArch64Server'
[2025.09.01-20.43.26:034][  0]LogTargetPlatformManager: Display: Loaded TargetPlatform 'Lumin'
[2025.09.01-20.43.26:034][  0]LogTargetPlatformManager: Display: Loaded TargetPlatform 'LuminClient'
[2025.09.01-20.43.26:041][  0]LogTargetPlatformManager: Display: Loaded TargetPlatform 'MacNoEditor'
[2025.09.01-20.43.26:044][  0]LogTargetPlatformManager: Display: Loaded TargetPlatform 'Mac'
[2025.09.01-20.43.26:048][  0]LogTargetPlatformManager: Display: Loaded TargetPlatform 'MacClient'
[2025.09.01-20.43.26:051][  0]LogTargetPlatformManager: Display: Loaded TargetPlatform 'MacServer'
[2025.09.01-20.43.26:060][  0]LogTargetPlatformManager: Display: Loaded TargetPlatform 'TVOSClient'
[2025.09.01-20.43.26:060][  0]LogTargetPlatformManager: Display: Loaded TargetPlatform 'TVOS'
[2025.09.01-20.43.26:067][  0]LogTargetPlatformManager: Display: Loaded TargetPlatform 'WindowsNoEditor'
[2025.09.01-20.43.26:071][  0]LogTargetPlatformManager: Display: Loaded TargetPlatform 'Windows'
[2025.09.01-20.43.26:075][  0]LogTargetPlatformManager: Display: Loaded TargetPlatform 'WindowsClient'
[2025.09.01-20.43.26:078][  0]LogTargetPlatformManager: Display: Loaded TargetPlatform 'WindowsServer'
[2025.09.01-20.43.26:078][  0]LogTargetPlatformManager: Display: Building Assets For Windows
[2025.09.01-20.43.26:084][  0]LogAudioDebug: Display: Lib vorbis DLL was dynamically loaded.
[2025.09.01-20.43.26:109][  0]LogTextureFormatOodle: Display: Oodle Texture 2.9.0 init RDO Off
[2025.09.01-20.43.26:132][  0]LogRendererCore: Ray tracing is disabled. Reason: r.RayTracing=0.
[2025.09.01-20.43.26:132][  0]LogShaderCompilers: Guid format shader working directory is -3 characters bigger than the processId version (../../../../../../Users/leonardo.medeiros/Documents/TCC/Sorry/Intermediate/Shaders/WorkingDirectory/4504/).
[2025.09.01-20.43.26:133][  0]LogShaderCompilers: Cleaned the shader compiler working directory 'C:/Users/leonardo.medeiros/AppData/Local/Temp/UnrealShaderWorkingDir/F17949AD4055CB1793D77080815D5A38/'.
[2025.09.01-20.43.26:133][  0]LogXGEController: Cannot use XGE Controller as Incredibuild is not installed on this machine.
[2025.09.01-20.43.26:133][  0]LogShaderCompilers: Cannot use XGE Shader Compiler as Incredibuild is not installed on this machine.
[2025.09.01-20.43.26:133][  0]LogShaderCompilers: Display: Using Local Shader Compiler.
[2025.09.01-20.43.26:812][  0]LogDerivedDataCache: Display: Max Cache Size: 512 MB
[2025.09.01-20.43.26:858][  0]LogDerivedDataCache: Loaded boot cache 0.05s 94MB C:/Users/leonardo.medeiros/AppData/Local/UnrealEngine/4.27/DerivedDataCache/Boot.ddc.
[2025.09.01-20.43.26:858][  0]LogDerivedDataCache: Display: Loaded Boot cache: C:/Users/leonardo.medeiros/AppData/Local/UnrealEngine/4.27/DerivedDataCache/Boot.ddc
[2025.09.01-20.43.26:858][  0]LogDerivedDataCache: FDerivedDataBackendGraph:  Pak pak cache file ../../../../../../Users/leonardo.medeiros/Documents/TCC/Sorry/DerivedDataCache/DDC.ddp not found, will not use a pak cache.
[2025.09.01-20.43.26:858][  0]LogDerivedDataCache: Unable to find inner node Pak for hierarchical cache Hierarchy.
[2025.09.01-20.43.26:858][  0]LogDerivedDataCache: FDerivedDataBackendGraph:  CompressedPak pak cache file ../../../../../../Users/leonardo.medeiros/Documents/TCC/Sorry/DerivedDataCache/Compressed.ddp not found, will not use a pak cache.
[2025.09.01-20.43.26:858][  0]LogDerivedDataCache: Unable to find inner node CompressedPak for hierarchical cache Hierarchy.
[2025.09.01-20.43.26:872][  0]LogDerivedDataCache: Display: Pak cache opened for reading ../../../Engine/DerivedDataCache/Compressed.ddp.
[2025.09.01-20.43.26:872][  0]LogDerivedDataCache: FDerivedDataBackendGraph:  EnterprisePak pak cache file ../../../Enterprise/DerivedDataCache/Compressed.ddp not found, will not use a pak cache.
[2025.09.01-20.43.26:872][  0]LogDerivedDataCache: Unable to find inner node EnterprisePak for hierarchical cache Hierarchy.
[2025.09.01-20.43.26:880][  0]LogDerivedDataCache: Speed tests for C:/Users/leonardo.medeiros/AppData/Local/UnrealEngine/Common/DerivedDataCache took 0.01 seconds
[2025.09.01-20.43.26:880][  0]LogDerivedDataCache: Display: Performance to C:/Users/leonardo.medeiros/AppData/Local/UnrealEngine/Common/DerivedDataCache: Latency=0.03ms. RandomReadSpeed=796.31MBs, RandomWriteSpeed=146.45MBs. Assigned SpeedClass 'Local'
[2025.09.01-20.43.26:881][  0]LogDerivedDataCache: Using Local data cache path C:/Users/leonardo.medeiros/AppData/Local/UnrealEngine/Common/DerivedDataCache: Writable
[2025.09.01-20.43.26:881][  0]LogDerivedDataCache: Shared data cache path not found in *engine.ini, will not use an Shared cache.
[2025.09.01-20.43.26:881][  0]LogDerivedDataCache: Unable to find inner node Shared for hierarchical cache Hierarchy.
[2025.09.01-20.43.26:924][  0]LogSlate: Using FreeType 2.10.0
[2025.09.01-20.43.26:924][  0]LogSlate: SlateFontServices - WITH_FREETYPE: 1, WITH_HARFBUZZ: 1
[2025.09.01-20.43.26:944][  0]LogAssetRegistry: FAssetRegistry took 0.0023 seconds to start up
[2025.09.01-20.43.27:144][  0]LogInit: Selected Device Profile: [Windows]
[2025.09.01-20.43.27:144][  0]LogInit: Active device profile: [000001AB09610900][000001AB0051B6C0 49] Windows
[2025.09.01-20.43.27:144][  0]LogInit: Profiles: [000001AB09610900][000001AB0051B6C0 49] Windows, [000001AB095BB800][000001AB0049F840 49] WindowsNoEditor, [000001AB09613500][000001AB6B4F19C0 49] WindowsServer, [000001AB095B8E00][000001AB6B4F5B40 49] WindowsClient, [000001AB09613800][000001AB0088E140 49] IOS, [000001AB095BA800][000001AB008922C0 49] iPadAir, [000001AB09612000][000001AB7C2AA440 49] iPadAir2, [000001AB0A5DCA00][000001AB7C2C2700 49] IPadPro, [000001AB0A5DCB00][000001AB7C2BA740 49] iPadAir3, [000001AB095B9800][000001AB0051E880 49] iPadAir4, [000001AB0A5DF400][000001AB7C2C69C0 49] iPadMini2, [000001AB095BAA00][000001AB7C2CAB00 49] iPadMini3, [000001AB0A5DD700][000001AB7C2DAC80 49] iPadMini4, [000001AB09611000][000001AB7C2DEE00 49] iPadMini5, [000001AB0A5E4300][000001AB0A0F10C0 49] iPhone6, [000001AB0A5E4400][000001AB0A0ED100 49] iPodTouch6, [000001AB0A5DF600][000001AB008F53C0 49] iPhone7, [000001AB0A5DD800][000001AB0A43F400 49] iPodTouch7, [000001AB0A5E7F00][000001AB008F9580 49] iPhone5S, [000001AB095BA300][000001AB008FD700 49] iPhone6Plus, [000001AB0A5DC200][000001AB0048D880 49] iPhone6S, [000001AB095BA200][000001AB00491A00 49] iPhone6SPlus, [000001AB0A5DFC00][000001AB00495B80 49] iPhone7Plus, [000001AB095B8100][000001AB0B526180 49] iPhoneSE, [000001AB0A5DF500][000001AB0B52A300 49] iPhone8, [000001AB095B9E00][000001AB0A442480 49] iPhone8Plus, [000001AB0A5DD000][000001AB0B856600 49] iPhoneX, [000001AB095B8A00][000001AB0050C780 49] iPhoneXS, [000001AB0A5DD200][000001AB00510900 49] iPhoneXSMax, [000001AB095B9500][000001AB7C2D6A40 49] iPhoneXR, [000001AB0A5DF700][000001AB00514B80 49] iPhone11, [000001AB095B8D00][000001AB6B498CC0 49] iPhone11Pro, [000001AB0A5DF800][000001AB6B4A0E40 49] iPhone11ProMax, [000001AB095B8F00][000001AB6B4A4FC0 49] iPhoneSE2, [000001AB0A5DEE00][000001AB6B4A9140 49] iPhone12Mini, [000001AB095BB100][000001AB6B4AD2C0 49] iPhone12, [000001AB0A5DEB00][000001AB6B4B1440 49] iPhone12Pro, [000001AB095B8800][000001AB6B4B55C0 49] iPhone12ProMax, [000001AB0A5DE300][000001AB004AF740 49] iPadPro105, [000001AB095BAF00][000001AB004BD8C0 49] iPadPro129, [000001AB0A5DE000][000001AB004F1A40 49] iPadPro97, [000001AB095B9300][000001AB004F5BC0 49] iPadPro2_129, [000001AB0A5DDA00][000001AB004F81C0 49] iPad5, [000001AB095B9A00][000001AB0A3E4340 49] iPad6, [000001AB0A5DE800][000001AB0A3E84C0 49] iPad7, [000001AB095B8C00][000001AB0A3EC640 49] iPad8, [000001AB0A5DF200][000001AB0A3F07C0 49] iPadPro11, [000001AB095B9600][000001AB0A3F8940 49] iPadPro2_11, [000001AB0A5DDC00][000001AB0A3FCAC0 49] iPadPro3_129, [000001AB095BB900][000001AB6B49CC00 49] iPadPro4_129, [000001AB0A5DD500][000001AB0044ED40 49] AppleTV, [000001AB095B8300][000001AB00452E80 49] AppleTV4K, [000001AB0A5DC100][000001AB008D4FC0 49] TVOS, [000001AB095BA400][000001AB008DD140 49] Mac, [000001AB0A5DE100][000001AB0044B2C0 49] MacClient, [000001AB095BB400][000001AB0A3F5440 49] MacNoEditor, [000001AB0A5DDF00][000001AB008ED5C0 49] MacServer, [000001AB095B8600][000001AB008F1740 49] Linux, [000001AB0A5DE200][000001AB0046D8C0 49] LinuxAArch64, [000001AB095BB600][000001AB00471A40 49] LinuxNoEditor, [000001AB0A5DDD00][000001AB0A44BBC0 49] LinuxAArch64NoEditor, [000001AB095B9400][000001AB0A4461C0 49] LinuxClient, [000001AB0A5DF100][000001AB0B85A340 49] LinuxAArch64Client, [000001AB095B9900][000001AB7C2CE4C0 49] LinuxServer, [000001AB0A5DF000][000001AB7C2D2640 49] LinuxAArch64Server, [000001AB095BA600][000001AB004747C0 49] Android, [000001AB0A5DC700][000001AB00478940 49] Android_Low, [000001AB095B9B00][000001AB0047CAC0 49] Android_Mid, [000001AB09613A00][000001AB00480C40 49] Android_High, [000001AB0A5E5C00][000001AB008D8D80 49] Android_Default, [000001AB09612100][000001AB00484EC0 49] Android_Adreno4xx, [000001AB0A5E6700][000001AB00489000 49] Android_Adreno5xx_Low, [000001AB09610B00][000001AB0A09B140 49] Android_Adreno5xx, [000001AB0A5E6D00][000001AB0A0A32C0 49] Android_Adreno6xx, [000001AB09611200][000001AB0A0A7440 49] Android_Adreno6xx_Vulkan, [000001AB0A5E6800][000001AB0A0AB5C0 49] Android_Mali_T6xx, [000001AB09613200][000001AB0A0AF740 49] Android_Mali_T7xx, [000001AB0A5E6E00][000001AB0A0B38C0 49] Android_Mali_T8xx, [000001AB09612500][000001AB0A0B7A40 49] Android_Mali_G71, [000001AB0A5E7E00][000001AB0A0BBBC0 49] Android_Mali_G72, [000001AB09612A00][000001AB0A0BE1C0 49] Android_Mali_G72_Vulkan, [000001AB0A5E5B00][000001AB0B4CC340 49] Android_Mali_G76, [000001AB09611B00][000001AB0B4D04C0 49] Android_Mali_G76_Vulkan, [000001AB0A5E7D00][000001AB0B4D4640 49] Android_Mali_G77, [000001AB09612D00][000001AB0B4D87C0 49] Android_Mali_G77_Vulkan, [000001AB0A5E7900][000001AB0B4DC940 49] Android_Mali_G78, [000001AB09610D00][000001AB0B4E0AC0 49] Android_Mali_G78_Vulkan, [000001AB0A5E4500][000001AB0B4E4C40 49] Android_Mali_G710, [000001AB09612B00][000001AB0B4E8DC0 49] Android_Mali_G710_Vulkan, [000001AB0A5E7500][000001AB0B4ECF40 49] Android_Vulkan_SM5, [000001AB09613400][000001AB0A09F080 49] Android_PowerVR_G6xxx, [000001AB0A5E6400][000001AB0B4F11C0 49] Android_PowerVR_GT7xxx, [000001AB09613C00][000001AB0A359300 49] Android_PowerVR_GE8xxx, [000001AB0A5E6200][000001AB0A361480 49] Android_PowerVR_GM9xxx, [000001AB09613000][000001AB0A365600 49] Android_PowerVR_GM9xxx_Vulkan, [000001AB0A5E5500][000001AB0A369780 49] Android_TegraK1, [000001AB09611100][000001AB0A36D900 49] Android_Unknown_Vulkan, [000001AB095BBD00][000001AB0A371A80 49] Lumin, [000001AB09612900][000001AB0A375C00 49] Lumin_Desktop, [000001AB095BBE00][000001AB0A378200 49] HoloLens, 
[2025.09.01-20.43.27:253][  0]LogMeshReduction: Using QuadricMeshReduction for automatic static mesh reduction
[2025.09.01-20.43.27:253][  0]LogMeshReduction: Using SimplygonMeshReduction for automatic skeletal mesh reduction
[2025.09.01-20.43.27:253][  0]LogMeshReduction: Using ProxyLODMeshReduction for automatic mesh merging
[2025.09.01-20.43.27:253][  0]LogMeshReduction: No distributed automatic mesh merging module available
[2025.09.01-20.43.27:253][  0]LogMeshMerging: No distributed automatic mesh merging module available
[2025.09.01-20.43.27:265][  0]LogNetVersion: Sorry 1.0.0, NetCL: 17155196, EngineNetVer: 17, GameNetVer: 0 (Checksum: 3363201869)
[2025.09.01-20.43.27:571][  0]LogTexture: Default maximum texture size for cubemaps generated from long-lat sources has been changed from 512 to unlimited. In order to preserve old behaiour for '/Engine/MapTemplates/Sky/DaylightAmbientCubemap.DaylightAmbientCubemap', its maximum texture size has been explicitly set to 512.
[2025.09.01-20.43.27:615][  0]LogHMD: PokeAHoleMaterial loaded successfully
[2025.09.01-20.43.27:620][  0]LogUObjectArray: 17178 objects as part of root set at end of initial load.
[2025.09.01-20.43.27:620][  0]LogUObjectAllocator: 4302048 out of 0 bytes used by permanent object pool.
[2025.09.01-20.43.27:620][  0]LogUObjectArray: CloseDisregardForGC: 0/0 objects in disregard for GC pool
[2025.09.01-20.43.27:741][  0]LogNiagaraDebuggerClient: Niagara Debugger Client Initialized | Session: 5E0B1614408A7EA45621768451E6BEA0 | Instance: 82C9CE784CB0DB600F3CCDA239E84869 (SGS1-D08-4504).
[2025.09.01-20.43.27:870][  0]LogPython: Using Python 3.7.7
[2025.09.01-20.43.28:390][  0]LogTcpMessaging: Initializing TcpMessaging bridge
[2025.09.01-20.43.28:394][  0]LogUdpMessaging: Initializing bridge on interface 0.0.0.0:0 to multicast group 230.0.0.1:6666.
[2025.09.01-20.43.28:566][  0]SourceControl: Controle de origem desativado
[2025.09.01-20.43.28:566][  0]SourceControl: Controle de origem desativado
[2025.09.01-20.43.28:568][  0]SourceControl: Controle de origem desativado
[2025.09.01-20.43.28:570][  0]SourceControl: Controle de origem desativado
[2025.09.01-20.43.28:576][  0]SourceControl: Controle de origem desativado
[2025.09.01-20.43.28:677][  0]LogUProjectInfo: Found projects:
[2025.09.01-20.43.28:689][  0]LogOpenImageDenoise: OIDN starting up
[2025.09.01-20.43.28:731][  0]LogAndroidPermission: UAndroidPermissionCallbackProxy::GetInstance
[2025.09.01-20.43.28:749][  0]LogAudioCaptureCore: Display: No Audio Capture implementations found. Audio input will be silent.
[2025.09.01-20.43.28:749][  0]LogAudioCaptureCore: Display: No Audio Capture implementations found. Audio input will be silent.
[2025.09.01-20.43.28:847][  0]LogCollectionManager: Loaded 0 collections in 0.001897 seconds
[2025.09.01-20.43.28:867][  0]LogFileCache: Scanning file cache for directory 'C:/Users/leonardo.medeiros/Documents/TCC/Sorry/Saved/Collections/' took 0.00s
[2025.09.01-20.43.28:867][  0]LogFileCache: Scanning file cache for directory 'C:/Users/leonardo.medeiros/Documents/TCC/Sorry/Content/Developers/leonardomedeiros/Collections/' took 0.00s
[2025.09.01-20.43.28:867][  0]LogFileCache: Scanning file cache for directory 'C:/Users/leonardo.medeiros/Documents/TCC/Sorry/Content/Collections/' took 0.00s
[2025.09.01-20.43.28:867][  0]LogOcInput: OculusInput pre-init called
[2025.09.01-20.43.29:059][  0]LogEngine: Initializing Engine...
[2025.09.01-20.43.29:061][  0]LogHMD: Failed to enumerate extensions. Please check that you have a valid OpenXR runtime installed.
[2025.09.01-20.43.29:061][  0]LogHMD: Failed to initialize OpenVR with code 110
[2025.09.01-20.43.29:061][  0]LogMagicLeap: Warning: VR disabled because ZI is not enabled.  To enable, in the editor, Edit -> Project Settings -> Plugins -> Magic Leap Plugin -> Enable Zero Iteration
[2025.09.01-20.43.29:062][  0]LogStats: UGameplayTagsManager::InitializeManager -  0.000 s
[2025.09.01-20.43.29:159][  0]LogInit: Initializing FReadOnlyCVARCache
[2025.09.01-20.43.29:165][  0]LogAIModule: Creating AISystem for world Untitled
[2025.09.01-20.43.29:172][  0]LogAudio: Display: Initializing Audio Device Manager...
[2025.09.01-20.43.29:174][  0]LogAudio: Display: Loading Default Audio Settings Objects...
[2025.09.01-20.43.29:175][  0]LogAudio: Display: No default SoundConcurrencyObject specified (or failed to load).
[2025.09.01-20.43.29:175][  0]LogAudio: Display: Audio Device Manager Initialized
[2025.09.01-20.43.29:175][  0]LogAudio: Display: Creating Audio Device:                 Id: 1, Scope: Shared, Realtime: True
[2025.09.01-20.43.29:175][  0]LogAudioMixer: Display: Audio Mixer Platform Settings:
[2025.09.01-20.43.29:175][  0]LogAudioMixer: Display: 	Sample Rate:						  48000
[2025.09.01-20.43.29:175][  0]LogAudioMixer: Display: 	Callback Buffer Frame Size Requested: 1024
[2025.09.01-20.43.29:175][  0]LogAudioMixer: Display: 	Callback Buffer Frame Size To Use:	  1024
[2025.09.01-20.43.29:175][  0]LogAudioMixer: Display: 	Number of buffers to queue:			  2
[2025.09.01-20.43.29:175][  0]LogAudioMixer: Display: 	Max Channels (voices):				  32
[2025.09.01-20.43.29:175][  0]LogAudioMixer: Display: 	Number of Async Source Workers:		  0
[2025.09.01-20.43.29:175][  0]LogAudio: Display: AudioDevice MaxSources: 32
[2025.09.01-20.43.29:176][  0]LogAudio: Display: Audio Spatialization Plugin: None (built-in).
[2025.09.01-20.43.29:176][  0]LogAudio: Display: Audio Reverb Plugin: None (built-in).
[2025.09.01-20.43.29:176][  0]LogAudio: Display: Audio Occlusion Plugin: None (built-in).
[2025.09.01-20.43.29:176][  0]LogAudioMixer: Display: Initializing audio mixer.
[2025.09.01-20.43.29:189][  0]LogAudioMixer: Display: 0: FrontLeft
[2025.09.01-20.43.29:189][  0]LogAudioMixer: Display: 1: FrontRight
[2025.09.01-20.43.29:231][  0]LogAudioMixer: Display: Using Audio Device 22B1WG5 (NVIDIA High Definition Audio)
[2025.09.01-20.43.29:233][  0]LogAudioMixer: Display: Initializing Sound Submixes...
[2025.09.01-20.43.29:234][  0]LogAudioMixer: Display: Creating Master Submix 'MasterSubmixDefault'
[2025.09.01-20.43.29:234][  0]LogAudioMixer: Display: Creating Master Submix 'MasterReverbSubmixDefault'
[2025.09.01-20.43.29:235][  0]LogAudioMixer: Display: Creating Master Submix 'MasterEQSubmixDefault'
[2025.09.01-20.43.29:235][  0]LogAudioMixer: FMixerPlatformXAudio2::StartAudioStream() called
[2025.09.01-20.43.29:235][  0]LogAudioMixer: Display: Output buffers initialized: Frames=1024, Channels=2, Samples=2048
[2025.09.01-20.43.29:236][  0]LogAudioMixer: Display: Starting AudioMixerPlatformInterface::RunInternal()
[2025.09.01-20.43.29:236][  0]LogAudioMixer: Display: FMixerPlatformXAudio2::SubmitBuffer() called for the first time
[2025.09.01-20.43.29:236][  0]LogInit: FAudioDevice initialized.
[2025.09.01-20.43.29:236][  0]LogAudio: Display: Audio Device (ID: 1) registered with world 'Untitled'.
[2025.09.01-20.43.29:236][  0]LogNetVersion: Set ProjectVersion to 1.0.0.0. Version Checksum will be recalculated on next use.
[2025.09.01-20.43.29:280][  0]LogDerivedDataCache: Saved boot cache 0.04s 94MB C:/Users/leonardo.medeiros/AppData/Local/UnrealEngine/4.27/DerivedDataCache/Boot.ddc.
[2025.09.01-20.43.29:281][  0]LogInit: Texture streaming: Enabled
[2025.09.01-20.43.29:290][  0]LogAnalytics: Display: [UEEditor.Rocket.Release] APIServer = https://datarouter.ol.epicgames.com/. AppVersion = 4.27.2-18319896+++UE4+Release-4.27
[2025.09.01-20.43.29:293][  0]LogEngineSessionManager: EngineSessionManager initialized
[2025.09.01-20.43.29:293][  0]LogEditorSessionSummary: Verbose: Initializing EditorSessionSummaryWriter for editor session tracking
[2025.09.01-20.43.29:294][  0]LogEditorSessionSummary: EditorSessionSummaryWriter initialized
[2025.09.01-20.43.29:312][  0]LogInit: Transaction tracking system initialized
[2025.09.01-20.43.29:328][  0]BlueprintLog: New page: Carregar Editor
[2025.09.01-20.43.29:373][  0]LocalizationService: Localization service is disabled
[2025.09.01-20.43.29:391][  0]TimingProfiler: Initialize
[2025.09.01-20.43.29:391][  0]TimingProfiler: OnSessionChanged
[2025.09.01-20.43.29:391][  0]LoadingProfiler: Initialize
[2025.09.01-20.43.29:391][  0]LoadingProfiler: OnSessionChanged
[2025.09.01-20.43.29:391][  0]NetworkingProfiler: Initialize
[2025.09.01-20.43.29:391][  0]NetworkingProfiler: OnSessionChanged
[2025.09.01-20.43.29:391][  0]MemoryProfiler: Initialize
[2025.09.01-20.43.29:391][  0]MemoryProfiler: OnSessionChanged
[2025.09.01-20.43.29:509][  0]LogCook: Display: CookSettings for Memory: MemoryMaxUsedVirtual 0MiB, MemoryMaxUsedPhysical 16384MiB, MemoryMinFreeVirtual 0MiB, MemoryMinFreePhysical 1024MiB
[2025.09.01-20.43.29:509][  0]LogCook: Display: Mobile HDR setting 1
[2025.09.01-20.43.29:649][  0]LogFileCache: Scanning file cache for directory 'C:/Users/leonardo.medeiros/Documents/TCC/Sorry/Content/' took 0.00s
[2025.09.01-20.43.29:804][  0]LogInit: Display: Engine is initialized. Leaving FEngineLoop::Init()
[2025.09.01-20.43.29:807][  0]SourceControl: Controle de origem desativado
[2025.09.01-20.43.29:807][  0]LogUnrealEdMisc: Loading editor; pre map load, took 5.648
[2025.09.01-20.43.29:807][  0]Cmd: MAP LOAD FILE="../../../../../../Users/leonardo.medeiros/Documents/TCC/Sorry/Content/StarterContent/Maps/Minimal_Default.umap" TEMPLATE=0 SHOWPROGRESS=1 FEATURELEVEL=3
[2025.09.01-20.43.29:807][  0]LightingResults: New page: Compilação de Iluminação
[2025.09.01-20.43.29:808][  0]LogWorld: UWorld::CleanupWorld for Untitled, bSessionEnded=true, bCleanupResources=true
[2025.09.01-20.43.29:808][  0]LogSlate: InvalidateAllWidgets triggered.  All widgets were invalidated
[2025.09.01-20.43.29:808][  0]MapCheck: New page: Verificação de Mapa
[2025.09.01-20.43.29:808][  0]LightingResults: New page: Compilação de Iluminação
[2025.09.01-20.43.29:812][  0]LogAudio: Display: Audio Device unregistered from world 'None'.
[2025.09.01-20.43.29:814][  0]LogUObjectHash: Compacting FUObjectHashTables data took   0.71ms
[2025.09.01-20.43.29:923][  0]LogAudio: Display: Audio Device (ID: 1) registered with world 'Minimal_Default'.
[2025.09.01-20.43.29:923][  0]LogAIModule: Creating AISystem for world Minimal_Default
[2025.09.01-20.43.29:928][  0]LogEditorServer: Finished looking for orphan Actors (0.000 secs)
[2025.09.01-20.43.29:934][  0]LogUObjectHash: Compacting FUObjectHashTables data took   0.85ms
[2025.09.01-20.43.29:934][  0]Cmd: MAP CHECKDEP NOCLEARLOG
[2025.09.01-20.43.29:934][  0]MapCheck: Map check complete: 0 Error(s), 0 Warning(s), took 0,164ms to complete.
[2025.09.01-20.43.29:934][  0]LogFileHelpers: Loading map 'Minimal_Default' took 0.128
[2025.09.01-20.43.29:936][  0]LogUnrealEdMisc: Total Editor Startup Time, took 5.778
[2025.09.01-20.43.30:017][  0]LogSlate: Updating window title bar state: overlay mode, drag disabled, window buttons hidden, title bar hidden
[2025.09.01-20.43.30:023][  0]LogSlate: Updating window title bar state: overlay mode, drag disabled, window buttons hidden, title bar hidden
[2025.09.01-20.43.30:028][  0]LogSlate: Updating window title bar state: overlay mode, drag disabled, window buttons hidden, title bar hidden
[2025.09.01-20.43.30:033][  0]LogSlate: Updating window title bar state: overlay mode, drag disabled, window buttons hidden, title bar hidden
[2025.09.01-20.43.30:045][  0]LogNativeClassHierarchy: Verbose: Native class hierarchy populated in 0.0083 seconds. Added 3822 classes and 928 folders.
[2025.09.01-20.43.30:046][  0]LogNativeClassHierarchy: Verbose: Native class hierarchy updated for 'WidgetCarousel' in 0.0002 seconds. Added 0 classes and 0 folders.
[2025.09.01-20.43.30:047][  0]LogPakFile: PakFile PrimaryIndexSize=187
[2025.09.01-20.43.30:047][  0]LogPakFile: PakFile PathHashIndexSize=101
[2025.09.01-20.43.30:047][  0]LogPakFile: PakFile FullDirectoryIndexSize=148
[2025.09.01-20.43.30:048][  0]LogShaderLibrary: Display: ShaderCodeLibraryPakFileMountedCallback: PakFile 'C:/Program Files/Epic Games/UE_4.27/FeaturePacks/FP_FirstPerson.upack' (chunk index -1, root 'root:/') mounted
[2025.09.01-20.43.30:048][  0]LogShaderLibrary: Display: ShaderCodeLibraryPakFileMountedCallback: pending pak file info (ChunkID:-1 Root:root:/ File:C:/Program Files/Epic Games/UE_4.27/FeaturePacks/FP_FirstPerson.upack)
[2025.09.01-20.43.30:048][  0]LogPakFile: OnPakFileMounted2Time == 0.000050
[2025.09.01-20.43.30:048][  0]LogPakFile: PakFile PrimaryIndexSize=189
[2025.09.01-20.43.30:048][  0]LogPakFile: PakFile PathHashIndexSize=101
[2025.09.01-20.43.30:048][  0]LogPakFile: PakFile FullDirectoryIndexSize=152
[2025.09.01-20.43.30:048][  0]LogShaderLibrary: Display: ShaderCodeLibraryPakFileMountedCallback: PakFile 'C:/Program Files/Epic Games/UE_4.27/FeaturePacks/FP_FirstPersonBP.upack' (chunk index -1, root 'root:/') mounted
[2025.09.01-20.43.30:048][  0]LogShaderLibrary: Display: ShaderCodeLibraryPakFileMountedCallback: pending pak file info (ChunkID:-1 Root:root:/ File:C:/Program Files/Epic Games/UE_4.27/FeaturePacks/FP_FirstPersonBP.upack)
[2025.09.01-20.43.30:048][  0]LogPakFile: OnPakFileMounted2Time == 0.000033
[2025.09.01-20.43.30:049][  0]LogPakFile: PakFile PrimaryIndexSize=191
[2025.09.01-20.43.30:049][  0]LogPakFile: PakFile PathHashIndexSize=101
[2025.09.01-20.43.30:049][  0]LogPakFile: PakFile FullDirectoryIndexSize=160
[2025.09.01-20.43.30:049][  0]LogShaderLibrary: Display: ShaderCodeLibraryPakFileMountedCallback: PakFile 'C:/Program Files/Epic Games/UE_4.27/FeaturePacks/MobileStarterContent.upack' (chunk index -1, root 'root:/') mounted
[2025.09.01-20.43.30:049][  0]LogShaderLibrary: Display: ShaderCodeLibraryPakFileMountedCallback: pending pak file info (ChunkID:-1 Root:root:/ File:C:/Program Files/Epic Games/UE_4.27/FeaturePacks/MobileStarterContent.upack)
[2025.09.01-20.43.30:049][  0]LogPakFile: OnPakFileMounted2Time == 0.000030
[2025.09.01-20.43.30:049][  0]LogPakFile: PakFile PrimaryIndexSize=185
[2025.09.01-20.43.30:049][  0]LogPakFile: PakFile PathHashIndexSize=101
[2025.09.01-20.43.30:049][  0]LogPakFile: PakFile FullDirectoryIndexSize=148
[2025.09.01-20.43.30:049][  0]LogShaderLibrary: Display: ShaderCodeLibraryPakFileMountedCallback: PakFile 'C:/Program Files/Epic Games/UE_4.27/FeaturePacks/StarterContent.upack' (chunk index -1, root 'root:/') mounted
[2025.09.01-20.43.30:049][  0]LogShaderLibrary: Display: ShaderCodeLibraryPakFileMountedCallback: pending pak file info (ChunkID:-1 Root:root:/ File:C:/Program Files/Epic Games/UE_4.27/FeaturePacks/StarterContent.upack)
[2025.09.01-20.43.30:049][  0]LogPakFile: OnPakFileMounted2Time == 0.000033
[2025.09.01-20.43.30:050][  0]LogPakFile: PakFile PrimaryIndexSize=190
[2025.09.01-20.43.30:050][  0]LogPakFile: PakFile PathHashIndexSize=101
[2025.09.01-20.43.30:050][  0]LogPakFile: PakFile FullDirectoryIndexSize=154
[2025.09.01-20.43.30:050][  0]LogShaderLibrary: Display: ShaderCodeLibraryPakFileMountedCallback: PakFile 'C:/Program Files/Epic Games/UE_4.27/FeaturePacks/TP_2DSideScroller.upack' (chunk index -1, root 'root:/') mounted
[2025.09.01-20.43.30:050][  0]LogShaderLibrary: Display: ShaderCodeLibraryPakFileMountedCallback: pending pak file info (ChunkID:-1 Root:root:/ File:C:/Program Files/Epic Games/UE_4.27/FeaturePacks/TP_2DSideScroller.upack)
[2025.09.01-20.43.30:050][  0]LogPakFile: OnPakFileMounted2Time == 0.000032
[2025.09.01-20.43.30:050][  0]LogPakFile: PakFile PrimaryIndexSize=192
[2025.09.01-20.43.30:050][  0]LogPakFile: PakFile PathHashIndexSize=101
[2025.09.01-20.43.30:050][  0]LogPakFile: PakFile FullDirectoryIndexSize=158
[2025.09.01-20.43.30:050][  0]LogShaderLibrary: Display: ShaderCodeLibraryPakFileMountedCallback: PakFile 'C:/Program Files/Epic Games/UE_4.27/FeaturePacks/TP_2DSideScrollerBP.upack' (chunk index -1, root 'root:/') mounted
[2025.09.01-20.43.30:050][  0]LogShaderLibrary: Display: ShaderCodeLibraryPakFileMountedCallback: pending pak file info (ChunkID:-1 Root:root:/ File:C:/Program Files/Epic Games/UE_4.27/FeaturePacks/TP_2DSideScrollerBP.upack)
[2025.09.01-20.43.30:050][  0]LogPakFile: OnPakFileMounted2Time == 0.000029
[2025.09.01-20.43.30:051][  0]LogPakFile: PakFile PrimaryIndexSize=182
[2025.09.01-20.43.30:051][  0]LogPakFile: PakFile PathHashIndexSize=101
[2025.09.01-20.43.30:051][  0]LogPakFile: PakFile FullDirectoryIndexSize=138
[2025.09.01-20.43.30:051][  0]LogShaderLibrary: Display: ShaderCodeLibraryPakFileMountedCallback: PakFile 'C:/Program Files/Epic Games/UE_4.27/FeaturePacks/TP_Flying.upack' (chunk index -1, root 'root:/') mounted
[2025.09.01-20.43.30:051][  0]LogShaderLibrary: Display: ShaderCodeLibraryPakFileMountedCallback: pending pak file info (ChunkID:-1 Root:root:/ File:C:/Program Files/Epic Games/UE_4.27/FeaturePacks/TP_Flying.upack)
[2025.09.01-20.43.30:051][  0]LogPakFile: OnPakFileMounted2Time == 0.000029
[2025.09.01-20.43.30:051][  0]LogPakFile: PakFile PrimaryIndexSize=184
[2025.09.01-20.43.30:051][  0]LogPakFile: PakFile PathHashIndexSize=101
[2025.09.01-20.43.30:051][  0]LogPakFile: PakFile FullDirectoryIndexSize=142
[2025.09.01-20.43.30:051][  0]LogShaderLibrary: Display: ShaderCodeLibraryPakFileMountedCallback: PakFile 'C:/Program Files/Epic Games/UE_4.27/FeaturePacks/TP_FlyingBP.upack' (chunk index -1, root 'root:/') mounted
[2025.09.01-20.43.30:051][  0]LogShaderLibrary: Display: ShaderCodeLibraryPakFileMountedCallback: pending pak file info (ChunkID:-1 Root:root:/ File:C:/Program Files/Epic Games/UE_4.27/FeaturePacks/TP_FlyingBP.upack)
[2025.09.01-20.43.30:051][  0]LogPakFile: OnPakFileMounted2Time == 0.000029
[2025.09.01-20.43.30:052][  0]LogPakFile: PakFile PrimaryIndexSize=188
[2025.09.01-20.43.30:052][  0]LogPakFile: PakFile PathHashIndexSize=101
[2025.09.01-20.43.30:052][  0]LogPakFile: PakFile FullDirectoryIndexSize=150
[2025.09.01-20.43.30:052][  0]LogShaderLibrary: Display: ShaderCodeLibraryPakFileMountedCallback: PakFile 'C:/Program Files/Epic Games/UE_4.27/FeaturePacks/TP_HandheldARBP.upack' (chunk index -1, root 'root:/') mounted
[2025.09.01-20.43.30:052][  0]LogShaderLibrary: Display: ShaderCodeLibraryPakFileMountedCallback: pending pak file info (ChunkID:-1 Root:root:/ File:C:/Program Files/Epic Games/UE_4.27/FeaturePacks/TP_HandheldARBP.upack)
[2025.09.01-20.43.30:052][  0]LogPakFile: OnPakFileMounted2Time == 0.000028
[2025.09.01-20.43.30:052][  0]LogPakFile: PakFile PrimaryIndexSize=182
[2025.09.01-20.43.30:052][  0]LogPakFile: PakFile PathHashIndexSize=101
[2025.09.01-20.43.30:052][  0]LogPakFile: PakFile FullDirectoryIndexSize=138
[2025.09.01-20.43.30:052][  0]LogShaderLibrary: Display: ShaderCodeLibraryPakFileMountedCallback: PakFile 'C:/Program Files/Epic Games/UE_4.27/FeaturePacks/TP_Puzzle.upack' (chunk index -1, root 'root:/') mounted
[2025.09.01-20.43.30:052][  0]LogShaderLibrary: Display: ShaderCodeLibraryPakFileMountedCallback: pending pak file info (ChunkID:-1 Root:root:/ File:C:/Program Files/Epic Games/UE_4.27/FeaturePacks/TP_Puzzle.upack)
[2025.09.01-20.43.30:052][  0]LogPakFile: OnPakFileMounted2Time == 0.000029
[2025.09.01-20.43.30:053][  0]LogPakFile: PakFile PrimaryIndexSize=184
[2025.09.01-20.43.30:053][  0]LogPakFile: PakFile PathHashIndexSize=101
[2025.09.01-20.43.30:053][  0]LogPakFile: PakFile FullDirectoryIndexSize=142
[2025.09.01-20.43.30:053][  0]LogShaderLibrary: Display: ShaderCodeLibraryPakFileMountedCallback: PakFile 'C:/Program Files/Epic Games/UE_4.27/FeaturePacks/TP_PuzzleBP.upack' (chunk index -1, root 'root:/') mounted
[2025.09.01-20.43.30:053][  0]LogShaderLibrary: Display: ShaderCodeLibraryPakFileMountedCallback: pending pak file info (ChunkID:-1 Root:root:/ File:C:/Program Files/Epic Games/UE_4.27/FeaturePacks/TP_PuzzleBP.upack)
[2025.09.01-20.43.30:053][  0]LogPakFile: OnPakFileMounted2Time == 0.000030
[2025.09.01-20.43.30:053][  0]LogPakFile: PakFile PrimaryIndexSize=183
[2025.09.01-20.43.30:053][  0]LogPakFile: PakFile PathHashIndexSize=101
[2025.09.01-20.43.30:053][  0]LogPakFile: PakFile FullDirectoryIndexSize=140
[2025.09.01-20.43.30:053][  0]LogShaderLibrary: Display: ShaderCodeLibraryPakFileMountedCallback: PakFile 'C:/Program Files/Epic Games/UE_4.27/FeaturePacks/TP_Rolling.upack' (chunk index -1, root 'root:/') mounted
[2025.09.01-20.43.30:053][  0]LogShaderLibrary: Display: ShaderCodeLibraryPakFileMountedCallback: pending pak file info (ChunkID:-1 Root:root:/ File:C:/Program Files/Epic Games/UE_4.27/FeaturePacks/TP_Rolling.upack)
[2025.09.01-20.43.30:053][  0]LogPakFile: OnPakFileMounted2Time == 0.000029
[2025.09.01-20.43.30:054][  0]LogPakFile: PakFile PrimaryIndexSize=185
[2025.09.01-20.43.30:054][  0]LogPakFile: PakFile PathHashIndexSize=101
[2025.09.01-20.43.30:054][  0]LogPakFile: PakFile FullDirectoryIndexSize=144
[2025.09.01-20.43.30:054][  0]LogShaderLibrary: Display: ShaderCodeLibraryPakFileMountedCallback: PakFile 'C:/Program Files/Epic Games/UE_4.27/FeaturePacks/TP_RollingBP.upack' (chunk index -1, root 'root:/') mounted
[2025.09.01-20.43.30:054][  0]LogShaderLibrary: Display: ShaderCodeLibraryPakFileMountedCallback: pending pak file info (ChunkID:-1 Root:root:/ File:C:/Program Files/Epic Games/UE_4.27/FeaturePacks/TP_RollingBP.upack)
[2025.09.01-20.43.30:054][  0]LogPakFile: OnPakFileMounted2Time == 0.000029
[2025.09.01-20.43.30:054][  0]LogPakFile: PakFile PrimaryIndexSize=188
[2025.09.01-20.43.30:054][  0]LogPakFile: PakFile PathHashIndexSize=101
[2025.09.01-20.43.30:055][  0]LogPakFile: PakFile FullDirectoryIndexSize=150
[2025.09.01-20.43.30:055][  0]LogShaderLibrary: Display: ShaderCodeLibraryPakFileMountedCallback: PakFile 'C:/Program Files/Epic Games/UE_4.27/FeaturePacks/TP_SideScroller.upack' (chunk index -1, root 'root:/') mounted
[2025.09.01-20.43.30:055][  0]LogShaderLibrary: Display: ShaderCodeLibraryPakFileMountedCallback: pending pak file info (ChunkID:-1 Root:root:/ File:C:/Program Files/Epic Games/UE_4.27/FeaturePacks/TP_SideScroller.upack)
[2025.09.01-20.43.30:055][  0]LogPakFile: OnPakFileMounted2Time == 0.000029
[2025.09.01-20.43.30:055][  0]LogPakFile: PakFile PrimaryIndexSize=190
[2025.09.01-20.43.30:055][  0]LogPakFile: PakFile PathHashIndexSize=101
[2025.09.01-20.43.30:055][  0]LogPakFile: PakFile FullDirectoryIndexSize=154
[2025.09.01-20.43.30:055][  0]LogShaderLibrary: Display: ShaderCodeLibraryPakFileMountedCallback: PakFile 'C:/Program Files/Epic Games/UE_4.27/FeaturePacks/TP_SideScrollerBP.upack' (chunk index -1, root 'root:/') mounted
[2025.09.01-20.43.30:055][  0]LogShaderLibrary: Display: ShaderCodeLibraryPakFileMountedCallback: pending pak file info (ChunkID:-1 Root:root:/ File:C:/Program Files/Epic Games/UE_4.27/FeaturePacks/TP_SideScrollerBP.upack)
[2025.09.01-20.43.30:055][  0]LogPakFile: OnPakFileMounted2Time == 0.000029
[2025.09.01-20.43.30:056][  0]LogPakFile: PakFile PrimaryIndexSize=187
[2025.09.01-20.43.30:056][  0]LogPakFile: PakFile PathHashIndexSize=101
[2025.09.01-20.43.30:056][  0]LogPakFile: PakFile FullDirectoryIndexSize=148
[2025.09.01-20.43.30:056][  0]LogShaderLibrary: Display: ShaderCodeLibraryPakFileMountedCallback: PakFile 'C:/Program Files/Epic Games/UE_4.27/FeaturePacks/TP_ThirdPerson.upack' (chunk index -1, root 'root:/') mounted
[2025.09.01-20.43.30:056][  0]LogShaderLibrary: Display: ShaderCodeLibraryPakFileMountedCallback: pending pak file info (ChunkID:-1 Root:root:/ File:C:/Program Files/Epic Games/UE_4.27/FeaturePacks/TP_ThirdPerson.upack)
[2025.09.01-20.43.30:056][  0]LogPakFile: OnPakFileMounted2Time == 0.000029
[2025.09.01-20.43.30:056][  0]LogPakFile: PakFile PrimaryIndexSize=189
[2025.09.01-20.43.30:056][  0]LogPakFile: PakFile PathHashIndexSize=101
[2025.09.01-20.43.30:056][  0]LogPakFile: PakFile FullDirectoryIndexSize=152
[2025.09.01-20.43.30:056][  0]LogShaderLibrary: Display: ShaderCodeLibraryPakFileMountedCallback: PakFile 'C:/Program Files/Epic Games/UE_4.27/FeaturePacks/TP_ThirdPersonBP.upack' (chunk index -1, root 'root:/') mounted
[2025.09.01-20.43.30:056][  0]LogShaderLibrary: Display: ShaderCodeLibraryPakFileMountedCallback: pending pak file info (ChunkID:-1 Root:root:/ File:C:/Program Files/Epic Games/UE_4.27/FeaturePacks/TP_ThirdPersonBP.upack)
[2025.09.01-20.43.30:056][  0]LogPakFile: OnPakFileMounted2Time == 0.000029
[2025.09.01-20.43.30:057][  0]LogPakFile: PakFile PrimaryIndexSize=183
[2025.09.01-20.43.30:057][  0]LogPakFile: PakFile PathHashIndexSize=101
[2025.09.01-20.43.30:057][  0]LogPakFile: PakFile FullDirectoryIndexSize=140
[2025.09.01-20.43.30:057][  0]LogShaderLibrary: Display: ShaderCodeLibraryPakFileMountedCallback: PakFile 'C:/Program Files/Epic Games/UE_4.27/FeaturePacks/TP_TopDown.upack' (chunk index -1, root 'root:/') mounted
[2025.09.01-20.43.30:057][  0]LogShaderLibrary: Display: ShaderCodeLibraryPakFileMountedCallback: pending pak file info (ChunkID:-1 Root:root:/ File:C:/Program Files/Epic Games/UE_4.27/FeaturePacks/TP_TopDown.upack)
[2025.09.01-20.43.30:057][  0]LogPakFile: OnPakFileMounted2Time == 0.000038
[2025.09.01-20.43.30:057][  0]LogPakFile: PakFile PrimaryIndexSize=185
[2025.09.01-20.43.30:057][  0]LogPakFile: PakFile PathHashIndexSize=101
[2025.09.01-20.43.30:057][  0]LogPakFile: PakFile FullDirectoryIndexSize=144
[2025.09.01-20.43.30:057][  0]LogShaderLibrary: Display: ShaderCodeLibraryPakFileMountedCallback: PakFile 'C:/Program Files/Epic Games/UE_4.27/FeaturePacks/TP_TopDownBP.upack' (chunk index -1, root 'root:/') mounted
[2025.09.01-20.43.30:057][  0]LogShaderLibrary: Display: ShaderCodeLibraryPakFileMountedCallback: pending pak file info (ChunkID:-1 Root:root:/ File:C:/Program Files/Epic Games/UE_4.27/FeaturePacks/TP_TopDownBP.upack)
[2025.09.01-20.43.30:057][  0]LogPakFile: OnPakFileMounted2Time == 0.000031
[2025.09.01-20.43.30:058][  0]LogPakFile: PakFile PrimaryIndexSize=185
[2025.09.01-20.43.30:058][  0]LogPakFile: PakFile PathHashIndexSize=101
[2025.09.01-20.43.30:058][  0]LogPakFile: PakFile FullDirectoryIndexSize=144
[2025.09.01-20.43.30:058][  0]LogShaderLibrary: Display: ShaderCodeLibraryPakFileMountedCallback: PakFile 'C:/Program Files/Epic Games/UE_4.27/FeaturePacks/TP_TwinStick.upack' (chunk index -1, root 'root:/') mounted
[2025.09.01-20.43.30:058][  0]LogShaderLibrary: Display: ShaderCodeLibraryPakFileMountedCallback: pending pak file info (ChunkID:-1 Root:root:/ File:C:/Program Files/Epic Games/UE_4.27/FeaturePacks/TP_TwinStick.upack)
[2025.09.01-20.43.30:058][  0]LogPakFile: OnPakFileMounted2Time == 0.000029
[2025.09.01-20.43.30:058][  0]LogPakFile: PakFile PrimaryIndexSize=187
[2025.09.01-20.43.30:058][  0]LogPakFile: PakFile PathHashIndexSize=101
[2025.09.01-20.43.30:058][  0]LogPakFile: PakFile FullDirectoryIndexSize=148
[2025.09.01-20.43.30:058][  0]LogShaderLibrary: Display: ShaderCodeLibraryPakFileMountedCallback: PakFile 'C:/Program Files/Epic Games/UE_4.27/FeaturePacks/TP_TwinStickBP.upack' (chunk index -1, root 'root:/') mounted
[2025.09.01-20.43.30:058][  0]LogShaderLibrary: Display: ShaderCodeLibraryPakFileMountedCallback: pending pak file info (ChunkID:-1 Root:root:/ File:C:/Program Files/Epic Games/UE_4.27/FeaturePacks/TP_TwinStickBP.upack)
[2025.09.01-20.43.30:058][  0]LogPakFile: OnPakFileMounted2Time == 0.000029
[2025.09.01-20.43.30:059][  0]LogPakFile: PakFile PrimaryIndexSize=183
[2025.09.01-20.43.30:059][  0]LogPakFile: PakFile PathHashIndexSize=101
[2025.09.01-20.43.30:059][  0]LogPakFile: PakFile FullDirectoryIndexSize=140
[2025.09.01-20.43.30:059][  0]LogShaderLibrary: Display: ShaderCodeLibraryPakFileMountedCallback: PakFile 'C:/Program Files/Epic Games/UE_4.27/FeaturePacks/TP_Vehicle.upack' (chunk index -1, root 'root:/') mounted
[2025.09.01-20.43.30:059][  0]LogShaderLibrary: Display: ShaderCodeLibraryPakFileMountedCallback: pending pak file info (ChunkID:-1 Root:root:/ File:C:/Program Files/Epic Games/UE_4.27/FeaturePacks/TP_Vehicle.upack)
[2025.09.01-20.43.30:059][  0]LogPakFile: OnPakFileMounted2Time == 0.000029
[2025.09.01-20.43.30:059][  0]LogPakFile: PakFile PrimaryIndexSize=186
[2025.09.01-20.43.30:059][  0]LogPakFile: PakFile PathHashIndexSize=101
[2025.09.01-20.43.30:059][  0]LogPakFile: PakFile FullDirectoryIndexSize=146
[2025.09.01-20.43.30:059][  0]LogShaderLibrary: Display: ShaderCodeLibraryPakFileMountedCallback: PakFile 'C:/Program Files/Epic Games/UE_4.27/FeaturePacks/TP_VehicleAdv.upack' (chunk index -1, root 'root:/') mounted
[2025.09.01-20.43.30:059][  0]LogShaderLibrary: Display: ShaderCodeLibraryPakFileMountedCallback: pending pak file info (ChunkID:-1 Root:root:/ File:C:/Program Files/Epic Games/UE_4.27/FeaturePacks/TP_VehicleAdv.upack)
[2025.09.01-20.43.30:059][  0]LogPakFile: OnPakFileMounted2Time == 0.000029
[2025.09.01-20.43.30:060][  0]LogPakFile: PakFile PrimaryIndexSize=188
[2025.09.01-20.43.30:060][  0]LogPakFile: PakFile PathHashIndexSize=101
[2025.09.01-20.43.30:060][  0]LogPakFile: PakFile FullDirectoryIndexSize=150
[2025.09.01-20.43.30:060][  0]LogShaderLibrary: Display: ShaderCodeLibraryPakFileMountedCallback: PakFile 'C:/Program Files/Epic Games/UE_4.27/FeaturePacks/TP_VehicleAdvBP.upack' (chunk index -1, root 'root:/') mounted
[2025.09.01-20.43.30:060][  0]LogShaderLibrary: Display: ShaderCodeLibraryPakFileMountedCallback: pending pak file info (ChunkID:-1 Root:root:/ File:C:/Program Files/Epic Games/UE_4.27/FeaturePacks/TP_VehicleAdvBP.upack)
[2025.09.01-20.43.30:060][  0]LogPakFile: OnPakFileMounted2Time == 0.000031
[2025.09.01-20.43.30:060][  0]LogPakFile: PakFile PrimaryIndexSize=185
[2025.09.01-20.43.30:060][  0]LogPakFile: PakFile PathHashIndexSize=101
[2025.09.01-20.43.30:060][  0]LogPakFile: PakFile FullDirectoryIndexSize=144
[2025.09.01-20.43.30:060][  0]LogShaderLibrary: Display: ShaderCodeLibraryPakFileMountedCallback: PakFile 'C:/Program Files/Epic Games/UE_4.27/FeaturePacks/TP_VehicleBP.upack' (chunk index -1, root 'root:/') mounted
[2025.09.01-20.43.30:060][  0]LogShaderLibrary: Display: ShaderCodeLibraryPakFileMountedCallback: pending pak file info (ChunkID:-1 Root:root:/ File:C:/Program Files/Epic Games/UE_4.27/FeaturePacks/TP_VehicleBP.upack)
[2025.09.01-20.43.30:060][  0]LogPakFile: OnPakFileMounted2Time == 0.000030
[2025.09.01-20.43.30:061][  0]LogPakFile: PakFile PrimaryIndexSize=192
[2025.09.01-20.43.30:061][  0]LogPakFile: PakFile PathHashIndexSize=101
[2025.09.01-20.43.30:061][  0]LogPakFile: PakFile FullDirectoryIndexSize=158
[2025.09.01-20.43.30:061][  0]LogShaderLibrary: Display: ShaderCodeLibraryPakFileMountedCallback: PakFile 'C:/Program Files/Epic Games/UE_4.27/FeaturePacks/TP_VirtualRealityBP.upack' (chunk index -1, root 'root:/') mounted
[2025.09.01-20.43.30:061][  0]LogShaderLibrary: Display: ShaderCodeLibraryPakFileMountedCallback: pending pak file info (ChunkID:-1 Root:root:/ File:C:/Program Files/Epic Games/UE_4.27/FeaturePacks/TP_VirtualRealityBP.upack)
[2025.09.01-20.43.30:061][  0]LogPakFile: OnPakFileMounted2Time == 0.000032
[2025.09.01-20.43.30:108][  0]LogNativeClassHierarchy: Verbose: Native class hierarchy updated for 'AddContentDialog' in 0.0003 seconds. Added 0 classes and 0 folders.
[2025.09.01-20.43.30:109][  0]LogNativeClassHierarchy: Verbose: Native class hierarchy updated for 'SceneOutliner' in 0.0002 seconds. Added 2 classes and 0 folders.
[2025.09.01-20.43.30:143][  0]LogSlate: Took 0.000144 seconds to synchronously load lazily loaded font '../../../Engine/Content/Slate/Fonts/Roboto-Regular.ttf' (155K)
[2025.09.01-20.43.30:144][  0]LogSlate: Took 0.000095 seconds to synchronously load lazily loaded font '../../../Engine/Content/Editor/Slate/Fonts/FontAwesome.ttf' (139K)
[2025.09.01-20.43.30:144][  0]LogSlate: Took 0.000098 seconds to synchronously load lazily loaded font '../../../Engine/Content/Slate/Fonts/Roboto-Bold.ttf' (160K)
[2025.09.01-20.43.30:219][  0]LogRenderer: Reallocating scene render targets to support 1004x572 Format 9 NumSamples 1 (Frame:1).
[2025.09.01-20.43.30:394][  0]LogNativeClassHierarchy: Verbose: Native class hierarchy updated for 'HierarchicalLODOutliner' in 0.0002 seconds. Added 0 classes and 0 folders.
[2025.09.01-20.43.30:394][  0]LogLoad: (Engine Initialization) Total time: 6.24 seconds
[2025.09.01-20.43.30:394][  0]LogLoad: (Engine Initialization) Total Blueprint compile time: 0.00 seconds
[2025.09.01-20.43.30:440][  0]LogAssetRegistry: Asset discovery search completed in 3.4971 seconds
[2025.09.01-20.43.30:445][  0]LogCollectionManager: Fixed up redirectors for 0 collections in 0.000002 seconds (updated 0 objects)
[2025.09.01-20.43.30:446][  0]LogContentStreaming: Texture pool size now 600 MB
[2025.09.01-20.43.30:607][  3]LogSlate: Took 0.000160 seconds to synchronously load lazily loaded font '../../../Engine/Content/Slate/Fonts/Roboto-Light.ttf' (167K)
[2025.09.01-20.43.31:411][ 95]LogSlate: Took 0.000167 seconds to synchronously load lazily loaded font '../../../Engine/Content/Slate/Fonts/Roboto-Light.ttf' (167K)
[2025.09.01-20.43.34:883][401]LogUObjectHash: Compacting FUObjectHashTables data took   0.56ms
[2025.09.01-20.43.34:926][401]LogMaterial: Display: Missing cached shadermap for BasicShapeMaterial in PCD3D_SM5, Default, SM5 (DDC key hash: 3F523BA8BB77A347D8CD6D35BCC4F5C0B6002D28), compiling. 
[2025.09.01-20.43.34:945][401]LogShaderCompilers: Display: Submitted 18 shader compile jobs with 'Low' priority
[2025.09.01-20.43.34:958][401]LogShaderCompilers: Display: Worker (1/9): shaders left to compile 18
[2025.09.01-20.43.34:958][401]LogShaderCompilers: Display: Worker (2/9): shaders left to compile 15
[2025.09.01-20.43.34:958][401]LogShaderCompilers: Display: Worker (3/9): shaders left to compile 12
[2025.09.01-20.43.34:958][401]LogShaderCompilers: Display: Worker (4/9): shaders left to compile 9
[2025.09.01-20.43.34:958][401]LogShaderCompilers: Display: Worker (5/9): shaders left to compile 6
[2025.09.01-20.43.34:958][401]LogShaderCompilers: Display: Worker (6/9): shaders left to compile 3
[2025.09.01-20.43.34:958][401]LogShaderCompilers: Display: Started 18 'Local' shader compile jobs with 'Low' priority
[2025.09.01-20.43.34:975][401]LogAssetEditorSubsystem: Opening Asset editor for World /Game/Cenas/Leonardo.Leonardo
[2025.09.01-20.43.34:975][401]Cmd: MAP LOAD FILE="../../../../../../Users/leonardo.medeiros/Documents/TCC/Sorry/Content/Cenas/Leonardo.umap" TEMPLATE=0 SHOWPROGRESS=1 FEATURELEVEL=3
[2025.09.01-20.43.34:975][401]LightingResults: New page: Compilação de Iluminação
[2025.09.01-20.43.34:975][401]LoadErrors: New page: Carregando mapa: Leonardo.umap
[2025.09.01-20.43.35:028][401]LogWorld: UWorld::CleanupWorld for Minimal_Default, bSessionEnded=true, bCleanupResources=true
[2025.09.01-20.43.35:028][401]LogSlate: InvalidateAllWidgets triggered.  All widgets were invalidated
[2025.09.01-20.43.35:028][401]MapCheck: New page: Verificação de Mapa
[2025.09.01-20.43.35:028][401]LightingResults: New page: Compilação de Iluminação
[2025.09.01-20.43.35:033][401]LogAudio: Display: Audio Device unregistered from world 'None'.
[2025.09.01-20.43.35:037][401]LogUObjectHash: Compacting FUObjectHashTables data took   1.17ms
[2025.09.01-20.43.35:038][401]LogAudio: Display: Audio Device (ID: 1) registered with world 'Leonardo'.
[2025.09.01-20.43.35:054][401]LogEditorServer: Finished looking for orphan Actors (0.000 secs)
[2025.09.01-20.43.35:054][401]LogAIModule: Creating AISystem for world Leonardo
[2025.09.01-20.43.35:062][401]LogUObjectHash: Compacting FUObjectHashTables data took   0.97ms
[2025.09.01-20.43.35:077][401]Cmd: MAP CHECKDEP NOCLEARLOG
[2025.09.01-20.43.35:077][401]MapCheck: Map check complete: 0 Error(s), 0 Warning(s), took 0,284ms to complete.
[2025.09.01-20.43.35:077][401]LogFileHelpers: Loading map 'Leonardo' took 0.102
[2025.09.01-20.43.45:701][597]LogEditorViewport: Clicking on Actor (LMB): Door_Blueprint_C (Door_Blueprint)
[2025.09.01-20.43.46:676][702]LogSlate: Took 0.000236 seconds to synchronously load lazily loaded font '../../../Engine/Content/Slate/Fonts/Roboto-Italic.ttf' (157K)
[2025.09.01-20.43.48:820][943]LogAssetEditorSubsystem: Opening Asset editor for Blueprint /Game/Door_Blueprint.Door_Blueprint
[2025.09.01-20.43.49:014][943]LogNativeClassHierarchy: Verbose: Native class hierarchy updated for 'BlueprintGraph' in 0.0005 seconds. Added 126 classes and 0 folders.
[2025.09.01-20.43.49:747][943]LogSlate: Took 0.000174 seconds to synchronously load lazily loaded font '../../../Engine/Content/Slate/Fonts/Roboto-BoldCondensed.ttf' (158K)
[2025.09.01-20.43.57:367][760]LogSlate: Took 0.000159 seconds to synchronously load lazily loaded font '../../../Engine/Content/Slate/Fonts/Roboto-BoldCondensedItalic.ttf' (160K)
[2025.09.01-20.45.43:064][331]LogSlate: Window 'Door_Blueprint' being destroyed
[2025.09.01-20.45.43:068][331]LogSlate: Window 'Door_Blueprint' being destroyed
[2025.09.01-20.45.43:070][331]LogWorld: UWorld::CleanupWorld for World_2, bSessionEnded=true, bCleanupResources=true
[2025.09.01-20.45.43:070][331]LogSlate: InvalidateAllWidgets triggered.  All widgets were invalidated
[2025.09.01-20.46.23:986][156]LogAssetEditorSubsystem: Opening Asset editor for Blueprint /Game/Door_Blueprint.Door_Blueprint
[2025.09.01-20.46.52:458][207]Cmd: OBJ SAVEPACKAGE PACKAGE="/Game/Door_Blueprint" FILE="../../../../../../Users/leonardo.medeiros/Documents/TCC/Sorry/Content/Door_Blueprint.uasset" SILENT=true
[2025.09.01-20.46.52:469][207]LogSavePackage: Moving '../../../../../../Users/leonardo.medeiros/Documents/TCC/Sorry/Saved/Door_Blueprint7E08C03549EFF996DD1220AD67C6F90A.tmp' to '../../../../../../Users/leonardo.medeiros/Documents/TCC/Sorry/Content/Door_Blueprint.uasset'
[2025.09.01-20.46.52:479][207]AssetCheck: New page: Asset Save: Door_Blueprint
[2025.09.01-20.46.52:479][207]LogContentValidation: Display: Validating Blueprint /Game/Door_Blueprint.Door_Blueprint
[2025.09.01-20.47.22:955][498]Cmd: OBJ SAVEPACKAGE PACKAGE="/Game/Door_Blueprint" FILE="../../../../../../Users/leonardo.medeiros/Documents/TCC/Sorry/Content/Door_Blueprint.uasset" SILENT=true
[2025.09.01-20.47.22:963][498]LogSavePackage: Moving '../../../../../../Users/leonardo.medeiros/Documents/TCC/Sorry/Saved/Door_BlueprintE3DF20454748682E792EBC966CEBF076.tmp' to '../../../../../../Users/leonardo.medeiros/Documents/TCC/Sorry/Content/Door_Blueprint.uasset'
[2025.09.01-20.47.22:973][498]AssetCheck: New page: Asset Save: Door_Blueprint
[2025.09.01-20.47.22:973][498]LogContentValidation: Display: Validating Blueprint /Game/Door_Blueprint.Door_Blueprint
[2025.09.01-20.47.27:238][961]Cmd: OBJ SAVEPACKAGE PACKAGE="/Game/Door_Blueprint" FILE="../../../../../../Users/leonardo.medeiros/Documents/TCC/Sorry/Content/Door_Blueprint.uasset" SILENT=true
[2025.09.01-20.47.27:243][961]LogSavePackage: Moving '../../../../../../Users/leonardo.medeiros/Documents/TCC/Sorry/Saved/Door_Blueprint6654EA2345F261D332C8478E2801A037.tmp' to '../../../../../../Users/leonardo.medeiros/Documents/TCC/Sorry/Content/Door_Blueprint.uasset'
[2025.09.01-20.47.27:318][961]AssetCheck: New page: Asset Save: Door_Blueprint
[2025.09.01-20.47.27:318][961]LogContentValidation: Display: Validating Blueprint /Game/Door_Blueprint.Door_Blueprint
[2025.09.01-20.47.29:331][187]BlueprintLog: New page: Compilar Door_Blueprint
[2025.09.01-20.47.29:389][187]LogUObjectHash: Compacting FUObjectHashTables data took   2.30ms
[2025.09.01-20.48.21:292][196]LogEditorViewport: Clicking on Actor (LMB): StaticMeshActor (Floor16)
[2025.09.01-20.48.22:948][376]LogEditorViewport: Clicking on Actor (LMB): StaticMeshActor (Wall_Door_400x300)
[2025.09.01-20.48.23:556][445]LogEditorViewport: Clicking on Actor (LMB): Door_Blueprint_C (Door_Blueprint2)
[2025.09.01-20.49.05:500][267]Cmd: TRANSACTION UNDO
[2025.09.01-20.49.05:500][267]LogEditorTransaction: Undo Criar Atores
[2025.09.01-20.50.28:179][766]LogEditorViewport: Clicking on Actor (LMB): Door_Blueprint_C (Door_Blueprint4)
[2025.09.01-20.50.48:536][183]LogEditorViewport: Clicking on Actor (double click): Door_Blueprint_C (Door_Blueprint)
[2025.09.01-20.50.52:414][632]LogEditorViewport: Clicking on Actor (LMB): Door_Blueprint_C (Door_Blueprint2)
[2025.09.01-20.50.54:558][873]LogEditorViewport: Clicking on Actor (LMB): Door_Blueprint_C (Door_Blueprint3)
[2025.09.01-20.51.33:895][557]LogEditorViewport: Clicking on Actor (LMB): StaticMeshActor (Floor16)
[2025.09.01-20.51.44:054][717]Cmd: OBJ SAVEPACKAGE PACKAGE="/Game/Cenas/Leonardo" FILE="../../../../../../Users/leonardo.medeiros/Documents/TCC/Sorry/Content/Cenas/Leonardo.umap" SILENT=true AUTOSAVING=false KEEPDIRTY=false
[2025.09.01-20.51.44:074][717]LogUObjectHash: Compacting FUObjectHashTables data took   2.00ms
[2025.09.01-20.51.44:103][717]LogSavePackage: Moving '../../../../../../Users/leonardo.medeiros/Documents/TCC/Sorry/Saved/Leonardo3FC8A6CA456DC130FC11E496880CB10D.tmp' to '../../../../../../Users/leonardo.medeiros/Documents/TCC/Sorry/Content/Cenas/Leonardo.umap'
[2025.09.01-20.51.44:115][717]Cmd: OBJ SAVEPACKAGE PACKAGE="/Game/Cenas/Leonardo_BuiltData" FILE="../../../../../../Users/leonardo.medeiros/Documents/TCC/Sorry/Content/Cenas/Leonardo_BuiltData.uasset" SILENT=true
[2025.09.01-20.51.44:348][717]LogSavePackage: Moving '../../../../../../Users/leonardo.medeiros/Documents/TCC/Sorry/Saved/Leonardo_BuiltDataE31BD9EB4DC9999247510095D02ADBFB.tmp' to '../../../../../../Users/leonardo.medeiros/Documents/TCC/Sorry/Content/Cenas/Leonardo_BuiltData.uasset'
[2025.09.01-20.51.44:357][717]AssetCheck: New page: Asset Save: multiple assets
[2025.09.01-20.51.44:357][717]LogContentValidation: Display: Validating MapBuildDataRegistry /Game/Cenas/Leonardo_BuiltData.Leonardo_BuiltData
[2025.09.01-20.51.44:357][717]LogContentValidation: Display: Validating World /Game/Cenas/Leonardo.Leonardo
[2025.09.01-20.51.50:504][419]LogEditorViewport: Clicking on Actor (context menu): Door_Blueprint_C (Door_Blueprint2)
[2025.09.01-20.52.35:349][ 94]MapCheck: New page: Verificação de Mapa
[2025.09.01-20.52.35:362][ 94]Cmd: MAP REBUILD ALLVISIBLE
[2025.09.01-20.52.35:362][ 94]LogEditorServer: Rebuildmap Clear paths rebuilt
[2025.09.01-20.52.35:367][ 94]LogWorld: UWorld::CleanupWorld for Leonardo, bSessionEnded=true, bCleanupResources=false
[2025.09.01-20.52.35:390][ 94]LightingResults: New page: Compilação de Iluminação - 1 de set de 2025 14:52:35
[2025.09.01-20.52.35:435][ 94]LogSwarmInterface: [OpenConnection] Registering TCP channel ...
[2025.09.01-20.52.35:482][ 94]LogSwarmInterface: [OpenConnection] Connecting to agent ...
[2025.09.01-20.52.35:493][ 94]LogSwarmInterface: [TryOpenConnection] Testing the Agent
[2025.09.01-20.52.36:020][ 94]LogSwarmInterface: [TryOpenConnection] Opening Connection to Agent
[2025.09.01-20.52.36:020][ 94]LogSwarmInterface: [TryOpenConnection] Local Process ID is 4504
[2025.09.01-20.52.38:472][ 94]LightingResults: Warning: No importance volume found and the scene is so large that the automatically synthesized volume will not yield good results.  Please add a tightly bounding lightmass importance volume to optimize your scene's quality and lighting build times.
[2025.09.01-20.52.38:472][ 94]LogStaticLightingSystem: Running Lightmass w/ ImmediateImport mode ENABLED
[2025.09.01-20.52.38:472][ 94]LogStaticLightingSystem: Running Lightmass w/ ImmediateProcess mode ENABLED
[2025.09.01-20.52.38:472][ 94]LogStaticLightingSystem: Running Lightmass w/ Sorting mode ENABLED
[2025.09.01-20.52.38:472][ 94]LogStaticLightingSystem: Running Lightmass w/ Mapping paddings ENABLED
[2025.09.01-20.52.38:472][ 94]LogStaticLightingSystem: Running Lightmass w/ Mapping debug paddings DISABLED
[2025.09.01-20.52.38:601][ 94]LogEditorBuildUtils: Build time 0:03
[2025.09.01-20.52.38:659][ 95]LogMaterial: Display: Missing cached shadermap for FLightmassMaterialRenderer M_AssetPlatform in PCD3D_SM5, Default, SM5 (DDC key hash: E6F21BE060CCE037DC870D1B8FF4FEAFD458C248), compiling. 
[2025.09.01-20.52.38:662][ 95]LogShaderCompilers: Display: Submitted 2 shader compile jobs with 'Low' priority
[2025.09.01-20.52.38:663][ 95]LogMaterial: Display: Missing cached shadermap for FLightmassMaterialRenderer M_AssetPlatform in PCD3D_SM5, Default, SM5 (DDC key hash: 1278E009BCC1914C2EE10FEA7DE7A1B1861EE38B), compiling. 
[2025.09.01-20.52.38:666][ 95]LogShaderCompilers: Display: Worker (1/9): shaders left to compile 2
[2025.09.01-20.52.38:666][ 95]LogShaderCompilers: Display: Worker (2/9): shaders left to compile 1
[2025.09.01-20.52.38:666][ 95]LogShaderCompilers: Display: Started 2 'Local' shader compile jobs with 'Low' priority
[2025.09.01-20.52.38:666][ 95]LogShaderCompilers: Display: Submitted 2 shader compile jobs with 'Low' priority
[2025.09.01-20.52.38:667][ 95]LogMaterial: Display: Missing cached shadermap for FLightmassMaterialRenderer BasicShapeMaterial in PCD3D_SM5, Default, SM5 (DDC key hash: 4E2957EBCC90B8F0DF8698F00D58C76BB3FC77B4), compiling. 
[2025.09.01-20.52.38:671][ 95]LogShaderCompilers: Display: Submitted 2 shader compile jobs with 'Low' priority
[2025.09.01-20.52.38:671][ 95]LogMaterial: Display: Missing cached shadermap for FLightmassMaterialRenderer BasicShapeMaterial in PCD3D_SM5, Default, SM5 (DDC key hash: 8C25731DC3766AC6E22820AFDC5D11D8CB1369AA), compiling. 
[2025.09.01-20.52.38:675][ 95]LogShaderCompilers: Display: Worker (3/9): shaders left to compile 4
[2025.09.01-20.52.38:675][ 95]LogShaderCompilers: Display: Worker (4/9): shaders left to compile 3
[2025.09.01-20.52.38:676][ 95]LogShaderCompilers: Display: Worker (5/9): shaders left to compile 2
[2025.09.01-20.52.38:676][ 95]LogShaderCompilers: Display: Worker (6/9): shaders left to compile 1
[2025.09.01-20.52.38:676][ 95]LogShaderCompilers: Display: Started 4 'Local' shader compile jobs with 'Low' priority
[2025.09.01-20.52.38:676][ 95]LogShaderCompilers: Display: Submitted 2 shader compile jobs with 'Low' priority
[2025.09.01-20.52.38:700][ 95]LogShaderCompilers: Display: Worker (7/9): shaders left to compile 2
[2025.09.01-20.52.38:700][ 95]LogShaderCompilers: Display: Worker (8/9): shaders left to compile 1
[2025.09.01-20.52.38:700][ 95]LogShaderCompilers: Display: Started 2 'Local' shader compile jobs with 'Low' priority
[2025.09.01-20.52.38:743][ 96]LogMaterial: Display: Missing cached shadermap for FLightmassMaterialRenderer M_Wood_Pine in PCD3D_SM5, Default, SM5 (DDC key hash: 26AA978FBC0B40F944547668917725E4F85A4431), compiling. 
[2025.09.01-20.52.38:748][ 96]LogShaderCompilers: Display: Submitted 2 shader compile jobs with 'Low' priority
[2025.09.01-20.52.38:749][ 96]LogMaterial: Display: Missing cached shadermap for FLightmassMaterialRenderer M_Wood_Pine in PCD3D_SM5, Default, SM5 (DDC key hash: 3029F356414536BF3430BDED5A544E5D2BBBBA5A), compiling. 
[2025.09.01-20.52.38:753][ 96]LogShaderCompilers: Display: Submitted 2 shader compile jobs with 'Low' priority
[2025.09.01-20.52.39:545][ 97]LogShaderCompilers: Display: Worker (1/9): shaders left to compile 4
[2025.09.01-20.52.39:545][ 97]LogShaderCompilers: Display: Started 1 'Local' shader compile jobs with 'Low' priority
[2025.09.01-20.52.39:545][ 97]LogShaderCompilers: Display: Worker (5/9): shaders left to compile 3
[2025.09.01-20.52.39:545][ 97]LogShaderCompilers: Display: Started 1 'Local' shader compile jobs with 'Low' priority
[2025.09.01-20.52.39:545][ 97]LogShaderCompilers: Display: Worker (3/9): shaders left to compile 2
[2025.09.01-20.52.39:545][ 97]LogShaderCompilers: Display: Started 1 'Local' shader compile jobs with 'Low' priority
[2025.09.01-20.52.39:545][ 97]LogShaderCompilers: Display: Worker (7/9): shaders left to compile 1
[2025.09.01-20.52.39:545][ 97]LogShaderCompilers: Display: Started 1 'Local' shader compile jobs with 'Low' priority
[2025.09.01-20.52.39:545][ 97]LogShaderCompilers: Display: === FShaderJobCache stats ===
[2025.09.01-20.52.39:545][ 97]LogShaderCompilers: Display: Total job queries 30, among them cache hits 0 (0.00%)
[2025.09.01-20.52.39:546][ 97]LogShaderCompilers: Display: Tracking 30 distinct input hashes that result in 16 distinct outputs (53.33%)
[2025.09.01-20.52.39:546][ 97]LogShaderCompilers: Display: RAM used: 0.04 MB (0.00 GB) of 819.20 MB (0.80 GB) budget. Usage: 0.00%
[2025.09.01-20.52.39:546][ 97]LogShaderCompilers: Display: ================================================
[2025.09.01-20.52.39:835][104]LogUObjectHash: Compacting FUObjectHashTables data took   1.92ms
[2025.09.01-20.52.47:124][732]Job is a success!
[2025.09.01-20.52.47:426][733]LogVolumetricLightmapImport: Imported Volumetric Lightmap in 0.177s
[2025.09.01-20.52.47:426][733]LogVolumetricLightmapImport:      Indirection Texture 32x32x32 = 0.1Mb
[2025.09.01-20.52.47:426][733]LogVolumetricLightmapImport:      BrickData (all levels) 8.8Mb (trimmed 3.1Mb due to 0.010000 MinBrickError)
[2025.09.01-20.52.47:426][733]LogVolumetricLightmapImport:      Bricks at depth
[2025.09.01-20.52.47:426][733]LogVolumetricLightmapImport:          0: 0.5% covering 100.0% of volume
[2025.09.01-20.52.47:426][733]LogVolumetricLightmapImport:          1: 4.6% covering 15.6% of volume
[2025.09.01-20.52.47:426][733]LogVolumetricLightmapImport:          2: 94.9% covering 5.0% of volume
[2025.09.01-20.52.47:426][733]LogVolumetricLightmapImport:      Bricks in each level
[2025.09.01-20.52.47:426][733]LogVolumetricLightmapImport:          Leonardo 			 1733 bricks 	 100.0% (Persistent Level)
[2025.09.01-20.52.47:717][733]LogTexture: Display: Building textures: SkyOcclusion1_1 (OODLE_AutoDXT, 1024X512)
[2025.09.01-20.52.47:717][733]LogTexture: Display: Building textures: HQ_Lightmap1_1 (OODLE_AutoDXT, 1024X1024)
[2025.09.01-20.52.47:717][733]LogTextureFormatOodle: Display: non-RDO encode 1024 x 512 x 1 to format OODLE_AutoDXT (Oodle OodleTex_BC3) lambda=0 effort=20 
[2025.09.01-20.52.47:717][733]LogTextureFormatOodle: Display: non-RDO encode 1024 x 1024 x 1 to format OODLE_AutoDXT (Oodle OodleTex_BC3) lambda=0 effort=20 
[2025.09.01-20.52.47:717][733]LogTexture: Display: Building textures: LQ_Lightmap_1_1 (OODLE_DXT1, 1024X1024)
[2025.09.01-20.52.47:717][733]LogTextureFormatOodle: Display: non-RDO encode 1024 x 1024 x 1 to format OODLE_DXT1 (Oodle OodleTex_BC1_WithTransparency) lambda=0 effort=20 
[2025.09.01-20.52.47:717][733]LogTexture: Display: Building textures: HQ_Lightmap1_2 (OODLE_AutoDXT, 1024X1024)
[2025.09.01-20.52.47:717][733]LogTexture: Display: Building textures: SkyOcclusion1_2 (OODLE_AutoDXT, 1024X512)
[2025.09.01-20.52.47:717][733]LogTexture: Display: Building textures: LQ_Lightmap_1_2 (OODLE_DXT1, 1024X1024)
[2025.09.01-20.52.47:717][733]LogTexture: Display: Building textures: SkyOcclusion1_3 (OODLE_AutoDXT, 256X128)
[2025.09.01-20.52.47:717][733]LogTexture: Display: Building textures: LQ_Lightmap_1_3 (OODLE_DXT1, 256X256)
[2025.09.01-20.52.47:717][733]LogTexture: Display: Building textures: HQ_Lightmap1_3 (OODLE_AutoDXT, 256X256)
[2025.09.01-20.52.47:717][733]LogTextureFormatOodle: Display: non-RDO encode 1024 x 1024 x 1 to format OODLE_AutoDXT (Oodle OodleTex_BC3) lambda=0 effort=20 
[2025.09.01-20.52.47:717][733]LogTextureFormatOodle: Display: non-RDO encode 1024 x 512 x 1 to format OODLE_AutoDXT (Oodle OodleTex_BC3) lambda=0 effort=20 
[2025.09.01-20.52.47:717][733]LogTexture: Display: Building textures: SkyOcclusion1_4 (OODLE_AutoDXT, 256X128)
[2025.09.01-20.52.47:717][733]LogTexture: Display: Building textures: HQ_Lightmap1_4 (OODLE_AutoDXT, 256X256)
[2025.09.01-20.52.47:717][733]LogTextureFormatOodle: Display: non-RDO encode 1024 x 1024 x 1 to format OODLE_DXT1 (Oodle OodleTex_BC1_WithTransparency) lambda=0 effort=20 
[2025.09.01-20.52.47:717][733]LogTexture: Display: Building textures: LQ_Lightmap_1_4 (OODLE_DXT1, 256X256)
[2025.09.01-20.52.47:717][733]LogTexture: Display: Building textures: SkyOcclusion1_5 (OODLE_AutoDXT, 1024X512)
[2025.09.01-20.52.47:717][733]LogTexture: Display: Building textures: HQ_Lightmap1_5 (OODLE_AutoDXT, 1024X1024)
[2025.09.01-20.52.47:717][733]LogTexture: Display: Building textures: LQ_Lightmap_1_5 (OODLE_DXT1, 1024X1024)
[2025.09.01-20.52.47:717][733]LogTexture: Display: Building textures: SkyOcclusion1_6 (OODLE_AutoDXT, 256X128)
[2025.09.01-20.52.47:717][733]LogTexture: Display: Building textures: HQ_Lightmap1_6 (OODLE_AutoDXT, 256X256)
[2025.09.01-20.52.47:717][733]LogTextureFormatOodle: Display: non-RDO encode 1024 x 512 x 1 to format OODLE_AutoDXT (Oodle OodleTex_BC3) lambda=0 effort=20 
[2025.09.01-20.52.47:717][733]LogTextureFormatOodle: Display: non-RDO encode 1024 x 1024 x 1 to format OODLE_AutoDXT (Oodle OodleTex_BC3) lambda=0 effort=20 
[2025.09.01-20.52.47:718][733]LogTexture: Display: Building textures: LQ_Lightmap_1_6 (OODLE_DXT1, 256X256)
[2025.09.01-20.52.47:718][733]LogTexture: Display: Building textures: SkyOcclusion1_7 (OODLE_AutoDXT, 512X256)
[2025.09.01-20.52.47:718][733]LogTexture: Display: Building textures: HQ_Lightmap1_7 (OODLE_AutoDXT, 512X512)
[2025.09.01-20.52.47:718][733]LogTexture: Display: Building textures: LQ_Lightmap_1_7 (OODLE_DXT1, 512X512)
[2025.09.01-20.52.47:718][733]LogTexture: Display: Building textures: SkyOcclusion1_8 (OODLE_AutoDXT, 256X128)
[2025.09.01-20.52.47:718][733]LogTextureFormatOodle: Display: non-RDO encode 1024 x 1024 x 1 to format OODLE_DXT1 (Oodle OodleTex_BC1_WithTransparency) lambda=0 effort=20 
[2025.09.01-20.52.47:718][733]LogTexture: Display: Building textures: HQ_Lightmap1_8 (OODLE_AutoDXT, 256X256)
[2025.09.01-20.52.47:718][733]LogTexture: Display: Building textures: LQ_Lightmap_1_8 (OODLE_DXT1, 256X256)
[2025.09.01-20.52.47:718][733]LogTexture: Display: Building textures: SkyOcclusion0_9 (OODLE_AutoDXT, 256X128)
[2025.09.01-20.52.47:718][733]LogTexture: Display: Building textures: HQ_Lightmap0_9 (OODLE_AutoDXT, 256X256)
[2025.09.01-20.52.47:718][733]LogTexture: Display: Building textures: LQ_Lightmap_0_9 (OODLE_DXT1, 256X256)
[2025.09.01-20.52.47:718][733]LogTexture: Display: Building textures: SkyOcclusion0_10 (OODLE_AutoDXT, 256X128)
[2025.09.01-20.52.47:718][733]LogTexture: Display: Building textures: HQ_Lightmap0_10 (OODLE_AutoDXT, 256X256)
[2025.09.01-20.52.47:718][733]LogTexture: Display: Building textures: LQ_Lightmap_0_10 (OODLE_DXT1, 256X256)
[2025.09.01-20.52.47:718][733]LogTexture: Display: Building textures: SkyOcclusion0_11 (OODLE_AutoDXT, 256X128)
[2025.09.01-20.52.47:718][733]LogTexture: Display: Building textures: HQ_Lightmap0_11 (OODLE_AutoDXT, 256X256)
[2025.09.01-20.52.47:718][733]LogTexture: Display: Building textures: LQ_Lightmap_0_11 (OODLE_DXT1, 256X256)
[2025.09.01-20.52.47:718][733]LogTexture: Display: Building textures: SkyOcclusion0_12 (OODLE_AutoDXT, 64X32)
[2025.09.01-20.52.47:718][733]LogTexture: Display: Building textures: HQ_Lightmap0_12 (OODLE_AutoDXT, 64X64)
[2025.09.01-20.52.47:718][733]LogTexture: Display: Building textures: LQ_Lightmap_0_12 (OODLE_DXT1, 64X64)
[2025.09.01-20.52.47:883][733]LogTexture: Display: Building textures: ShadowMapTexture2D_6 (G8, 128X128)
[2025.09.01-20.52.47:884][733]LogTexture: Display: Building textures: ShadowMapTexture2D_8 (G8, 32X32)
[2025.09.01-20.52.47:884][733]LogTexture: Display: Building textures: ShadowMapTexture2D_3 (G8, 128X128)
[2025.09.01-20.52.47:884][733]LogTexture: Display: Building textures: ShadowMapTexture2D_2 (G8, 128X128)
[2025.09.01-20.52.47:884][733]LogTexture: Display: Building textures: ShadowMapTexture2D_7 (G8, 128X128)
[2025.09.01-20.52.47:884][733]LogTexture: Display: Building textures: ShadowMapTexture2D_5 (G8, 128X128)
[2025.09.01-20.52.47:884][733]LogTexture: Display: Building textures: ShadowMapTexture2D_1 (G8, 128X128)
[2025.09.01-20.52.47:884][733]LogTexture: Display: Building textures: ShadowMapTexture2D_4 (G8, 128X128)
[2025.09.01-20.52.47:884][733]LogTexture: Display: Building textures: ShadowMapTexture2D_0 (G8, 1024X256)
[2025.09.01-20.52.47:884][733]Lightmass on SGS1-D08: 7.59 sec total, 176 ms importing, 17 ms setup, 1.75 sec photons, 5.56 sec processing, 0 ms extra exporting [111/111 mappings]. Threads: 1:01 min total, 15.1 sec processing.
[2025.09.01-20.52.47:890][733]LogStaticLightingSystem: Leonardo_BuiltData storing lightmap data for 72 meshes in 15 LightmapResourceClusters (4.8 Meshes per cluster).
[2025.09.01-20.52.47:925][733]LogUObjectHash: Compacting FUObjectHashTables data took   2.20ms
[2025.09.01-20.52.47:941][733]LogStaticLightingSystem: Illumination: 12.5 sec (238 ms encoding lightmaps, 72 ms encoding shadowmaps)
[2025.09.01-20.52.47:941][733]LogStaticLightingSystem: Lightmap texture memory:  9.8 MB (7.2 MB streaming, 2.7 MB non-streaming), 24 textures
[2025.09.01-20.52.47:941][733]LogStaticLightingSystem: Shadowmap texture memory: 0.5 MB (0.5 MB streaming, 0.0 MB non-streaming), 9 textures
[2025.09.01-20.52.48:480][733]DumpUnbuiltLightIteractions
[2025.09.01-20.52.48:480][733]Lights with unbuilt interactions: 0
[2025.09.01-20.52.48:480][733]
[2025.09.01-20.52.48:480][733]Primitives with unbuilt interactions: 0
[2025.09.01-20.52.48:567][733]LogTexture: Display: Building textures: NewReflectionComponentTextureD6C57B644F03DADF4F2699848FAEA3C3 (BGRA8, 128X128)
[2025.09.01-20.52.48:580][733]LogTexture: Display: Building textures: NewReflectionComponentTexture8D91C9AE4C6B8D628CDA3C848426284A (BGRA8, 128X128)
[2025.09.01-20.52.48:627][733]LogSlate: Took 0.000163 seconds to synchronously load lazily loaded font '../../../Engine/Content/Slate/Fonts/DroidSansMono.ttf' (77K)
[2025.09.01-20.52.48:629][734]Cmd: MAP CHECK NOTIFYRESULTS
[2025.09.01-20.52.48:629][734]MapCheck: New page: Leonardo - 1 de set de 2025 14:52:48
[2025.09.01-20.52.48:630][734]MapCheck: Warning: Cylinder_Blueprint Static mesh actor has NULL StaticMesh property 
[2025.09.01-20.52.48:631][734]MapCheck: Warning: Cylinder_Blueprint2 Static mesh actor has NULL StaticMesh property 
[2025.09.01-20.52.48:631][734]MapCheck: Warning: Cylinder_Blueprint25 Static mesh actor has NULL StaticMesh property 
[2025.09.01-20.52.48:631][734]MapCheck: Warning: Cylinder_Blueprint3 Static mesh actor has NULL StaticMesh property 
[2025.09.01-20.52.48:631][734]MapCheck: Warning: Cylinder_Blueprint4 Static mesh actor has NULL StaticMesh property 
[2025.09.01-20.52.48:631][734]MapCheck: Warning: Cylinder_Blueprint5 Static mesh actor has NULL StaticMesh property 
[2025.09.01-20.52.48:631][734]MapCheck: Warning: Cylinder_Blueprint6 Static mesh actor has NULL StaticMesh property 
[2025.09.01-20.52.48:631][734]MapCheck: Warning: Cylinder_Blueprint7 Static mesh actor has NULL StaticMesh property 
[2025.09.01-20.52.48:631][734]MapCheck: Warning: Cylinder_Blueprint8 Static mesh actor has NULL StaticMesh property 
[2025.09.01-20.52.48:631][734]MapCheck: Warning: Cylinder_Blueprint9 Static mesh actor has NULL StaticMesh property 
[2025.09.01-20.52.48:631][734]MapCheck: Warning: Cylinder_Blueprint10 Static mesh actor has NULL StaticMesh property 
[2025.09.01-20.52.48:631][734]MapCheck: Warning: Cylinder_Blueprint11 Static mesh actor has NULL StaticMesh property 
[2025.09.01-20.52.48:631][734]MapCheck: Warning: Cylinder_Blueprint26 Static mesh actor has NULL StaticMesh property 
[2025.09.01-20.52.48:631][734]MapCheck: Warning: Cylinder_Blueprint12 Static mesh actor has NULL StaticMesh property 
[2025.09.01-20.52.48:631][734]MapCheck: Warning: Cylinder_Blueprint13 Static mesh actor has NULL StaticMesh property 
[2025.09.01-20.52.48:631][734]MapCheck: Warning: Cylinder_Blueprint14 Static mesh actor has NULL StaticMesh property 
[2025.09.01-20.52.48:631][734]MapCheck: Warning: Cylinder_Blueprint15 Static mesh actor has NULL StaticMesh property 
[2025.09.01-20.52.48:631][734]MapCheck: Warning: Cylinder_Blueprint16 Static mesh actor has NULL StaticMesh property 
[2025.09.01-20.52.48:631][734]MapCheck: Warning: Cylinder_Blueprint17 Static mesh actor has NULL StaticMesh property 
[2025.09.01-20.52.48:631][734]MapCheck: Warning: Cylinder_Blueprint18 Static mesh actor has NULL StaticMesh property 
[2025.09.01-20.52.48:631][734]MapCheck: Warning: Cylinder_Blueprint19 Static mesh actor has NULL StaticMesh property 
[2025.09.01-20.52.48:631][734]MapCheck: Warning: Cylinder_Blueprint20 Static mesh actor has NULL StaticMesh property 
[2025.09.01-20.52.48:631][734]MapCheck: Warning: Cylinder_Blueprint21 Static mesh actor has NULL StaticMesh property 
[2025.09.01-20.52.48:631][734]MapCheck: Warning: Cylinder_Blueprint22 Static mesh actor has NULL StaticMesh property 
[2025.09.01-20.52.48:631][734]MapCheck: Warning: Cylinder_Blueprint23 Static mesh actor has NULL StaticMesh property 
[2025.09.01-20.52.48:631][734]MapCheck: Warning: Cylinder_Blueprint24 Static mesh actor has NULL StaticMesh property 
[2025.09.01-20.52.48:631][734]MapCheck: Map check complete: 0 Error(s), 26 Warning(s), took 2,486ms to complete.
[2025.09.01-20.52.54:802][420]LogSlate: Window 'Registro de Mensagem' being destroyed
[2025.09.01-20.52.54:806][420]LogSlate: Window 'Registro de Mensagem' being destroyed
[2025.09.01-20.53.05:764][724]LogEditorViewport: Clicking on Actor (LMB): Cylinder_Blueprint_C (Cylinder_Blueprint10)
[2025.09.01-20.53.07:440][913]LogAssetEditorSubsystem: Opening Asset editor for Blueprint /Game/Cylinder_Blueprint.Cylinder_Blueprint
[2025.09.01-20.53.19:912][219]LogRenderer: Reallocating scene render targets to support 1144x900 Format 9 NumSamples 1 (Frame:1).
[2025.09.01-20.53.36:487][153]Cmd: OBJ SAVEPACKAGE PACKAGE="/Game/Cylinder_Blueprint" FILE="../../../../../../Users/leonardo.medeiros/Documents/TCC/Sorry/Content/Cylinder_Blueprint.uasset" SILENT=true
[2025.09.01-20.53.36:496][153]LogSavePackage: Moving '../../../../../../Users/leonardo.medeiros/Documents/TCC/Sorry/Saved/Cylinder_Blueprint55B2A05446BA13CF6CDE6C8B7B78D40D.tmp' to '../../../../../../Users/leonardo.medeiros/Documents/TCC/Sorry/Content/Cylinder_Blueprint.uasset'
[2025.09.01-20.53.36:508][153]AssetCheck: New page: Asset Save: Cylinder_Blueprint
[2025.09.01-20.53.36:508][153]LogContentValidation: Display: Validating Blueprint /Game/Cylinder_Blueprint.Cylinder_Blueprint
[2025.09.01-20.53.37:672][288]BlueprintLog: New page: Compilar Cylinder_Blueprint
[2025.09.01-20.53.37:748][288]LogUObjectHash: Compacting FUObjectHashTables data took   1.84ms
[2025.09.01-20.53.50:084][731]Cmd: OBJ SAVEPACKAGE PACKAGE="/Game/Cenas/Leonardo" FILE="../../../../../../Users/leonardo.medeiros/Documents/TCC/Sorry/Content/Cenas/Leonardo.umap" SILENT=true AUTOSAVING=false KEEPDIRTY=false
[2025.09.01-20.53.50:104][731]LogUObjectHash: Compacting FUObjectHashTables data took   1.97ms
[2025.09.01-20.53.50:133][731]LogSavePackage: Moving '../../../../../../Users/leonardo.medeiros/Documents/TCC/Sorry/Saved/Leonardo1964AD0D4F2676DB8CD481832EBBD4FF.tmp' to '../../../../../../Users/leonardo.medeiros/Documents/TCC/Sorry/Content/Cenas/Leonardo.umap'
[2025.09.01-20.53.50:145][731]Cmd: OBJ SAVEPACKAGE PACKAGE="/Game/Cenas/Leonardo_BuiltData" FILE="../../../../../../Users/leonardo.medeiros/Documents/TCC/Sorry/Content/Cenas/Leonardo_BuiltData.uasset" SILENT=true
[2025.09.01-20.53.50:305][731]LogSavePackage: Moving '../../../../../../Users/leonardo.medeiros/Documents/TCC/Sorry/Saved/Leonardo_BuiltData4DEF0934416C164099D9899CC5E9560B.tmp' to '../../../../../../Users/leonardo.medeiros/Documents/TCC/Sorry/Content/Cenas/Leonardo_BuiltData.uasset'
[2025.09.01-20.53.50:315][731]AssetCheck: New page: Asset Save: multiple assets
[2025.09.01-20.53.50:315][731]LogContentValidation: Display: Validating MapBuildDataRegistry /Game/Cenas/Leonardo_BuiltData.Leonardo_BuiltData
[2025.09.01-20.53.50:315][731]LogContentValidation: Display: Validating World /Game/Cenas/Leonardo.Leonardo
[2025.09.01-20.53.52:182][943]LogEditorViewport: Clicking on Actor (LMB): StaticMeshActor (Floor11)
[2025.09.01-20.54.05:297][433]LogEditorViewport: Clicking on Actor (LMB): StaticMeshActor (Floor)
[2025.09.01-20.54.09:794][950]LogEditorViewport: Clicking on Actor (LMB): StaticMeshActor (Floor16)
[2025.09.01-20.54.13:057][308]LogEditorViewport: Clicking on Actor (LMB): StaticMeshActor (Floor4)
[2025.09.01-20.54.16:088][632]LogEditorViewport: Clicking on Actor (LMB): Door_Blueprint_C (Door_Blueprint2)
[2025.09.01-20.54.30:447][234]Cmd: OBJ SAVEPACKAGE PACKAGE="/Game/Cenas/Leonardo" FILE="../../../../../../Users/leonardo.medeiros/Documents/TCC/Sorry/Content/Cenas/Leonardo.umap" SILENT=true AUTOSAVING=false KEEPDIRTY=false
[2025.09.01-20.54.30:467][234]LogUObjectHash: Compacting FUObjectHashTables data took   1.70ms
[2025.09.01-20.54.30:495][234]LogSavePackage: Moving '../../../../../../Users/leonardo.medeiros/Documents/TCC/Sorry/Saved/Leonardo558EBD204E1313286147E3B557CECD82.tmp' to '../../../../../../Users/leonardo.medeiros/Documents/TCC/Sorry/Content/Cenas/Leonardo.umap'
[2025.09.01-20.54.30:508][234]Cmd: OBJ SAVEPACKAGE PACKAGE="/Game/Cenas/Leonardo_BuiltData" FILE="../../../../../../Users/leonardo.medeiros/Documents/TCC/Sorry/Content/Cenas/Leonardo_BuiltData.uasset" SILENT=true
[2025.09.01-20.54.30:668][234]LogSavePackage: Moving '../../../../../../Users/leonardo.medeiros/Documents/TCC/Sorry/Saved/Leonardo_BuiltData0495D17E4F29F7FD43AC24BBF3BDD6D0.tmp' to '../../../../../../Users/leonardo.medeiros/Documents/TCC/Sorry/Content/Cenas/Leonardo_BuiltData.uasset'
[2025.09.01-20.54.30:683][234]AssetCheck: New page: Asset Save: multiple assets
[2025.09.01-20.54.30:683][234]LogContentValidation: Display: Validating MapBuildDataRegistry /Game/Cenas/Leonardo_BuiltData.Leonardo_BuiltData
[2025.09.01-20.54.30:683][234]LogContentValidation: Display: Validating World /Game/Cenas/Leonardo.Leonardo
[2025.09.01-20.54.34:023][550]MapCheck: New page: Verificação de Mapa
[2025.09.01-20.54.34:034][550]Cmd: MAP REBUILD ALLVISIBLE
[2025.09.01-20.54.34:034][550]LogEditorServer: Rebuildmap Clear paths rebuilt
[2025.09.01-20.54.34:037][550]LogWorld: UWorld::CleanupWorld for Leonardo, bSessionEnded=true, bCleanupResources=false
[2025.09.01-20.54.34:059][550]LightingResults: New page: Compilação de Iluminação - 1 de set de 2025 14:54:34
[2025.09.01-20.54.34:062][550]LogSwarmInterface: [OpenConnection] Registering TCP channel ...
[2025.09.01-20.54.34:064][550]LogSwarmInterface: [OpenConnection] Connecting to agent ...
[2025.09.01-20.54.34:064][550]LogSwarmInterface: [TryOpenConnection] Testing the Agent
[2025.09.01-20.54.34:064][550]LogSwarmInterface: [TryOpenConnection] Opening Connection to Agent
[2025.09.01-20.54.34:064][550]LogSwarmInterface: [TryOpenConnection] Local Process ID is 4504
[2025.09.01-20.54.38:653][550]LightingResults: Warning: No importance volume found and the scene is so large that the automatically synthesized volume will not yield good results.  Please add a tightly bounding lightmass importance volume to optimize your scene's quality and lighting build times.
[2025.09.01-20.54.38:653][550]LogStaticLightingSystem: Running Lightmass w/ ImmediateImport mode ENABLED
[2025.09.01-20.54.38:653][550]LogStaticLightingSystem: Running Lightmass w/ ImmediateProcess mode ENABLED
[2025.09.01-20.54.38:653][550]LogStaticLightingSystem: Running Lightmass w/ Sorting mode ENABLED
[2025.09.01-20.54.38:653][550]LogStaticLightingSystem: Running Lightmass w/ Mapping paddings ENABLED
[2025.09.01-20.54.38:653][550]LogStaticLightingSystem: Running Lightmass w/ Mapping debug paddings DISABLED
[2025.09.01-20.54.38:732][550]LogEditorBuildUtils: Build time 0:04
[2025.09.01-20.54.38:829][552]LogUObjectHash: Compacting FUObjectHashTables data took   1.72ms
[2025.09.01-20.54.41:554][760]Job is a success!
[2025.09.01-20.54.41:752][762]LogVolumetricLightmapImport: Imported Volumetric Lightmap in 0.063s
[2025.09.01-20.54.41:752][762]LogVolumetricLightmapImport:      Indirection Texture 32x32x32 = 0.1Mb
[2025.09.01-20.54.41:752][762]LogVolumetricLightmapImport:      BrickData (all levels) 1.0Mb (trimmed 0.3Mb due to 0.010000 MinBrickError)
[2025.09.01-20.54.41:752][762]LogVolumetricLightmapImport:      Bricks at depth
[2025.09.01-20.54.41:752][762]LogVolumetricLightmapImport:          0: 3.8% covering 100.0% of volume
[2025.09.01-20.54.41:753][762]LogVolumetricLightmapImport:          1: 13.5% covering 5.5% of volume
[2025.09.01-20.54.41:753][762]LogVolumetricLightmapImport:          2: 82.7% covering 0.5% of volume
[2025.09.01-20.54.41:753][762]LogVolumetricLightmapImport:      Bricks in each level
[2025.09.01-20.54.41:753][762]LogVolumetricLightmapImport:          Leonardo 			 208 bricks 	 100.0% (Persistent Level)
[2025.09.01-20.54.42:046][762]LogTexture: Display: Building textures: SkyOcclusion0_1 (OODLE_AutoDXT, 1024X512)
[2025.09.01-20.54.42:046][762]LogTexture: Display: Building textures: HQ_Lightmap0_1 (OODLE_AutoDXT, 1024X1024)
[2025.09.01-20.54.42:046][762]LogTextureFormatOodle: Display: non-RDO encode 1024 x 512 x 1 to format OODLE_AutoDXT (Oodle OodleTex_BC3) lambda=0 effort=20 
[2025.09.01-20.54.42:046][762]LogTexture: Display: Building textures: LQ_Lightmap_0_1 (OODLE_DXT1, 1024X1024)
[2025.09.01-20.54.42:046][762]LogTextureFormatOodle: Display: non-RDO encode 1024 x 1024 x 1 to format OODLE_AutoDXT (Oodle OodleTex_BC3) lambda=0 effort=20 
[2025.09.01-20.54.42:046][762]LogTexture: Display: Building textures: SkyOcclusion0_2 (OODLE_AutoDXT, 1024X512)
[2025.09.01-20.54.42:046][762]LogTexture: Display: Building textures: SkyOcclusion0_3 (OODLE_AutoDXT, 256X128)
[2025.09.01-20.54.42:046][762]LogTexture: Display: Building textures: HQ_Lightmap0_2 (OODLE_AutoDXT, 1024X1024)
[2025.09.01-20.54.42:046][762]LogTexture: Display: Building textures: LQ_Lightmap_0_2 (OODLE_DXT1, 1024X1024)
[2025.09.01-20.54.42:046][762]LogTexture: Display: Building textures: HQ_Lightmap0_3 (OODLE_AutoDXT, 256X256)
[2025.09.01-20.54.42:046][762]LogTexture: Display: Building textures: LQ_Lightmap_0_3 (OODLE_DXT1, 256X256)
[2025.09.01-20.54.42:046][762]LogTextureFormatOodle: Display: non-RDO encode 1024 x 1024 x 1 to format OODLE_AutoDXT (Oodle OodleTex_BC3) lambda=0 effort=20 
[2025.09.01-20.54.42:046][762]LogTextureFormatOodle: Display: non-RDO encode 1024 x 512 x 1 to format OODLE_AutoDXT (Oodle OodleTex_BC3) lambda=0 effort=20 
[2025.09.01-20.54.42:046][762]LogTextureFormatOodle: Display: non-RDO encode 1024 x 1024 x 1 to format OODLE_DXT1 (Oodle OodleTex_BC1_WithTransparency) lambda=0 effort=20 
[2025.09.01-20.54.42:046][762]LogTexture: Display: Building textures: SkyOcclusion0_4 (OODLE_AutoDXT, 256X128)
[2025.09.01-20.54.42:046][762]LogTexture: Display: Building textures: HQ_Lightmap0_4 (OODLE_AutoDXT, 256X256)
[2025.09.01-20.54.42:046][762]LogTexture: Display: Building textures: LQ_Lightmap_0_4 (OODLE_DXT1, 256X256)
[2025.09.01-20.54.42:046][762]LogTextureFormatOodle: Display: non-RDO encode 1024 x 1024 x 1 to format OODLE_DXT1 (Oodle OodleTex_BC1_WithTransparency) lambda=0 effort=20 
[2025.09.01-20.54.42:046][762]LogTexture: Display: Building textures: SkyOcclusion0_5 (OODLE_AutoDXT, 1024X512)
[2025.09.01-20.54.42:046][762]LogTexture: Display: Building textures: HQ_Lightmap0_5 (OODLE_AutoDXT, 1024X1024)
[2025.09.01-20.54.42:047][762]LogTextureFormatOodle: Display: non-RDO encode 1024 x 1024 x 1 to format OODLE_AutoDXT (Oodle OodleTex_BC3) lambda=0 effort=20 
[2025.09.01-20.54.42:047][762]LogTexture: Display: Building textures: LQ_Lightmap_0_5 (OODLE_DXT1, 1024X1024)
[2025.09.01-20.54.42:047][762]LogTexture: Display: Building textures: SkyOcclusion0_6 (OODLE_AutoDXT, 256X128)
[2025.09.01-20.54.42:047][762]LogTexture: Display: Building textures: HQ_Lightmap0_6 (OODLE_AutoDXT, 256X256)
[2025.09.01-20.54.42:047][762]LogTexture: Display: Building textures: LQ_Lightmap_0_6 (OODLE_DXT1, 256X256)
[2025.09.01-20.54.42:047][762]LogTextureFormatOodle: Display: non-RDO encode 1024 x 512 x 1 to format OODLE_AutoDXT (Oodle OodleTex_BC3) lambda=0 effort=20 
[2025.09.01-20.54.42:047][762]LogTexture: Display: Building textures: SkyOcclusion0_7 (OODLE_AutoDXT, 256X128)
[2025.09.01-20.54.42:047][762]LogTexture: Display: Building textures: HQ_Lightmap0_7 (OODLE_AutoDXT, 256X256)
[2025.09.01-20.54.42:047][762]LogTexture: Display: Building textures: LQ_Lightmap_0_7 (OODLE_DXT1, 256X256)
[2025.09.01-20.54.42:047][762]LogTextureFormatOodle: Display: non-RDO encode 1024 x 1024 x 1 to format OODLE_DXT1 (Oodle OodleTex_BC1_WithTransparency) lambda=0 effort=20 
[2025.09.01-20.54.42:047][762]LogTexture: Display: Building textures: SkyOcclusion0_8 (OODLE_AutoDXT, 512X256)
[2025.09.01-20.54.42:047][762]LogTexture: Display: Building textures: HQ_Lightmap0_8 (OODLE_AutoDXT, 512X512)
[2025.09.01-20.54.42:047][762]LogTexture: Display: Building textures: SkyOcclusion1_9 (OODLE_AutoDXT, 256X128)
[2025.09.01-20.54.42:047][762]LogTexture: Display: Building textures: LQ_Lightmap_0_8 (OODLE_DXT1, 512X512)
[2025.09.01-20.54.42:047][762]LogTexture: Display: Building textures: HQ_Lightmap1_9 (OODLE_AutoDXT, 256X256)
[2025.09.01-20.54.42:047][762]LogTexture: Display: Building textures: LQ_Lightmap_1_9 (OODLE_DXT1, 256X256)
[2025.09.01-20.54.42:047][762]LogTexture: Display: Building textures: SkyOcclusion1_10 (OODLE_AutoDXT, 256X128)
[2025.09.01-20.54.42:047][762]LogTexture: Display: Building textures: HQ_Lightmap1_10 (OODLE_AutoDXT, 256X256)
[2025.09.01-20.54.42:047][762]LogTexture: Display: Building textures: LQ_Lightmap_1_10 (OODLE_DXT1, 256X256)
[2025.09.01-20.54.42:047][762]LogTexture: Display: Building textures: SkyOcclusion1_11 (OODLE_AutoDXT, 256X128)
[2025.09.01-20.54.42:047][762]LogTexture: Display: Building textures: HQ_Lightmap1_11 (OODLE_AutoDXT, 256X256)
[2025.09.01-20.54.42:047][762]LogTexture: Display: Building textures: LQ_Lightmap_1_11 (OODLE_DXT1, 256X256)
[2025.09.01-20.54.42:047][762]LogTexture: Display: Building textures: SkyOcclusion1_12 (OODLE_AutoDXT, 64X32)
[2025.09.01-20.54.42:047][762]LogTexture: Display: Building textures: LQ_Lightmap_1_12 (OODLE_DXT1, 64X64)
[2025.09.01-20.54.42:047][762]LogTexture: Display: Building textures: HQ_Lightmap1_12 (OODLE_AutoDXT, 64X64)
[2025.09.01-20.54.42:047][762]LogTexture: Display: Building textures: ShadowMapTexture2D_12 (G8, 128X128)
[2025.09.01-20.54.42:047][762]LogTexture: Display: Building textures: ShadowMapTexture2D_20 (G8, 32X32)
[2025.09.01-20.54.42:047][762]LogTexture: Display: Building textures: ShadowMapTexture2D_18 (G8, 128X128)
[2025.09.01-20.54.42:047][762]LogTexture: Display: Building textures: ShadowMapTexture2D_11 (G8, 128X128)
[2025.09.01-20.54.42:047][762]LogTexture: Display: Building textures: ShadowMapTexture2D_15 (G8, 128X128)
[2025.09.01-20.54.42:047][762]LogTexture: Display: Building textures: ShadowMapTexture2D_17 (G8, 128X128)
[2025.09.01-20.54.42:047][762]LogTexture: Display: Building textures: ShadowMapTexture2D_19 (G8, 128X128)
[2025.09.01-20.54.42:047][762]LogTexture: Display: Building textures: ShadowMapTexture2D_14 (G8, 128X128)
[2025.09.01-20.54.42:047][762]LogTexture: Display: Building textures: ShadowMapTexture2D_10 (G8, 128X512)
[2025.09.01-20.54.42:072][762]LogTexture: Display: Building textures: ShadowMapTexture2D_16 (G8, 1024X128)
[2025.09.01-20.54.42:192][762]LogTexture: Display: Building textures: ShadowMapTexture2D_13 (G8, 1024X256)
[2025.09.01-20.54.42:192][762]LogTexture: Display: Building textures: ShadowMapTexture2D_9 (G8, 1024X512)
[2025.09.01-20.54.42:192][762]Lightmass on SGS1-D08: 3.09 sec total, 96 ms importing, 11 ms setup, 267 ms photons, 2.61 sec processing, 0 ms extra exporting [111/111 mappings]. Threads: 28.7 sec total, 8.24 sec processing.
[2025.09.01-20.54.42:197][762]LogStaticLightingSystem: Leonardo_BuiltData storing lightmap data for 72 meshes in 12 LightmapResourceClusters (6.0 Meshes per cluster).
[2025.09.01-20.54.42:225][762]LogUObjectHash: Compacting FUObjectHashTables data took   1.92ms
[2025.09.01-20.54.42:261][762]LogStaticLightingSystem: Illumination: 8.15 sec (219 ms encoding lightmaps, 136 ms encoding shadowmaps)
[2025.09.01-20.54.42:261][762]LogStaticLightingSystem: Lightmap texture memory:  9.8 MB (7.2 MB streaming, 2.7 MB non-streaming), 24 textures
[2025.09.01-20.54.42:261][762]LogStaticLightingSystem: Shadowmap texture memory: 1.4 MB (1.3 MB streaming, 0.1 MB non-streaming), 12 textures
[2025.09.01-20.54.42:658][762]DumpUnbuiltLightIteractions
[2025.09.01-20.54.42:658][762]Lights with unbuilt interactions: 0
[2025.09.01-20.54.42:658][762]
[2025.09.01-20.54.42:658][762]Primitives with unbuilt interactions: 0
[2025.09.01-20.54.42:791][762]LogTexture: Display: Building textures: NewReflectionComponentTextureD6C57B644F03DADF4F2699848FAEA3C3 (BGRA8, 128X128)
[2025.09.01-20.54.42:801][762]LogTexture: Display: Building textures: NewReflectionComponentTexture8D91C9AE4C6B8D628CDA3C848426284A (BGRA8, 128X128)
[2025.09.01-20.54.42:836][763]Cmd: MAP CHECK NOTIFYRESULTS
[2025.09.01-20.54.42:836][763]MapCheck: New page: Leonardo - 1 de set de 2025 14:54:42
[2025.09.01-20.54.42:837][763]MapCheck: Warning: Cylinder_Blueprint Static mesh actor has NULL StaticMesh property 
[2025.09.01-20.54.42:837][763]MapCheck: Warning: Cylinder_Blueprint10 Static mesh actor has NULL StaticMesh property 
[2025.09.01-20.54.42:837][763]MapCheck: Warning: Cylinder_Blueprint11 Static mesh actor has NULL StaticMesh property 
[2025.09.01-20.54.42:837][763]MapCheck: Warning: Cylinder_Blueprint12 Static mesh actor has NULL StaticMesh property 
[2025.09.01-20.54.42:837][763]MapCheck: Warning: Cylinder_Blueprint13 Static mesh actor has NULL StaticMesh property 
[2025.09.01-20.54.42:837][763]MapCheck: Warning: Cylinder_Blueprint14 Static mesh actor has NULL StaticMesh property 
[2025.09.01-20.54.42:837][763]MapCheck: Warning: Cylinder_Blueprint15 Static mesh actor has NULL StaticMesh property 
[2025.09.01-20.54.42:837][763]MapCheck: Warning: Cylinder_Blueprint16 Static mesh actor has NULL StaticMesh property 
[2025.09.01-20.54.42:837][763]MapCheck: Warning: Cylinder_Blueprint17 Static mesh actor has NULL StaticMesh property 
[2025.09.01-20.54.42:837][763]MapCheck: Warning: Cylinder_Blueprint18 Static mesh actor has NULL StaticMesh property 
[2025.09.01-20.54.42:837][763]MapCheck: Warning: Cylinder_Blueprint19 Static mesh actor has NULL StaticMesh property 
[2025.09.01-20.54.42:837][763]MapCheck: Warning: Cylinder_Blueprint2 Static mesh actor has NULL StaticMesh property 
[2025.09.01-20.54.42:837][763]MapCheck: Warning: Cylinder_Blueprint20 Static mesh actor has NULL StaticMesh property 
[2025.09.01-20.54.42:837][763]MapCheck: Warning: Cylinder_Blueprint21 Static mesh actor has NULL StaticMesh property 
[2025.09.01-20.54.42:837][763]MapCheck: Warning: Cylinder_Blueprint22 Static mesh actor has NULL StaticMesh property 
[2025.09.01-20.54.42:837][763]MapCheck: Warning: Cylinder_Blueprint23 Static mesh actor has NULL StaticMesh property 
[2025.09.01-20.54.42:837][763]MapCheck: Warning: Cylinder_Blueprint24 Static mesh actor has NULL StaticMesh property 
[2025.09.01-20.54.42:837][763]MapCheck: Warning: Cylinder_Blueprint25 Static mesh actor has NULL StaticMesh property 
[2025.09.01-20.54.42:837][763]MapCheck: Warning: Cylinder_Blueprint26 Static mesh actor has NULL StaticMesh property 
[2025.09.01-20.54.42:837][763]MapCheck: Warning: Cylinder_Blueprint3 Static mesh actor has NULL StaticMesh property 
[2025.09.01-20.54.42:837][763]MapCheck: Warning: Cylinder_Blueprint4 Static mesh actor has NULL StaticMesh property 
[2025.09.01-20.54.42:837][763]MapCheck: Warning: Cylinder_Blueprint5 Static mesh actor has NULL StaticMesh property 
[2025.09.01-20.54.42:837][763]MapCheck: Warning: Cylinder_Blueprint6 Static mesh actor has NULL StaticMesh property 
[2025.09.01-20.54.42:837][763]MapCheck: Warning: Cylinder_Blueprint7 Static mesh actor has NULL StaticMesh property 
[2025.09.01-20.54.42:837][763]MapCheck: Warning: Cylinder_Blueprint8 Static mesh actor has NULL StaticMesh property 
[2025.09.01-20.54.42:837][763]MapCheck: Warning: Cylinder_Blueprint9 Static mesh actor has NULL StaticMesh property 
[2025.09.01-20.54.42:837][763]MapCheck: Map check complete: 0 Error(s), 26 Warning(s), took 1,114ms to complete.
[2025.09.01-20.54.45:708][ 49]LogSlate: Window 'Registro de Mensagem' being destroyed
[2025.09.01-20.54.45:712][ 49]LogSlate: Window 'Registro de Mensagem' being destroyed
[2025.09.01-20.55.01:683][953]LogEditorViewport: Clicking on Actor (LMB): StaticMeshActor (Floor16)
[2025.09.01-20.55.07:356][604]LogEditorViewport: Clicking on Actor (LMB): StaticMeshActor (Floor17)
[2025.09.01-20.55.14:196][354]Cmd: OBJ SAVEPACKAGE PACKAGE="/Game/Cenas/Leonardo" FILE="../../../../../../Users/leonardo.medeiros/Documents/TCC/Sorry/Content/Cenas/Leonardo.umap" SILENT=true AUTOSAVING=false KEEPDIRTY=false
[2025.09.01-20.55.14:215][354]LogUObjectHash: Compacting FUObjectHashTables data took   1.58ms
[2025.09.01-20.55.14:244][354]LogSavePackage: Moving '../../../../../../Users/leonardo.medeiros/Documents/TCC/Sorry/Saved/Leonardo55D4EB0D49740AA64FDF6A92E57701F1.tmp' to '../../../../../../Users/leonardo.medeiros/Documents/TCC/Sorry/Content/Cenas/Leonardo.umap'
[2025.09.01-20.55.14:256][354]Cmd: OBJ SAVEPACKAGE PACKAGE="/Game/Cenas/Leonardo_BuiltData" FILE="../../../../../../Users/leonardo.medeiros/Documents/TCC/Sorry/Content/Cenas/Leonardo_BuiltData.uasset" SILENT=true
[2025.09.01-20.55.14:390][354]LogSavePackage: Moving '../../../../../../Users/leonardo.medeiros/Documents/TCC/Sorry/Saved/Leonardo_BuiltDataAEBE2C2141DFCAE274F43B9B3C72F280.tmp' to '../../../../../../Users/leonardo.medeiros/Documents/TCC/Sorry/Content/Cenas/Leonardo_BuiltData.uasset'
[2025.09.01-20.55.14:400][354]AssetCheck: New page: Asset Save: multiple assets
[2025.09.01-20.55.14:400][354]LogContentValidation: Display: Validating MapBuildDataRegistry /Game/Cenas/Leonardo_BuiltData.Leonardo_BuiltData
[2025.09.01-20.55.14:400][354]LogContentValidation: Display: Validating World /Game/Cenas/Leonardo.Leonardo
[2025.09.01-20.55.16:402][533]MapCheck: New page: Verificação de Mapa
[2025.09.01-20.55.16:415][533]Cmd: MAP REBUILD ALLVISIBLE
[2025.09.01-20.55.16:415][533]LogEditorServer: Rebuildmap Clear paths rebuilt
[2025.09.01-20.55.16:418][533]LogWorld: UWorld::CleanupWorld for Leonardo, bSessionEnded=true, bCleanupResources=false
[2025.09.01-20.55.16:439][533]LightingResults: New page: Compilação de Iluminação - 1 de set de 2025 14:55:16
[2025.09.01-20.55.16:442][533]LogSwarmInterface: [OpenConnection] Registering TCP channel ...
[2025.09.01-20.55.16:444][533]LogSwarmInterface: [OpenConnection] Connecting to agent ...
[2025.09.01-20.55.16:444][533]LogSwarmInterface: [TryOpenConnection] Testing the Agent
[2025.09.01-20.55.16:445][533]LogSwarmInterface: [TryOpenConnection] Opening Connection to Agent
[2025.09.01-20.55.16:445][533]LogSwarmInterface: [TryOpenConnection] Local Process ID is 4504
[2025.09.01-20.55.21:008][533]LightingResults: Warning: No importance volume found and the scene is so large that the automatically synthesized volume will not yield good results.  Please add a tightly bounding lightmass importance volume to optimize your scene's quality and lighting build times.
[2025.09.01-20.55.21:009][533]LogStaticLightingSystem: Running Lightmass w/ ImmediateImport mode ENABLED
[2025.09.01-20.55.21:009][533]LogStaticLightingSystem: Running Lightmass w/ ImmediateProcess mode ENABLED
[2025.09.01-20.55.21:009][533]LogStaticLightingSystem: Running Lightmass w/ Sorting mode ENABLED
[2025.09.01-20.55.21:009][533]LogStaticLightingSystem: Running Lightmass w/ Mapping paddings ENABLED
[2025.09.01-20.55.21:009][533]LogStaticLightingSystem: Running Lightmass w/ Mapping debug paddings DISABLED
[2025.09.01-20.55.21:089][533]LogEditorBuildUtils: Build time 0:04
[2025.09.01-20.55.21:206][535]LogUObjectHash: Compacting FUObjectHashTables data took   1.67ms
[2025.09.01-20.55.25:622][900]Job is a success!
[2025.09.01-20.55.25:855][902]LogVolumetricLightmapImport: Imported Volumetric Lightmap in 0.096s
[2025.09.01-20.55.25:855][902]LogVolumetricLightmapImport:      Indirection Texture 32x32x32 = 0.1Mb
[2025.09.01-20.55.25:855][902]LogVolumetricLightmapImport:      BrickData (all levels) 3.8Mb (trimmed 0.3Mb due to 0.010000 MinBrickError)
[2025.09.01-20.55.25:855][902]LogVolumetricLightmapImport:      Bricks at depth
[2025.09.01-20.55.25:855][902]LogVolumetricLightmapImport:          0: 1.2% covering 100.0% of volume
[2025.09.01-20.55.25:855][902]LogVolumetricLightmapImport:          1: 7.5% covering 9.8% of volume
[2025.09.01-20.55.25:855][902]LogVolumetricLightmapImport:          2: 91.3% covering 1.9% of volume
[2025.09.01-20.55.25:855][902]LogVolumetricLightmapImport:      Bricks in each level
[2025.09.01-20.55.25:855][902]LogVolumetricLightmapImport:          Leonardo 			 668 bricks 	 100.0% (Persistent Level)
[2025.09.01-20.55.26:173][902]LogTexture: Display: Building textures: SkyOcclusion1_1 (OODLE_AutoDXT, 1024X512)
[2025.09.01-20.55.26:173][902]LogTexture: Display: Building textures: HQ_Lightmap1_1 (OODLE_AutoDXT, 1024X1024)
[2025.09.01-20.55.26:173][902]LogTextureFormatOodle: Display: non-RDO encode 1024 x 512 x 1 to format OODLE_AutoDXT (Oodle OodleTex_BC3) lambda=0 effort=20 
[2025.09.01-20.55.26:173][902]LogTextureFormatOodle: Display: non-RDO encode 1024 x 1024 x 1 to format OODLE_AutoDXT (Oodle OodleTex_BC3) lambda=0 effort=20 
[2025.09.01-20.55.26:173][902]LogTexture: Display: Building textures: LQ_Lightmap_1_1 (OODLE_DXT1, 1024X1024)
[2025.09.01-20.55.26:173][902]LogTextureFormatOodle: Display: non-RDO encode 1024 x 1024 x 1 to format OODLE_DXT1 (Oodle OodleTex_BC1_WithTransparency) lambda=0 effort=20 
[2025.09.01-20.55.26:173][902]LogTexture: Display: Building textures: HQ_Lightmap1_2 (OODLE_AutoDXT, 1024X1024)
[2025.09.01-20.55.26:173][902]LogTexture: Display: Building textures: SkyOcclusion1_2 (OODLE_AutoDXT, 1024X512)
[2025.09.01-20.55.26:173][902]LogTexture: Display: Building textures: LQ_Lightmap_1_2 (OODLE_DXT1, 1024X1024)
[2025.09.01-20.55.26:173][902]LogTexture: Display: Building textures: HQ_Lightmap1_3 (OODLE_AutoDXT, 256X256)
[2025.09.01-20.55.26:173][902]LogTexture: Display: Building textures: SkyOcclusion1_3 (OODLE_AutoDXT, 256X128)
[2025.09.01-20.55.26:173][902]LogTexture: Display: Building textures: LQ_Lightmap_1_3 (OODLE_DXT1, 256X256)
[2025.09.01-20.55.26:173][902]LogTextureFormatOodle: Display: non-RDO encode 1024 x 1024 x 1 to format OODLE_AutoDXT (Oodle OodleTex_BC3) lambda=0 effort=20 
[2025.09.01-20.55.26:173][902]LogTextureFormatOodle: Display: non-RDO encode 1024 x 512 x 1 to format OODLE_AutoDXT (Oodle OodleTex_BC3) lambda=0 effort=20 
[2025.09.01-20.55.26:173][902]LogTexture: Display: Building textures: SkyOcclusion1_4 (OODLE_AutoDXT, 256X128)
[2025.09.01-20.55.26:173][902]LogTexture: Display: Building textures: HQ_Lightmap1_4 (OODLE_AutoDXT, 256X256)
[2025.09.01-20.55.26:173][902]LogTexture: Display: Building textures: LQ_Lightmap_1_4 (OODLE_DXT1, 256X256)
[2025.09.01-20.55.26:173][902]LogTextureFormatOodle: Display: non-RDO encode 1024 x 1024 x 1 to format OODLE_DXT1 (Oodle OodleTex_BC1_WithTransparency) lambda=0 effort=20 
[2025.09.01-20.55.26:173][902]LogTexture: Display: Building textures: SkyOcclusion1_5 (OODLE_AutoDXT, 1024X512)
[2025.09.01-20.55.26:173][902]LogTexture: Display: Building textures: HQ_Lightmap1_5 (OODLE_AutoDXT, 1024X1024)
[2025.09.01-20.55.26:173][902]LogTexture: Display: Building textures: LQ_Lightmap_1_5 (OODLE_DXT1, 1024X1024)
[2025.09.01-20.55.26:174][902]LogTexture: Display: Building textures: SkyOcclusion1_6 (OODLE_AutoDXT, 256X128)
[2025.09.01-20.55.26:174][902]LogTexture: Display: Building textures: HQ_Lightmap1_6 (OODLE_AutoDXT, 256X256)
[2025.09.01-20.55.26:174][902]LogTextureFormatOodle: Display: non-RDO encode 1024 x 1024 x 1 to format OODLE_AutoDXT (Oodle OodleTex_BC3) lambda=0 effort=20 
[2025.09.01-20.55.26:174][902]LogTextureFormatOodle: Display: non-RDO encode 1024 x 512 x 1 to format OODLE_AutoDXT (Oodle OodleTex_BC3) lambda=0 effort=20 
[2025.09.01-20.55.26:174][902]LogTexture: Display: Building textures: LQ_Lightmap_1_6 (OODLE_DXT1, 256X256)
[2025.09.01-20.55.26:174][902]LogTexture: Display: Building textures: SkyOcclusion1_7 (OODLE_AutoDXT, 256X128)
[2025.09.01-20.55.26:174][902]LogTexture: Display: Building textures: HQ_Lightmap1_7 (OODLE_AutoDXT, 256X256)
[2025.09.01-20.55.26:174][902]LogTexture: Display: Building textures: LQ_Lightmap_1_7 (OODLE_DXT1, 256X256)
[2025.09.01-20.55.26:174][902]LogTexture: Display: Building textures: SkyOcclusion1_8 (OODLE_AutoDXT, 512X256)
[2025.09.01-20.55.26:174][902]LogTexture: Display: Building textures: LQ_Lightmap_1_8 (OODLE_DXT1, 512X512)
[2025.09.01-20.55.26:174][902]LogTexture: Display: Building textures: HQ_Lightmap1_8 (OODLE_AutoDXT, 512X512)
[2025.09.01-20.55.26:174][902]LogTexture: Display: Building textures: SkyOcclusion0_9 (OODLE_AutoDXT, 256X128)
[2025.09.01-20.55.26:174][902]LogTexture: Display: Building textures: HQ_Lightmap0_9 (OODLE_AutoDXT, 256X256)
[2025.09.01-20.55.26:174][902]LogTexture: Display: Building textures: LQ_Lightmap_0_9 (OODLE_DXT1, 256X256)
[2025.09.01-20.55.26:174][902]LogTextureFormatOodle: Display: non-RDO encode 1024 x 1024 x 1 to format OODLE_DXT1 (Oodle OodleTex_BC1_WithTransparency) lambda=0 effort=20 
[2025.09.01-20.55.26:174][902]LogTexture: Display: Building textures: SkyOcclusion0_10 (OODLE_AutoDXT, 256X128)
[2025.09.01-20.55.26:174][902]LogTexture: Display: Building textures: HQ_Lightmap0_10 (OODLE_AutoDXT, 256X256)
[2025.09.01-20.55.26:174][902]LogTexture: Display: Building textures: LQ_Lightmap_0_10 (OODLE_DXT1, 256X256)
[2025.09.01-20.55.26:174][902]LogTexture: Display: Building textures: SkyOcclusion0_11 (OODLE_AutoDXT, 256X128)
[2025.09.01-20.55.26:174][902]LogTexture: Display: Building textures: HQ_Lightmap0_11 (OODLE_AutoDXT, 256X256)
[2025.09.01-20.55.26:174][902]LogTexture: Display: Building textures: LQ_Lightmap_0_11 (OODLE_DXT1, 256X256)
[2025.09.01-20.55.26:174][902]LogTexture: Display: Building textures: SkyOcclusion0_12 (OODLE_AutoDXT, 64X32)
[2025.09.01-20.55.26:174][902]LogTexture: Display: Building textures: HQ_Lightmap0_12 (OODLE_AutoDXT, 64X64)
[2025.09.01-20.55.26:174][902]LogTexture: Display: Building textures: LQ_Lightmap_0_12 (OODLE_DXT1, 64X64)
[2025.09.01-20.55.26:355][902]LogTexture: Display: Building textures: ShadowMapTexture2D_23 (G8, 128X128)
[2025.09.01-20.55.26:355][902]LogTexture: Display: Building textures: ShadowMapTexture2D_26 (G8, 128X128)
[2025.09.01-20.55.26:355][902]LogTexture: Display: Building textures: ShadowMapTexture2D_25 (G8, 128X128)
[2025.09.01-20.55.26:355][902]LogTexture: Display: Building textures: ShadowMapTexture2D_29 (G8, 128X128)
[2025.09.01-20.55.26:355][902]LogTexture: Display: Building textures: ShadowMapTexture2D_30 (G8, 128X128)
[2025.09.01-20.55.26:355][902]LogTexture: Display: Building textures: ShadowMapTexture2D_24 (G8, 128X128)
[2025.09.01-20.55.26:355][902]LogTexture: Display: Building textures: ShadowMapTexture2D_31 (G8, 32X32)
[2025.09.01-20.55.26:355][902]LogTexture: Display: Building textures: ShadowMapTexture2D_28 (G8, 128X128)
[2025.09.01-20.55.26:355][902]LogTexture: Display: Building textures: ShadowMapTexture2D_27 (G8, 256X128)
[2025.09.01-20.55.26:355][902]LogTexture: Display: Building textures: ShadowMapTexture2D_22 (G8, 128X512)
[2025.09.01-20.55.26:355][902]LogTexture: Display: Building textures: ShadowMapTexture2D_21 (G8, 1024X512)
[2025.09.01-20.55.26:360][902]Lightmass on SGS1-D08: 4.85 sec total, 94 ms importing, 11 ms setup, 1.05 sec photons, 3.58 sec processing, 0 ms extra exporting [111/111 mappings]. Threads: 39.4 sec total, 11.1 sec processing.
[2025.09.01-20.55.26:361][902]LogStaticLightingSystem: Leonardo_BuiltData storing lightmap data for 72 meshes in 16 LightmapResourceClusters (4.5 Meshes per cluster).
[2025.09.01-20.55.26:391][902]LogUObjectHash: Compacting FUObjectHashTables data took   1.76ms
[2025.09.01-20.55.26:405][902]LogStaticLightingSystem: Illumination: 9.94 sec (254 ms encoding lightmaps, 128 ms encoding shadowmaps)
[2025.09.01-20.55.26:405][902]LogStaticLightingSystem: Lightmap texture memory:  9.8 MB (7.2 MB streaming, 2.7 MB non-streaming), 24 textures
[2025.09.01-20.55.26:405][902]LogStaticLightingSystem: Shadowmap texture memory: 0.9 MB (0.9 MB streaming, 0.1 MB non-streaming), 11 textures
[2025.09.01-20.55.27:014][902]DumpUnbuiltLightIteractions
[2025.09.01-20.55.27:014][902]Lights with unbuilt interactions: 0
[2025.09.01-20.55.27:014][902]
[2025.09.01-20.55.27:014][902]Primitives with unbuilt interactions: 0
[2025.09.01-20.55.27:076][902]LogTexture: Display: Building textures: NewReflectionComponentTextureD6C57B644F03DADF4F2699848FAEA3C3 (BGRA8, 128X128)
[2025.09.01-20.55.27:086][902]LogTexture: Display: Building textures: NewReflectionComponentTexture8D91C9AE4C6B8D628CDA3C848426284A (BGRA8, 128X128)
[2025.09.01-20.55.27:120][903]Cmd: MAP CHECK NOTIFYRESULTS
[2025.09.01-20.55.27:120][903]MapCheck: New page: Leonardo - 1 de set de 2025 14:55:27
[2025.09.01-20.55.27:120][903]MapCheck: Warning: Cylinder_Blueprint Static mesh actor has NULL StaticMesh property 
[2025.09.01-20.55.27:120][903]MapCheck: Warning: Cylinder_Blueprint10 Static mesh actor has NULL StaticMesh property 
[2025.09.01-20.55.27:120][903]MapCheck: Warning: Cylinder_Blueprint11 Static mesh actor has NULL StaticMesh property 
[2025.09.01-20.55.27:120][903]MapCheck: Warning: Cylinder_Blueprint12 Static mesh actor has NULL StaticMesh property 
[2025.09.01-20.55.27:120][903]MapCheck: Warning: Cylinder_Blueprint13 Static mesh actor has NULL StaticMesh property 
[2025.09.01-20.55.27:120][903]MapCheck: Warning: Cylinder_Blueprint14 Static mesh actor has NULL StaticMesh property 
[2025.09.01-20.55.27:120][903]MapCheck: Warning: Cylinder_Blueprint15 Static mesh actor has NULL StaticMesh property 
[2025.09.01-20.55.27:120][903]MapCheck: Warning: Cylinder_Blueprint16 Static mesh actor has NULL StaticMesh property 
[2025.09.01-20.55.27:120][903]MapCheck: Warning: Cylinder_Blueprint17 Static mesh actor has NULL StaticMesh property 
[2025.09.01-20.55.27:120][903]MapCheck: Warning: Cylinder_Blueprint18 Static mesh actor has NULL StaticMesh property 
[2025.09.01-20.55.27:120][903]MapCheck: Warning: Cylinder_Blueprint19 Static mesh actor has NULL StaticMesh property 
[2025.09.01-20.55.27:120][903]MapCheck: Warning: Cylinder_Blueprint2 Static mesh actor has NULL StaticMesh property 
[2025.09.01-20.55.27:120][903]MapCheck: Warning: Cylinder_Blueprint20 Static mesh actor has NULL StaticMesh property 
[2025.09.01-20.55.27:120][903]MapCheck: Warning: Cylinder_Blueprint21 Static mesh actor has NULL StaticMesh property 
[2025.09.01-20.55.27:120][903]MapCheck: Warning: Cylinder_Blueprint22 Static mesh actor has NULL StaticMesh property 
[2025.09.01-20.55.27:120][903]MapCheck: Warning: Cylinder_Blueprint23 Static mesh actor has NULL StaticMesh property 
[2025.09.01-20.55.27:120][903]MapCheck: Warning: Cylinder_Blueprint24 Static mesh actor has NULL StaticMesh property 
[2025.09.01-20.55.27:121][903]MapCheck: Warning: Cylinder_Blueprint25 Static mesh actor has NULL StaticMesh property 
[2025.09.01-20.55.27:121][903]MapCheck: Warning: Cylinder_Blueprint26 Static mesh actor has NULL StaticMesh property 
[2025.09.01-20.55.27:121][903]MapCheck: Warning: Cylinder_Blueprint3 Static mesh actor has NULL StaticMesh property 
[2025.09.01-20.55.27:121][903]MapCheck: Warning: Cylinder_Blueprint4 Static mesh actor has NULL StaticMesh property 
[2025.09.01-20.55.27:121][903]MapCheck: Warning: Cylinder_Blueprint5 Static mesh actor has NULL StaticMesh property 
[2025.09.01-20.55.27:121][903]MapCheck: Warning: Cylinder_Blueprint6 Static mesh actor has NULL StaticMesh property 
[2025.09.01-20.55.27:121][903]MapCheck: Warning: Cylinder_Blueprint7 Static mesh actor has NULL StaticMesh property 
[2025.09.01-20.55.27:121][903]MapCheck: Warning: Cylinder_Blueprint8 Static mesh actor has NULL StaticMesh property 
[2025.09.01-20.55.27:121][903]MapCheck: Warning: Cylinder_Blueprint9 Static mesh actor has NULL StaticMesh property 
[2025.09.01-20.55.27:121][903]MapCheck: Map check complete: 0 Error(s), 26 Warning(s), took 1,122ms to complete.
[2025.09.01-20.55.32:451][480]LogSlate: Window 'Registro de Mensagem' being destroyed
[2025.09.01-20.55.32:454][480]LogSlate: Window 'Registro de Mensagem' being destroyed
[2025.09.01-20.56.01:148][918]LogEditorViewport: Clicking on Actor (LMB): StaticMeshActor (Floor)
[2025.09.01-20.56.05:806][460]MapCheck: New page: Verificação de Mapa
[2025.09.01-20.56.05:820][460]Cmd: MAP REBUILD ALLVISIBLE
[2025.09.01-20.56.05:820][460]LogEditorServer: Rebuildmap Clear paths rebuilt
[2025.09.01-20.56.05:822][460]LogWorld: UWorld::CleanupWorld for Leonardo, bSessionEnded=true, bCleanupResources=false
[2025.09.01-20.56.05:847][460]LogNavigationDataBuild: Display: UNavigationSystemV1::Build started...
[2025.09.01-20.56.05:847][460]LogNavigationDataBuild: Display:    Building navigation data using PHYSICS_INTERFACE_PHYSX.
[2025.09.01-20.56.05:847][460]LogNavigationDataBuild: Display:    Building navigation data using WITH_PHYSX.
[2025.09.01-20.56.05:868][460]LogUObjectHash: Compacting FUObjectHashTables data took   1.61ms
[2025.09.01-20.56.05:994][460]LogLevel: Display: Export Material TexCoord Scales took 0.125 seconds.
[2025.09.01-20.56.05:997][460]TextureStreamingBuild: Display: Build Texture Streaming took 0.003 seconds.
[2025.09.01-20.56.06:016][460]LogUObjectHash: Compacting FUObjectHashTables data took   0.45ms
[2025.09.01-20.56.06:017][460]LightingResults: New page: Compilação de Iluminação - 1 de set de 2025 14:56:06
[2025.09.01-20.56.06:021][460]LogSwarmInterface: [OpenConnection] Registering TCP channel ...
[2025.09.01-20.56.06:022][460]LogSwarmInterface: [OpenConnection] Connecting to agent ...
[2025.09.01-20.56.06:022][460]LogSwarmInterface: [TryOpenConnection] Testing the Agent
[2025.09.01-20.56.06:023][460]LogSwarmInterface: [TryOpenConnection] Opening Connection to Agent
[2025.09.01-20.56.06:023][460]LogSwarmInterface: [TryOpenConnection] Local Process ID is 4504
[2025.09.01-20.56.10:592][460]LightingResults: Warning: No importance volume found and the scene is so large that the automatically synthesized volume will not yield good results.  Please add a tightly bounding lightmass importance volume to optimize your scene's quality and lighting build times.
[2025.09.01-20.56.10:593][460]LogStaticLightingSystem: Running Lightmass w/ ImmediateImport mode ENABLED
[2025.09.01-20.56.10:593][460]LogStaticLightingSystem: Running Lightmass w/ ImmediateProcess mode ENABLED
[2025.09.01-20.56.10:593][460]LogStaticLightingSystem: Running Lightmass w/ Sorting mode ENABLED
[2025.09.01-20.56.10:593][460]LogStaticLightingSystem: Running Lightmass w/ Mapping paddings ENABLED
[2025.09.01-20.56.10:593][460]LogStaticLightingSystem: Running Lightmass w/ Mapping debug paddings DISABLED
[2025.09.01-20.56.10:696][460]Cmd: MAP CHECK DONTDISPLAYDIALOG
[2025.09.01-20.56.10:696][460]MapCheck: New page: Leonardo - 1 de set de 2025 14:56:10
[2025.09.01-20.56.10:696][460]MapCheck: Warning: Cylinder_Blueprint Static mesh actor has NULL StaticMesh property 
[2025.09.01-20.56.10:696][460]MapCheck: Warning: Cylinder_Blueprint10 Static mesh actor has NULL StaticMesh property 
[2025.09.01-20.56.10:696][460]MapCheck: Warning: Cylinder_Blueprint11 Static mesh actor has NULL StaticMesh property 
[2025.09.01-20.56.10:696][460]MapCheck: Warning: Cylinder_Blueprint12 Static mesh actor has NULL StaticMesh property 
[2025.09.01-20.56.10:696][460]MapCheck: Warning: Cylinder_Blueprint13 Static mesh actor has NULL StaticMesh property 
[2025.09.01-20.56.10:696][460]MapCheck: Warning: Cylinder_Blueprint14 Static mesh actor has NULL StaticMesh property 
[2025.09.01-20.56.10:696][460]MapCheck: Warning: Cylinder_Blueprint15 Static mesh actor has NULL StaticMesh property 
[2025.09.01-20.56.10:696][460]MapCheck: Warning: Cylinder_Blueprint16 Static mesh actor has NULL StaticMesh property 
[2025.09.01-20.56.10:696][460]MapCheck: Warning: Cylinder_Blueprint17 Static mesh actor has NULL StaticMesh property 
[2025.09.01-20.56.10:696][460]MapCheck: Warning: Cylinder_Blueprint18 Static mesh actor has NULL StaticMesh property 
[2025.09.01-20.56.10:696][460]MapCheck: Warning: Cylinder_Blueprint19 Static mesh actor has NULL StaticMesh property 
[2025.09.01-20.56.10:696][460]MapCheck: Warning: Cylinder_Blueprint2 Static mesh actor has NULL StaticMesh property 
[2025.09.01-20.56.10:696][460]MapCheck: Warning: Cylinder_Blueprint20 Static mesh actor has NULL StaticMesh property 
[2025.09.01-20.56.10:696][460]MapCheck: Warning: Cylinder_Blueprint21 Static mesh actor has NULL StaticMesh property 
[2025.09.01-20.56.10:696][460]MapCheck: Warning: Cylinder_Blueprint22 Static mesh actor has NULL StaticMesh property 
[2025.09.01-20.56.10:696][460]MapCheck: Warning: Cylinder_Blueprint23 Static mesh actor has NULL StaticMesh property 
[2025.09.01-20.56.10:696][460]MapCheck: Warning: Cylinder_Blueprint24 Static mesh actor has NULL StaticMesh property 
[2025.09.01-20.56.10:696][460]MapCheck: Warning: Cylinder_Blueprint25 Static mesh actor has NULL StaticMesh property 
[2025.09.01-20.56.10:696][460]MapCheck: Warning: Cylinder_Blueprint26 Static mesh actor has NULL StaticMesh property 
[2025.09.01-20.56.10:697][460]MapCheck: Warning: Cylinder_Blueprint3 Static mesh actor has NULL StaticMesh property 
[2025.09.01-20.56.10:697][460]MapCheck: Warning: Cylinder_Blueprint4 Static mesh actor has NULL StaticMesh property 
[2025.09.01-20.56.10:697][460]MapCheck: Warning: Cylinder_Blueprint5 Static mesh actor has NULL StaticMesh property 
[2025.09.01-20.56.10:697][460]MapCheck: Warning: Cylinder_Blueprint6 Static mesh actor has NULL StaticMesh property 
[2025.09.01-20.56.10:697][460]MapCheck: Warning: Cylinder_Blueprint7 Static mesh actor has NULL StaticMesh property 
[2025.09.01-20.56.10:697][460]MapCheck: Warning: Cylinder_Blueprint8 Static mesh actor has NULL StaticMesh property 
[2025.09.01-20.56.10:697][460]MapCheck: Warning: Cylinder_Blueprint9 Static mesh actor has NULL StaticMesh property 
[2025.09.01-20.56.10:697][460]MapCheck: Map check complete: 0 Error(s), 26 Warning(s), took 1,096ms to complete.
[2025.09.01-20.56.10:699][460]LogEditorBuildUtils: Build time 0:04
[2025.09.01-20.56.11:001][460]LogShaderCompilers: Display: === FShaderJobCache stats ===
[2025.09.01-20.56.11:001][460]LogShaderCompilers: Display: Total job queries 30, among them cache hits 0 (0.00%)
[2025.09.01-20.56.11:001][460]LogShaderCompilers: Display: Tracking 30 distinct input hashes that result in 16 distinct outputs (53.33%)
[2025.09.01-20.56.11:001][460]LogShaderCompilers: Display: RAM used: 0.04 MB (0.00 GB) of 819.20 MB (0.80 GB) budget. Usage: 0.00%
[2025.09.01-20.56.11:001][460]LogShaderCompilers: Display: ================================================
[2025.09.01-20.56.11:278][462]LogUObjectHash: Compacting FUObjectHashTables data took   3.03ms
[2025.09.01-20.56.15:722][832]Job is a success!
[2025.09.01-20.56.15:915][833]LogVolumetricLightmapImport: Imported Volumetric Lightmap in 0.097s
[2025.09.01-20.56.15:915][833]LogVolumetricLightmapImport:      Indirection Texture 32x32x32 = 0.1Mb
[2025.09.01-20.56.15:915][833]LogVolumetricLightmapImport:      BrickData (all levels) 3.8Mb (trimmed 0.3Mb due to 0.010000 MinBrickError)
[2025.09.01-20.56.15:915][833]LogVolumetricLightmapImport:      Bricks at depth
[2025.09.01-20.56.15:915][833]LogVolumetricLightmapImport:          0: 1.2% covering 100.0% of volume
[2025.09.01-20.56.15:915][833]LogVolumetricLightmapImport:          1: 7.5% covering 9.8% of volume
[2025.09.01-20.56.15:915][833]LogVolumetricLightmapImport:          2: 91.3% covering 1.9% of volume
[2025.09.01-20.56.15:915][833]LogVolumetricLightmapImport:      Bricks in each level
[2025.09.01-20.56.15:915][833]LogVolumetricLightmapImport:          Leonardo 			 667 bricks 	 100.0% (Persistent Level)
[2025.09.01-20.56.16:206][833]LogTexture: Display: Building textures: SkyOcclusion0_1 (OODLE_AutoDXT, 1024X512)
[2025.09.01-20.56.16:206][833]LogTexture: Display: Building textures: HQ_Lightmap0_1 (OODLE_AutoDXT, 1024X1024)
[2025.09.01-20.56.16:206][833]LogTextureFormatOodle: Display: non-RDO encode 1024 x 512 x 1 to format OODLE_AutoDXT (Oodle OodleTex_BC3) lambda=0 effort=20 
[2025.09.01-20.56.16:206][833]LogTextureFormatOodle: Display: non-RDO encode 1024 x 1024 x 1 to format OODLE_AutoDXT (Oodle OodleTex_BC3) lambda=0 effort=20 
[2025.09.01-20.56.16:206][833]LogTexture: Display: Building textures: LQ_Lightmap_0_1 (OODLE_DXT1, 1024X1024)
[2025.09.01-20.56.16:206][833]LogTextureFormatOodle: Display: non-RDO encode 1024 x 1024 x 1 to format OODLE_DXT1 (Oodle OodleTex_BC1_WithTransparency) lambda=0 effort=20 
[2025.09.01-20.56.16:206][833]LogTexture: Display: Building textures: SkyOcclusion0_2 (OODLE_AutoDXT, 1024X512)
[2025.09.01-20.56.16:206][833]LogTexture: Display: Building textures: HQ_Lightmap0_2 (OODLE_AutoDXT, 1024X1024)
[2025.09.01-20.56.16:206][833]LogTexture: Display: Building textures: LQ_Lightmap_0_2 (OODLE_DXT1, 1024X1024)
[2025.09.01-20.56.16:206][833]LogTexture: Display: Building textures: LQ_Lightmap_0_3 (OODLE_DXT1, 256X256)
[2025.09.01-20.56.16:206][833]LogTexture: Display: Building textures: SkyOcclusion0_3 (OODLE_AutoDXT, 256X128)
[2025.09.01-20.56.16:206][833]LogTexture: Display: Building textures: HQ_Lightmap0_3 (OODLE_AutoDXT, 256X256)
[2025.09.01-20.56.16:206][833]LogTextureFormatOodle: Display: non-RDO encode 1024 x 1024 x 1 to format OODLE_AutoDXT (Oodle OodleTex_BC3) lambda=0 effort=20 
[2025.09.01-20.56.16:206][833]LogTexture: Display: Building textures: HQ_Lightmap0_4 (OODLE_AutoDXT, 256X256)
[2025.09.01-20.56.16:206][833]LogTextureFormatOodle: Display: non-RDO encode 1024 x 512 x 1 to format OODLE_AutoDXT (Oodle OodleTex_BC3) lambda=0 effort=20 
[2025.09.01-20.56.16:206][833]LogTexture: Display: Building textures: SkyOcclusion0_4 (OODLE_AutoDXT, 256X128)
[2025.09.01-20.56.16:206][833]LogTexture: Display: Building textures: LQ_Lightmap_0_4 (OODLE_DXT1, 256X256)
[2025.09.01-20.56.16:206][833]LogTexture: Display: Building textures: SkyOcclusion0_5 (OODLE_AutoDXT, 1024X512)
[2025.09.01-20.56.16:206][833]LogTextureFormatOodle: Display: non-RDO encode 1024 x 1024 x 1 to format OODLE_DXT1 (Oodle OodleTex_BC1_WithTransparency) lambda=0 effort=20 
[2025.09.01-20.56.16:206][833]LogTexture: Display: Building textures: HQ_Lightmap0_5 (OODLE_AutoDXT, 1024X1024)
[2025.09.01-20.56.16:206][833]LogTexture: Display: Building textures: LQ_Lightmap_0_5 (OODLE_DXT1, 1024X1024)
[2025.09.01-20.56.16:206][833]LogTexture: Display: Building textures: SkyOcclusion0_6 (OODLE_AutoDXT, 256X128)
[2025.09.01-20.56.16:206][833]LogTexture: Display: Building textures: HQ_Lightmap0_6 (OODLE_AutoDXT, 256X256)
[2025.09.01-20.56.16:206][833]LogTextureFormatOodle: Display: non-RDO encode 1024 x 512 x 1 to format OODLE_AutoDXT (Oodle OodleTex_BC3) lambda=0 effort=20 
[2025.09.01-20.56.16:206][833]LogTexture: Display: Building textures: LQ_Lightmap_0_6 (OODLE_DXT1, 256X256)
[2025.09.01-20.56.16:206][833]LogTexture: Display: Building textures: SkyOcclusion0_7 (OODLE_AutoDXT, 256X128)
[2025.09.01-20.56.16:206][833]LogTexture: Display: Building textures: HQ_Lightmap0_7 (OODLE_AutoDXT, 256X256)
[2025.09.01-20.56.16:206][833]LogTexture: Display: Building textures: LQ_Lightmap_0_7 (OODLE_DXT1, 256X256)
[2025.09.01-20.56.16:206][833]LogTextureFormatOodle: Display: non-RDO encode 1024 x 1024 x 1 to format OODLE_DXT1 (Oodle OodleTex_BC1_WithTransparency) lambda=0 effort=20 
[2025.09.01-20.56.16:206][833]LogTexture: Display: Building textures: SkyOcclusion0_8 (OODLE_AutoDXT, 512X256)
[2025.09.01-20.56.16:206][833]LogTexture: Display: Building textures: HQ_Lightmap0_8 (OODLE_AutoDXT, 512X512)
[2025.09.01-20.56.16:206][833]LogTexture: Display: Building textures: LQ_Lightmap_0_8 (OODLE_DXT1, 512X512)
[2025.09.01-20.56.16:206][833]LogTexture: Display: Building textures: SkyOcclusion1_9 (OODLE_AutoDXT, 256X128)
[2025.09.01-20.56.16:206][833]LogTextureFormatOodle: Display: non-RDO encode 1024 x 1024 x 1 to format OODLE_AutoDXT (Oodle OodleTex_BC3) lambda=0 effort=20 
[2025.09.01-20.56.16:206][833]LogTexture: Display: Building textures: HQ_Lightmap1_9 (OODLE_AutoDXT, 256X256)
[2025.09.01-20.56.16:206][833]LogTexture: Display: Building textures: LQ_Lightmap_1_9 (OODLE_DXT1, 256X256)
[2025.09.01-20.56.16:206][833]LogTexture: Display: Building textures: SkyOcclusion1_10 (OODLE_AutoDXT, 256X128)
[2025.09.01-20.56.16:206][833]LogTexture: Display: Building textures: HQ_Lightmap1_10 (OODLE_AutoDXT, 256X256)
[2025.09.01-20.56.16:206][833]LogTexture: Display: Building textures: LQ_Lightmap_1_10 (OODLE_DXT1, 256X256)
[2025.09.01-20.56.16:206][833]LogTexture: Display: Building textures: SkyOcclusion1_11 (OODLE_AutoDXT, 256X128)
[2025.09.01-20.56.16:206][833]LogTexture: Display: Building textures: LQ_Lightmap_1_11 (OODLE_DXT1, 256X256)
[2025.09.01-20.56.16:206][833]LogTexture: Display: Building textures: HQ_Lightmap1_11 (OODLE_AutoDXT, 256X256)
[2025.09.01-20.56.16:206][833]LogTexture: Display: Building textures: SkyOcclusion1_12 (OODLE_AutoDXT, 64X32)
[2025.09.01-20.56.16:206][833]LogTexture: Display: Building textures: HQ_Lightmap1_12 (OODLE_AutoDXT, 64X64)
[2025.09.01-20.56.16:206][833]LogTexture: Display: Building textures: LQ_Lightmap_1_12 (OODLE_DXT1, 64X64)
[2025.09.01-20.56.16:369][833]LogTexture: Display: Building textures: ShadowMapTexture2D_34 (G8, 128X128)
[2025.09.01-20.56.16:369][833]LogTexture: Display: Building textures: ShadowMapTexture2D_36 (G8, 128X128)
[2025.09.01-20.56.16:369][833]LogTexture: Display: Building textures: ShadowMapTexture2D_42 (G8, 32X32)
[2025.09.01-20.56.16:369][833]LogTexture: Display: Building textures: ShadowMapTexture2D_39 (G8, 128X128)
[2025.09.01-20.56.16:369][833]LogTexture: Display: Building textures: ShadowMapTexture2D_37 (G8, 128X128)
[2025.09.01-20.56.16:369][833]LogTexture: Display: Building textures: ShadowMapTexture2D_41 (G8, 128X128)
[2025.09.01-20.56.16:369][833]LogTexture: Display: Building textures: ShadowMapTexture2D_40 (G8, 128X128)
[2025.09.01-20.56.16:369][833]LogTexture: Display: Building textures: ShadowMapTexture2D_35 (G8, 128X128)
[2025.09.01-20.56.16:369][833]LogTexture: Display: Building textures: ShadowMapTexture2D_38 (G8, 256X128)
[2025.09.01-20.56.16:369][833]LogTexture: Display: Building textures: ShadowMapTexture2D_33 (G8, 128X512)
[2025.09.01-20.56.16:369][833]LogTexture: Display: Building textures: ShadowMapTexture2D_32 (G8, 1024X512)
[2025.09.01-20.56.16:369][833]LogStaticLightingSystem: Leonardo_BuiltData storing lightmap data for 72 meshes in 16 LightmapResourceClusters (4.5 Meshes per cluster).
[2025.09.01-20.56.16:397][833]Lightmass on SGS1-D08: 4.83 sec total, 101 ms importing, 11 ms setup, 1.04 sec photons, 3.56 sec processing, 0 ms extra exporting [111/111 mappings]. Threads: 39.1 sec total, 12.4 sec processing.
[2025.09.01-20.56.16:402][833]LogUObjectHash: Compacting FUObjectHashTables data took   2.46ms
[2025.09.01-20.56.16:433][833]LogStaticLightingSystem: Illumination: 10.3 sec (227 ms encoding lightmaps, 131 ms encoding shadowmaps)
[2025.09.01-20.56.16:433][833]LogStaticLightingSystem: Lightmap texture memory:  9.8 MB (7.2 MB streaming, 2.7 MB non-streaming), 24 textures
[2025.09.01-20.56.16:433][833]LogStaticLightingSystem: Shadowmap texture memory: 0.9 MB (0.9 MB streaming, 0.1 MB non-streaming), 11 textures
[2025.09.01-20.56.16:601][833]DumpUnbuiltLightIteractions
[2025.09.01-20.56.16:601][833]Lights with unbuilt interactions: 0
[2025.09.01-20.56.16:601][833]
[2025.09.01-20.56.16:601][833]Primitives with unbuilt interactions: 0
[2025.09.01-20.56.16:669][833]LogTexture: Display: Building textures: NewReflectionComponentTextureD6C57B644F03DADF4F2699848FAEA3C3 (BGRA8, 128X128)
[2025.09.01-20.56.16:679][833]LogTexture: Display: Building textures: NewReflectionComponentTexture8D91C9AE4C6B8D628CDA3C848426284A (BGRA8, 128X128)
[2025.09.01-20.56.16:710][834]Cmd: MAP CHECK NOTIFYRESULTS
[2025.09.01-20.56.16:710][834]MapCheck: New page: Leonardo - 1 de set de 2025 14:56:16
[2025.09.01-20.56.16:710][834]MapCheck: Warning: Cylinder_Blueprint Static mesh actor has NULL StaticMesh property 
[2025.09.01-20.56.16:710][834]MapCheck: Warning: Cylinder_Blueprint10 Static mesh actor has NULL StaticMesh property 
[2025.09.01-20.56.16:710][834]MapCheck: Warning: Cylinder_Blueprint11 Static mesh actor has NULL StaticMesh property 
[2025.09.01-20.56.16:710][834]MapCheck: Warning: Cylinder_Blueprint12 Static mesh actor has NULL StaticMesh property 
[2025.09.01-20.56.16:710][834]MapCheck: Warning: Cylinder_Blueprint13 Static mesh actor has NULL StaticMesh property 
[2025.09.01-20.56.16:710][834]MapCheck: Warning: Cylinder_Blueprint14 Static mesh actor has NULL StaticMesh property 
[2025.09.01-20.56.16:710][834]MapCheck: Warning: Cylinder_Blueprint15 Static mesh actor has NULL StaticMesh property 
[2025.09.01-20.56.16:710][834]MapCheck: Warning: Cylinder_Blueprint16 Static mesh actor has NULL StaticMesh property 
[2025.09.01-20.56.16:710][834]MapCheck: Warning: Cylinder_Blueprint17 Static mesh actor has NULL StaticMesh property 
[2025.09.01-20.56.16:710][834]MapCheck: Warning: Cylinder_Blueprint18 Static mesh actor has NULL StaticMesh property 
[2025.09.01-20.56.16:710][834]MapCheck: Warning: Cylinder_Blueprint19 Static mesh actor has NULL StaticMesh property 
[2025.09.01-20.56.16:710][834]MapCheck: Warning: Cylinder_Blueprint2 Static mesh actor has NULL StaticMesh property 
[2025.09.01-20.56.16:710][834]MapCheck: Warning: Cylinder_Blueprint20 Static mesh actor has NULL StaticMesh property 
[2025.09.01-20.56.16:710][834]MapCheck: Warning: Cylinder_Blueprint21 Static mesh actor has NULL StaticMesh property 
[2025.09.01-20.56.16:711][834]MapCheck: Warning: Cylinder_Blueprint22 Static mesh actor has NULL StaticMesh property 
[2025.09.01-20.56.16:711][834]MapCheck: Warning: Cylinder_Blueprint23 Static mesh actor has NULL StaticMesh property 
[2025.09.01-20.56.16:711][834]MapCheck: Warning: Cylinder_Blueprint24 Static mesh actor has NULL StaticMesh property 
[2025.09.01-20.56.16:711][834]MapCheck: Warning: Cylinder_Blueprint25 Static mesh actor has NULL StaticMesh property 
[2025.09.01-20.56.16:711][834]MapCheck: Warning: Cylinder_Blueprint26 Static mesh actor has NULL StaticMesh property 
[2025.09.01-20.56.16:711][834]MapCheck: Warning: Cylinder_Blueprint3 Static mesh actor has NULL StaticMesh property 
[2025.09.01-20.56.16:711][834]MapCheck: Warning: Cylinder_Blueprint4 Static mesh actor has NULL StaticMesh property 
[2025.09.01-20.56.16:711][834]MapCheck: Warning: Cylinder_Blueprint5 Static mesh actor has NULL StaticMesh property 
[2025.09.01-20.56.16:711][834]MapCheck: Warning: Cylinder_Blueprint6 Static mesh actor has NULL StaticMesh property 
[2025.09.01-20.56.16:711][834]MapCheck: Warning: Cylinder_Blueprint7 Static mesh actor has NULL StaticMesh property 
[2025.09.01-20.56.16:711][834]MapCheck: Warning: Cylinder_Blueprint8 Static mesh actor has NULL StaticMesh property 
[2025.09.01-20.56.16:711][834]MapCheck: Warning: Cylinder_Blueprint9 Static mesh actor has NULL StaticMesh property 
[2025.09.01-20.56.16:711][834]MapCheck: Map check complete: 0 Error(s), 26 Warning(s), took 1,12ms to complete.
[2025.09.01-20.56.55:805][460]LogSlate: Window 'Registro de Mensagem' being destroyed
[2025.09.01-20.56.55:809][460]LogSlate: Window 'Registro de Mensagem' being destroyed
[2025.09.01-20.57.01:824][181]LogEditorViewport: Clicking on Actor (LMB): StaticMeshActor (Floor12)
[2025.09.01-20.57.11:402][314]LogEditorViewport: Clicking on Actor (LMB): StaticMeshActor (Floor)
[2025.09.01-20.57.20:966][416]LogTemp: Repeating last play command: Selected Viewport
[2025.09.01-20.57.20:971][416]LogPlayLevel: PlayLevel: No blueprints needed recompiling
[2025.09.01-20.57.20:971][416]PIE: New page: Sessão de PIE : Leonardo (1 de set de 2025 14:57:20)
[2025.09.01-20.57.20:972][416]LogOnline: OSS: Creating online subsystem instance for: NULL
[2025.09.01-20.57.20:973][416]LogOnline: OSS: TryLoadSubsystemAndSetDefault: Loaded subsystem for module [NULL]
[2025.09.01-20.57.20:973][416]LogPlayLevel: Creating play world package: /Game/Cenas/UEDPIE_0_Leonardo
[2025.09.01-20.57.20:984][416]LogPlayLevel: PIE: StaticDuplicateObject took: (0.010926s)
[2025.09.01-20.57.20:985][416]LogAIModule: Creating AISystem for world Leonardo
[2025.09.01-20.57.20:985][416]LogPlayLevel: PIE: World Init took: (0.000941s)
[2025.09.01-20.57.20:985][416]LogPlayLevel: PIE: Created PIE world by copying editor world from /Game/Cenas/Leonardo.Leonardo to /Game/Cenas/UEDPIE_0_Leonardo.Leonardo (0.012011s)
[2025.09.01-20.57.21:011][416]LogUObjectHash: Compacting FUObjectHashTables data took   2.39ms
[2025.09.01-20.57.21:011][416]LogAudio: Display: Creating Audio Device:                 Id: 2, Scope: Unique, Realtime: True
[2025.09.01-20.57.21:011][416]LogAudioMixer: Display: Audio Mixer Platform Settings:
[2025.09.01-20.57.21:011][416]LogAudioMixer: Display: 	Sample Rate:						  48000
[2025.09.01-20.57.21:011][416]LogAudioMixer: Display: 	Callback Buffer Frame Size Requested: 1024
[2025.09.01-20.57.21:011][416]LogAudioMixer: Display: 	Callback Buffer Frame Size To Use:	  1024
[2025.09.01-20.57.21:011][416]LogAudioMixer: Display: 	Number of buffers to queue:			  2
[2025.09.01-20.57.21:011][416]LogAudioMixer: Display: 	Max Channels (voices):				  32
[2025.09.01-20.57.21:011][416]LogAudioMixer: Display: 	Number of Async Source Workers:		  0
[2025.09.01-20.57.21:011][416]LogAudio: Display: AudioDevice MaxSources: 32
[2025.09.01-20.57.21:012][416]LogAudio: Display: Audio Spatialization Plugin: None (built-in).
[2025.09.01-20.57.21:012][416]LogAudio: Display: Audio Reverb Plugin: None (built-in).
[2025.09.01-20.57.21:012][416]LogAudio: Display: Audio Occlusion Plugin: None (built-in).
[2025.09.01-20.57.21:012][416]LogAudioMixer: Display: Initializing audio mixer.
[2025.09.01-20.57.21:015][416]LogAudioMixer: Display: 0: FrontLeft
[2025.09.01-20.57.21:015][416]LogAudioMixer: Display: 1: FrontRight
[2025.09.01-20.57.21:023][416]LogAudioMixer: Display: Using Audio Device 22B1WG5 (NVIDIA High Definition Audio)
[2025.09.01-20.57.21:023][416]LogAudioMixer: Display: Initializing Sound Submixes...
[2025.09.01-20.57.21:023][416]LogAudioMixer: Display: Creating Master Submix 'MasterSubmixDefault'
[2025.09.01-20.57.21:023][416]LogAudioMixer: Display: Creating Master Submix 'MasterReverbSubmixDefault'
[2025.09.01-20.57.21:023][416]LogAudioMixer: Display: Creating Master Submix 'MasterEQSubmixDefault'
[2025.09.01-20.57.21:023][416]LogAudioMixer: FMixerPlatformXAudio2::StartAudioStream() called
[2025.09.01-20.57.21:023][416]LogAudioMixer: Display: Output buffers initialized: Frames=1024, Channels=2, Samples=2048
[2025.09.01-20.57.21:024][416]LogAudioMixer: Display: Starting AudioMixerPlatformInterface::RunInternal()
[2025.09.01-20.57.21:024][416]LogAudioMixer: Display: FMixerPlatformXAudio2::SubmitBuffer() called for the first time
[2025.09.01-20.57.21:024][416]LogInit: FAudioDevice initialized.
[2025.09.01-20.57.21:024][416]LogAudio: Display: Audio Device (ID: 2) registered with world 'Leonardo'.
[2025.09.01-20.57.21:035][416]LogLoad: Game class is 'Game_C'
[2025.09.01-20.57.21:037][416]LogWorld: Bringing World /Game/Cenas/UEDPIE_0_Leonardo.Leonardo up for play (max tick rate 0) at 2025.09.01-17.57.21
[2025.09.01-20.57.21:038][416]LogWorld: Bringing up level for play took: 0.002095
[2025.09.01-20.57.21:038][416]LogOnline: OSS: Creating online subsystem instance for: :Context_9
[2025.09.01-20.57.21:040][416]LogNativeClassHierarchy: Verbose: Native class hierarchy updated for 'MovieSceneCapture' in 0.0003 seconds. Added 20 classes and 0 folders.
[2025.09.01-20.57.21:041][416]PIE: Servidor conectado
[2025.09.01-20.57.21:042][416]PIE: Play in editor total start time 0,072 seconds.
[2025.09.01-20.57.46:990][466]LogSlate: Updating window title bar state: overlay mode, drag disabled, window buttons hidden, title bar hidden
[2025.09.01-20.57.46:990][466]LogWorld: BeginTearingDown for /Game/Cenas/UEDPIE_0_Leonardo
[2025.09.01-20.57.46:990][466]LogWorld: UWorld::CleanupWorld for Leonardo, bSessionEnded=true, bCleanupResources=true
[2025.09.01-20.57.46:991][466]LogSlate: InvalidateAllWidgets triggered.  All widgets were invalidated
[2025.09.01-20.57.47:000][466]LogPlayLevel: Display: Shutting down PIE online subsystems
[2025.09.01-20.57.47:020][466]LogSlate: InvalidateAllWidgets triggered.  All widgets were invalidated
[2025.09.01-20.57.47:048][466]LogAudio: Display: Audio Device unregistered from world 'None'.
[2025.09.01-20.57.47:049][466]LogAudioMixer: FMixerPlatformXAudio2::StopAudioStream() called
[2025.09.01-20.57.47:050][466]LogAudioMixer: FMixerPlatformXAudio2::StopAudioStream() called
[2025.09.01-20.57.47:051][466]LogSlate: Updating window title bar state: overlay mode, drag disabled, window buttons hidden, title bar hidden
[2025.09.01-20.57.47:087][466]LogUObjectHash: Compacting FUObjectHashTables data took   3.84ms
[2025.09.01-20.57.47:110][467]LogPlayLevel: Display: Destroying online subsystem :Context_9
[2025.09.01-20.58.55:806][104]LogUObjectHash: Compacting FUObjectHashTables data took   3.00ms
[2025.09.01-20.58.59:340][104]LogSlate: Window 'Salvar Conteúdo' being destroyed
[2025.09.01-20.58.59:362][104]Cmd: OBJ SAVEPACKAGE PACKAGE="/Game/Cenas/Leonardo" FILE="../../../../../../Users/leonardo.medeiros/Documents/TCC/Sorry/Content/Cenas/Leonardo.umap" SILENT=true AUTOSAVING=false KEEPDIRTY=false
[2025.09.01-20.58.59:385][104]LogUObjectHash: Compacting FUObjectHashTables data took   0.54ms
[2025.09.01-20.58.59:413][104]LogSavePackage: Moving '../../../../../../Users/leonardo.medeiros/Documents/TCC/Sorry/Saved/Leonardo5D527F8B4AF3334D906B1E806BDAEDF0.tmp' to '../../../../../../Users/leonardo.medeiros/Documents/TCC/Sorry/Content/Cenas/Leonardo.umap'
[2025.09.01-20.58.59:424][104]LogFileHelpers: Saving map 'Leonardo' took 0.062
[2025.09.01-20.58.59:424][104]Cmd: OBJ SAVEPACKAGE PACKAGE="/Game/Cenas/Leonardo_BuiltData" FILE="../../../../../../Users/leonardo.medeiros/Documents/TCC/Sorry/Content/Cenas/Leonardo_BuiltData.uasset" SILENT=true
[2025.09.01-20.58.59:576][104]LogSavePackage: Moving '../../../../../../Users/leonardo.medeiros/Documents/TCC/Sorry/Saved/Leonardo_BuiltDataEDACCE094EA53FB4FA6DE89B1C7F1987.tmp' to '../../../../../../Users/leonardo.medeiros/Documents/TCC/Sorry/Content/Cenas/Leonardo_BuiltData.uasset'
[2025.09.01-20.58.59:592][104]LogWorld: UWorld::CleanupWorld for World_3, bSessionEnded=true, bCleanupResources=true
[2025.09.01-20.58.59:592][104]LogSlate: InvalidateAllWidgets triggered.  All widgets were invalidated
[2025.09.01-20.58.59:628][104]LogSlate: Window 'Cylinder_Blueprint' being destroyed
[2025.09.01-20.58.59:635][104]LogActorComponent: UnregisterComponent: (/Engine/Transient.EditorFloorComp) Not registered. Aborting.
[2025.09.01-20.58.59:635][104]LogWorld: UWorld::CleanupWorld for World_7, bSessionEnded=true, bCleanupResources=true
[2025.09.01-20.58.59:635][104]LogSlate: InvalidateAllWidgets triggered.  All widgets were invalidated
[2025.09.01-20.58.59:697][104]LogSlate: Window 'Sorry - Unreal Editor' being destroyed
[2025.09.01-20.58.59:793][104]AssetCheck: New page: Asset Save: multiple assets
[2025.09.01-20.58.59:793][104]LogContentValidation: Display: Validating MapBuildDataRegistry /Game/Cenas/Leonardo_BuiltData.Leonardo_BuiltData
[2025.09.01-20.58.59:793][104]LogContentValidation: Display: Validating World /Game/Cenas/Leonardo.Leonardo
[2025.09.01-20.58.59:800][105]Cmd: QUIT_EDITOR
[2025.09.01-20.58.59:800][105]LogCore: Engine exit requested (reason: UUnrealEdEngine::CloseEditor())
[2025.09.01-20.58.59:802][105]LogCore: Engine exit requested (reason: EngineExit() was called; note: exit was already requested)
[2025.09.01-20.58.59:873][105]LogAudio: Display: Beginning Audio Device Manager Shutdown (Module: AudioMixerXAudio2)...
[2025.09.01-20.58.59:873][105]LogAudio: Display: Destroying 1 Remaining Audio Device(s)...
[2025.09.01-20.58.59:873][105]LogAudio: Display: Audio Device unregistered from world 'Leonardo'.
[2025.09.01-20.58.59:873][105]LogAudioMixer: FMixerPlatformXAudio2::StopAudioStream() called
[2025.09.01-20.58.59:874][105]LogAudioMixer: FMixerPlatformXAudio2::StopAudioStream() called
[2025.09.01-20.58.59:880][105]LogAudio: Display: Audio Device Manager Shutdown
[2025.09.01-20.58.59:882][105]LogExit: Preparing to exit.
[2025.09.01-20.59.00:903][105]LogUObjectHash: Compacting FUObjectHashTables data took   3.11ms
[2025.09.01-20.59.01:090][105]LogWorld: UWorld::CleanupWorld for World_5, bSessionEnded=true, bCleanupResources=true
[2025.09.01-20.59.01:092][105]LogWorld: UWorld::CleanupWorld for World_4, bSessionEnded=true, bCleanupResources=true
[2025.09.01-20.59.01:094][105]LogWorld: UWorld::CleanupWorld for World_6, bSessionEnded=true, bCleanupResources=true
[2025.09.01-20.59.01:097][105]LogWorld: UWorld::CleanupWorld for World_1, bSessionEnded=true, bCleanupResources=true
[2025.09.01-20.59.01:099][105]LogWorld: UWorld::CleanupWorld for World_0, bSessionEnded=true, bCleanupResources=true
[2025.09.01-20.59.01:106][105]LogDirectoryWatcher: Display: A directory notification failed, and we were unable to create a new request. GetLastError code [6] Handle [FFFFFFFFFFFFFFFF], Path [C:/Users/leonardo.medeiros/Documents/TCC/Sorry/Content/] 
[2025.09.01-20.59.01:139][105]LogDemo: Cleaned up 0 splitscreen connections with owner deletion
[2025.09.01-20.59.01:144][105]LogWorld: UWorld::CleanupWorld for None, bSessionEnded=true, bCleanupResources=true
[2025.09.01-20.59.01:145][105]LogExit: Editor shut down
[2025.09.01-20.59.01:147][105]LogExit: Transaction tracking system shut down
[2025.09.01-20.59.01:354][105]LogExit: Object subsystem successfully closed.
[2025.09.01-20.59.01:370][105]LogShaderCompilers: Display: === FShaderJobCache stats ===
[2025.09.01-20.59.01:370][105]LogShaderCompilers: Display: Total job queries 30, among them cache hits 0 (0.00%)
[2025.09.01-20.59.01:370][105]LogShaderCompilers: Display: Tracking 30 distinct input hashes that result in 16 distinct outputs (53.33%)
[2025.09.01-20.59.01:370][105]LogShaderCompilers: Display: RAM used: 0.04 MB (0.00 GB) of 819.20 MB (0.80 GB) budget. Usage: 0.00%
[2025.09.01-20.59.01:370][105]LogShaderCompilers: Display: ================================================
[2025.09.01-20.59.01:382][105]LogShaderCompilers: Display: Shaders left to compile 0
[2025.09.01-20.59.01:412][105]LogModuleManager: Shutting down and abandoning module MovieSceneCapture (878)
[2025.09.01-20.59.01:412][105]LogModuleManager: Shutting down and abandoning module Voice (876)
[2025.09.01-20.59.01:412][105]LogModuleManager: Shutting down and abandoning module HierarchicalLODUtilities (874)
[2025.09.01-20.59.01:412][105]LogModuleManager: Shutting down and abandoning module BlueprintGraph (872)
[2025.09.01-20.59.01:412][105]LogModuleManager: Shutting down and abandoning module HierarchicalLODOutliner (870)
[2025.09.01-20.59.01:412][105]LogModuleManager: Shutting down and abandoning module SceneOutliner (868)
[2025.09.01-20.59.01:412][105]LogModuleManager: Shutting down and abandoning module AddContentDialog (866)
[2025.09.01-20.59.01:412][105]LogModuleManager: Shutting down and abandoning module WidgetCarousel (865)
[2025.09.01-20.59.01:412][105]LogModuleManager: Shutting down and abandoning module EditorWidgets (862)
[2025.09.01-20.59.01:412][105]LogModuleManager: Shutting down and abandoning module StatsViewer (860)
[2025.09.01-20.59.01:412][105]LogModuleManager: Shutting down and abandoning module PIEPreviewDeviceProfileSelector (858)
[2025.09.01-20.59.01:412][105]LogModuleManager: Shutting down and abandoning module SequenceRecorderSections (856)
[2025.09.01-20.59.01:412][105]LogModuleManager: Shutting down and abandoning module AutomationWorker (854)
[2025.09.01-20.59.01:413][105]LogModuleManager: Shutting down and abandoning module SteamVREditor (852)
[2025.09.01-20.59.01:413][105]LogModuleManager: Shutting down and abandoning module OculusMR (850)
[2025.09.01-20.59.01:413][105]LogModuleManager: Shutting down and abandoning module TakeRecorderSources (848)
[2025.09.01-20.59.01:413][105]LogModuleManager: Shutting down and abandoning module TakeRecorder (847)
[2025.09.01-20.59.01:413][105]LogModuleManager: Shutting down and abandoning module TakeTrackRecorders (844)
[2025.09.01-20.59.01:413][105]LogModuleManager: Shutting down and abandoning module TakesCore (842)
[2025.09.01-20.59.01:413][105]LogModuleManager: Shutting down and abandoning module OpenXRInput (840)
[2025.09.01-20.59.01:413][105]LogModuleManager: Shutting down and abandoning module GooglePADEditor (838)
[2025.09.01-20.59.01:413][105]LogModuleManager: Shutting down and abandoning module AudioCaptureEditor (836)
[2025.09.01-20.59.01:413][105]LogModuleManager: Shutting down and abandoning module TemplateSequenceEditor (834)
[2025.09.01-20.59.01:413][105]LogModuleManager: Shutting down and abandoning module MatineeToLevelSequence (832)
[2025.09.01-20.59.01:413][105]LogModuleManager: Shutting down and abandoning module LevelSequenceEditor (830)
[2025.09.01-20.59.01:413][105]LogModuleManager: Shutting down and abandoning module ActorSequenceEditor (828)
[2025.09.01-20.59.01:413][105]LogModuleManager: Shutting down and abandoning module MagicLeapMediaCodecFactory (826)
[2025.09.01-20.59.01:413][105]LogModuleManager: Shutting down and abandoning module MagicLeapMediaFactory (824)
[2025.09.01-20.59.01:413][105]LogModuleManager: Shutting down and abandoning module MagicLeapMediaEditor (822)
[2025.09.01-20.59.01:413][105]LogModuleManager: Shutting down and abandoning module WmfMediaFactory (820)
[2025.09.01-20.59.01:413][105]LogModuleManager: Shutting down and abandoning module WmfMediaEditor (818)
[2025.09.01-20.59.01:413][105]LogModuleManager: Shutting down and abandoning module WebMMediaFactory (816)
[2025.09.01-20.59.01:413][105]LogModuleManager: Shutting down and abandoning module WebMMediaEditor (814)
[2025.09.01-20.59.01:413][105]LogModuleManager: Shutting down and abandoning module WebMMedia (812)
[2025.09.01-20.59.01:413][105]LogModuleManager: Shutting down and abandoning module MediaCompositingEditor (810)
[2025.09.01-20.59.01:413][105]LogModuleManager: Shutting down and abandoning module SequenceRecorder (809)
[2025.09.01-20.59.01:413][105]LogModuleManager: Shutting down and abandoning module MediaPlayerEditor (806)
[2025.09.01-20.59.01:413][105]LogModuleManager: Shutting down and abandoning module OpenExrWrapper (804)
[2025.09.01-20.59.01:413][105]LogModuleManager: Shutting down and abandoning module ImgMediaFactory (802)
[2025.09.01-20.59.01:413][105]LogModuleManager: Shutting down and abandoning module ImgMediaEditor (800)
[2025.09.01-20.59.01:413][105]LogModuleManager: Shutting down and abandoning module AvfMediaFactory (798)
[2025.09.01-20.59.01:413][105]LogModuleManager: Shutting down and abandoning module AvfMediaEditor (796)
[2025.09.01-20.59.01:413][105]LogModuleManager: Shutting down and abandoning module AndroidMediaFactory (794)
[2025.09.01-20.59.01:413][105]LogModuleManager: Shutting down and abandoning module AndroidMediaEditor (792)
[2025.09.01-20.59.01:413][105]LogModuleManager: Shutting down and abandoning module PlanarCut (790)
[2025.09.01-20.59.01:413][105]LogModuleManager: Shutting down and abandoning module CharacterAI (788)
[2025.09.01-20.59.01:413][105]LogModuleManager: Shutting down and abandoning module TextureAlignMode (786)
[2025.09.01-20.59.01:413][105]LogModuleManager: Shutting down and abandoning module BspMode (784)
[2025.09.01-20.59.01:413][105]LogModuleManager: Shutting down and abandoning module GeometryMode (782)
[2025.09.01-20.59.01:413][105]LogModuleManager: Shutting down and abandoning module CameraShakePreviewer (780)
[2025.09.01-20.59.01:413][105]LogModuleManager: Shutting down and abandoning module SmartSnapping (778)
[2025.09.01-20.59.01:413][105]LogModuleManager: Shutting down and abandoning module SessionServices (776)
[2025.09.01-20.59.01:413][105]LogModuleManager: Shutting down and abandoning module MeshPaint (774)
[2025.09.01-20.59.01:413][105]LogModuleManager: Shutting down and abandoning module VirtualTexturingEditor (772)
[2025.09.01-20.59.01:413][105]LogModuleManager: Shutting down and abandoning module FoliageEdit (770)
[2025.09.01-20.59.01:413][105]LogModuleManager: Shutting down and abandoning module LandscapeEditor (768)
[2025.09.01-20.59.01:414][105]LogModuleManager: Shutting down and abandoning module MeshPaintMode (766)
[2025.09.01-20.59.01:414][105]LogModuleManager: Shutting down and abandoning module SceneDepthPickerMode (764)
[2025.09.01-20.59.01:414][105]LogModuleManager: Shutting down and abandoning module ActorPickerMode (762)
[2025.09.01-20.59.01:414][105]LogModuleManager: Shutting down and abandoning module PlacementMode (760)
[2025.09.01-20.59.01:414][105]LogModuleManager: Shutting down and abandoning module ViewportSnapping (758)
[2025.09.01-20.59.01:414][105]LogModuleManager: Shutting down and abandoning module ViewportInteraction (756)
[2025.09.01-20.59.01:414][105]LogModuleManager: Shutting down and abandoning module ClothPainter (754)
[2025.09.01-20.59.01:414][105]LogModuleManager: Shutting down and abandoning module SkeletalMeshEditor (753)
[2025.09.01-20.59.01:414][105]LogModuleManager: Shutting down and abandoning module LogVisualizer (750)
[2025.09.01-20.59.01:414][105]LogModuleManager: Shutting down and abandoning module IntroTutorials (748)
[2025.09.01-20.59.01:414][105]LogModuleManager: Shutting down and abandoning module GameProjectGeneration (747)
[2025.09.01-20.59.01:414][105]LogModuleManager: Shutting down and abandoning module LuminPlatformEditor (744)
[2025.09.01-20.59.01:414][105]LogModuleManager: Shutting down and abandoning module IOSPlatformEditor (742)
[2025.09.01-20.59.01:414][105]LogModuleManager: Shutting down and abandoning module AndroidPlatformEditor (740)
[2025.09.01-20.59.01:414][105]LogModuleManager: Shutting down and abandoning module AndroidDeviceDetection (739)
[2025.09.01-20.59.01:885][105]LogModuleManager: Shutting down and abandoning module WindowsPlatformEditor (736)
[2025.09.01-20.59.01:885][105]LogModuleManager: Shutting down and abandoning module LuminRuntimeSettings (734)
[2025.09.01-20.59.01:885][105]LogModuleManager: Shutting down and abandoning module IOSRuntimeSettings (732)
[2025.09.01-20.59.01:885][105]LogModuleManager: Shutting down and abandoning module AndroidRuntimeSettings (730)
[2025.09.01-20.59.01:885][105]LogModuleManager: Shutting down and abandoning module TraceInsights (728)
[2025.09.01-20.59.01:885][105]MemoryProfiler: Shutdown
[2025.09.01-20.59.01:885][105]NetworkingProfiler: Shutdown
[2025.09.01-20.59.01:885][105]LoadingProfiler: Shutdown
[2025.09.01-20.59.01:885][105]TimingProfiler: Shutdown
[2025.09.01-20.59.01:885][105]LogModuleManager: Shutting down and abandoning module TraceServices (727)
[2025.09.01-20.59.01:885][105]LogModuleManager: Shutting down and abandoning module EditorInteractiveToolsFramework (724)
[2025.09.01-20.59.01:885][105]LogModuleManager: Shutting down and abandoning module TimeManagementEditor (722)
[2025.09.01-20.59.01:885][105]LogModuleManager: Shutting down and abandoning module InputBindingEditor (720)
[2025.09.01-20.59.01:886][105]LogModuleManager: Shutting down and abandoning module MergeActors (718)
[2025.09.01-20.59.01:886][105]LogModuleManager: Shutting down and abandoning module LocalizationDashboard (716)
[2025.09.01-20.59.01:886][105]LogModuleManager: Shutting down and abandoning module LocalizationService (715)
[2025.09.01-20.59.01:886][105]LogModuleManager: Shutting down and abandoning module HardwareTargeting (712)
[2025.09.01-20.59.01:886][105]LogModuleManager: Shutting down and abandoning module DeviceProfileEditor (710)
[2025.09.01-20.59.01:886][105]LogModuleManager: Shutting down and abandoning module UndoHistory (708)
[2025.09.01-20.59.01:886][105]LogModuleManager: Shutting down and abandoning module XmlParser (706)
[2025.09.01-20.59.01:886][105]LogModuleManager: Shutting down and abandoning module Blutility (704)
[2025.09.01-20.59.01:886][105]LogModuleManager: Shutting down and abandoning module ProjectSettingsViewer (702)
[2025.09.01-20.59.01:886][105]LogModuleManager: Shutting down and abandoning module ProjectTargetPlatformEditor (701)
[2025.09.01-20.59.01:886][105]LogModuleManager: Shutting down and abandoning module EditorSettingsViewer (698)
[2025.09.01-20.59.01:886][105]LogModuleManager: Shutting down and abandoning module InternationalizationSettings (697)
[2025.09.01-20.59.01:886][105]LogModuleManager: Shutting down and abandoning module SettingsEditor (694)
[2025.09.01-20.59.01:886][105]LogModuleManager: Shutting down and abandoning module ProjectLauncher (692)
[2025.09.01-20.59.01:886][105]LogModuleManager: Shutting down and abandoning module SessionFrontend (690)
[2025.09.01-20.59.01:886][105]LogModuleManager: Shutting down and abandoning module ProfilerClient (688)
[2025.09.01-20.59.01:886][105]LogModuleManager: Shutting down and abandoning module DeviceManager (686)
[2025.09.01-20.59.01:886][105]LogModuleManager: Shutting down and abandoning module TargetDeviceServices (685)
[2025.09.01-20.59.01:917][105]LogModuleManager: Shutting down and abandoning module AutomationController (682)
[2025.09.01-20.59.01:917][105]LogModuleManager: Shutting down and abandoning module AutomationWindow (680)
[2025.09.01-20.59.01:917][105]LogModuleManager: Shutting down and abandoning module Layers (678)
[2025.09.01-20.59.01:917][105]LogModuleManager: Shutting down and abandoning module ComponentVisualizers (676)
[2025.09.01-20.59.01:917][105]LogModuleManager: Shutting down and abandoning module DetailCustomizations (674)
[2025.09.01-20.59.01:917][105]LogModuleManager: Shutting down and abandoning module PackagesDialog (672)
[2025.09.01-20.59.01:917][105]LogModuleManager: Shutting down and abandoning module AnimationBlueprintEditor (670)
[2025.09.01-20.59.01:917][105]LogModuleManager: Shutting down and abandoning module Persona (668)
[2025.09.01-20.59.01:917][105]LogModuleManager: Shutting down and abandoning module AdvancedPreviewScene (667)
[2025.09.01-20.59.01:917][105]LogModuleManager: Shutting down and abandoning module AnimGraph (665)
[2025.09.01-20.59.01:917][105]LogModuleManager: Shutting down and abandoning module Kismet (662)
[2025.09.01-20.59.01:930][105]LogModuleManager: Shutting down and abandoning module KismetWidgets (661)
[2025.09.01-20.59.01:930][105]LogModuleManager: Shutting down and abandoning module GraphEditor (658)
[2025.09.01-20.59.01:930][105]LogModuleManager: Shutting down and abandoning module StructViewer (656)
[2025.09.01-20.59.01:930][105]LogModuleManager: Shutting down and abandoning module ClassViewer (654)
[2025.09.01-20.59.01:930][105]LogModuleManager: Shutting down and abandoning module Toolbox (652)
[2025.09.01-20.59.01:930][105]LogModuleManager: Shutting down and abandoning module ModuleUI (650)
[2025.09.01-20.59.01:930][105]LogModuleManager: Shutting down and abandoning module OutputLog (648)
[2025.09.01-20.59.01:931][105]LogModuleManager: Shutting down and abandoning module GammaUI (646)
[2025.09.01-20.59.01:931][105]LogModuleManager: Shutting down and abandoning module Documentation (644)
[2025.09.01-20.59.01:931][105]LogModuleManager: Shutting down and abandoning module LiveCoding (642)
[2025.09.01-20.59.01:931][105]LogModuleManager: Shutting down and abandoning module LevelSequence (640)
[2025.09.01-20.59.01:931][105]LogModuleManager: Shutting down and abandoning module MovieSceneTracks (638)
[2025.09.01-20.59.01:931][105]LogModuleManager: Shutting down and abandoning module MovieScene (636)
[2025.09.01-20.59.01:931][105]LogModuleManager: Shutting down and abandoning module StreamingPauseRendering (634)
[2025.09.01-20.59.01:931][105]LogModuleManager: Shutting down and abandoning module LauncherPlatform (632)
[2025.09.01-20.59.01:931][105]LogModuleManager: Shutting down and abandoning module AnalyticsET (630)
[2025.09.01-20.59.01:931][105]LogModuleManager: Shutting down and abandoning module PortalServices (628)
[2025.09.01-20.59.01:931][105]LogModuleManager: Shutting down and abandoning module PortalRpc (626)
[2025.09.01-20.59.01:931][105]LogModuleManager: Shutting down and abandoning module MessagingRpc (624)
[2025.09.01-20.59.01:931][105]LogModuleManager: Shutting down and abandoning module AudioMixerXAudio2 (622)
[2025.09.01-20.59.01:931][105]LogModuleManager: Shutting down and abandoning module AudioMixerCore (621)
[2025.09.01-20.59.01:931][105]LogModuleManager: Shutting down and abandoning module AIModule (618)
[2025.09.01-20.59.01:931][105]LogModuleManager: Shutting down and abandoning module GameplayDebugger (617)
[2025.09.01-20.59.01:931][105]LogModuleManager: Shutting down and abandoning module AITestSuite (615)
[2025.09.01-20.59.01:931][105]LogModuleManager: Shutting down and abandoning module NavigationSystem (613)
[2025.09.01-20.59.01:931][105]LogModuleManager: Shutting down and abandoning module ImageWriteQueue (610)
[2025.09.01-20.59.01:937][105]LogModuleManager: Shutting down and abandoning module ProfilerService (608)
[2025.09.01-20.59.02:010][105]LogModuleManager: Shutting down and abandoning module TaskGraph (606)
[2025.09.01-20.59.02:010][105]LogModuleManager: Shutting down and abandoning module AudioSynesthesiaEditor (604)
[2025.09.01-20.59.02:010][105]LogModuleManager: Shutting down and abandoning module OculusEditor (602)
[2025.09.01-20.59.02:010][105]LogModuleManager: Shutting down and abandoning module OculusInput (600)
[2025.09.01-20.59.02:010][105]LogModuleManager: Shutting down and abandoning module ContentBrowserFileDataSource (598)
[2025.09.01-20.59.02:010][105]LogModuleManager: Shutting down and abandoning module ContentBrowserClassDataSource (596)
[2025.09.01-20.59.02:010][105]LogModuleManager: Shutting down and abandoning module ContentBrowserAssetDataSource (594)
[2025.09.01-20.59.02:010][105]LogModuleManager: Shutting down and abandoning module CollectionManager (593)
[2025.09.01-20.59.02:011][105]LogModuleManager: Shutting down and abandoning module SynthesisEditor (590)
[2025.09.01-20.59.02:011][105]LogModuleManager: Shutting down and abandoning module Synthesis (588)
[2025.09.01-20.59.02:011][105]LogModuleManager: Shutting down and abandoning module ProceduralMeshComponentEditor (586)
[2025.09.01-20.59.02:011][105]LogModuleManager: Shutting down and abandoning module ProceduralMeshComponent (584)
[2025.09.01-20.59.02:011][105]LogModuleManager: Shutting down and abandoning module TakeSequencer (582)
[2025.09.01-20.59.02:011][105]LogModuleManager: Shutting down and abandoning module TakeMovieScene (580)
[2025.09.01-20.59.02:011][105]LogModuleManager: Shutting down and abandoning module OpenXREditor (578)
[2025.09.01-20.59.02:011][105]LogModuleManager: Shutting down and abandoning module MobilePatchingUtils (576)
[2025.09.01-20.59.02:011][105]LogModuleManager: Shutting down and abandoning module ScreenshotTools (574)
[2025.09.01-20.59.02:011][105]LogModuleManager: Shutting down and abandoning module GooglePAD (572)
[2025.09.01-20.59.02:011][105]LogModuleManager: Shutting down and abandoning module EditableMesh (570)
[2025.09.01-20.59.02:011][105]LogModuleManager: Shutting down and abandoning module CustomMeshComponent (568)
[2025.09.01-20.59.02:011][105]LogModuleManager: Shutting down and abandoning module CableComponent (566)
[2025.09.01-20.59.02:011][105]LogModuleManager: Shutting down and abandoning module AudioCapture (564)
[2025.09.01-20.59.02:011][105]LogModuleManager: Shutting down and abandoning module AudioCaptureRtAudio (563)
[2025.09.01-20.59.02:011][105]LogModuleManager: Shutting down and abandoning module AssetTags (560)
[2025.09.01-20.59.02:011][105]LogModuleManager: Shutting down and abandoning module ArchVisCharacter (558)
[2025.09.01-20.59.02:011][105]LogModuleManager: Shutting down and abandoning module AppleImageUtilsBlueprintSupport (556)
[2025.09.01-20.59.02:012][105]LogModuleManager: Shutting down and abandoning module AppleImageUtils (554)
[2025.09.01-20.59.02:012][105]LogModuleManager: Shutting down and abandoning module AndroidPermission (552)
[2025.09.01-20.59.02:012][105]LogModuleManager: Shutting down and abandoning module ActorLayerUtilitiesEditor (550)
[2025.09.01-20.59.02:012][105]LogModuleManager: Shutting down and abandoning module ActorLayerUtilities (548)
[2025.09.01-20.59.02:012][105]LogModuleManager: Shutting down and abandoning module TemplateSequence (546)
[2025.09.01-20.59.02:012][105]LogModuleManager: Shutting down and abandoning module MagicLeapSharedWorld (544)
[2025.09.01-20.59.02:012][105]LogModuleManager: Shutting down and abandoning module MagicLeapLightEstimation (542)
[2025.09.01-20.59.02:012][105]LogModuleManager: Shutting down and abandoning module MagicLeapHelperVulkan (540)
[2025.09.01-20.59.02:012][105]LogModuleManager: Shutting down and abandoning module MagicLeapHelperOpenGL (538)
[2025.09.01-20.59.02:012][105]LogModuleManager: Shutting down and abandoning module MagicLeapAudio (536)
[2025.09.01-20.59.02:012][105]LogModuleManager: Shutting down and abandoning module MediaCompositing (534)
[2025.09.01-20.59.02:012][105]LogModuleManager: Shutting down and abandoning module ImgMedia (532)
[2025.09.01-20.59.02:012][105]LogModuleManager: Shutting down and abandoning module MotoSynthEditor (530)
[2025.09.01-20.59.02:012][105]LogModuleManager: Shutting down and abandoning module MotoSynth (528)
[2025.09.01-20.59.02:012][105]LogModuleManager: Shutting down and abandoning module OpenImageDenoise (526)
[2025.09.01-20.59.02:012][105]LogOpenImageDenoise: OIDN shutting down
[2025.09.01-20.59.02:012][105]LogModuleManager: Shutting down and abandoning module MeshConversion (524)
[2025.09.01-20.59.02:012][105]LogModuleManager: Shutting down and abandoning module DynamicMesh (522)
[2025.09.01-20.59.02:012][105]LogModuleManager: Shutting down and abandoning module GeometryAlgorithms (520)
[2025.09.01-20.59.02:012][105]LogModuleManager: Shutting down and abandoning module GeometricObjects (518)
[2025.09.01-20.59.02:012][105]LogModuleManager: Shutting down and abandoning module VisualStudioSourceCodeAccess (516)
[2025.09.01-20.59.02:012][105]LogModuleManager: Shutting down and abandoning module VariantManagerContentEditor (514)
[2025.09.01-20.59.02:012][105]LogModuleManager: Shutting down and abandoning module VisualStudioCodeSourceCodeAccess (512)
[2025.09.01-20.59.02:012][105]LogModuleManager: Shutting down and abandoning module GeometryCollectionTracks (510)
[2025.09.01-20.59.02:012][105]LogModuleManager: Shutting down and abandoning module GeometryCollectionSequencer (509)
[2025.09.01-20.59.02:012][105]LogModuleManager: Shutting down and abandoning module GeometryCollectionEditor (506)
[2025.09.01-20.59.02:012][105]LogModuleManager: Shutting down and abandoning module GeometryCacheTracks (504)
[2025.09.01-20.59.02:012][105]LogModuleManager: Shutting down and abandoning module GeometryCacheStreamer (502)
[2025.09.01-20.59.02:012][105]LogModuleManager: Shutting down and abandoning module GeometryCacheSequencer (500)
[2025.09.01-20.59.02:012][105]LogModuleManager: Shutting down and abandoning module DatasmithContentEditor (498)
[2025.09.01-20.59.02:012][105]LogModuleManager: Shutting down and abandoning module ChaosSolverEditor (496)
[2025.09.01-20.59.02:012][105]LogModuleManager: Shutting down and abandoning module ChaosNiagara (494)
[2025.09.01-20.59.02:012][105]LogModuleManager: Shutting down and abandoning module FractureEditor (492)
[2025.09.01-20.59.02:012][105]LogModuleManager: Shutting down and abandoning module FieldSystemEngine (491)
[2025.09.01-20.59.02:012][105]LogModuleManager: Shutting down and abandoning module ChaosClothEditor (488)
[2025.09.01-20.59.02:012][105]LogModuleManager: Shutting down and abandoning module BackChannel (486)
[2025.09.01-20.59.02:012][105]LogModuleManager: Shutting down and abandoning module AutomationUtilsEditor (484)
[2025.09.01-20.59.02:012][105]LogModuleManager: Shutting down and abandoning module AutomationUtils (482)
[2025.09.01-20.59.02:012][105]LogModuleManager: Shutting down and abandoning module AlembicImporter (480)
[2025.09.01-20.59.02:012][105]LogModuleManager: Shutting down and abandoning module AlembicLibrary (479)
[2025.09.01-20.59.02:012][105]LogModuleManager: Shutting down and abandoning module GeometryCache (478)
[2025.09.01-20.59.02:012][105]LogModuleManager: Shutting down and abandoning module GeometryCacheEd (477)
[2025.09.01-20.59.02:012][105]LogModuleManager: Shutting down and abandoning module UObjectPlugin (472)
[2025.09.01-20.59.02:012][105]LogModuleManager: Shutting down and abandoning module SubversionSourceControl (470)
[2025.09.01-20.59.02:012][105]LogModuleManager: Shutting down and abandoning module RiderSourceCodeAccess (468)
[2025.09.01-20.59.02:012][105]LogModuleManager: Shutting down and abandoning module PluginUtils (466)
[2025.09.01-20.59.02:012][105]LogModuleManager: Shutting down and abandoning module PlasticSourceControl (464)
[2025.09.01-20.59.02:012][105]LogModuleManager: Shutting down and abandoning module PerforceSourceControl (462)
[2025.09.01-20.59.02:012][105]LogModuleManager: Shutting down and abandoning module GitSourceControl (460)
[2025.09.01-20.59.02:012][105]LogModuleManager: Shutting down and abandoning module SourceControl (459)
[2025.09.01-20.59.02:012][105]LogModuleManager: Shutting down and abandoning module CLionSourceCodeAccess (456)
[2025.09.01-20.59.02:012][105]LogModuleManager: Shutting down and abandoning module AnimationSharingEd (454)
[2025.09.01-20.59.02:012][105]LogModuleManager: Shutting down and abandoning module SpeedTreeImporter (452)
[2025.09.01-20.59.02:012][105]LogModuleManager: Shutting down and abandoning module PluginBrowser (450)
[2025.09.01-20.59.02:012][105]LogModuleManager: Shutting down and abandoning module MobileLauncherProfileWizard (448)
[2025.09.01-20.59.02:012][105]LogModuleManager: Shutting down and abandoning module MaterialAnalyzer (446)
[2025.09.01-20.59.02:012][105]LogModuleManager: Shutting down and abandoning module CurveEditorTools (444)
[2025.09.01-20.59.02:012][105]LogModuleManager: Shutting down and abandoning module CryptoKeysOpenSSL (442)
[2025.09.01-20.59.02:012][105]LogModuleManager: Shutting down and abandoning module CryptoKeys (440)
[2025.09.01-20.59.02:012][105]LogModuleManager: Shutting down and abandoning module NiagaraEditorWidgets (438)
[2025.09.01-20.59.02:012][105]LogModuleManager: Shutting down and abandoning module OodleNetworkHandlerComponent (436)
[2025.09.01-20.59.02:012][105]LogModuleManager: Shutting down and abandoning module LightPropagationVolumeEditor (434)
[2025.09.01-20.59.02:013][105]LogModuleManager: Shutting down and abandoning module LiveLinkSequencer (432)
[2025.09.01-20.59.02:013][105]LogModuleManager: Shutting down and abandoning module LiveLinkMovieScene (430)
[2025.09.01-20.59.02:013][105]LogModuleManager: Shutting down and abandoning module LiveLinkGraphNode (428)
[2025.09.01-20.59.02:013][105]LogModuleManager: Shutting down and abandoning module LiveLinkEditor (426)
[2025.09.01-20.59.02:013][105]LogModuleManager: Shutting down and abandoning module LiveLinkComponents (424)
[2025.09.01-20.59.02:013][105]LogModuleManager: Shutting down and abandoning module LiveLink (422)
[2025.09.01-20.59.02:943][105]LogModuleManager: Shutting down and abandoning module PaperTiledImporter (420)
[2025.09.01-20.59.02:943][105]LogModuleManager: Shutting down and abandoning module PaperSpriteSheetImporter (418)
[2025.09.01-20.59.02:943][105]LogModuleManager: Shutting down and abandoning module Paper2DEditor (416)
[2025.09.01-20.59.02:943][105]LogModuleManager: Shutting down and abandoning module MeshPaintingToolset (414)
[2025.09.01-20.59.02:943][105]LogModuleManager: Shutting down and abandoning module MeshPaintEditorMode (412)
[2025.09.01-20.59.02:944][105]LogModuleManager: Shutting down and abandoning module SoundFields (410)
[2025.09.01-20.59.02:944][105]LogModuleManager: Shutting down and abandoning module SignificanceManager (408)
[2025.09.01-20.59.02:944][105]LogModuleManager: Shutting down and abandoning module RuntimePhysXCooking (406)
[2025.09.01-20.59.02:944][105]LogModuleManager: Shutting down and abandoning module PropertyAccessEditor (404)
[2025.09.01-20.59.02:944][105]LogModuleManager: Shutting down and abandoning module PhysXVehiclesEditor (402)
[2025.09.01-20.59.02:944][105]LogModuleManager: Shutting down and abandoning module LocationServicesBPLibrary (398)
[2025.09.01-20.59.02:944][105]LogModuleManager: Shutting down and abandoning module AudioSynesthesia (396)
[2025.09.01-20.59.02:944][105]LogModuleManager: Shutting down and abandoning module AudioSynesthesiaCore (394)
[2025.09.01-20.59.02:944][105]LogModuleManager: Shutting down and abandoning module ActorSequence (392)
[2025.09.01-20.59.02:944][105]LogModuleManager: Shutting down and abandoning module MagicLeapARPin (390)
[2025.09.01-20.59.02:944][105]LogModuleManager: Shutting down and abandoning module UdpMessaging (388)
[2025.09.01-20.59.03:045][105]LogModuleManager: Shutting down and abandoning module TcpMessaging (386)
[2025.09.01-20.59.03:145][105]LogModuleManager: Shutting down and abandoning module MagicLeapHandMeshing (384)
[2025.09.01-20.59.03:145][105]LogModuleManager: Shutting down and abandoning module MagicLeapSecureStorage (382)
[2025.09.01-20.59.03:145][105]LogModuleManager: Shutting down and abandoning module MagicLeapPrivileges (380)
[2025.09.01-20.59.03:145][105]LogModuleManager: Shutting down and abandoning module MagicLeapPlanes (378)
[2025.09.01-20.59.03:145][105]LogMagicLeapPlanes: Planes tracker already destroyed.
[2025.09.01-20.59.03:145][105]LogModuleManager: Shutting down and abandoning module MagicLeapImageTracker (376)
[2025.09.01-20.59.03:145][105]LogModuleManager: Shutting down and abandoning module MagicLeapIdentity (374)
[2025.09.01-20.59.03:145][105]LogModuleManager: Shutting down and abandoning module MagicLeapHandTracking (372)
[2025.09.01-20.59.03:145][105]LogModuleManager: Shutting down and abandoning module MagicLeapEyeTracker (370)
[2025.09.01-20.59.03:145][105]LogModuleManager: Shutting down and abandoning module MagicLeapController (368)
[2025.09.01-20.59.03:145][105]LogModuleManager: Shutting down and abandoning module MagicLeapARPinImpl (366)
[2025.09.01-20.59.03:145][105]LogModuleManager: Shutting down and abandoning module MagicLeapAR (364)
[2025.09.01-20.59.03:145][105]LogModuleManager: Shutting down and abandoning module ImgMediaEngine (362)
[2025.09.01-20.59.03:145][105]LogModuleManager: Shutting down and abandoning module PythonScriptPlugin (360)
[2025.09.01-20.59.03:145][105]LogModuleManager: Shutting down and abandoning module PropertyAccessNode (358)
[2025.09.01-20.59.03:145][105]LogModuleManager: Shutting down and abandoning module AnimationSharing (356)
[2025.09.01-20.59.03:145][105]LogModuleManager: Shutting down and abandoning module GameplayTagsEditor (354)
[2025.09.01-20.59.03:145][105]LogModuleManager: Shutting down and abandoning module FacialAnimationEditor (352)
[2025.09.01-20.59.03:145][105]LogModuleManager: Shutting down and abandoning module FacialAnimation (350)
[2025.09.01-20.59.03:145][105]LogModuleManager: Shutting down and abandoning module DataValidation (348)
[2025.09.01-20.59.03:145][105]LogModuleManager: Shutting down and abandoning module AssetManagerEditor (346)
[2025.09.01-20.59.03:145][105]LogModuleManager: Shutting down and abandoning module LevelEditor (345)
[2025.09.01-20.59.03:146][105]LogModuleManager: Shutting down and abandoning module PixelInspectorModule (344)
[2025.09.01-20.59.03:146][105]LogModuleManager: Shutting down and abandoning module CommonMenuExtensions (342)
[2025.09.01-20.59.03:146][105]LogModuleManager: Shutting down and abandoning module MainFrame (340)
[2025.09.01-20.59.03:146][105]LogModuleManager: Shutting down and abandoning module HotReload (339)
[2025.09.01-20.59.03:147][105]LogModuleManager: Shutting down and abandoning module ToolMenus (335)
[2025.09.01-20.59.03:147][105]LogModuleManager: Shutting down and abandoning module TreeMap (333)
[2025.09.01-20.59.03:147][105]LogModuleManager: Shutting down and abandoning module NiagaraAnimNotifies (330)
[2025.09.01-20.59.03:147][105]LogModuleManager: Shutting down and abandoning module Niagara (328)
[2025.09.01-20.59.03:147][105]LogModuleManager: Shutting down and abandoning module SignalProcessing (327)
[2025.09.01-20.59.03:147][105]LogModuleManager: Shutting down and abandoning module NiagaraEditor (325)
[2025.09.01-20.59.03:147][105]LogModuleManager: Shutting down and abandoning module ContentBrowser (324)
[2025.09.01-20.59.03:147][105]LogModuleManager: Shutting down and abandoning module ContentBrowserData (323)
[2025.09.01-20.59.03:147][105]LogModuleManager: Shutting down and abandoning module NiagaraCore (318)
[2025.09.01-20.59.03:147][105]LogModuleManager: Shutting down and abandoning module GameplayCameras (316)
[2025.09.01-20.59.03:147][105]LogModuleManager: Shutting down and abandoning module LightPropagationVolumeRuntime (314)
[2025.09.01-20.59.03:147][105]LogModuleManager: Shutting down and abandoning module EnvironmentQueryEditor (312)
[2025.09.01-20.59.03:147][105]LogModuleManager: Shutting down and abandoning module Paper2D (310)
[2025.09.01-20.59.03:147][105]LogModuleManager: Shutting down and abandoning module WindowsMoviePlayer (308)
[2025.09.01-20.59.03:148][105]LogModuleManager: Shutting down and abandoning module WebMMoviePlayer (306)
[2025.09.01-20.59.03:148][105]LogModuleManager: Shutting down and abandoning module NetworkReplayStreaming (304)
[2025.09.01-20.59.03:148][105]LogModuleManager: Shutting down and abandoning module PacketHandler (302)
[2025.09.01-20.59.03:148][105]LogModuleManager: Shutting down and abandoning module ClothingSystemEditor (300)
[2025.09.01-20.59.03:148][105]LogModuleManager: Shutting down and abandoning module ClothingSystemRuntimeNv (298)
[2025.09.01-20.59.03:148][105]LogModuleManager: Shutting down and abandoning module MediaAssets (296)
[2025.09.01-20.59.03:148][105]LogModuleManager: Shutting down and abandoning module Overlay (294)
[2025.09.01-20.59.03:148][105]LogModuleManager: Shutting down and abandoning module OverlayEditor (293)
[2025.09.01-20.59.03:148][105]LogModuleManager: Shutting down and abandoning module VREditor (290)
[2025.09.01-20.59.03:148][105]LogModuleManager: Shutting down and abandoning module StringTableEditor (288)
[2025.09.01-20.59.03:148][105]LogModuleManager: Shutting down and abandoning module GameplayTasksEditor (286)
[2025.09.01-20.59.03:148][105]LogModuleManager: Shutting down and abandoning module BehaviorTreeEditor (284)
[2025.09.01-20.59.03:148][105]LogModuleManager: Shutting down and abandoning module FunctionalTesting (282)
[2025.09.01-20.59.03:148][105]LogModuleManager: Shutting down and abandoning module CollisionAnalyzer (280)
[2025.09.01-20.59.03:148][105]LogModuleManager: Shutting down and abandoning module WorkspaceMenuStructure (279)
[2025.09.01-20.59.03:149][105]LogModuleManager: Shutting down and abandoning module UMG (276)
[2025.09.01-20.59.03:149][105]LogModuleManager: Shutting down and abandoning module UMGEditor (275)
[2025.09.01-20.59.03:149][105]LogModuleManager: Shutting down and abandoning module MessageLog (273)
[2025.09.01-20.59.03:149][105]LogModuleManager: Shutting down and abandoning module SlateReflector (268)
[2025.09.01-20.59.03:149][105]LogModuleManager: Shutting down and abandoning module Slate (266)
[2025.09.01-20.59.03:149][105]LogModuleManager: Shutting down and abandoning module SlateCore (264)
[2025.09.01-20.59.03:149][105]LogModuleManager: Shutting down and abandoning module LandscapeEditorUtilities (262)
[2025.09.01-20.59.03:149][105]LogModuleManager: Shutting down and abandoning module UnrealEd (260)
[2025.09.01-20.59.03:149][105]LogModuleManager: Shutting down and abandoning module MRMesh (258)
[2025.09.01-20.59.03:149][105]LogModuleManager: Shutting down and abandoning module SourceCodeAccess (256)
[2025.09.01-20.59.03:149][105]LogModuleManager: Shutting down and abandoning module HeadMountedDisplay (254)
[2025.09.01-20.59.03:150][105]LogModuleManager: Shutting down and abandoning module XAudio2 (252)
[2025.09.01-20.59.03:150][105]LogModuleManager: Shutting down and abandoning module Networking (250)
[2025.09.01-20.59.03:150][105]LogModuleManager: Shutting down and abandoning module Core (248)
[2025.09.01-20.59.03:150][105]LogModuleManager: Shutting down and abandoning module MaterialEditor (246)
[2025.09.01-20.59.03:150][105]LogModuleManager: Shutting down and abandoning module MovieSceneTools (244)
[2025.09.01-20.59.03:150][105]LogModuleManager: Shutting down and abandoning module CurveEditor (243)
[2025.09.01-20.59.03:150][105]LogModuleManager: Shutting down and abandoning module Sequencer (241)
[2025.09.01-20.59.03:150][105]LogModuleManager: Shutting down and abandoning module EditorStyle (240)
[2025.09.01-20.59.03:151][105]LogModuleManager: Shutting down and abandoning module KismetCompiler (236)
[2025.09.01-20.59.03:151][105]LogModuleManager: Shutting down and abandoning module MeshBuilder (234)
[2025.09.01-20.59.03:151][105]LogModuleManager: Shutting down and abandoning module MeshUtilities (232)
[2025.09.01-20.59.03:151][105]LogModuleManager: Shutting down and abandoning module MeshMergeUtilities (231)
[2025.09.01-20.59.03:151][105]LogModuleManager: Shutting down and abandoning module MeshReductionInterface (230)
[2025.09.01-20.59.03:151][105]LogModuleManager: Shutting down and abandoning module MeshBoneReduction (229)
[2025.09.01-20.59.03:151][105]LogModuleManager: Shutting down and abandoning module SkeletalMeshReduction (227)
[2025.09.01-20.59.03:151][105]LogModuleManager: Shutting down and abandoning module ProxyLODMeshReduction (225)
[2025.09.01-20.59.03:151][105]LogModuleManager: Shutting down and abandoning module QuadricMeshReduction (223)
[2025.09.01-20.59.03:151][105]LogModuleManager: Shutting down and abandoning module MaterialBaking (219)
[2025.09.01-20.59.03:151][105]LogModuleManager: Shutting down and abandoning module NullInstallBundleManager (214)
[2025.09.01-20.59.03:151][105]LogModuleManager: Shutting down and abandoning module DerivedDataCache (212)
[2025.09.01-20.59.03:151][105]LogModuleManager: Shutting down and abandoning module TargetPlatform (210)
[2025.09.01-20.59.03:151][105]LogModuleManager: Shutting down and abandoning module VulkanShaderFormat (209)
[2025.09.01-20.59.03:151][105]LogModuleManager: Shutting down and abandoning module ShaderFormatVectorVM (207)
[2025.09.01-20.59.03:151][105]LogModuleManager: Shutting down and abandoning module ShaderFormatOpenGL (205)
[2025.09.01-20.59.03:151][105]LogModuleManager: Shutting down and abandoning module ShaderFormatD3D (203)
[2025.09.01-20.59.03:151][105]LogModuleManager: Shutting down and abandoning module MetalShaderFormat (201)
[2025.09.01-20.59.03:151][105]LogModuleManager: Shutting down and abandoning module TextureFormatOodle (199)
[2025.09.01-20.59.03:151][105]LogModuleManager: Shutting down and abandoning module TextureFormatUncompressed (197)
[2025.09.01-20.59.03:151][105]LogModuleManager: Shutting down and abandoning module TextureFormatPVR (195)
[2025.09.01-20.59.03:151][105]LogModuleManager: Shutting down and abandoning module TextureFormatETC2 (193)
[2025.09.01-20.59.03:151][105]LogModuleManager: Shutting down and abandoning module TextureFormatDXT (191)
[2025.09.01-20.59.03:151][105]LogModuleManager: Shutting down and abandoning module TextureFormatIntelISPCTexComp (189)
[2025.09.01-20.59.03:151][105]LogModuleManager: Shutting down and abandoning module TextureFormatASTC (187)
[2025.09.01-20.59.03:151][105]LogModuleManager: Shutting down and abandoning module ImageWrapper (186)
[2025.09.01-20.59.03:151][105]LogModuleManager: Shutting down and abandoning module AudioFormatOpus (183)
[2025.09.01-20.59.03:151][105]LogModuleManager: Shutting down and abandoning module AudioFormatOgg (181)
[2025.09.01-20.59.03:151][105]LogModuleManager: Shutting down and abandoning module AudioFormatADPCM (179)
[2025.09.01-20.59.03:151][105]LogModuleManager: Shutting down and abandoning module WindowsServerTargetPlatform (177)
[2025.09.01-20.59.03:151][105]LogModuleManager: Shutting down and abandoning module WindowsClientTargetPlatform (175)
[2025.09.01-20.59.03:151][105]LogModuleManager: Shutting down and abandoning module WindowsTargetPlatform (173)
[2025.09.01-20.59.03:151][105]LogModuleManager: Shutting down and abandoning module WindowsNoEditorTargetPlatform (171)
[2025.09.01-20.59.03:151][105]LogModuleManager: Shutting down and abandoning module TVOSTargetPlatform (169)
[2025.09.01-20.59.03:152][105]LogModuleManager: Shutting down and abandoning module MacServerTargetPlatform (167)
[2025.09.01-20.59.03:152][105]LogModuleManager: Shutting down and abandoning module MacClientTargetPlatform (165)
[2025.09.01-20.59.03:152][105]LogModuleManager: Shutting down and abandoning module MacTargetPlatform (163)
[2025.09.01-20.59.03:152][105]LogModuleManager: Shutting down and abandoning module MacNoEditorTargetPlatform (161)
[2025.09.01-20.59.03:152][105]LogModuleManager: Shutting down and abandoning module LuminTargetPlatform (159)
[2025.09.01-20.59.03:152][105]LogModuleManager: Shutting down and abandoning module LinuxAArch64ServerTargetPlatform (157)
[2025.09.01-20.59.03:152][105]LogModuleManager: Shutting down and abandoning module LinuxAArch64ClientTargetPlatform (155)
[2025.09.01-20.59.03:152][105]LogModuleManager: Shutting down and abandoning module LinuxAArch64NoEditorTargetPlatform (153)
[2025.09.01-20.59.03:152][105]LogModuleManager: Shutting down and abandoning module LinuxServerTargetPlatform (151)
[2025.09.01-20.59.03:152][105]LogModuleManager: Shutting down and abandoning module LinuxClientTargetPlatform (149)
[2025.09.01-20.59.03:152][105]LogModuleManager: Shutting down and abandoning module LinuxNoEditorTargetPlatform (147)
[2025.09.01-20.59.03:152][105]LogModuleManager: Shutting down and abandoning module LinuxTargetPlatform (145)
[2025.09.01-20.59.03:152][105]LogModuleManager: Shutting down and abandoning module Messaging (143)
[2025.09.01-20.59.03:152][105]LogModuleManager: Shutting down and abandoning module IOSTargetPlatform (141)
[2025.09.01-20.59.03:153][105]LogModuleManager: Shutting down and abandoning module AndroidTargetPlatform (139)
[2025.09.01-20.59.03:155][105]LogModuleManager: Shutting down and abandoning module AllDesktopTargetPlatform (137)
[2025.09.01-20.59.03:155][105]LogModuleManager: Shutting down and abandoning module D3D11RHI (134)
[2025.09.01-20.59.03:155][105]LogModuleManager: Shutting down and abandoning module InputCore (132)
[2025.09.01-20.59.03:155][105]LogModuleManager: Shutting down and abandoning module Settings (130)
[2025.09.01-20.59.03:155][105]LogModuleManager: Shutting down and abandoning module DirectoryWatcher (128)
[2025.09.01-20.59.03:156][105]LogModuleManager: Shutting down and abandoning module PhysXCooking (126)
[2025.09.01-20.59.03:156][105]LogModuleManager: Shutting down and abandoning module Chaos (124)
[2025.09.01-20.59.03:156][105]LogModuleManager: Shutting down and abandoning module WindowsPlatformFeatures (122)
[2025.09.01-20.59.03:156][105]LogModuleManager: Shutting down and abandoning module GameplayMediaEncoder (121)
[2025.09.01-20.59.03:156][105]LogModuleManager: Shutting down and abandoning module AVEncoder (120)
[2025.09.01-20.59.03:156][105]LogModuleManager: Shutting down and abandoning module SteamVRInputDevice (116)
[2025.09.01-20.59.03:156][105]LogModuleManager: Shutting down and abandoning module SteamVRInput (114)
[2025.09.01-20.59.03:156][105]LogModuleManager: Shutting down and abandoning module SteamVR (112)
[2025.09.01-20.59.03:156][105]LogHMD: Freeing OpenVRDLLHandle.
[2025.09.01-20.59.03:156][105]LogModuleManager: Shutting down and abandoning module OculusHMD (110)
[2025.09.01-20.59.03:156][105]LogModuleManager: Shutting down and abandoning module OpenXRHandTracking (108)
[2025.09.01-20.59.03:156][105]LogSlate: Slate User Destroyed.  User Index 0, Is Virtual User: 0
[2025.09.01-20.59.03:156][105]LogModuleManager: Shutting down and abandoning module OpenXREyeTracker (106)
[2025.09.01-20.59.03:156][105]LogModuleManager: Shutting down and abandoning module OpenXRAR (104)
[2025.09.01-20.59.03:156][105]LogModuleManager: Shutting down and abandoning module AugmentedReality (103)
[2025.09.01-20.59.03:156][105]LogModuleManager: Shutting down and abandoning module OpenXRHMD (100)
[2025.09.01-20.59.03:156][105]LogModuleManager: Shutting down and abandoning module ExampleDeviceProfileSelector (98)
[2025.09.01-20.59.03:156][105]LogModuleManager: Shutting down and abandoning module ChunkDownloader (96)
[2025.09.01-20.59.03:156][105]LogModuleManager: Shutting down and abandoning module LauncherChunkInstaller (94)
[2025.09.01-20.59.03:156][105]LogModuleManager: Shutting down and abandoning module OnlineBlueprintSupport (92)
[2025.09.01-20.59.03:156][105]LogModuleManager: Shutting down and abandoning module OnlineSubsystem (88)
[2025.09.01-20.59.03:158][105]LogModuleManager: Shutting down and abandoning module XMPP (83)
[2025.09.01-20.59.03:158][105]LogModuleManager: Shutting down and abandoning module WebSockets (82)
[2025.09.01-20.59.03:171][105]LogModuleManager: Shutting down and abandoning module HTTP (79)
[2025.09.01-20.59.03:171][105]LogHttp: Display: Http module shutting down, but needs to wait on 1 outstanding Http requests:
[2025.09.01-20.59.03:171][105]LogHttp: Display: 	verb=[POST] url=[https://datarouter.ol.epicgames.com/datarouter/api/v1/public/data?SessionID=%7B99B3D199-40FC-CE33-C586-15B05B3D2D35%7D&AppID=UEEditor.Rocket.Release&AppVersion=4.27.2-18319896%2B%2B%2BUE4%2BRelease-4.27&UserID=9b60e36246df4c956f1c559d2b6c3c7c%7Ce0dd289ee6154cdf8a7ddac8381f6f7e%7C78634fb3-1946-4726-8546-554a4ea237f7&AppEnvironment=datacollector-binary&UploadType=eteventstream] refs=[1] status=Processing
[2025.09.01-20.59.03:171][105]LogHttp: Display: cleaning up 1 outstanding Http requests.
[2025.09.01-20.59.03:181][105]LogModuleManager: Shutting down and abandoning module SSL (78)
[2025.09.01-20.59.03:182][105]LogModuleManager: Shutting down and abandoning module MLSDK (74)
[2025.09.01-20.59.03:182][105]LogModuleManager: Shutting down and abandoning module MagicLeap (72)
[2025.09.01-20.59.03:182][105]LogModuleManager: Shutting down and abandoning module WmfMedia (70)
[2025.09.01-20.59.03:184][105]LogModuleManager: Shutting down and abandoning module Media (69)
[2025.09.01-20.59.03:185][105]LogModuleManager: Shutting down and abandoning module MediaInfo (68)
[2025.09.01-20.59.03:185][105]LogModuleManager: Shutting down and abandoning module ExrReaderGpu (64)
[2025.09.01-20.59.03:185][105]LogModuleManager: Shutting down and abandoning module VariantManagerContent (62)
[2025.09.01-20.59.03:185][105]LogModuleManager: Shutting down and abandoning module DatasmithContent (60)
[2025.09.01-20.59.03:185][105]LogModuleManager: Shutting down and abandoning module ChaosCloth (58)
[2025.09.01-20.59.03:185][105]LogModuleManager: Shutting down and abandoning module PixWinPlugin (56)
[2025.09.01-20.59.03:185][105]LogModuleManager: Shutting down and abandoning module NiagaraVertexFactories (54)
[2025.09.01-20.59.03:185][105]LogModuleManager: Shutting down and abandoning module NiagaraShader (52)
[2025.09.01-20.59.03:185][105]LogModuleManager: Shutting down and abandoning module AISupportModule (50)
[2025.09.01-20.59.03:185][105]LogModuleManager: Shutting down and abandoning module DesktopPlatform (48)
[2025.09.01-20.59.03:185][105]LogModuleManager: Shutting down and abandoning module PythonScriptPluginPreload (46)
[2025.09.01-20.59.03:185][105]LogModuleManager: Shutting down and abandoning module PlatformCryptoOpenSSL (44)
[2025.09.01-20.59.03:185][105]LogModuleManager: Shutting down and abandoning module PlatformCryptoTypes (42)
[2025.09.01-20.59.03:185][105]LogModuleManager: Shutting down and abandoning module PlatformCrypto (40)
[2025.09.01-20.59.03:185][105]LogModuleManager: Shutting down and abandoning module OodleDataCompressionFormat (38)
[2025.09.01-20.59.03:185][105]LogModuleManager: Shutting down and abandoning module XGEController (36)
[2025.09.01-20.59.03:185][105]LogModuleManager: Shutting down and abandoning module AnimationModifiers (34)
[2025.09.01-20.59.03:185][105]LogModuleManager: Shutting down and abandoning module AudioEditor (32)
[2025.09.01-20.59.03:186][105]LogModuleManager: Shutting down and abandoning module PropertyEditor (31)
[2025.09.01-20.59.03:186][105]LogModuleManager: Shutting down and abandoning module TextureCompressor (28)
[2025.09.01-20.59.03:186][105]LogModuleManager: Shutting down and abandoning module RenderCore (26)
[2025.09.01-20.59.03:186][105]LogModuleManager: Shutting down and abandoning module Landscape (24)
[2025.09.01-20.59.03:186][105]LogModuleManager: Shutting down and abandoning module SlateRHIRenderer (22)
[2025.09.01-20.59.03:186][105]LogModuleManager: Shutting down and abandoning module AnimGraphRuntime (20)
[2025.09.01-20.59.03:186][105]LogModuleManager: Shutting down and abandoning module Renderer (18)
[2025.09.01-20.59.03:186][105]LogModuleManager: Shutting down and abandoning module Engine (16)
[2025.09.01-20.59.03:186][105]LogModuleManager: Shutting down and abandoning module CoreUObject (14)
[2025.09.01-20.59.03:186][105]LogModuleManager: Shutting down and abandoning module NetworkFile (12)
[2025.09.01-20.59.03:186][105]LogModuleManager: Shutting down and abandoning module CookedIterativeFile (10)
[2025.09.01-20.59.03:186][105]LogModuleManager: Shutting down and abandoning module StreamingFile (8)
[2025.09.01-20.59.03:186][105]LogModuleManager: Shutting down and abandoning module SandboxFile (6)
[2025.09.01-20.59.03:186][105]LogModuleManager: Shutting down and abandoning module PakFile (4)
[2025.09.01-20.59.03:186][105]LogModuleManager: Shutting down and abandoning module RSA (3)
[2025.09.01-20.59.03:186][105]LogContentStreaming: Display: There are 1 unreleased StreamingManagers
[2025.09.01-20.59.03:203][105]LogD3D11RHI: Shutdown
[2025.09.01-20.59.03:203][105]LogD3D11RHI: CleanupD3DDevice
[2025.09.01-20.59.03:205][105]LogExit: Exiting.
[2025.09.01-20.59.03:208][105]Log file closed, 09/01/25 17:59:03
